admission_number,first_name,last_name,email
10001,Eutychus,Gicheru,eutychus.gicheru10001@student.ac.ke
10002,Ruth,Okoth,ruth.okoth10002@school.edu.ke
10003,Cynthia,Rotich,cynthia.rotich10003@student.ac.ke
10004,Jane,Juma,jane.juma10004@students.org
10005,Liam,Karanja,liam.karanja10005@pupils.ac.ke
10006,Esther,Odhiambo,esther.odhiambo10006@student.ac.ke
10007,Baraka,Achieng,baraka.achieng10007@students.org
10008,Alice,Odhiambo,alice.odhiambo10008@students.org
10009,Zawadi,Elias,zawadi.elias10009@students.org
10010,Christine,Yegon,christine.yegon10010@pupils.ac.ke
10011,Yasmin,Okoth,yasmin.okoth10011@student.ac.ke
10012,Uno,Simba,uno.simba10012@school.edu.ke
10013,Moses,Farah,moses.farah10013@learner.ke
10014,Joseph,Cheruiyot,joseph.cheruiyot10014@school.edu.ke
10015,Uno,Masinde,uno.masinde10015@student.ac.ke
10016,Liam,Mwamba,liam.mwamba10016@student.ac.ke
10017,Umulkher,Zuma,umulkher.zuma10017@learner.ke
10018,Alice,Awuor,alice.awuor10018@student.ac.ke
10019,Quinton,Mohamed,quinton.mohamed10019@students.org
10020,Peter,Mwamba,peter.mwamba10020@student.ac.ke
10021,Tabitha,Ouma,tabitha.ouma10021@students.org
10022,Victoria,Gichuki,victoria.gichuki10022@school.edu.ke
10023,Nancy,Omondi,nancy.omondi10023@student.ac.ke
10024,Hellen,Achieng,hellen.achieng10024@learner.ke
10025,Khadija,Mwanzia,khadija.mwanzia10025@school.edu.ke
10026,Mary,Mwamba,mary.mwamba10026@learner.ke
10027,Hilary,Githinji,hilary.githinji10027@learner.ke
10028,Uchenna,Otiende,uchenna.otiende10028@learner.ke
10029,Aisha,Ngugi,aisha.ngugi10029@learner.ke
10030,Moses,Abubakar,moses.abubakar10030@student.ac.ke
10031,Alice,Githinji,alice.githinji10031@school.edu.ke
10032,Rebecca,Irungu,rebecca.irungu10032@school.edu.ke
10033,Uchenna,Sheikh,uchenna.sheikh10033@pupils.ac.ke
10034,Immaculate,Githinji,immaculate.githinji10034@students.org
10035,Cynthia,Abubakar,cynthia.abubakar10035@learner.ke
10036,Viola,Nyaga,viola.nyaga10036@student.ac.ke
10037,Dennis,Umar,dennis.umar10037@student.ac.ke
10038,Ann,Barasa,ann.barasa10038@pupils.ac.ke
10039,Immaculate,Omondi,immaculate.omondi10039@school.edu.ke
10040,Veronica,Elias,veronica.elias10040@learner.ke
10041,Baraka,Mwathi,baraka.mwathi10041@pupils.ac.ke
10042,Zipporah,Mureithi,zipporah.mureithi10042@pupils.ac.ke
10043,Sarah,Awuor,sarah.awuor10043@school.edu.ke
10044,Francis,Katana,francis.katana10044@students.org
10045,Rebecca,Awuor,rebecca.awuor10045@students.org
10046,Douglas,Kabiru,douglas.kabiru10046@pupils.ac.ke
10047,Victoria,Yegon,victoria.yegon10047@school.edu.ke
10048,Oprah,Aden,oprah.aden10048@student.ac.ke
10049,Tina,Mutua,tina.mutua10049@student.ac.ke
10050,Thomas,Njuguna,thomas.njuguna10050@school.edu.ke
10051,Yolanda,Abubakar,yolanda.abubakar10051@pupils.ac.ke
10052,Zedekiah,Omondi,zedekiah.omondi10052@pupils.ac.ke
10053,Xolani,Kuria,xolani.kuria10053@pupils.ac.ke
10054,Quickson,Auma,quickson.auma10054@students.org
10055,Brian,Abubakar,brian.abubakar10055@student.ac.ke
10056,Kevin,Wanjiru,kevin.wanjiru10056@learner.ke
10057,Viola,Mureithi,viola.mureithi10057@learner.ke
10058,Olivia,Ouma,olivia.ouma10058@pupils.ac.ke
10059,Uchenna,Mohamed,uchenna.mohamed10059@student.ac.ke
10060,Priscilla,Gathua,priscilla.gathua10060@learner.ke
10061,Naftali,Mrisho,naftali.mrisho10061@school.edu.ke
10062,Naftali,Macharia,naftali.macharia10062@learner.ke
10063,Eutychus,Jama,eutychus.jama10063@students.org
10064,Zawadi,Cheruiyot,zawadi.cheruiyot10064@learner.ke
10065,Uno,Kiptoo,uno.kiptoo10065@students.org
10066,Wesley,Nyambura,wesley.nyambura10066@student.ac.ke
10067,Zedekiah,Wafula,zedekiah.wafula10067@pupils.ac.ke
10068,Carol,Gicheru,carol.gicheru10068@learner.ke
10069,Ann,Simiyu,ann.simiyu10069@school.edu.ke
10070,Hassan,Adhiambo,hassan.adhiambo10070@students.org
10071,Khadija,Muiru,khadija.muiru10071@pupils.ac.ke
10072,Bernard,Omondi,bernard.omondi10072@students.org
10073,Viola,Kiprono,viola.kiprono10073@school.edu.ke
10074,Hellen,Abdullahi,hellen.abdullahi10074@students.org
10075,Violet,Awuor,violet.awuor10075@students.org
10076,Alice,Farah,alice.farah10076@school.edu.ke
10077,Samuel,Lugwe,samuel.lugwe10077@school.edu.ke
10078,Oscar,Simiyu,oscar.simiyu10078@pupils.ac.ke
10079,Isaac,Mwathi,isaac.mwathi10079@learner.ke
10080,Fredrick,Wairimu,fredrick.wairimu10080@pupils.ac.ke
10081,Peter,Anyango,peter.anyango10081@school.edu.ke
10082,Irene,Masinde,irene.masinde10082@student.ac.ke
10083,Yasmin,Wamuyu,yasmin.wamuyu10083@school.edu.ke
10084,Yasmin,Yegon,yasmin.yegon10084@student.ac.ke
10085,James,Dida,james.dida10085@student.ac.ke
10086,Dennis,Omondi,dennis.omondi10086@student.ac.ke
10087,Rashid,Kariuki,rashid.kariuki10087@students.org
10088,Eunice,Okoth,eunice.okoth10088@pupils.ac.ke
10089,Baraka,Gathoni,baraka.gathoni10089@school.edu.ke
10090,Priscilla,Gichuki,priscilla.gichuki10090@students.org
10091,Julius,Anyango,julius.anyango10091@pupils.ac.ke
10092,Ann,Omar,ann.omar10092@school.edu.ke
10093,Mary,Ndung'u,mary.ndungu10093@pupils.ac.ke
10094,Umulkher,Farah,umulkher.farah10094@pupils.ac.ke
10095,Irena,Kioko,irena.kioko10095@student.ac.ke
10096,Jane,Mwathi,jane.mwathi10096@student.ac.ke
10097,Hassan,Ali,hassan.ali10097@learner.ke
10098,Zaid,Kioko,zaid.kioko10098@student.ac.ke
10099,Francis,Bett,francis.bett10099@school.edu.ke
10100,Rebecca,Hussein,rebecca.hussein10100@school.edu.ke
10101,Douglas,Ruto,douglas.ruto10101@learner.ke
10102,Irena,Anyango,irena.anyango10102@student.ac.ke
10103,Fredrick,Simba,fredrick.simba10103@students.org
10104,Mary,Mutua,mary.mutua10104@students.org
10105,Brian,Gitonga,brian.gitonga10105@school.edu.ke
10106,Violet,Omar,violet.omar10106@pupils.ac.ke
10107,Kathleen,Ngetich,kathleen.ngetich10107@pupils.ac.ke
10108,Hassan,Mutai,hassan.mutai10108@pupils.ac.ke
10109,Amina,Mukhwana,amina.mukhwana10109@learner.ke
10110,Ximena,Ochieng,ximena.ochieng10110@pupils.ac.ke
10111,Kemunto,Farah,kemunto.farah10111@students.org
10112,Hellen,Elias,hellen.elias10112@pupils.ac.ke
10113,Thomas,Bett,thomas.bett10113@learner.ke
10114,Baraka,Kimani,baraka.kimani10114@students.org
10115,Ruth,Gathoni,ruth.gathoni10115@student.ac.ke
10116,Stephen,Barasa,stephen.barasa10116@student.ac.ke
10117,Grace,Kabiru,grace.kabiru10117@pupils.ac.ke
10118,Naftali,Mwanzia,naftali.mwanzia10118@students.org
10119,Uchenna,Kimani,uchenna.kimani10119@students.org
10120,Khadija,Zuma,khadija.zuma10120@school.edu.ke
10121,Irene,Kuria,irene.kuria10121@student.ac.ke
10122,Jane,Kioko,jane.kioko10122@school.edu.ke
10123,Agnes,Wambua,agnes.wambua10123@students.org
10124,Francis,Kabiru,francis.kabiru10124@students.org
10125,Felix,Njenga,felix.njenga10125@student.ac.ke
10126,Christine,Nganga,christine.nganga10126@students.org
10127,Veronica,Wairimu,veronica.wairimu10127@learner.ke
10128,Henry,Langat,henry.langat10128@learner.ke
10129,Eunice,Awuor,eunice.awuor10129@pupils.ac.ke
10130,Queen,Ngugi,queen.ngugi10130@learner.ke
10131,Hilary,Barasa,hilary.barasa10131@student.ac.ke
10132,Brian,Mohamed,brian.mohamed10132@students.org
10133,Veronica,Ndung'u,veronica.ndungu10133@student.ac.ke
10134,Rebecca,Ngetich,rebecca.ngetich10134@students.org
10135,Henry,Kiprono,henry.kiprono10135@learner.ke
10136,Irene,Anyango,irene.anyango10136@learner.ke
10137,Kemunto,Kiptoo,kemunto.kiptoo10137@pupils.ac.ke
10138,Samuel,Dida,samuel.dida10138@learner.ke
10139,Boniface,Simba,boniface.simba10139@students.org
10140,Brian,Ngugi,brian.ngugi10140@students.org
10141,Mercy,Nganga,mercy.nganga10141@student.ac.ke
10142,Robert,Awuor,robert.awuor10142@student.ac.ke
10143,Njoroge,Katana,njoroge.katana10143@students.org
10144,Thomas,Ogola,thomas.ogola10144@learner.ke
10145,Alice,Langat,alice.langat10145@learner.ke
10146,Aisha,Abubakar,aisha.abubakar10146@learner.ke
10147,Naftali,Warsame,naftali.warsame10147@learner.ke
10148,Grace,Gitonga,grace.gitonga10148@pupils.ac.ke
10149,Joseph,Waweru,joseph.waweru10149@student.ac.ke
10150,Rashid,Mwenda,rashid.mwenda10150@school.edu.ke
10151,Eutychus,Awuor,eutychus.awuor10151@school.edu.ke
10152,Ruth,Ibrahim,ruth.ibrahim10152@students.org
10153,Nancy,Farah,nancy.farah10153@students.org
10154,Brian,Gicheru,brian.gicheru10154@student.ac.ke
10155,Lydia,Cheruiyot,lydia.cheruiyot10155@students.org
10156,Esther,Wanga,esther.wanga10156@learner.ke
10157,Xenia,Wamuyu,xenia.wamuyu10157@school.edu.ke
10158,Edith,Kiprono,edith.kiprono10158@student.ac.ke
10159,Noah,Nabwire,noah.nabwire10159@student.ac.ke
10160,Umulkher,Langat,umulkher.langat10160@school.edu.ke
10161,Isaac,Macharia,isaac.macharia10161@learner.ke
10162,Wesley,Wangari,wesley.wangari10162@pupils.ac.ke
10163,Consolata,Katana,consolata.katana10163@school.edu.ke
10164,Eunice,Kioko,eunice.kioko10164@school.edu.ke
10165,Zaid,Simba,zaid.simba10165@school.edu.ke
10166,Benedict,Odhiambo,benedict.odhiambo10166@school.edu.ke
10167,Ruth,Namukasa,ruth.namukasa10167@pupils.ac.ke
10168,Zaid,Ngugi,zaid.ngugi10168@school.edu.ke
10169,Immaculate,Kiptoo,immaculate.kiptoo10169@student.ac.ke
10170,Xolani,Njoroge,xolani.njoroge10170@pupils.ac.ke
10171,Cynthia,Kogo,cynthia.kogo10171@pupils.ac.ke
10172,Tobias,Simiyu,tobias.simiyu10172@school.edu.ke
10173,Cynthia,Odhiambo,cynthia.odhiambo10173@school.edu.ke
10174,Agnes,Namukasa,agnes.namukasa10174@learner.ke
10175,Irene,Mwenda,irene.mwenda10175@learner.ke
10176,Tobias,Mureithi,tobias.mureithi10176@students.org
10177,Agnes,Njogu,agnes.njogu10177@students.org
10178,Rashid,Odhiambo,rashid.odhiambo10178@student.ac.ke
10179,Henry,Sang,henry.sang10179@students.org
10180,Henry,Njoroge,henry.njoroge10180@student.ac.ke
10181,Zedekiah,Abdi,zedekiah.abdi10181@learner.ke
10182,Quinton,Ochieng,quinton.ochieng10182@learner.ke
10183,Edith,Maina,edith.maina10183@students.org
10184,Olivia,Mukhwana,olivia.mukhwana10184@students.org
10185,Yvonne,Auma,yvonne.auma10185@student.ac.ke
10186,Nancy,Abdi,nancy.abdi10186@student.ac.ke
10187,Patrick,Simba,patrick.simba10187@students.org
10188,Kevin,Gathua,kevin.gathua10188@school.edu.ke
10189,Victoria,Abdi,victoria.abdi10189@student.ac.ke
10190,Isaac,Namukasa,isaac.namukasa10190@students.org
10191,Ochieng,Nganga,ochieng.nganga10191@student.ac.ke
10192,Priscilla,Onyango,priscilla.onyango10192@students.org
10193,Noah,Ngugi,noah.ngugi10193@pupils.ac.ke
10194,Purity,Ali,purity.ali10194@learner.ke
10195,Tabitha,Kiprono,tabitha.kiprono10195@school.edu.ke
10196,Christine,Ngugi,christine.ngugi10196@pupils.ac.ke
10197,Jane,Katana,jane.katana10197@school.edu.ke
10198,Boniface,Mugo,boniface.mugo10198@learner.ke
10199,Agnes,Wamuyu,agnes.wamuyu10199@student.ac.ke
10200,Mercy,Owino,mercy.owino10200@school.edu.ke
10201,Edith,Ochieng,edith.ochieng10201@students.org
10202,Alice,Mwathi,alice.mwathi10202@learner.ke
10203,Irena,Ibrahim,irena.ibrahim10203@pupils.ac.ke
10204,Jane,Ngetich,jane.ngetich10204@students.org
10205,Julius,Okello,julius.okello10205@school.edu.ke
10206,Hellen,Muiru,hellen.muiru10206@learner.ke
10207,Oprah,Nganga,oprah.nganga10207@students.org
10208,Rashid,Gitonga,rashid.gitonga10208@school.edu.ke
10209,Jane,Simiyu,jane.simiyu10209@school.edu.ke
10210,Ann,Kogo,ann.kogo10210@school.edu.ke
10211,David,Waweru,david.waweru10211@school.edu.ke
10212,Julius,Munyua,julius.munyua10212@student.ac.ke
10213,Hilary,Ahmed,hilary.ahmed10213@students.org
10214,Yvonne,Elias,yvonne.elias10214@pupils.ac.ke
10215,Miriam,Ali,miriam.ali10215@school.edu.ke
10216,Sarah,Mwathi,sarah.mwathi10216@student.ac.ke
10217,Tina,Kioko,tina.kioko10217@student.ac.ke
10218,Wesley,Farah,wesley.farah10218@school.edu.ke
10219,Wanjiku,Patel,wanjiku.patel10219@students.org
10220,Irena,Mutua,irena.mutua10220@students.org
10221,Francis,Zuma,francis.zuma10221@student.ac.ke
10222,Hilary,Rotich,hilary.rotich10222@pupils.ac.ke
10223,Isaac,Nyambura,isaac.nyambura10223@students.org
10224,Zedekiah,Barasa,zedekiah.barasa10224@pupils.ac.ke
10225,Boniface,Tarus,boniface.tarus10225@students.org
10226,Douglas,Wanga,douglas.wanga10226@students.org
10227,Georgina,Kiptoo,georgina.kiptoo10227@pupils.ac.ke
10228,Georgina,Awuor,georgina.awuor10228@school.edu.ke
10229,Eutychus,Okoth,eutychus.okoth10229@students.org
10230,Leonard,Njuguna,leonard.njuguna10230@school.edu.ke
10231,Joseph,Ibrahim,joseph.ibrahim10231@student.ac.ke
10232,Oscar,Owino,oscar.owino10232@school.edu.ke
10233,Immaculate,Namukasa,immaculate.namukasa10233@learner.ke
10234,Samuel,Muiru,samuel.muiru10234@school.edu.ke
10235,Thomas,Achieng,thomas.achieng10235@pupils.ac.ke
10236,Lydia,Cheruiyot,lydia.cheruiyot10236@school.edu.ke
10237,Irene,Ahmed,irene.ahmed10237@pupils.ac.ke
10238,Rashid,Gathoni,rashid.gathoni10238@pupils.ac.ke
10239,Christine,Kimani,christine.kimani10239@school.edu.ke
10240,Christine,Mukhwana,christine.mukhwana10240@students.org
10241,Moses,Kamau,moses.kamau10241@students.org
10242,Xolani,Noor,xolani.noor10242@student.ac.ke
10243,Umulkher,Onyango,umulkher.onyango10243@pupils.ac.ke
10244,Christine,Wanjiru,christine.wanjiru10244@students.org
10245,Zaid,Maina,zaid.maina10245@school.edu.ke
10246,Leonard,Yegon,leonard.yegon10246@learner.ke
10247,Edith,Warsame,edith.warsame10247@student.ac.ke
10248,Yusuf,Masinde,yusuf.masinde10248@pupils.ac.ke
10249,Priscilla,Mutai,priscilla.mutai10249@pupils.ac.ke
10250,Queen,Njenga,queen.njenga10250@students.org
10251,David,Hassan,david.hassan10251@students.org
10252,Veronica,Nganga,veronica.nganga10252@student.ac.ke
10253,Khadija,Mureithi,khadija.mureithi10253@pupils.ac.ke
10254,Robert,Kioko,robert.kioko10254@pupils.ac.ke
10255,Xavier,Mutua,xavier.mutua10255@learner.ke
10256,Xolani,Wafula,xolani.wafula10256@school.edu.ke
10257,Hilary,Wafula,hilary.wafula10257@learner.ke
10258,Uno,Mwamba,uno.mwamba10258@learner.ke
10259,Tina,Wanga,tina.wanga10259@pupils.ac.ke
10260,Gladys,Wanga,gladys.wanga10260@student.ac.ke
10261,Julius,Kamau,julius.kamau10261@students.org
10262,Grace,Wekesa,grace.wekesa10262@school.edu.ke
10263,Gilbert,Omondi,gilbert.omondi10263@student.ac.ke
10264,Tina,Odhiambo,tina.odhiambo10264@school.edu.ke
10265,Zawadi,Yator,zawadi.yator10265@student.ac.ke
10266,Consolata,Cheruiyot,consolata.cheruiyot10266@school.edu.ke
10267,Queen,Abdullahi,queen.abdullahi10267@student.ac.ke
10268,Veronica,Ngetich,veronica.ngetich10268@pupils.ac.ke
10269,Moses,Auma,moses.auma10269@learner.ke
10270,Violet,Maina,violet.maina10270@students.org
10271,Stephen,Elias,stephen.elias10271@student.ac.ke
10272,Wesley,Tarus,wesley.tarus10272@school.edu.ke
10273,Noah,Macharia,noah.macharia10273@students.org
10274,David,Simiyu,david.simiyu10274@students.org
10275,Jane,Mwamba,jane.mwamba10275@pupils.ac.ke
10276,Oscar,Kogo,oscar.kogo10276@student.ac.ke
10277,Yasmin,Bakari,yasmin.bakari10277@school.edu.ke
10278,Njoroge,Chege,njoroge.chege10278@learner.ke
10279,Kevin,Kuria,kevin.kuria10279@student.ac.ke
10280,Yolanda,Mugo,yolanda.mugo10280@student.ac.ke
10281,Tobias,Wanjiru,tobias.wanjiru10281@pupils.ac.ke
10282,Hellen,Otiende,hellen.otiende10282@student.ac.ke
10283,Naftali,Mureithi,naftali.mureithi10283@learner.ke
10284,Brian,Zuma,brian.zuma10284@pupils.ac.ke
10285,Celestine,Warsame,celestine.warsame10285@student.ac.ke
10286,Edith,Nabwire,edith.nabwire10286@pupils.ac.ke
10287,Nancy,Cheruiyot,nancy.cheruiyot10287@pupils.ac.ke
10288,Wanjiku,Irungu,wanjiku.irungu10288@students.org
10289,Gilbert,Ogola,gilbert.ogola10289@students.org
10290,Ann,Wanjiru,ann.wanjiru10290@pupils.ac.ke
10291,Irena,Abdi,irena.abdi10291@students.org
10292,Immaculate,Wafula,immaculate.wafula10292@school.edu.ke
10293,Liam,Okoth,liam.okoth10293@pupils.ac.ke
10294,Francis,Lugwe,francis.lugwe10294@pupils.ac.ke
10295,Veronica,Munyua,veronica.munyua10295@pupils.ac.ke
10296,Stella,Odhiambo,stella.odhiambo10296@pupils.ac.ke
10297,Purity,Ruto,purity.ruto10297@pupils.ac.ke
10298,Baraka,Khaemba,baraka.khaemba10298@learner.ke
10299,Stella,Okoth,stella.okoth10299@students.org
10300,Moses,Okoth,moses.okoth10300@students.org
10301,Brian,Wairimu,brian.wairimu10301@school.edu.ke
10302,Khadija,Adhiambo,khadija.adhiambo10302@pupils.ac.ke
10303,Leonard,Wangari,leonard.wangari10303@school.edu.ke
10304,Lydia,Abdullahi,lydia.abdullahi10304@pupils.ac.ke
10305,Georgina,Okello,georgina.okello10305@student.ac.ke
10306,Liam,Ouma,liam.ouma10306@school.edu.ke
10307,Agnes,Bakari,agnes.bakari10307@school.edu.ke
10308,Noah,Nganga,noah.nganga10308@students.org
10309,Walter,Abdullahi,walter.abdullahi10309@students.org
10310,Quickson,Wekesa,quickson.wekesa10310@pupils.ac.ke
10311,Stephen,Wamuyu,stephen.wamuyu10311@learner.ke
10312,Umulkher,Chege,umulkher.chege10312@pupils.ac.ke
10313,Immaculate,Simiyu,immaculate.simiyu10313@learner.ke
10314,Dennis,Wambua,dennis.wambua10314@school.edu.ke
10315,Ochieng,Wambua,ochieng.wambua10315@students.org
10316,Uno,Bakari,uno.bakari10316@school.edu.ke
10317,Yvonne,Ngetich,yvonne.ngetich10317@pupils.ac.ke
10318,Joseph,Gathua,joseph.gathua10318@students.org
10319,Uno,Nyambura,uno.nyambura10319@students.org
10320,Kemunto,Ndung'u,kemunto.ndungu10320@school.edu.ke
10321,Lewis,Achieng,lewis.achieng10321@learner.ke
10322,Wanjiku,Onyango,wanjiku.onyango10322@student.ac.ke
10323,Nancy,Wanjiru,nancy.wanjiru10323@school.edu.ke
10324,Joseph,Waweru,joseph.waweru10324@student.ac.ke
10325,Tabitha,Ouma,tabitha.ouma10325@school.edu.ke
10326,Eutychus,Lugwe,eutychus.lugwe10326@pupils.ac.ke
10327,Njoroge,Otieno,njoroge.otieno10327@students.org
10328,Kemunto,Abdullahi,kemunto.abdullahi10328@pupils.ac.ke
10329,Fredrick,Masinde,fredrick.masinde10329@school.edu.ke
10330,Grace,Auma,grace.auma10330@pupils.ac.ke
10331,Olivia,Umar,olivia.umar10331@student.ac.ke
10332,Agnes,Warsame,agnes.warsame10332@student.ac.ke
10333,William,Njuguna,william.njuguna10333@student.ac.ke
10334,Thomas,Cheruiyot,thomas.cheruiyot10334@students.org
10335,Mercy,Muiru,mercy.muiru10335@school.edu.ke
10336,Peter,Wangari,peter.wangari10336@pupils.ac.ke
10337,Alice,Kuria,alice.kuria10337@students.org
10338,Cynthia,Nyaga,cynthia.nyaga10338@students.org
10339,Xolani,Hussein,xolani.hussein10339@pupils.ac.ke
10340,Mercy,Kioko,mercy.kioko10340@students.org
10341,Douglas,Simiyu,douglas.simiyu10341@students.org
10342,Consolata,Kimani,consolata.kimani10342@students.org
10343,Ruth,Ndung'u,ruth.ndungu10343@school.edu.ke
10344,Dominic,Ngetich,dominic.ngetich10344@learner.ke
10345,Hellen,Muiru,hellen.muiru10345@school.edu.ke
10346,Eunice,Sang,eunice.sang10346@students.org
10347,James,Kiptoo,james.kiptoo10347@student.ac.ke
10348,Benedict,Hussein,benedict.hussein10348@students.org
10349,Julius,Ouma,julius.ouma10349@student.ac.ke
10350,Dennis,Owino,dennis.owino10350@learner.ke
10351,Moses,Kioko,moses.kioko10351@pupils.ac.ke
10352,James,Abubakar,james.abubakar10352@school.edu.ke
10353,Henry,Ochieng,henry.ochieng10353@students.org
10354,Hellen,Patel,hellen.patel10354@school.edu.ke
10355,Douglas,Gicheru,douglas.gicheru10355@students.org
10356,Cynthia,Mureithi,cynthia.mureithi10356@school.edu.ke
10357,Immaculate,Umar,immaculate.umar10357@school.edu.ke
10358,James,Kimani,james.kimani10358@school.edu.ke
10359,Yolanda,Simiyu,yolanda.simiyu10359@students.org
10360,Stephen,Umar,stephen.umar10360@students.org
10361,Kemunto,Ibrahim,kemunto.ibrahim10361@student.ac.ke
10362,Irena,Bakari,irena.bakari10362@learner.ke
10363,Moses,Ali,moses.ali10363@learner.ke
10364,Naftali,Gathoni,naftali.gathoni10364@pupils.ac.ke
10365,Fredrick,Muiru,fredrick.muiru10365@students.org
10366,Felix,Abdi,felix.abdi10366@learner.ke
10367,Alice,Auma,alice.auma10367@student.ac.ke
10368,Liam,Achieng,liam.achieng10368@students.org
10369,Yasmin,Kamau,yasmin.kamau10369@learner.ke
10370,William,Waweru,william.waweru10370@school.edu.ke
10371,Julius,Wairimu,julius.wairimu10371@pupils.ac.ke
10372,Joseph,Ruto,joseph.ruto10372@students.org
10373,Edith,Githinji,edith.githinji10373@pupils.ac.ke
10374,Liam,Abdullahi,liam.abdullahi10374@learner.ke
10375,Benedict,Namukasa,benedict.namukasa10375@learner.ke
10376,Isaac,Macharia,isaac.macharia10376@school.edu.ke
10377,Rashid,Omar,rashid.omar10377@pupils.ac.ke
10378,Kemunto,Nganga,kemunto.nganga10378@pupils.ac.ke
10379,Bernard,Mrisho,bernard.mrisho10379@students.org
10380,Esther,Mohamed,esther.mohamed10380@student.ac.ke
10381,Ochieng,Auma,ochieng.auma10381@learner.ke
10382,Olivia,Mwenda,olivia.mwenda10382@pupils.ac.ke
10383,Oprah,Umar,oprah.umar10383@student.ac.ke
10384,Hellen,Gathoni,hellen.gathoni10384@pupils.ac.ke
10385,Benedict,Mutua,benedict.mutua10385@school.edu.ke
10386,Patrick,Nabwire,patrick.nabwire10386@students.org
10387,Tina,Aden,tina.aden10387@pupils.ac.ke
10388,Uno,Mutua,uno.mutua10388@school.edu.ke
10389,Immaculate,Wamuyu,immaculate.wamuyu10389@school.edu.ke
10390,Kemunto,Ibrahim,kemunto.ibrahim10390@pupils.ac.ke
10391,Peter,Odhiambo,peter.odhiambo10391@students.org
10392,Zaid,Adhiambo,zaid.adhiambo10392@school.edu.ke
10393,Noah,Wamuyu,noah.wamuyu10393@student.ac.ke
10394,Tabitha,Omar,tabitha.omar10394@student.ac.ke
10395,Cynthia,Yator,cynthia.yator10395@student.ac.ke
10396,Irena,Wambua,irena.wambua10396@school.edu.ke
10397,Miriam,Elias,miriam.elias10397@learner.ke
10398,Oprah,Dida,oprah.dida10398@learner.ke
10399,Christine,Wanga,christine.wanga10399@pupils.ac.ke
10400,Julius,Anyango,julius.anyango10400@pupils.ac.ke
10401,Tabitha,Koech,tabitha.koech10401@pupils.ac.ke
10402,Yvonne,Kuria,yvonne.kuria10402@students.org
10403,Stephen,Rotich,stephen.rotich10403@student.ac.ke
10404,Joseph,Mwenda,joseph.mwenda10404@pupils.ac.ke
10405,Stella,Ochieng,stella.ochieng10405@students.org
10406,Immaculate,Umar,immaculate.umar10406@student.ac.ke
10407,Kemunto,Gathua,kemunto.gathua10407@learner.ke
10408,Yasmin,Kabiru,yasmin.kabiru10408@pupils.ac.ke
10409,Thomas,Hussein,thomas.hussein10409@students.org
10410,Kathleen,Wekesa,kathleen.wekesa10410@learner.ke
10411,Tabitha,Mrisho,tabitha.mrisho10411@students.org
10412,Xolani,Mohamed,xolani.mohamed10412@learner.ke
10413,Yvonne,Chege,yvonne.chege10413@school.edu.ke
10414,William,Mukhwana,william.mukhwana10414@school.edu.ke
10415,Wesley,Omar,wesley.omar10415@student.ac.ke
10416,Ochieng,Katana,ochieng.katana10416@pupils.ac.ke
10417,Nancy,Simba,nancy.simba10417@pupils.ac.ke
10418,Yusuf,Nganga,yusuf.nganga10418@school.edu.ke
10419,Miriam,Njoroge,miriam.njoroge10419@school.edu.ke
10420,Naftali,Karanja,naftali.karanja10420@learner.ke
10421,Mary,Zuma,mary.zuma10421@pupils.ac.ke
10422,Mary,Nyambura,mary.nyambura10422@pupils.ac.ke
10423,Brian,Gathua,brian.gathua10423@school.edu.ke
10424,Benedict,Mwathi,benedict.mwathi10424@school.edu.ke
10425,James,Abdullahi,james.abdullahi10425@learner.ke
10426,Stella,Njenga,stella.njenga10426@pupils.ac.ke
10427,Gilbert,Muiru,gilbert.muiru10427@learner.ke
10428,Jane,Mwanzia,jane.mwanzia10428@students.org
10429,Xolani,Barasa,xolani.barasa10429@pupils.ac.ke
10430,Samuel,Njoroge,samuel.njoroge10430@students.org
10431,Irene,Adhiambo,irene.adhiambo10431@learner.ke
10432,Dennis,Katana,dennis.katana10432@student.ac.ke
10433,Edith,Ndung'u,edith.ndungu10433@student.ac.ke
10434,Fredrick,Mutai,fredrick.mutai10434@learner.ke
10435,David,Waweru,david.waweru10435@learner.ke
10436,Yolanda,Kimani,yolanda.kimani10436@learner.ke
10437,Umulkher,Otiende,umulkher.otiende10437@pupils.ac.ke
10438,Sarah,Anyango,sarah.anyango10438@students.org
10439,Benedict,Mugo,benedict.mugo10439@school.edu.ke
10440,Violet,Sang,violet.sang10440@student.ac.ke
10441,Boniface,Mwamba,boniface.mwamba10441@students.org
10442,Kevin,Adhiambo,kevin.adhiambo10442@pupils.ac.ke
10443,Xenia,Koech,xenia.koech10443@school.edu.ke
10444,Irena,Githinji,irena.githinji10444@learner.ke
10445,Hilary,Auma,hilary.auma10445@student.ac.ke
10446,Zaid,Sheikh,zaid.sheikh10446@learner.ke
10447,Jane,Gathoni,jane.gathoni10447@school.edu.ke
10448,James,Ibrahim,james.ibrahim10448@learner.ke
10449,Yasmin,Onyango,yasmin.onyango10449@pupils.ac.ke
10450,Lydia,Auma,lydia.auma10450@pupils.ac.ke
10451,Mercy,Kogo,mercy.kogo10451@pupils.ac.ke
10452,Kathleen,Macharia,kathleen.macharia10452@school.edu.ke
10453,Xolani,Gichuki,xolani.gichuki10453@learner.ke
10454,William,Ouma,william.ouma10454@learner.ke
10455,Carol,Wanga,carol.wanga10455@pupils.ac.ke
10456,Joseph,Otieno,joseph.otieno10456@students.org
10457,Kevin,Nyaga,kevin.nyaga10457@student.ac.ke
10458,Alice,Katana,alice.katana10458@pupils.ac.ke
10459,Kemunto,Nyaga,kemunto.nyaga10459@school.edu.ke
10460,Alice,Patel,alice.patel10460@learner.ke
10461,Cynthia,Githinji,cynthia.githinji10461@school.edu.ke
10462,Consolata,Auma,consolata.auma10462@school.edu.ke
10463,Dominic,Ndung'u,dominic.ndungu10463@student.ac.ke
10464,Noah,Ochieng,noah.ochieng10464@pupils.ac.ke
10465,Esther,Kabiru,esther.kabiru10465@learner.ke
10466,Quinton,Kiprono,quinton.kiprono10466@student.ac.ke
10467,Lewis,Wafula,lewis.wafula10467@pupils.ac.ke
10468,Wanjiku,Kogo,wanjiku.kogo10468@school.edu.ke
10469,Ximena,Gathoni,ximena.gathoni10469@learner.ke
10470,Quickson,Jama,quickson.jama10470@learner.ke
10471,Violet,Auma,violet.auma10471@pupils.ac.ke
10472,Ann,Ouma,ann.ouma10472@learner.ke
10473,Zaid,Gicheru,zaid.gicheru10473@pupils.ac.ke
10474,James,Koech,james.koech10474@school.edu.ke
10475,Jane,Gathua,jane.gathua10475@pupils.ac.ke
10476,Zaid,Wangari,zaid.wangari10476@learner.ke
10477,Liam,Okello,liam.okello10477@pupils.ac.ke
10478,Brian,Awuor,brian.awuor10478@students.org
10479,Peter,Mohamed,peter.mohamed10479@learner.ke
10480,Jane,Katana,jane.katana10480@learner.ke
10481,Xenia,Mwamba,xenia.mwamba10481@learner.ke
10482,Njoroge,Njogu,njoroge.njogu10482@school.edu.ke
10483,Julius,Odhiambo,julius.odhiambo10483@students.org
10484,Urbanus,Wafula,urbanus.wafula10484@students.org
10485,Cynthia,Mureithi,cynthia.mureithi10485@student.ac.ke
10486,Eutychus,Umar,eutychus.umar10486@pupils.ac.ke
10487,Moses,Onyango,moses.onyango10487@pupils.ac.ke
10488,Olivia,Rotich,olivia.rotich10488@student.ac.ke
10489,Esther,Onyango,esther.onyango10489@pupils.ac.ke
10490,Olivia,Ndung'u,olivia.ndungu10490@school.edu.ke
10491,Rebecca,Rotich,rebecca.rotich10491@pupils.ac.ke
10492,Hilary,Otiende,hilary.otiende10492@students.org
10493,Christine,Karanja,christine.karanja10493@school.edu.ke
10494,Christine,Mwathi,christine.mwathi10494@student.ac.ke
10495,Leonard,Munyua,leonard.munyua10495@pupils.ac.ke
10496,Joseph,Njoroge,joseph.njoroge10496@learner.ke
10497,Baraka,Ibrahim,baraka.ibrahim10497@pupils.ac.ke
10498,Eunice,Mwanzia,eunice.mwanzia10498@learner.ke
10499,Mary,Abubakar,mary.abubakar10499@learner.ke
10500,Samuel,Mureithi,samuel.mureithi10500@learner.ke
10501,Hassan,Hassan,hassan.hassan10501@learner.ke
10502,Yvonne,Wambua,yvonne.wambua10502@pupils.ac.ke
10503,Liam,Nganga,liam.nganga10503@school.edu.ke
10504,Fatuma,Githinji,fatuma.githinji10504@students.org
10505,Carol,Mutua,carol.mutua10505@learner.ke
10506,Francis,Kiprono,francis.kiprono10506@students.org
10507,Aisha,Omondi,aisha.omondi10507@students.org
10508,Aisha,Karanja,aisha.karanja10508@school.edu.ke
10509,Bernard,Achieng,bernard.achieng10509@learner.ke
10510,Wesley,Koech,wesley.koech10510@students.org
10511,Amina,Okoth,amina.okoth10511@school.edu.ke
10512,Queen,Gathoni,queen.gathoni10512@learner.ke
10513,Zaid,Sang,zaid.sang10513@student.ac.ke
10514,Hellen,Kioko,hellen.kioko10514@student.ac.ke
10515,Queen,Otieno,queen.otieno10515@learner.ke
10516,Yolanda,Ochieng,yolanda.ochieng10516@school.edu.ke
10517,Yasmin,Wafula,yasmin.wafula10517@student.ac.ke
10518,Wanjiku,Awuor,wanjiku.awuor10518@student.ac.ke
10519,Queen,Juma,queen.juma10519@pupils.ac.ke
10520,Quickson,Gicheru,quickson.gicheru10520@student.ac.ke
10521,Julius,Hussein,julius.hussein10521@learner.ke
10522,Oprah,Karanja,oprah.karanja10522@student.ac.ke
10523,Georgina,Jama,georgina.jama10523@school.edu.ke
10524,Boniface,Waweru,boniface.waweru10524@students.org
10525,Mercy,Mohamed,mercy.mohamed10525@student.ac.ke
10526,Hassan,Noor,hassan.noor10526@pupils.ac.ke
10527,Douglas,Abubakar,douglas.abubakar10527@student.ac.ke
10528,Leonard,Elias,leonard.elias10528@pupils.ac.ke
10529,James,Muiru,james.muiru10529@learner.ke
10530,Alice,Koech,alice.koech10530@student.ac.ke
10531,Queen,Okoth,queen.okoth10531@students.org
10532,Eutychus,Kabiru,eutychus.kabiru10532@students.org
10533,Oscar,Wafula,oscar.wafula10533@pupils.ac.ke
10534,Zedekiah,Nyambura,zedekiah.nyambura10534@learner.ke
10535,Hilary,Jama,hilary.jama10535@students.org
10536,Edith,Ndung'u,edith.ndungu10536@student.ac.ke
10537,Gilbert,Mwathi,gilbert.mwathi10537@students.org
10538,Priscilla,Kioko,priscilla.kioko10538@school.edu.ke
10539,Edith,Hussein,edith.hussein10539@school.edu.ke
10540,Benedict,Masinde,benedict.masinde10540@pupils.ac.ke
10541,Agnes,Ahmed,agnes.ahmed10541@student.ac.ke
10542,Ochieng,Farah,ochieng.farah10542@learner.ke
10543,Isaac,Auma,isaac.auma10543@learner.ke
10544,Thomas,Abubakar,thomas.abubakar10544@pupils.ac.ke
10545,Irene,Gitonga,irene.gitonga10545@student.ac.ke
10546,Liam,Abdi,liam.abdi10546@student.ac.ke
10547,Stephen,Juma,stephen.juma10547@learner.ke
10548,Ann,Kiprono,ann.kiprono10548@students.org
10549,Hassan,Karanja,hassan.karanja10549@students.org
10550,Urbanus,Namukasa,urbanus.namukasa10550@student.ac.ke
10551,Benedict,Khaemba,benedict.khaemba10551@pupils.ac.ke
10552,Priscilla,Mutua,priscilla.mutua10552@learner.ke
10553,Zedekiah,Simiyu,zedekiah.simiyu10553@learner.ke
10554,Njoroge,Gichuki,njoroge.gichuki10554@students.org
10555,Baraka,Cheruiyot,baraka.cheruiyot10555@pupils.ac.ke
10556,Cynthia,Zuma,cynthia.zuma10556@student.ac.ke
10557,Tobias,Zuma,tobias.zuma10557@students.org
10558,Walter,Gicheru,walter.gicheru10558@learner.ke
10559,William,Yegon,william.yegon10559@pupils.ac.ke
10560,Urbanus,Mwenda,urbanus.mwenda10560@students.org
10561,Boniface,Njogu,boniface.njogu10561@students.org
10562,David,Maina,david.maina10562@learner.ke
10563,David,Ruto,david.ruto10563@learner.ke
10564,Moses,Mrisho,moses.mrisho10564@learner.ke
10565,Stella,Wekesa,stella.wekesa10565@student.ac.ke
10566,Xavier,Koech,xavier.koech10566@students.org
10567,Hellen,Ali,hellen.ali10567@student.ac.ke
10568,Sarah,Juma,sarah.juma10568@student.ac.ke
10569,Liam,Katana,liam.katana10569@students.org
10570,Baraka,Mwamba,baraka.mwamba10570@pupils.ac.ke
10571,Hilary,Masinde,hilary.masinde10571@school.edu.ke
10572,Walter,Simiyu,walter.simiyu10572@learner.ke
10573,Wesley,Mugo,wesley.mugo10573@students.org
10574,Khadija,Mutua,khadija.mutua10574@school.edu.ke
10575,Uchenna,Lugwe,uchenna.lugwe10575@students.org
10576,Grace,Njogu,grace.njogu10576@student.ac.ke
10577,Immaculate,Ibrahim,immaculate.ibrahim10577@pupils.ac.ke
10578,Leonard,Maina,leonard.maina10578@pupils.ac.ke
10579,Christine,Ogola,christine.ogola10579@school.edu.ke
10580,Tina,Muthoni,tina.muthoni10580@student.ac.ke
10581,Tobias,Abdi,tobias.abdi10581@student.ac.ke
10582,Kemunto,Njogu,kemunto.njogu10582@students.org
10583,Leonard,Nyambura,leonard.nyambura10583@learner.ke
10584,Felix,Yegon,felix.yegon10584@pupils.ac.ke
10585,Zedekiah,Kimani,zedekiah.kimani10585@student.ac.ke
10586,Aisha,Onyango,aisha.onyango10586@school.edu.ke
10587,Viola,Rotich,viola.rotich10587@learner.ke
10588,Lewis,Wafula,lewis.wafula10588@student.ac.ke
10589,Amina,Aden,amina.aden10589@pupils.ac.ke
10590,Wanjiku,Kiprono,wanjiku.kiprono10590@pupils.ac.ke
10591,Rebecca,Dida,rebecca.dida10591@school.edu.ke
10592,Naftali,Wangari,naftali.wangari10592@learner.ke
10593,James,Hassan,james.hassan10593@student.ac.ke
10594,Edith,Kamau,edith.kamau10594@pupils.ac.ke
10595,James,Kioko,james.kioko10595@learner.ke
10596,William,Farah,william.farah10596@students.org
10597,Agnes,Dida,agnes.dida10597@pupils.ac.ke
10598,Lewis,Gicheru,lewis.gicheru10598@pupils.ac.ke
10599,Carol,Wafula,carol.wafula10599@school.edu.ke
10600,Zaid,Njenga,zaid.njenga10600@pupils.ac.ke
10601,Lydia,Nabwire,lydia.nabwire10601@student.ac.ke
10602,Edith,Zuma,edith.zuma10602@student.ac.ke
10603,Francis,Abdi,francis.abdi10603@students.org
10604,Agnes,Nyambura,agnes.nyambura10604@student.ac.ke
10605,Zipporah,Simiyu,zipporah.simiyu10605@learner.ke
10606,Cynthia,Namukasa,cynthia.namukasa10606@school.edu.ke
10607,James,Muthoni,james.muthoni10607@student.ac.ke
10608,Quickson,Muthoni,quickson.muthoni10608@school.edu.ke
10609,Wesley,Wekesa,wesley.wekesa10609@learner.ke
10610,Quinton,Tarus,quinton.tarus10610@school.edu.ke
10611,Eunice,Macharia,eunice.macharia10611@school.edu.ke
10612,Gladys,Kogo,gladys.kogo10612@school.edu.ke
10613,Alice,Cheruiyot,alice.cheruiyot10613@student.ac.ke
10614,Wanjiku,Mwenda,wanjiku.mwenda10614@pupils.ac.ke
10615,Irena,Lugwe,irena.lugwe10615@students.org
10616,Uno,Kabiru,uno.kabiru10616@pupils.ac.ke
10617,Kevin,Mugo,kevin.mugo10617@students.org
10618,Purity,Kioko,purity.kioko10618@learner.ke
10619,Thomas,Ibrahim,thomas.ibrahim10619@student.ac.ke
10620,Julius,Ibrahim,julius.ibrahim10620@learner.ke
10621,Yolanda,Okoth,yolanda.okoth10621@students.org
10622,Hassan,Khaemba,hassan.khaemba10622@students.org
10623,James,Simiyu,james.simiyu10623@pupils.ac.ke
10624,Georgina,Njoroge,georgina.njoroge10624@student.ac.ke
10625,Walter,Wanga,walter.wanga10625@learner.ke
10626,James,Mureithi,james.mureithi10626@student.ac.ke
10627,Boniface,Kuria,boniface.kuria10627@students.org
10628,Yusuf,Sheikh,yusuf.sheikh10628@students.org
10629,Tabitha,Okello,tabitha.okello10629@student.ac.ke
10630,Georgina,Simba,georgina.simba10630@students.org
10631,Gilbert,Bett,gilbert.bett10631@learner.ke
10632,Alice,Abdullahi,alice.abdullahi10632@students.org
10633,Thomas,Kimani,thomas.kimani10633@pupils.ac.ke
10634,Njoroge,Simba,njoroge.simba10634@learner.ke
10635,Oscar,Muiru,oscar.muiru10635@students.org
10636,Fatuma,Sang,fatuma.sang10636@student.ac.ke
10637,Francis,Dida,francis.dida10637@pupils.ac.ke
10638,Fredrick,Nyambura,fredrick.nyambura10638@students.org
10639,Boniface,Kiptoo,boniface.kiptoo10639@learner.ke
10640,Walter,Owino,walter.owino10640@pupils.ac.ke
10641,Benedict,Nyaga,benedict.nyaga10641@learner.ke
10642,Jane,Kuria,jane.kuria10642@student.ac.ke
10643,Yolanda,Njuguna,yolanda.njuguna10643@learner.ke
10644,Irene,Namukasa,irene.namukasa10644@student.ac.ke
10645,Urbanus,Njogu,urbanus.njogu10645@pupils.ac.ke
10646,Kemunto,Auma,kemunto.auma10646@students.org
10647,Thomas,Namukasa,thomas.namukasa10647@student.ac.ke
10648,Xenia,Nganga,xenia.nganga10648@school.edu.ke
10649,Tobias,Simiyu,tobias.simiyu10649@pupils.ac.ke
10650,Queen,Kuria,queen.kuria10650@student.ac.ke
10651,Noah,Wangari,noah.wangari10651@pupils.ac.ke
10652,Fatuma,Okello,fatuma.okello10652@learner.ke
10653,Bernard,Kiprono,bernard.kiprono10653@students.org
10654,Liam,Mureithi,liam.mureithi10654@pupils.ac.ke
10655,Oprah,Nabwire,oprah.nabwire10655@student.ac.ke
10656,Victoria,Simiyu,victoria.simiyu10656@school.edu.ke
10657,Baraka,Masinde,baraka.masinde10657@pupils.ac.ke
10658,Yvonne,Yegon,yvonne.yegon10658@school.edu.ke
10659,Thomas,Kariuki,thomas.kariuki10659@learner.ke
10660,Ximena,Ndung'u,ximena.ndungu10660@students.org
10661,Viola,Gathoni,viola.gathoni10661@students.org
10662,Esther,Nganga,esther.nganga10662@learner.ke
10663,Viola,Njenga,viola.njenga10663@school.edu.ke
10664,Zedekiah,Mwamba,zedekiah.mwamba10664@school.edu.ke
10665,Uchenna,Ruto,uchenna.ruto10665@students.org
10666,Ann,Mutai,ann.mutai10666@pupils.ac.ke
10667,Felix,Omar,felix.omar10667@learner.ke
10668,Jane,Gathua,jane.gathua10668@school.edu.ke
10669,Fredrick,Munyua,fredrick.munyua10669@learner.ke
10670,Tina,Katana,tina.katana10670@pupils.ac.ke
10671,Dennis,Wanjiru,dennis.wanjiru10671@school.edu.ke
10672,Noah,Simba,noah.simba10672@pupils.ac.ke
10673,Yvonne,Otiende,yvonne.otiende10673@students.org
10674,Fredrick,Sheikh,fredrick.sheikh10674@learner.ke
10675,Wesley,Mwamba,wesley.mwamba10675@students.org
10676,Quickson,Ahmed,quickson.ahmed10676@school.edu.ke
10677,Bernard,Kogo,bernard.kogo10677@students.org
10678,Robert,Auma,robert.auma10678@student.ac.ke
10679,Fatuma,Noor,fatuma.noor10679@learner.ke
10680,Tabitha,Macharia,tabitha.macharia10680@students.org
10681,Peter,Owino,peter.owino10681@student.ac.ke
10682,Uno,Kiptoo,uno.kiptoo10682@learner.ke
10683,Georgina,Muthoni,georgina.muthoni10683@school.edu.ke
10684,Edith,Gitonga,edith.gitonga10684@school.edu.ke
10685,Bernard,Hussein,bernard.hussein10685@learner.ke
10686,David,Ahmed,david.ahmed10686@student.ac.ke
10687,Zipporah,Jama,zipporah.jama10687@learner.ke
10688,Eunice,Mukhwana,eunice.mukhwana10688@student.ac.ke
10689,Walter,Yegon,walter.yegon10689@student.ac.ke
10690,Ochieng,Ndung'u,ochieng.ndungu10690@learner.ke
10691,Yolanda,Koech,yolanda.koech10691@school.edu.ke
10692,Esther,Owino,esther.owino10692@pupils.ac.ke
10693,Moses,Wanga,moses.wanga10693@school.edu.ke
10694,Uno,Dida,uno.dida10694@pupils.ac.ke
10695,Georgina,Munyua,georgina.munyua10695@student.ac.ke
10696,Khadija,Kamau,khadija.kamau10696@learner.ke
10697,Baraka,Wanga,baraka.wanga10697@school.edu.ke
10698,Tabitha,Irungu,tabitha.irungu10698@students.org
10699,Quickson,Farah,quickson.farah10699@student.ac.ke
10700,Wesley,Owino,wesley.owino10700@school.edu.ke
10701,Mercy,Wambua,mercy.wambua10701@student.ac.ke
10702,Eunice,Ahmed,eunice.ahmed10702@students.org
10703,Hilary,Omondi,hilary.omondi10703@student.ac.ke
10704,Miriam,Kuria,miriam.kuria10704@students.org
10705,Carol,Njuguna,carol.njuguna10705@students.org
10706,William,Adhiambo,william.adhiambo10706@school.edu.ke
10707,Lewis,Farah,lewis.farah10707@student.ac.ke
10708,Boniface,Khaemba,boniface.khaemba10708@school.edu.ke
10709,William,Ahmed,william.ahmed10709@school.edu.ke
10710,Isaac,Ngugi,isaac.ngugi10710@student.ac.ke
10711,Quickson,Nabwire,quickson.nabwire10711@student.ac.ke
10712,Quickson,Gathoni,quickson.gathoni10712@students.org
10713,Ximena,Jama,ximena.jama10713@students.org
10714,Carol,Mukhwana,carol.mukhwana10714@pupils.ac.ke
10715,Felix,Githinji,felix.githinji10715@pupils.ac.ke
10716,Walter,Auma,walter.auma10716@student.ac.ke
10717,Umulkher,Ochieng,umulkher.ochieng10717@student.ac.ke
10718,Tobias,Adhiambo,tobias.adhiambo10718@student.ac.ke
10719,Viola,Kabiru,viola.kabiru10719@learner.ke
10720,Robert,Waweru,robert.waweru10720@learner.ke
10721,Samuel,Masinde,samuel.masinde10721@school.edu.ke
10722,Wesley,Abubakar,wesley.abubakar10722@pupils.ac.ke
10723,Moses,Noor,moses.noor10723@school.edu.ke
10724,Ann,Rotich,ann.rotich10724@student.ac.ke
10725,Oscar,Nyaga,oscar.nyaga10725@pupils.ac.ke
10726,Esther,Ouma,esther.ouma10726@school.edu.ke
10727,Felix,Okello,felix.okello10727@school.edu.ke
10728,Felix,Barasa,felix.barasa10728@learner.ke
10729,Oprah,Hassan,oprah.hassan10729@students.org
10730,Julius,Auma,julius.auma10730@student.ac.ke
10731,Tina,Mureithi,tina.mureithi10731@school.edu.ke
10732,Kemunto,Khaemba,kemunto.khaemba10732@student.ac.ke
10733,Gilbert,Namukasa,gilbert.namukasa10733@learner.ke
10734,Peter,Patel,peter.patel10734@learner.ke
10735,Edith,Ali,edith.ali10735@pupils.ac.ke
10736,Yusuf,Masinde,yusuf.masinde10736@school.edu.ke
10737,Miriam,Bakari,miriam.bakari10737@pupils.ac.ke
10738,Walter,Patel,walter.patel10738@students.org
10739,Immaculate,Patel,immaculate.patel10739@student.ac.ke
10740,Quinton,Farah,quinton.farah10740@student.ac.ke
10741,Edith,Maina,edith.maina10741@school.edu.ke
10742,Samuel,Ouma,samuel.ouma10742@learner.ke
10743,Njoroge,Muiru,njoroge.muiru10743@learner.ke
10744,Hellen,Ouma,hellen.ouma10744@learner.ke
10745,Georgina,Maina,georgina.maina10745@pupils.ac.ke
10746,Violet,Bakari,violet.bakari10746@pupils.ac.ke
10747,Tobias,Hussein,tobias.hussein10747@student.ac.ke
10748,Quinton,Khaemba,quinton.khaemba10748@students.org
10749,Edith,Okoth,edith.okoth10749@student.ac.ke
10750,James,Ngugi,james.ngugi10750@pupils.ac.ke
10751,Victoria,Muthoni,victoria.muthoni10751@school.edu.ke
10752,David,Koech,david.koech10752@students.org
10753,Jane,Ochieng,jane.ochieng10753@pupils.ac.ke
10754,Esther,Kiprono,esther.kiprono10754@student.ac.ke
10755,Eunice,Nyaga,eunice.nyaga10755@learner.ke
10756,Victoria,Mukhwana,victoria.mukhwana10756@students.org
10757,Esther,Maina,esther.maina10757@school.edu.ke
10758,Jane,Hussein,jane.hussein10758@learner.ke
10759,Walter,Ibrahim,walter.ibrahim10759@student.ac.ke
10760,William,Rotich,william.rotich10760@students.org
10761,Victoria,Hassan,victoria.hassan10761@learner.ke
10762,Gilbert,Okoth,gilbert.okoth10762@school.edu.ke
10763,Olivia,Odhiambo,olivia.odhiambo10763@school.edu.ke
10764,Miriam,Wairimu,miriam.wairimu10764@pupils.ac.ke
10765,Urbanus,Wambua,urbanus.wambua10765@learner.ke
10766,Wesley,Awuor,wesley.awuor10766@pupils.ac.ke
10767,Baraka,Munyua,baraka.munyua10767@learner.ke
10768,Lydia,Warsame,lydia.warsame10768@school.edu.ke
10769,Peter,Rotich,peter.rotich10769@student.ac.ke
10770,Georgina,Sang,georgina.sang10770@pupils.ac.ke
10771,Liam,Simba,liam.simba10771@learner.ke
10772,Isaac,Wekesa,isaac.wekesa10772@student.ac.ke
10773,Tabitha,Gathoni,tabitha.gathoni10773@learner.ke
10774,Mercy,Zuma,mercy.zuma10774@school.edu.ke
10775,Oscar,Dida,oscar.dida10775@school.edu.ke
10776,Yolanda,Nabwire,yolanda.nabwire10776@students.org
10777,Cynthia,Wambua,cynthia.wambua10777@school.edu.ke
10778,Yolanda,Rotich,yolanda.rotich10778@school.edu.ke
10779,Yolanda,Aden,yolanda.aden10779@student.ac.ke
10780,Victoria,Wamuyu,victoria.wamuyu10780@students.org
10781,Walter,Sheikh,walter.sheikh10781@students.org
10782,Queen,Munyua,queen.munyua10782@student.ac.ke
10783,Irene,Simiyu,irene.simiyu10783@pupils.ac.ke
10784,Oscar,Gathua,oscar.gathua10784@pupils.ac.ke
10785,Quickson,Omar,quickson.omar10785@pupils.ac.ke
10786,Celestine,Gichuki,celestine.gichuki10786@student.ac.ke
10787,Queen,Barasa,queen.barasa10787@student.ac.ke
10788,Georgina,Sheikh,georgina.sheikh10788@students.org
10789,Tobias,Kiprono,tobias.kiprono10789@students.org
10790,Eutychus,Karanja,eutychus.karanja10790@school.edu.ke
10791,Viola,Kiprono,viola.kiprono10791@pupils.ac.ke
10792,Naftali,Kimani,naftali.kimani10792@student.ac.ke
10793,Patrick,Cheruiyot,patrick.cheruiyot10793@learner.ke
10794,Violet,Kiptoo,violet.kiptoo10794@learner.ke
10795,Nancy,Yegon,nancy.yegon10795@learner.ke
10796,Patrick,Owino,patrick.owino10796@student.ac.ke
10797,Gladys,Kogo,gladys.kogo10797@students.org
10798,Joseph,Kiprono,joseph.kiprono10798@learner.ke
10799,Boniface,Wanjiru,boniface.wanjiru10799@student.ac.ke
10800,Naftali,Mureithi,naftali.mureithi10800@school.edu.ke
10801,Yasmin,Kabiru,yasmin.kabiru10801@school.edu.ke
10802,Violet,Nganga,violet.nganga10802@students.org
10803,Priscilla,Maina,priscilla.maina10803@learner.ke
10804,Veronica,Waweru,veronica.waweru10804@student.ac.ke
10805,Khadija,Waweru,khadija.waweru10805@students.org
10806,Henry,Mwathi,henry.mwathi10806@school.edu.ke
10807,Viola,Gichuki,viola.gichuki10807@pupils.ac.ke
10808,Consolata,Githinji,consolata.githinji10808@student.ac.ke
10809,Miriam,Njuguna,miriam.njuguna10809@students.org
10810,Lewis,Mureithi,lewis.mureithi10810@learner.ke
10811,Kathleen,Anyango,kathleen.anyango10811@pupils.ac.ke
10812,Mercy,Mohamed,mercy.mohamed10812@student.ac.ke
10813,Lydia,Kimani,lydia.kimani10813@school.edu.ke
10814,Fredrick,Ahmed,fredrick.ahmed10814@pupils.ac.ke
10815,Irena,Langat,irena.langat10815@learner.ke
10816,Alice,Koech,alice.koech10816@learner.ke
10817,Oscar,Barasa,oscar.barasa10817@learner.ke
10818,Agnes,Kiprono,agnes.kiprono10818@learner.ke
10819,Oprah,Wangari,oprah.wangari10819@student.ac.ke
10820,Ochieng,Adhiambo,ochieng.adhiambo10820@pupils.ac.ke
10821,Peter,Ogola,peter.ogola10821@pupils.ac.ke
10822,Francis,Koech,francis.koech10822@student.ac.ke
10823,Grace,Ouma,grace.ouma10823@pupils.ac.ke
10824,Boniface,Ahmed,boniface.ahmed10824@school.edu.ke
10825,Uchenna,Tarus,uchenna.tarus10825@learner.ke
10826,William,Gathua,william.gathua10826@learner.ke
10827,Yvonne,Mrisho,yvonne.mrisho10827@school.edu.ke
10828,Miriam,Muthoni,miriam.muthoni10828@pupils.ac.ke
10829,Miriam,Simiyu,miriam.simiyu10829@pupils.ac.ke
10830,Carol,Gitonga,carol.gitonga10830@pupils.ac.ke
10831,Naftali,Mohamed,naftali.mohamed10831@school.edu.ke
10832,Baraka,Kabiru,baraka.kabiru10832@learner.ke
10833,Grace,Mutua,grace.mutua10833@learner.ke
10834,Miriam,Kuria,miriam.kuria10834@pupils.ac.ke
10835,Kemunto,Wanjiru,kemunto.wanjiru10835@student.ac.ke
10836,Njoroge,Abdi,njoroge.abdi10836@school.edu.ke
10837,Henry,Irungu,henry.irungu10837@learner.ke
10838,Uno,Ali,uno.ali10838@learner.ke
10839,Felix,Ali,felix.ali10839@student.ac.ke
10840,Veronica,Wangari,veronica.wangari10840@school.edu.ke
10841,Victoria,Wamuyu,victoria.wamuyu10841@learner.ke
10842,James,Mukhwana,james.mukhwana10842@students.org
10843,Georgina,Mrisho,georgina.mrisho10843@students.org
10844,Joseph,Umar,joseph.umar10844@students.org
10845,Kevin,Munyua,kevin.munyua10845@student.ac.ke
10846,Queen,Ndung'u,queen.ndungu10846@pupils.ac.ke
10847,Walter,Okello,walter.okello10847@learner.ke
10848,Urbanus,Nabwire,urbanus.nabwire10848@school.edu.ke
10849,Zawadi,Maina,zawadi.maina10849@students.org
10850,Agnes,Jama,agnes.jama10850@student.ac.ke
10851,Felix,Njoroge,felix.njoroge10851@school.edu.ke
10852,Oscar,Namukasa,oscar.namukasa10852@pupils.ac.ke
10853,Patrick,Mohamed,patrick.mohamed10853@school.edu.ke
10854,Alice,Muthoni,alice.muthoni10854@school.edu.ke
10855,Purity,Munyua,purity.munyua10855@learner.ke
10856,Uchenna,Hassan,uchenna.hassan10856@students.org
10857,Ruth,Yator,ruth.yator10857@learner.ke
10858,Yasmin,Masinde,yasmin.masinde10858@students.org
10859,Oprah,Wanjiru,oprah.wanjiru10859@pupils.ac.ke
10860,Nancy,Mugo,nancy.mugo10860@learner.ke
10861,Julius,Tarus,julius.tarus10861@student.ac.ke
10862,Walter,Namukasa,walter.namukasa10862@student.ac.ke
10863,Christine,Kabiru,christine.kabiru10863@learner.ke
10864,Yolanda,Gathua,yolanda.gathua10864@student.ac.ke
10865,Zedekiah,Abdullahi,zedekiah.abdullahi10865@learner.ke
10866,Gilbert,Ochieng,gilbert.ochieng10866@students.org
10867,William,Achieng,william.achieng10867@student.ac.ke
10868,Xenia,Noor,xenia.noor10868@school.edu.ke
10869,Quickson,Njuguna,quickson.njuguna10869@students.org
10870,Wesley,Yator,wesley.yator10870@pupils.ac.ke
10871,Sarah,Umar,sarah.umar10871@school.edu.ke
10872,Esther,Gichuki,esther.gichuki10872@student.ac.ke
10873,Yvonne,Kamau,yvonne.kamau10873@pupils.ac.ke
10874,Ochieng,Ahmed,ochieng.ahmed10874@school.edu.ke
10875,Benedict,Bakari,benedict.bakari10875@school.edu.ke
10876,Benedict,Jama,benedict.jama10876@students.org
10877,Julius,Zuma,julius.zuma10877@student.ac.ke
10878,Nancy,Rotich,nancy.rotich10878@students.org
10879,Aisha,Wangari,aisha.wangari10879@learner.ke
10880,Hellen,Noor,hellen.noor10880@students.org
10881,Xolani,Barasa,xolani.barasa10881@school.edu.ke
10882,Hilary,Wanjiru,hilary.wanjiru10882@learner.ke
10883,Samuel,Khaemba,samuel.khaemba10883@learner.ke
10884,Boniface,Noor,boniface.noor10884@school.edu.ke
10885,Francis,Okoth,francis.okoth10885@students.org
10886,Mercy,Yegon,mercy.yegon10886@learner.ke
10887,Viola,Owino,viola.owino10887@school.edu.ke
10888,Lydia,Dida,lydia.dida10888@pupils.ac.ke
10889,Ochieng,Noor,ochieng.noor10889@learner.ke
10890,Urbanus,Okello,urbanus.okello10890@learner.ke
10891,Kemunto,Wambua,kemunto.wambua10891@students.org
10892,Jane,Gathoni,jane.gathoni10892@pupils.ac.ke
10893,Zipporah,Tarus,zipporah.tarus10893@learner.ke
10894,Viola,Patel,viola.patel10894@school.edu.ke
10895,Lewis,Waweru,lewis.waweru10895@learner.ke
10896,Oscar,Muiru,oscar.muiru10896@learner.ke
10897,Fredrick,Mwathi,fredrick.mwathi10897@learner.ke
10898,Stephen,Noor,stephen.noor10898@school.edu.ke
10899,Zawadi,Umar,zawadi.umar10899@students.org
10900,Immaculate,Wangari,immaculate.wangari10900@learner.ke
10901,Robert,Macharia,robert.macharia10901@students.org
10902,Ruth,Karanja,ruth.karanja10902@school.edu.ke
10903,Francis,Mutua,francis.mutua10903@students.org
10904,Cynthia,Githinji,cynthia.githinji10904@school.edu.ke
10905,Grace,Ndung'u,grace.ndungu10905@pupils.ac.ke
10906,Rashid,Elias,rashid.elias10906@pupils.ac.ke
10907,Mary,Abubakar,mary.abubakar10907@school.edu.ke
10908,Amina,Wamuyu,amina.wamuyu10908@school.edu.ke
10909,Benedict,Mwathi,benedict.mwathi10909@pupils.ac.ke
10910,Kathleen,Mwathi,kathleen.mwathi10910@school.edu.ke
10911,Tina,Owino,tina.owino10911@learner.ke
10912,Kemunto,Mureithi,kemunto.mureithi10912@student.ac.ke
10913,Viola,Gitonga,viola.gitonga10913@students.org
10914,Dennis,Wanjiru,dennis.wanjiru10914@student.ac.ke
10915,Wanjiku,Ahmed,wanjiku.ahmed10915@school.edu.ke
10916,Esther,Yator,esther.yator10916@pupils.ac.ke
10917,Ximena,Aden,ximena.aden10917@school.edu.ke
10918,Stephen,Ouma,stephen.ouma10918@student.ac.ke
10919,Brian,Onyango,brian.onyango10919@students.org
10920,Alice,Macharia,alice.macharia10920@learner.ke
10921,Kemunto,Mohamed,kemunto.mohamed10921@students.org
10922,Quickson,Aden,quickson.aden10922@school.edu.ke
10923,Naftali,Sheikh,naftali.sheikh10923@learner.ke
10924,Yvonne,Simba,yvonne.simba10924@student.ac.ke
10925,Rashid,Kiptoo,rashid.kiptoo10925@pupils.ac.ke
10926,Fatuma,Auma,fatuma.auma10926@school.edu.ke
10927,Brian,Juma,brian.juma10927@learner.ke
10928,Yolanda,Ouma,yolanda.ouma10928@students.org
10929,Jane,Lugwe,jane.lugwe10929@school.edu.ke
10930,Wanjiku,Munyua,wanjiku.munyua10930@pupils.ac.ke
10931,Celestine,Farah,celestine.farah10931@students.org
10932,Purity,Gitonga,purity.gitonga10932@pupils.ac.ke
10933,Isaac,Ndung'u,isaac.ndungu10933@school.edu.ke
10934,Robert,Noor,robert.noor10934@learner.ke
10935,Francis,Mwangi,francis.mwangi10935@learner.ke
10936,Yusuf,Adhiambo,yusuf.adhiambo10936@pupils.ac.ke
10937,Tina,Ogola,tina.ogola10937@learner.ke
10938,Mercy,Kabiru,mercy.kabiru10938@students.org
10939,Brian,Awuor,brian.awuor10939@learner.ke
10940,Lydia,Adhiambo,lydia.adhiambo10940@student.ac.ke
10941,Isaac,Wambua,isaac.wambua10941@pupils.ac.ke
10942,Noah,Kiptoo,noah.kiptoo10942@pupils.ac.ke
10943,Kevin,Jama,kevin.jama10943@learner.ke
10944,Lydia,Wambua,lydia.wambua10944@learner.ke
10945,Walter,Munyua,walter.munyua10945@school.edu.ke
10946,Cynthia,Rotich,cynthia.rotich10946@pupils.ac.ke
10947,Thomas,Mohamed,thomas.mohamed10947@students.org
10948,Walter,Ahmed,walter.ahmed10948@students.org
10949,Julius,Lugwe,julius.lugwe10949@students.org
10950,Zaid,Ngugi,zaid.ngugi10950@school.edu.ke
10951,Uno,Anyango,uno.anyango10951@students.org
10952,Ximena,Muiru,ximena.muiru10952@students.org
10953,Georgina,Nyambura,georgina.nyambura10953@learner.ke
10954,James,Mugo,james.mugo10954@student.ac.ke
10955,Hassan,Wanga,hassan.wanga10955@students.org
10956,Naftali,Kogo,naftali.kogo10956@students.org
10957,Rebecca,Cheruiyot,rebecca.cheruiyot10957@school.edu.ke
10958,Purity,Mwanzia,purity.mwanzia10958@students.org
10959,Fredrick,Gicheru,fredrick.gicheru10959@school.edu.ke
10960,Oscar,Kabiru,oscar.kabiru10960@pupils.ac.ke
10961,Liam,Muthoni,liam.muthoni10961@pupils.ac.ke
10962,Ann,Kimani,ann.kimani10962@pupils.ac.ke
10963,Queen,Muthoni,queen.muthoni10963@pupils.ac.ke
10964,Hilary,Mugo,hilary.mugo10964@student.ac.ke
10965,Urbanus,Sheikh,urbanus.sheikh10965@learner.ke
10966,Priscilla,Kamau,priscilla.kamau10966@pupils.ac.ke
10967,Gladys,Tarus,gladys.tarus10967@student.ac.ke
10968,Stephen,Ngetich,stephen.ngetich10968@students.org
10969,James,Waweru,james.waweru10969@pupils.ac.ke
10970,Tobias,Chege,tobias.chege10970@student.ac.ke
10971,Samuel,Kimani,samuel.kimani10971@student.ac.ke
10972,Julius,Njoroge,julius.njoroge10972@learner.ke
10973,Benedict,Ruto,benedict.ruto10973@school.edu.ke
10974,Viola,Mureithi,viola.mureithi10974@pupils.ac.ke
10975,Walter,Mwamba,walter.mwamba10975@pupils.ac.ke
10976,Xolani,Mwamba,xolani.mwamba10976@student.ac.ke
10977,Kevin,Nganga,kevin.nganga10977@students.org
10978,Robert,Mwathi,robert.mwathi10978@learner.ke
10979,Peter,Sang,peter.sang10979@students.org
10980,Zipporah,Nyambura,zipporah.nyambura10980@school.edu.ke
10981,Quinton,Yegon,quinton.yegon10981@student.ac.ke
10982,Tina,Kamau,tina.kamau10982@learner.ke
10983,Irena,Njogu,irena.njogu10983@students.org
10984,Douglas,Wanjiru,douglas.wanjiru10984@pupils.ac.ke
10985,Celestine,Achieng,celestine.achieng10985@school.edu.ke
10986,Hilary,Wekesa,hilary.wekesa10986@school.edu.ke
10987,Joseph,Bett,joseph.bett10987@student.ac.ke
10988,Esther,Simba,esther.simba10988@pupils.ac.ke
10989,Boniface,Mwenda,boniface.mwenda10989@student.ac.ke
10990,Eunice,Langat,eunice.langat10990@student.ac.ke
10991,Mary,Kuria,mary.kuria10991@student.ac.ke
10992,Georgina,Kuria,georgina.kuria10992@student.ac.ke
10993,Francis,Juma,francis.juma10993@student.ac.ke
10994,Agnes,Ibrahim,agnes.ibrahim10994@school.edu.ke
10995,Samuel,Ngetich,samuel.ngetich10995@student.ac.ke
10996,Robert,Jama,robert.jama10996@learner.ke
10997,Dennis,Tarus,dennis.tarus10997@students.org
10998,Ochieng,Gichuki,ochieng.gichuki10998@students.org
10999,Viola,Njogu,viola.njogu10999@learner.ke
11000,Eunice,Onyango,eunice.onyango11000@school.edu.ke
11001,Hellen,Wairimu,hellen.wairimu11001@school.edu.ke
11002,Benedict,Onyango,benedict.onyango11002@learner.ke
11003,Hassan,Wangari,hassan.wangari11003@students.org
11004,Ruth,Sang,ruth.sang11004@pupils.ac.ke
11005,Urbanus,Aden,urbanus.aden11005@student.ac.ke
11006,Tobias,Mureithi,tobias.mureithi11006@pupils.ac.ke
11007,Ximena,Nyambura,ximena.nyambura11007@learner.ke
11008,Moses,Ahmed,moses.ahmed11008@pupils.ac.ke
11009,Thomas,Onyango,thomas.onyango11009@pupils.ac.ke
11010,Xavier,Lugwe,xavier.lugwe11010@students.org
11011,Julius,Adhiambo,julius.adhiambo11011@school.edu.ke
11012,Mercy,Mwanzia,mercy.mwanzia11012@school.edu.ke
11013,Ann,Sheikh,ann.sheikh11013@student.ac.ke
11014,Urbanus,Omar,urbanus.omar11014@pupils.ac.ke
11015,Urbanus,Nyambura,urbanus.nyambura11015@school.edu.ke
11016,Yusuf,Anyango,yusuf.anyango11016@learner.ke
11017,Aisha,Namukasa,aisha.namukasa11017@student.ac.ke
11018,Georgina,Zuma,georgina.zuma11018@learner.ke
11019,Liam,Wanjiru,liam.wanjiru11019@school.edu.ke
11020,Grace,Ogola,grace.ogola11020@pupils.ac.ke
11021,Jane,Maina,jane.maina11021@students.org
11022,Felix,Kariuki,felix.kariuki11022@school.edu.ke
11023,Zaid,Mrisho,zaid.mrisho11023@students.org
11024,Priscilla,Ngugi,priscilla.ngugi11024@students.org
11025,Baraka,Noor,baraka.noor11025@school.edu.ke
11026,Rashid,Onyango,rashid.onyango11026@student.ac.ke
11027,Baraka,Bett,baraka.bett11027@student.ac.ke
11028,Stephen,Lugwe,stephen.lugwe11028@pupils.ac.ke
11029,Francis,Chege,francis.chege11029@students.org
11030,Nancy,Langat,nancy.langat11030@pupils.ac.ke
11031,Eunice,Wamuyu,eunice.wamuyu11031@learner.ke
11032,Wesley,Owino,wesley.owino11032@pupils.ac.ke
11033,Irena,Wanjiru,irena.wanjiru11033@learner.ke
11034,Noah,Awuor,noah.awuor11034@learner.ke
11035,Oprah,Aden,oprah.aden11035@pupils.ac.ke
11036,Mary,Patel,mary.patel11036@pupils.ac.ke
11037,Uno,Yator,uno.yator11037@learner.ke
11038,Aisha,Otiende,aisha.otiende11038@learner.ke
11039,Benedict,Waweru,benedict.waweru11039@students.org
11040,Cynthia,Juma,cynthia.juma11040@school.edu.ke
11041,Carol,Awuor,carol.awuor11041@students.org
11042,Xenia,Kabiru,xenia.kabiru11042@pupils.ac.ke
11043,Lewis,Cheruiyot,lewis.cheruiyot11043@school.edu.ke
11044,Rashid,Achieng,rashid.achieng11044@pupils.ac.ke
11045,Veronica,Wanga,veronica.wanga11045@school.edu.ke
11046,Miriam,Wamuyu,miriam.wamuyu11046@learner.ke
11047,Gladys,Mrisho,gladys.mrisho11047@pupils.ac.ke
11048,Priscilla,Mureithi,priscilla.mureithi11048@pupils.ac.ke
11049,Hilary,Mutai,hilary.mutai11049@learner.ke
11050,Violet,Rotich,violet.rotich11050@students.org
11051,Leonard,Ruto,leonard.ruto11051@students.org
11052,Fatuma,Kimani,fatuma.kimani11052@students.org
11053,Esther,Yator,esther.yator11053@student.ac.ke
11054,Bernard,Ngugi,bernard.ngugi11054@student.ac.ke
11055,Uno,Mwangi,uno.mwangi11055@pupils.ac.ke
11056,Robert,Yator,robert.yator11056@school.edu.ke
11057,Irene,Dida,irene.dida11057@school.edu.ke
11058,Brian,Ngetich,brian.ngetich11058@students.org
11059,Hilary,Otiende,hilary.otiende11059@student.ac.ke
11060,Consolata,Githinji,consolata.githinji11060@students.org
11061,Kathleen,Nganga,kathleen.nganga11061@pupils.ac.ke
11062,Carol,Mwangi,carol.mwangi11062@students.org
11063,Tabitha,Omar,tabitha.omar11063@student.ac.ke
11064,Carol,Nyambura,carol.nyambura11064@learner.ke
11065,Rebecca,Owino,rebecca.owino11065@student.ac.ke
11066,Naftali,Tarus,naftali.tarus11066@pupils.ac.ke
11067,Ann,Sang,ann.sang11067@student.ac.ke
11068,Mary,Nyambura,mary.nyambura11068@school.edu.ke
11069,Eunice,Bett,eunice.bett11069@students.org
11070,Quickson,Auma,quickson.auma11070@learner.ke
11071,Immaculate,Okello,immaculate.okello11071@pupils.ac.ke
11072,Khadija,Otiende,khadija.otiende11072@pupils.ac.ke
11073,Hilary,Mugo,hilary.mugo11073@school.edu.ke
11074,Moses,Yegon,moses.yegon11074@learner.ke
11075,Kevin,Umar,kevin.umar11075@student.ac.ke
11076,Gilbert,Mwanzia,gilbert.mwanzia11076@student.ac.ke
11077,Liam,Ali,liam.ali11077@pupils.ac.ke
11078,Xolani,Wamuyu,xolani.wamuyu11078@pupils.ac.ke
11079,Hassan,Githinji,hassan.githinji11079@student.ac.ke
11080,Moses,Mutai,moses.mutai11080@student.ac.ke
11081,Miriam,Zuma,miriam.zuma11081@pupils.ac.ke
11082,Fatuma,Ochieng,fatuma.ochieng11082@learner.ke
11083,Veronica,Mwanzia,veronica.mwanzia11083@student.ac.ke
11084,Quickson,Waweru,quickson.waweru11084@school.edu.ke
11085,Baraka,Bakari,baraka.bakari11085@students.org
11086,Julius,Ogola,julius.ogola11086@student.ac.ke
11087,James,Abubakar,james.abubakar11087@learner.ke
11088,Samuel,Mugo,samuel.mugo11088@student.ac.ke
11089,Wanjiku,Zuma,wanjiku.zuma11089@learner.ke
11090,Carol,Langat,carol.langat11090@students.org
11091,Sarah,Lugwe,sarah.lugwe11091@pupils.ac.ke
11092,James,Onyango,james.onyango11092@school.edu.ke
11093,Veronica,Adhiambo,veronica.adhiambo11093@students.org
11094,Yusuf,Njogu,yusuf.njogu11094@students.org
11095,Rashid,Mukhwana,rashid.mukhwana11095@school.edu.ke
11096,Yolanda,Bakari,yolanda.bakari11096@student.ac.ke
11097,Naftali,Katana,naftali.katana11097@learner.ke
11098,Grace,Ndung'u,grace.ndungu11098@pupils.ac.ke
11099,Dennis,Yator,dennis.yator11099@student.ac.ke
11100,Stella,Maina,stella.maina11100@students.org
11101,Zedekiah,Hassan,zedekiah.hassan11101@learner.ke
11102,David,Githinji,david.githinji11102@learner.ke
11103,Ximena,Hussein,ximena.hussein11103@pupils.ac.ke
11104,Dennis,Khaemba,dennis.khaemba11104@students.org
11105,Xolani,Abdi,xolani.abdi11105@school.edu.ke
11106,Kevin,Kabiru,kevin.kabiru11106@pupils.ac.ke
11107,Khadija,Mwenda,khadija.mwenda11107@students.org
11108,Lewis,Patel,lewis.patel11108@school.edu.ke
11109,Oscar,Kariuki,oscar.kariuki11109@student.ac.ke
11110,Immaculate,Cheruiyot,immaculate.cheruiyot11110@pupils.ac.ke
11111,Oscar,Ochieng,oscar.ochieng11111@school.edu.ke
11112,Ruth,Mukhwana,ruth.mukhwana11112@learner.ke
11113,Victoria,Macharia,victoria.macharia11113@student.ac.ke
11114,Amina,Simiyu,amina.simiyu11114@pupils.ac.ke
11115,Victoria,Mrisho,victoria.mrisho11115@learner.ke
11116,Njoroge,Kiprono,njoroge.kiprono11116@student.ac.ke
11117,Xavier,Abdi,xavier.abdi11117@pupils.ac.ke
11118,Urbanus,Wangari,urbanus.wangari11118@students.org
11119,Benedict,Macharia,benedict.macharia11119@student.ac.ke
11120,Liam,Khaemba,liam.khaemba11120@students.org
11121,Liam,Kuria,liam.kuria11121@students.org
11122,Ximena,Wafula,ximena.wafula11122@pupils.ac.ke
11123,Brian,Ouma,brian.ouma11123@pupils.ac.ke
11124,Yusuf,Nyaga,yusuf.nyaga11124@student.ac.ke
11125,Priscilla,Wangari,priscilla.wangari11125@school.edu.ke
11126,William,Wairimu,william.wairimu11126@school.edu.ke
11127,Kevin,Mwamba,kevin.mwamba11127@school.edu.ke
11128,Robert,Ogola,robert.ogola11128@learner.ke
11129,Immaculate,Aden,immaculate.aden11129@school.edu.ke
11130,Irene,Mutai,irene.mutai11130@pupils.ac.ke
11131,Joseph,Ahmed,joseph.ahmed11131@learner.ke
11132,Kathleen,Ochieng,kathleen.ochieng11132@student.ac.ke
11133,Victoria,Auma,victoria.auma11133@school.edu.ke
11134,Priscilla,Njuguna,priscilla.njuguna11134@pupils.ac.ke
11135,Zedekiah,Munyua,zedekiah.munyua11135@school.edu.ke
11136,Hilary,Macharia,hilary.macharia11136@school.edu.ke
11137,Mercy,Mwangi,mercy.mwangi11137@pupils.ac.ke
11138,Rashid,Yator,rashid.yator11138@students.org
11139,Xolani,Patel,xolani.patel11139@learner.ke
11140,Fredrick,Namukasa,fredrick.namukasa11140@pupils.ac.ke
11141,Bernard,Umar,bernard.umar11141@students.org
11142,Robert,Onyango,robert.onyango11142@learner.ke
11143,Alice,Bakari,alice.bakari11143@school.edu.ke
11144,Kathleen,Barasa,kathleen.barasa11144@school.edu.ke
11145,Zipporah,Barasa,zipporah.barasa11145@learner.ke
11146,Ruth,Bakari,ruth.bakari11146@pupils.ac.ke
11147,William,Ochieng,william.ochieng11147@school.edu.ke
11148,Purity,Mwamba,purity.mwamba11148@learner.ke
11149,Bernard,Ochieng,bernard.ochieng11149@pupils.ac.ke
11150,Victoria,Gicheru,victoria.gicheru11150@students.org
11151,Zawadi,Karanja,zawadi.karanja11151@students.org
11152,Xavier,Abubakar,xavier.abubakar11152@students.org
11153,David,Irungu,david.irungu11153@pupils.ac.ke
11154,Nancy,Langat,nancy.langat11154@pupils.ac.ke
11155,Zaid,Ouma,zaid.ouma11155@student.ac.ke
11156,Bernard,Zuma,bernard.zuma11156@pupils.ac.ke
11157,Jane,Aden,jane.aden11157@school.edu.ke
11158,Eutychus,Onyango,eutychus.onyango11158@school.edu.ke
11159,Gladys,Nganga,gladys.nganga11159@school.edu.ke
11160,Oscar,Farah,oscar.farah11160@pupils.ac.ke
11161,James,Hussein,james.hussein11161@students.org
11162,Kathleen,Kabiru,kathleen.kabiru11162@pupils.ac.ke
11163,Rebecca,Jama,rebecca.jama11163@pupils.ac.ke
11164,Samuel,Njoroge,samuel.njoroge11164@learner.ke
11165,Moses,Simba,moses.simba11165@students.org
11166,Zedekiah,Githinji,zedekiah.githinji11166@student.ac.ke
11167,Njoroge,Mwenda,njoroge.mwenda11167@school.edu.ke
11168,Hellen,Ngugi,hellen.ngugi11168@learner.ke
11169,Violet,Mureithi,violet.mureithi11169@students.org
11170,Felix,Mugo,felix.mugo11170@pupils.ac.ke
11171,Tina,Namukasa,tina.namukasa11171@pupils.ac.ke
11172,Njoroge,Otieno,njoroge.otieno11172@student.ac.ke
11173,Henry,Yegon,henry.yegon11173@students.org
11174,Stephen,Wairimu,stephen.wairimu11174@students.org
11175,Xenia,Bakari,xenia.bakari11175@students.org
11176,Cynthia,Hussein,cynthia.hussein11176@learner.ke
11177,Zipporah,Sheikh,zipporah.sheikh11177@students.org
11178,Lydia,Jama,lydia.jama11178@school.edu.ke
11179,Tobias,Odhiambo,tobias.odhiambo11179@pupils.ac.ke
11180,Njoroge,Ouma,njoroge.ouma11180@pupils.ac.ke
11181,Khadija,Gicheru,khadija.gicheru11181@school.edu.ke
11182,Tobias,Simiyu,tobias.simiyu11182@learner.ke
11183,Hilary,Ochieng,hilary.ochieng11183@school.edu.ke
11184,Patrick,Noor,patrick.noor11184@learner.ke
11185,Julius,Ndung'u,julius.ndungu11185@pupils.ac.ke
11186,Priscilla,Chege,priscilla.chege11186@pupils.ac.ke
11187,Ochieng,Omondi,ochieng.omondi11187@learner.ke
11188,Felix,Simba,felix.simba11188@student.ac.ke
11189,Carol,Zuma,carol.zuma11189@learner.ke
11190,Fatuma,Macharia,fatuma.macharia11190@school.edu.ke
11191,Ruth,Anyango,ruth.anyango11191@students.org
11192,Wanjiku,Wamuyu,wanjiku.wamuyu11192@school.edu.ke
11193,Rashid,Wangari,rashid.wangari11193@pupils.ac.ke
11194,Irena,Achieng,irena.achieng11194@pupils.ac.ke
11195,Dominic,Ruto,dominic.ruto11195@school.edu.ke
11196,Eutychus,Nganga,eutychus.nganga11196@pupils.ac.ke
11197,Zipporah,Odhiambo,zipporah.odhiambo11197@students.org
11198,Zawadi,Hussein,zawadi.hussein11198@students.org
11199,Douglas,Mukhwana,douglas.mukhwana11199@student.ac.ke
11200,Nancy,Ngetich,nancy.ngetich11200@school.edu.ke
11201,Joseph,Lugwe,joseph.lugwe11201@student.ac.ke
11202,William,Macharia,william.macharia11202@students.org
11203,Xavier,Nabwire,xavier.nabwire11203@learner.ke
11204,Zawadi,Mohamed,zawadi.mohamed11204@student.ac.ke
11205,Henry,Ngugi,henry.ngugi11205@pupils.ac.ke
11206,Quickson,Githinji,quickson.githinji11206@learner.ke
11207,Zedekiah,Mukhwana,zedekiah.mukhwana11207@students.org
11208,Zipporah,Karanja,zipporah.karanja11208@student.ac.ke
11209,Tobias,Khaemba,tobias.khaemba11209@pupils.ac.ke
11210,Consolata,Sang,consolata.sang11210@learner.ke
11211,Boniface,Karanja,boniface.karanja11211@student.ac.ke
11212,Jane,Rotich,jane.rotich11212@learner.ke
11213,Peter,Adhiambo,peter.adhiambo11213@learner.ke
11214,Olivia,Ruto,olivia.ruto11214@learner.ke
11215,Lydia,Koech,lydia.koech11215@students.org
11216,Yusuf,Ahmed,yusuf.ahmed11216@students.org
11217,Robert,Gichuki,robert.gichuki11217@pupils.ac.ke
11218,Douglas,Ruto,douglas.ruto11218@pupils.ac.ke
11219,Eutychus,Wanjiru,eutychus.wanjiru11219@school.edu.ke
11220,Urbanus,Mutai,urbanus.mutai11220@pupils.ac.ke
11221,Kemunto,Rotich,kemunto.rotich11221@school.edu.ke
11222,Ochieng,Yator,ochieng.yator11222@pupils.ac.ke
11223,Consolata,Mutua,consolata.mutua11223@learner.ke
11224,Brian,Warsame,brian.warsame11224@school.edu.ke
11225,Yvonne,Tarus,yvonne.tarus11225@pupils.ac.ke
11226,Urbanus,Jama,urbanus.jama11226@pupils.ac.ke
11227,Benedict,Abubakar,benedict.abubakar11227@pupils.ac.ke
11228,Christine,Dida,christine.dida11228@pupils.ac.ke
11229,Leonard,Mutai,leonard.mutai11229@student.ac.ke
11230,Veronica,Odhiambo,veronica.odhiambo11230@school.edu.ke
11231,Lewis,Njoroge,lewis.njoroge11231@learner.ke
11232,Cynthia,Wanjiru,cynthia.wanjiru11232@learner.ke
11233,Violet,Nyaga,violet.nyaga11233@pupils.ac.ke
11234,Veronica,Katana,veronica.katana11234@pupils.ac.ke
11235,Tabitha,Muthoni,tabitha.muthoni11235@student.ac.ke
11236,William,Gicheru,william.gicheru11236@learner.ke
11237,Wesley,Gathoni,wesley.gathoni11237@learner.ke
11238,Samuel,Umar,samuel.umar11238@student.ac.ke
11239,Uno,Gathua,uno.gathua11239@pupils.ac.ke
11240,Samuel,Ngetich,samuel.ngetich11240@pupils.ac.ke
11241,Njoroge,Juma,njoroge.juma11241@school.edu.ke
11242,Mercy,Njoroge,mercy.njoroge11242@pupils.ac.ke
11243,Henry,Wekesa,henry.wekesa11243@student.ac.ke
11244,Fredrick,Kioko,fredrick.kioko11244@student.ac.ke
11245,Wesley,Simba,wesley.simba11245@school.edu.ke
11246,Aisha,Simba,aisha.simba11246@students.org
11247,Lydia,Wekesa,lydia.wekesa11247@students.org
11248,Dominic,Farah,dominic.farah11248@school.edu.ke
11249,Boniface,Rotich,boniface.rotich11249@school.edu.ke
11250,Bernard,Langat,bernard.langat11250@student.ac.ke
11251,Veronica,Wekesa,veronica.wekesa11251@students.org
11252,Joseph,Kuria,joseph.kuria11252@students.org
11253,Violet,Wafula,violet.wafula11253@learner.ke
11254,Lewis,Gichuki,lewis.gichuki11254@learner.ke
11255,Oprah,Njogu,oprah.njogu11255@student.ac.ke
11256,Robert,Lugwe,robert.lugwe11256@pupils.ac.ke
11257,Hassan,Okoth,hassan.okoth11257@school.edu.ke
11258,Moses,Kioko,moses.kioko11258@school.edu.ke
11259,Francis,Koech,francis.koech11259@learner.ke
11260,Francis,Mrisho,francis.mrisho11260@pupils.ac.ke
11261,Leonard,Koech,leonard.koech11261@students.org
11262,Dominic,Ogola,dominic.ogola11262@pupils.ac.ke
11263,Xolani,Hussein,xolani.hussein11263@student.ac.ke
11264,Eutychus,Okello,eutychus.okello11264@student.ac.ke
11265,Agnes,Muthoni,agnes.muthoni11265@learner.ke
11266,Lydia,Otiende,lydia.otiende11266@pupils.ac.ke
11267,Leonard,Wafula,leonard.wafula11267@students.org
11268,Amina,Nyaga,amina.nyaga11268@student.ac.ke
11269,Quinton,Mohamed,quinton.mohamed11269@learner.ke
11270,Irene,Okello,irene.okello11270@students.org
11271,Zipporah,Ngetich,zipporah.ngetich11271@pupils.ac.ke
11272,Celestine,Ngetich,celestine.ngetich11272@pupils.ac.ke
11273,Immaculate,Wafula,immaculate.wafula11273@learner.ke
11274,Stella,Wamuyu,stella.wamuyu11274@students.org
11275,Queen,Mugo,queen.mugo11275@pupils.ac.ke
11276,Ximena,Masinde,ximena.masinde11276@student.ac.ke
11277,Felix,Ndung'u,felix.ndungu11277@pupils.ac.ke
11278,Carol,Wambua,carol.wambua11278@school.edu.ke
11279,Fredrick,Mohamed,fredrick.mohamed11279@student.ac.ke
11280,Douglas,Kogo,douglas.kogo11280@school.edu.ke
11281,Gilbert,Onyango,gilbert.onyango11281@school.edu.ke
11282,Joseph,Gitonga,joseph.gitonga11282@learner.ke
11283,Gladys,Muiru,gladys.muiru11283@learner.ke
11284,Isaac,Mwathi,isaac.mwathi11284@school.edu.ke
11285,Grace,Hassan,grace.hassan11285@learner.ke
11286,Priscilla,Chege,priscilla.chege11286@school.edu.ke
11287,Douglas,Mwathi,douglas.mwathi11287@student.ac.ke
11288,Nancy,Ndung'u,nancy.ndungu11288@student.ac.ke
11289,Baraka,Noor,baraka.noor11289@student.ac.ke
11290,Queen,Karanja,queen.karanja11290@school.edu.ke
11291,Patrick,Abubakar,patrick.abubakar11291@pupils.ac.ke
11292,Brian,Otieno,brian.otieno11292@learner.ke
11293,Bernard,Wambua,bernard.wambua11293@pupils.ac.ke
11294,Lydia,Kiprono,lydia.kiprono11294@pupils.ac.ke
11295,James,Achieng,james.achieng11295@pupils.ac.ke
11296,Liam,Irungu,liam.irungu11296@student.ac.ke
11297,Njoroge,Barasa,njoroge.barasa11297@learner.ke
11298,Mercy,Rotich,mercy.rotich11298@pupils.ac.ke
11299,Wesley,Tarus,wesley.tarus11299@school.edu.ke
11300,Fatuma,Njogu,fatuma.njogu11300@school.edu.ke
11301,Irene,Nyambura,irene.nyambura11301@students.org
11302,Brian,Munyua,brian.munyua11302@school.edu.ke
11303,Fredrick,Wekesa,fredrick.wekesa11303@school.edu.ke
11304,Dominic,Katana,dominic.katana11304@school.edu.ke
11305,Benedict,Munyua,benedict.munyua11305@pupils.ac.ke
11306,Baraka,Gitonga,baraka.gitonga11306@student.ac.ke
11307,Robert,Lugwe,robert.lugwe11307@student.ac.ke
11308,Yasmin,Irungu,yasmin.irungu11308@pupils.ac.ke
11309,Tobias,Farah,tobias.farah11309@learner.ke
11310,Yolanda,Rotich,yolanda.rotich11310@school.edu.ke
11311,Joseph,Mureithi,joseph.mureithi11311@student.ac.ke
11312,Francis,Wamuyu,francis.wamuyu11312@students.org
11313,Zedekiah,Gathua,zedekiah.gathua11313@students.org
11314,Kemunto,Nyaga,kemunto.nyaga11314@student.ac.ke
11315,Hellen,Onyango,hellen.onyango11315@school.edu.ke
11316,Patrick,Maina,patrick.maina11316@students.org
11317,Yvonne,Katana,yvonne.katana11317@pupils.ac.ke
11318,Lewis,Mureithi,lewis.mureithi11318@student.ac.ke
11319,Ximena,Okello,ximena.okello11319@school.edu.ke
11320,Miriam,Mukhwana,miriam.mukhwana11320@student.ac.ke
11321,Eunice,Aden,eunice.aden11321@students.org
11322,James,Nyambura,james.nyambura11322@student.ac.ke
11323,Victoria,Barasa,victoria.barasa11323@school.edu.ke
11324,Yusuf,Kioko,yusuf.kioko11324@students.org
11325,Christine,Nabwire,christine.nabwire11325@students.org
11326,Kevin,Sang,kevin.sang11326@pupils.ac.ke
11327,Viola,Kariuki,viola.kariuki11327@student.ac.ke
11328,Yasmin,Omondi,yasmin.omondi11328@student.ac.ke
11329,Henry,Ngetich,henry.ngetich11329@student.ac.ke
11330,Hassan,Okello,hassan.okello11330@pupils.ac.ke
11331,Naftali,Owino,naftali.owino11331@students.org
11332,Viola,Ahmed,viola.ahmed11332@pupils.ac.ke
11333,Moses,Ali,moses.ali11333@student.ac.ke
11334,Eutychus,Wanjiru,eutychus.wanjiru11334@students.org
11335,Boniface,Cheruiyot,boniface.cheruiyot11335@learner.ke
11336,Khadija,Simiyu,khadija.simiyu11336@student.ac.ke
11337,Oprah,Langat,oprah.langat11337@school.edu.ke
11338,Rebecca,Wafula,rebecca.wafula11338@pupils.ac.ke
11339,Yasmin,Githinji,yasmin.githinji11339@student.ac.ke
11340,Noah,Chege,noah.chege11340@pupils.ac.ke
11341,Quinton,Zuma,quinton.zuma11341@school.edu.ke
11342,Hassan,Anyango,hassan.anyango11342@student.ac.ke
11343,Edith,Gicheru,edith.gicheru11343@pupils.ac.ke
11344,Boniface,Maina,boniface.maina11344@student.ac.ke
11345,Noah,Ngugi,noah.ngugi11345@school.edu.ke
11346,Peter,Otieno,peter.otieno11346@school.edu.ke
11347,Moses,Otieno,moses.otieno11347@school.edu.ke
11348,Miriam,Wekesa,miriam.wekesa11348@students.org
11349,Patrick,Ochieng,patrick.ochieng11349@learner.ke
11350,Violet,Otiende,violet.otiende11350@school.edu.ke
11351,Stephen,Nyaga,stephen.nyaga11351@learner.ke
11352,Quinton,Wambua,quinton.wambua11352@student.ac.ke
11353,Rashid,Simba,rashid.simba11353@pupils.ac.ke
11354,Immaculate,Nyambura,immaculate.nyambura11354@student.ac.ke
11355,Henry,Elias,henry.elias11355@students.org
11356,Dominic,Kariuki,dominic.kariuki11356@pupils.ac.ke
11357,Hilary,Muthoni,hilary.muthoni11357@learner.ke
11358,Hassan,Aden,hassan.aden11358@students.org
11359,Violet,Otiende,violet.otiende11359@school.edu.ke
11360,Gladys,Mwenda,gladys.mwenda11360@student.ac.ke
11361,William,Njogu,william.njogu11361@student.ac.ke
11362,Dennis,Juma,dennis.juma11362@students.org
11363,Amina,Waweru,amina.waweru11363@student.ac.ke
11364,Francis,Waweru,francis.waweru11364@pupils.ac.ke
11365,Victoria,Mukhwana,victoria.mukhwana11365@school.edu.ke
11366,Wanjiku,Mwanzia,wanjiku.mwanzia11366@student.ac.ke
11367,Tabitha,Patel,tabitha.patel11367@pupils.ac.ke
11368,Cynthia,Wafula,cynthia.wafula11368@school.edu.ke
11369,Christine,Gathua,christine.gathua11369@learner.ke
11370,Immaculate,Umar,immaculate.umar11370@student.ac.ke
11371,William,Otiende,william.otiende11371@student.ac.ke
11372,Naftali,Njogu,naftali.njogu11372@student.ac.ke
11373,Wanjiku,Yegon,wanjiku.yegon11373@students.org
11374,Felix,Ali,felix.ali11374@student.ac.ke
11375,Irena,Kioko,irena.kioko11375@learner.ke
11376,Wesley,Zuma,wesley.zuma11376@learner.ke
11377,Purity,Gitonga,purity.gitonga11377@students.org
11378,Hilary,Otieno,hilary.otieno11378@learner.ke
11379,Zawadi,Ouma,zawadi.ouma11379@students.org
11380,Ximena,Onyango,ximena.onyango11380@students.org
11381,Francis,Sheikh,francis.sheikh11381@learner.ke
11382,Yasmin,Aden,yasmin.aden11382@school.edu.ke
11383,Quinton,Gathoni,quinton.gathoni11383@school.edu.ke
11384,Thomas,Mwangi,thomas.mwangi11384@pupils.ac.ke
11385,David,Achieng,david.achieng11385@students.org
11386,Tobias,Githinji,tobias.githinji11386@student.ac.ke
11387,Rashid,Mwangi,rashid.mwangi11387@pupils.ac.ke
11388,Ruth,Irungu,ruth.irungu11388@learner.ke
11389,Njoroge,Langat,njoroge.langat11389@students.org
11390,Eunice,Ahmed,eunice.ahmed11390@pupils.ac.ke
11391,Hassan,Koech,hassan.koech11391@learner.ke
11392,Liam,Waweru,liam.waweru11392@school.edu.ke
11393,Patrick,Omar,patrick.omar11393@learner.ke
11394,Hilary,Katana,hilary.katana11394@student.ac.ke
11395,Xenia,Ndung'u,xenia.ndungu11395@students.org
11396,Robert,Githinji,robert.githinji11396@pupils.ac.ke
11397,James,Karanja,james.karanja11397@students.org
11398,Hassan,Abdi,hassan.abdi11398@school.edu.ke
11399,Eunice,Ouma,eunice.ouma11399@learner.ke
11400,Ochieng,Patel,ochieng.patel11400@pupils.ac.ke
11401,Moses,Wanga,moses.wanga11401@learner.ke
11402,Ochieng,Hussein,ochieng.hussein11402@learner.ke
11403,Dennis,Kariuki,dennis.kariuki11403@school.edu.ke
11404,Robert,Nyaga,robert.nyaga11404@students.org
11405,Njoroge,Cheruiyot,njoroge.cheruiyot11405@student.ac.ke
11406,Violet,Hussein,violet.hussein11406@pupils.ac.ke
11407,Ochieng,Omar,ochieng.omar11407@student.ac.ke
11408,Rebecca,Khaemba,rebecca.khaemba11408@school.edu.ke
11409,Georgina,Simiyu,georgina.simiyu11409@pupils.ac.ke
11410,Henry,Mwanzia,henry.mwanzia11410@student.ac.ke
11411,Liam,Kiptoo,liam.kiptoo11411@learner.ke
11412,Celestine,Dida,celestine.dida11412@students.org
11413,Felix,Ngetich,felix.ngetich11413@learner.ke
11414,Sarah,Gitonga,sarah.gitonga11414@school.edu.ke
11415,Umulkher,Hassan,umulkher.hassan11415@students.org
11416,Grace,Njogu,grace.njogu11416@learner.ke
11417,Henry,Tarus,henry.tarus11417@school.edu.ke
11418,David,Ali,david.ali11418@pupils.ac.ke
11419,Urbanus,Katana,urbanus.katana11419@students.org
11420,Francis,Ndung'u,francis.ndungu11420@pupils.ac.ke
11421,Njoroge,Patel,njoroge.patel11421@school.edu.ke
11422,Peter,Otieno,peter.otieno11422@student.ac.ke
11423,Wesley,Yegon,wesley.yegon11423@school.edu.ke
11424,Zawadi,Umar,zawadi.umar11424@pupils.ac.ke
11425,Walter,Abubakar,walter.abubakar11425@student.ac.ke
11426,Xenia,Karanja,xenia.karanja11426@learner.ke
11427,Bernard,Kariuki,bernard.kariuki11427@student.ac.ke
11428,Irene,Kogo,irene.kogo11428@pupils.ac.ke
11429,Ann,Kiprono,ann.kiprono11429@student.ac.ke
11430,Ann,Namukasa,ann.namukasa11430@student.ac.ke
11431,Felix,Sheikh,felix.sheikh11431@student.ac.ke
11432,Violet,Gichuki,violet.gichuki11432@pupils.ac.ke
11433,Celestine,Gathua,celestine.gathua11433@pupils.ac.ke
11434,Miriam,Odhiambo,miriam.odhiambo11434@pupils.ac.ke
11435,Kevin,Farah,kevin.farah11435@school.edu.ke
11436,Umulkher,Ngetich,umulkher.ngetich11436@school.edu.ke
11437,Joseph,Okoth,joseph.okoth11437@pupils.ac.ke
11438,Thomas,Njoroge,thomas.njoroge11438@students.org
11439,Consolata,Munyua,consolata.munyua11439@school.edu.ke
11440,Fatuma,Ouma,fatuma.ouma11440@pupils.ac.ke
11441,Benedict,Wamuyu,benedict.wamuyu11441@pupils.ac.ke
11442,Hassan,Gitonga,hassan.gitonga11442@learner.ke
11443,Yusuf,Rotich,yusuf.rotich11443@pupils.ac.ke
11444,Zawadi,Mureithi,zawadi.mureithi11444@students.org
11445,Francis,Njuguna,francis.njuguna11445@students.org
11446,Yolanda,Kamau,yolanda.kamau11446@pupils.ac.ke
11447,Ximena,Elias,ximena.elias11447@learner.ke
11448,Kathleen,Gathoni,kathleen.gathoni11448@pupils.ac.ke
11449,Tobias,Mugo,tobias.mugo11449@students.org
11450,Purity,Mukhwana,purity.mukhwana11450@learner.ke
11451,Xavier,Odhiambo,xavier.odhiambo11451@learner.ke
11452,Zedekiah,Yegon,zedekiah.yegon11452@student.ac.ke
11453,Ann,Nyaga,ann.nyaga11453@learner.ke
11454,Hassan,Simba,hassan.simba11454@pupils.ac.ke
11455,Quickson,Khaemba,quickson.khaemba11455@students.org
11456,Dennis,Kiptoo,dennis.kiptoo11456@student.ac.ke
11457,Francis,Nganga,francis.nganga11457@school.edu.ke
11458,Immaculate,Wanjiru,immaculate.wanjiru11458@student.ac.ke
11459,Uno,Yegon,uno.yegon11459@students.org
11460,Zaid,Mukhwana,zaid.mukhwana11460@learner.ke
11461,Wanjiku,Sang,wanjiku.sang11461@school.edu.ke
11462,Yasmin,Barasa,yasmin.barasa11462@learner.ke
11463,Yasmin,Odhiambo,yasmin.odhiambo11463@learner.ke
11464,Veronica,Mugo,veronica.mugo11464@school.edu.ke
11465,Veronica,Bett,veronica.bett11465@pupils.ac.ke
11466,Samuel,Simiyu,samuel.simiyu11466@school.edu.ke
11467,Leonard,Njoroge,leonard.njoroge11467@student.ac.ke
11468,Hassan,Achieng,hassan.achieng11468@students.org
11469,Cynthia,Kamau,cynthia.kamau11469@students.org
11470,Kathleen,Mwangi,kathleen.mwangi11470@learner.ke
11471,Boniface,Kogo,boniface.kogo11471@school.edu.ke
11472,Stella,Elias,stella.elias11472@school.edu.ke
11473,Zaid,Zuma,zaid.zuma11473@learner.ke
11474,Hassan,Kamau,hassan.kamau11474@school.edu.ke
11475,Yasmin,Dida,yasmin.dida11475@school.edu.ke
11476,Wesley,Gicheru,wesley.gicheru11476@students.org
11477,Victoria,Kariuki,victoria.kariuki11477@learner.ke
11478,Nancy,Nganga,nancy.nganga11478@pupils.ac.ke
11479,Yasmin,Ndung'u,yasmin.ndungu11479@learner.ke
11480,Mercy,Wafula,mercy.wafula11480@school.edu.ke
11481,Uchenna,Irungu,uchenna.irungu11481@pupils.ac.ke
11482,Yolanda,Githinji,yolanda.githinji11482@pupils.ac.ke
11483,Gilbert,Barasa,gilbert.barasa11483@school.edu.ke
11484,Nancy,Wangari,nancy.wangari11484@students.org
11485,Ximena,Khaemba,ximena.khaemba11485@school.edu.ke
11486,Isaac,Karanja,isaac.karanja11486@school.edu.ke
11487,Xolani,Simiyu,xolani.simiyu11487@learner.ke
11488,Queen,Sang,queen.sang11488@student.ac.ke
11489,Moses,Gichuki,moses.gichuki11489@pupils.ac.ke
11490,Viola,Mugo,viola.mugo11490@student.ac.ke
11491,Xavier,Maina,xavier.maina11491@learner.ke
11492,Ann,Munyua,ann.munyua11492@school.edu.ke
11493,Eutychus,Mugo,eutychus.mugo11493@student.ac.ke
11494,Miriam,Koech,miriam.koech11494@learner.ke
11495,Stephen,Kariuki,stephen.kariuki11495@school.edu.ke
11496,Tobias,Barasa,tobias.barasa11496@school.edu.ke
11497,Eutychus,Gitonga,eutychus.gitonga11497@learner.ke
11498,Georgina,Otieno,georgina.otieno11498@learner.ke
11499,Aisha,Anyango,aisha.anyango11499@student.ac.ke
11500,Tobias,Auma,tobias.auma11500@student.ac.ke
11501,Priscilla,Mwangi,priscilla.mwangi11501@student.ac.ke
11502,Yusuf,Ibrahim,yusuf.ibrahim11502@pupils.ac.ke
11503,Violet,Omar,violet.omar11503@pupils.ac.ke
11504,Xolani,Wekesa,xolani.wekesa11504@students.org
11505,Xolani,Ndung'u,xolani.ndungu11505@pupils.ac.ke
11506,Ximena,Kioko,ximena.kioko11506@students.org
11507,Gilbert,Mrisho,gilbert.mrisho11507@school.edu.ke
11508,Uchenna,Hussein,uchenna.hussein11508@student.ac.ke
11509,Zaid,Zuma,zaid.zuma11509@student.ac.ke
11510,Lewis,Kamau,lewis.kamau11510@learner.ke
11511,Henry,Macharia,henry.macharia11511@student.ac.ke
11512,Stella,Mutai,stella.mutai11512@pupils.ac.ke
11513,Uchenna,Irungu,uchenna.irungu11513@student.ac.ke
11514,Tabitha,Gitonga,tabitha.gitonga11514@learner.ke
11515,Zedekiah,Munyua,zedekiah.munyua11515@pupils.ac.ke
11516,Nancy,Odhiambo,nancy.odhiambo11516@pupils.ac.ke
11517,Gilbert,Mutai,gilbert.mutai11517@students.org
11518,Edith,Kiptoo,edith.kiptoo11518@student.ac.ke
11519,Mary,Namukasa,mary.namukasa11519@school.edu.ke
11520,Yvonne,Omar,yvonne.omar11520@students.org
11521,Priscilla,Irungu,priscilla.irungu11521@students.org
11522,Henry,Nganga,henry.nganga11522@learner.ke
11523,Mercy,Adhiambo,mercy.adhiambo11523@student.ac.ke
11524,Grace,Hassan,grace.hassan11524@students.org
11525,Tabitha,Yator,tabitha.yator11525@pupils.ac.ke
11526,Thomas,Mutua,thomas.mutua11526@learner.ke
11527,Amina,Farah,amina.farah11527@student.ac.ke
11528,Lewis,Umar,lewis.umar11528@students.org
11529,Kathleen,Kogo,kathleen.kogo11529@student.ac.ke
11530,David,Langat,david.langat11530@school.edu.ke
11531,Eutychus,Ouma,eutychus.ouma11531@student.ac.ke
11532,Julius,Zuma,julius.zuma11532@student.ac.ke
11533,Noah,Ochieng,noah.ochieng11533@pupils.ac.ke
11534,Julius,Warsame,julius.warsame11534@learner.ke
11535,Liam,Mureithi,liam.mureithi11535@students.org
11536,Yusuf,Ruto,yusuf.ruto11536@learner.ke
11537,Xolani,Otiende,xolani.otiende11537@school.edu.ke
11538,Georgina,Waweru,georgina.waweru11538@learner.ke
11539,Fredrick,Sheikh,fredrick.sheikh11539@learner.ke
11540,Cynthia,Yator,cynthia.yator11540@learner.ke
11541,Veronica,Kimani,veronica.kimani11541@school.edu.ke
11542,Tina,Chege,tina.chege11542@student.ac.ke
11543,Khadija,Ngugi,khadija.ngugi11543@learner.ke
11544,Ann,Gathoni,ann.gathoni11544@pupils.ac.ke
11545,Tina,Karanja,tina.karanja11545@school.edu.ke
11546,Tabitha,Kimani,tabitha.kimani11546@pupils.ac.ke
11547,Bernard,Wairimu,bernard.wairimu11547@pupils.ac.ke
11548,Rebecca,Abubakar,rebecca.abubakar11548@pupils.ac.ke
11549,William,Adhiambo,william.adhiambo11549@pupils.ac.ke
11550,Mercy,Muiru,mercy.muiru11550@pupils.ac.ke
11551,Oscar,Njoroge,oscar.njoroge11551@students.org
11552,William,Wairimu,william.wairimu11552@students.org
11553,Jane,Njenga,jane.njenga11553@school.edu.ke
11554,Peter,Lugwe,peter.lugwe11554@pupils.ac.ke
11555,Wanjiku,Mutai,wanjiku.mutai11555@school.edu.ke
11556,Ann,Bett,ann.bett11556@school.edu.ke
11557,Felix,Farah,felix.farah11557@student.ac.ke
11558,Kevin,Abdi,kevin.abdi11558@school.edu.ke
11559,Celestine,Njuguna,celestine.njuguna11559@school.edu.ke
11560,Zedekiah,Awuor,zedekiah.awuor11560@learner.ke
11561,Quinton,Simba,quinton.simba11561@student.ac.ke
11562,Liam,Mukhwana,liam.mukhwana11562@students.org
11563,Zipporah,Wamuyu,zipporah.wamuyu11563@learner.ke
11564,Joseph,Wairimu,joseph.wairimu11564@pupils.ac.ke
11565,Brian,Ochieng,brian.ochieng11565@students.org
11566,Yasmin,Wairimu,yasmin.wairimu11566@pupils.ac.ke
11567,Olivia,Ahmed,olivia.ahmed11567@school.edu.ke
11568,Sarah,Mugo,sarah.mugo11568@students.org
11569,Xenia,Mrisho,xenia.mrisho11569@student.ac.ke
11570,Njoroge,Mugo,njoroge.mugo11570@student.ac.ke
11571,Ximena,Owino,ximena.owino11571@students.org
11572,Tobias,Omar,tobias.omar11572@learner.ke
11573,Yusuf,Mwathi,yusuf.mwathi11573@pupils.ac.ke
11574,William,Maina,william.maina11574@pupils.ac.ke
11575,Esther,Sang,esther.sang11575@learner.ke
11576,Agnes,Koech,agnes.koech11576@students.org
11577,Alice,Abubakar,alice.abubakar11577@pupils.ac.ke
11578,Esther,Hassan,esther.hassan11578@learner.ke
11579,Lydia,Adhiambo,lydia.adhiambo11579@student.ac.ke
11580,Stephen,Abdullahi,stephen.abdullahi11580@learner.ke
11581,Walter,Kamau,walter.kamau11581@learner.ke
11582,Bernard,Okello,bernard.okello11582@learner.ke
11583,Noah,Okoth,noah.okoth11583@pupils.ac.ke
11584,Moses,Abubakar,moses.abubakar11584@student.ac.ke
11585,Dennis,Rotich,dennis.rotich11585@learner.ke
11586,Stephen,Ibrahim,stephen.ibrahim11586@learner.ke
11587,Immaculate,Irungu,immaculate.irungu11587@pupils.ac.ke
11588,Alice,Mureithi,alice.mureithi11588@student.ac.ke
11589,Yvonne,Ibrahim,yvonne.ibrahim11589@school.edu.ke
11590,Celestine,Omar,celestine.omar11590@pupils.ac.ke
11591,Uno,Wairimu,uno.wairimu11591@learner.ke
11592,Celestine,Kimani,celestine.kimani11592@students.org
11593,Yolanda,Kiptoo,yolanda.kiptoo11593@student.ac.ke
11594,Noah,Dida,noah.dida11594@students.org
11595,Agnes,Rotich,agnes.rotich11595@students.org
11596,Veronica,Odhiambo,veronica.odhiambo11596@school.edu.ke
11597,Yvonne,Wanga,yvonne.wanga11597@school.edu.ke
11598,Hassan,Anyango,hassan.anyango11598@student.ac.ke
11599,Hilary,Mutua,hilary.mutua11599@learner.ke
11600,Nancy,Kogo,nancy.kogo11600@learner.ke
11601,Walter,Umar,walter.umar11601@pupils.ac.ke
11602,Naftali,Hassan,naftali.hassan11602@student.ac.ke
11603,Kevin,Odhiambo,kevin.odhiambo11603@school.edu.ke
11604,Walter,Warsame,walter.warsame11604@students.org
11605,Georgina,Sang,georgina.sang11605@pupils.ac.ke
11606,Yasmin,Wamuyu,yasmin.wamuyu11606@learner.ke
11607,Tobias,Kiptoo,tobias.kiptoo11607@learner.ke
11608,Stephen,Wanga,stephen.wanga11608@student.ac.ke
11609,Kemunto,Odhiambo,kemunto.odhiambo11609@pupils.ac.ke
11610,Grace,Kiptoo,grace.kiptoo11610@students.org
11611,Wesley,Ngetich,wesley.ngetich11611@school.edu.ke
11612,Fatuma,Yegon,fatuma.yegon11612@school.edu.ke
11613,Immaculate,Mwathi,immaculate.mwathi11613@pupils.ac.ke
11614,Oprah,Kamau,oprah.kamau11614@student.ac.ke
11615,Julius,Kiprono,julius.kiprono11615@school.edu.ke
11616,Zedekiah,Patel,zedekiah.patel11616@student.ac.ke
11617,Cynthia,Auma,cynthia.auma11617@students.org
11618,Ann,Simiyu,ann.simiyu11618@learner.ke
11619,Douglas,Mwamba,douglas.mwamba11619@learner.ke
11620,Hilary,Auma,hilary.auma11620@school.edu.ke
11621,Irena,Onyango,irena.onyango11621@students.org
11622,Celestine,Njenga,celestine.njenga11622@pupils.ac.ke
11623,Xenia,Macharia,xenia.macharia11623@student.ac.ke
11624,Oprah,Nganga,oprah.nganga11624@learner.ke
11625,Urbanus,Mureithi,urbanus.mureithi11625@students.org
11626,Alice,Owino,alice.owino11626@learner.ke
11627,Kevin,Macharia,kevin.macharia11627@pupils.ac.ke
11628,Irene,Masinde,irene.masinde11628@learner.ke
11629,Eutychus,Wafula,eutychus.wafula11629@learner.ke
11630,Henry,Mwathi,henry.mwathi11630@learner.ke
11631,Yvonne,Cheruiyot,yvonne.cheruiyot11631@students.org
11632,Uno,Adhiambo,uno.adhiambo11632@student.ac.ke
11633,Ann,Mwanzia,ann.mwanzia11633@students.org
11634,Agnes,Nganga,agnes.nganga11634@learner.ke
11635,Kevin,Rotich,kevin.rotich11635@student.ac.ke
11636,Gilbert,Aden,gilbert.aden11636@learner.ke
11637,Henry,Ahmed,henry.ahmed11637@pupils.ac.ke
11638,Yusuf,Juma,yusuf.juma11638@student.ac.ke
11639,Xenia,Dida,xenia.dida11639@students.org
11640,Bernard,Bett,bernard.bett11640@learner.ke
11641,Priscilla,Elias,priscilla.elias11641@school.edu.ke
11642,Kevin,Wanjiru,kevin.wanjiru11642@pupils.ac.ke
11643,Isaac,Khaemba,isaac.khaemba11643@students.org
11644,Mercy,Zuma,mercy.zuma11644@school.edu.ke
11645,Hellen,Wangari,hellen.wangari11645@school.edu.ke
11646,Lewis,Ndung'u,lewis.ndungu11646@pupils.ac.ke
11647,Queen,Juma,queen.juma11647@learner.ke
11648,Priscilla,Simba,priscilla.simba11648@students.org
11649,Uno,Ruto,uno.ruto11649@learner.ke
11650,Gilbert,Gitonga,gilbert.gitonga11650@school.edu.ke
11651,Umulkher,Yegon,umulkher.yegon11651@learner.ke
11652,Christine,Ochieng,christine.ochieng11652@learner.ke
11653,Walter,Awuor,walter.awuor11653@students.org
11654,Lewis,Sheikh,lewis.sheikh11654@student.ac.ke
11655,Julius,Mutua,julius.mutua11655@students.org
11656,Xenia,Njenga,xenia.njenga11656@student.ac.ke
11657,Julius,Bett,julius.bett11657@students.org
11658,Peter,Abubakar,peter.abubakar11658@pupils.ac.ke
11659,Quickson,Onyango,quickson.onyango11659@pupils.ac.ke
11660,Grace,Mwanzia,grace.mwanzia11660@school.edu.ke
11661,Robert,Kogo,robert.kogo11661@learner.ke
11662,Benedict,Mugo,benedict.mugo11662@pupils.ac.ke
11663,Sarah,Barasa,sarah.barasa11663@school.edu.ke
11664,Wesley,Muiru,wesley.muiru11664@pupils.ac.ke
11665,Rashid,Njuguna,rashid.njuguna11665@school.edu.ke
11666,Ochieng,Githinji,ochieng.githinji11666@student.ac.ke
11667,Amina,Hussein,amina.hussein11667@learner.ke
11668,Aisha,Mrisho,aisha.mrisho11668@school.edu.ke
11669,William,Mrisho,william.mrisho11669@school.edu.ke
11670,Leonard,Ochieng,leonard.ochieng11670@student.ac.ke
11671,Queen,Munyua,queen.munyua11671@pupils.ac.ke
11672,Eutychus,Farah,eutychus.farah11672@pupils.ac.ke
11673,Douglas,Noor,douglas.noor11673@pupils.ac.ke
11674,Amina,Njoroge,amina.njoroge11674@students.org
11675,Zawadi,Irungu,zawadi.irungu11675@learner.ke
11676,Brian,Wafula,brian.wafula11676@students.org
11677,Yvonne,Kamau,yvonne.kamau11677@student.ac.ke
11678,Dominic,Irungu,dominic.irungu11678@school.edu.ke
11679,Cynthia,Bakari,cynthia.bakari11679@learner.ke
11680,Noah,Kiprono,noah.kiprono11680@student.ac.ke
11681,Yusuf,Jama,yusuf.jama11681@students.org
11682,Noah,Mutai,noah.mutai11682@student.ac.ke
11683,Celestine,Waweru,celestine.waweru11683@learner.ke
11684,Lewis,Mohamed,lewis.mohamed11684@students.org
11685,Zedekiah,Nyambura,zedekiah.nyambura11685@learner.ke
11686,Edith,Abubakar,edith.abubakar11686@school.edu.ke
11687,Stella,Warsame,stella.warsame11687@learner.ke
11688,Tina,Bett,tina.bett11688@school.edu.ke
11689,Ann,Ali,ann.ali11689@student.ac.ke
11690,Dennis,Yegon,dennis.yegon11690@school.edu.ke
11691,Baraka,Irungu,baraka.irungu11691@student.ac.ke
11692,Yasmin,Jama,yasmin.jama11692@school.edu.ke
11693,Peter,Nabwire,peter.nabwire11693@student.ac.ke
11694,Xolani,Githinji,xolani.githinji11694@learner.ke
11695,Viola,Wanjiru,viola.wanjiru11695@students.org
11696,Grace,Kuria,grace.kuria11696@student.ac.ke
11697,Hellen,Macharia,hellen.macharia11697@student.ac.ke
11698,Grace,Bakari,grace.bakari11698@student.ac.ke
11699,Christine,Ibrahim,christine.ibrahim11699@pupils.ac.ke
11700,Peter,Wamuyu,peter.wamuyu11700@learner.ke
11701,Julius,Chege,julius.chege11701@school.edu.ke
11702,Aisha,Bakari,aisha.bakari11702@student.ac.ke
11703,Mercy,Ahmed,mercy.ahmed11703@student.ac.ke
11704,Hellen,Wairimu,hellen.wairimu11704@learner.ke
11705,Consolata,Maina,consolata.maina11705@school.edu.ke
11706,Christine,Wanga,christine.wanga11706@student.ac.ke
11707,Oprah,Gathua,oprah.gathua11707@students.org
11708,Peter,Owino,peter.owino11708@student.ac.ke
11709,Ximena,Macharia,ximena.macharia11709@pupils.ac.ke
11710,Zawadi,Maina,zawadi.maina11710@school.edu.ke
11711,Wesley,Awuor,wesley.awuor11711@students.org
11712,Zawadi,Khaemba,zawadi.khaemba11712@pupils.ac.ke
11713,Lewis,Kiptoo,lewis.kiptoo11713@student.ac.ke
11714,Tabitha,Aden,tabitha.aden11714@school.edu.ke
11715,Lydia,Noor,lydia.noor11715@learner.ke
11716,Eunice,Mwangi,eunice.mwangi11716@student.ac.ke
11717,Isaac,Gitonga,isaac.gitonga11717@student.ac.ke
11718,William,Ngugi,william.ngugi11718@pupils.ac.ke
11719,Thomas,Gitonga,thomas.gitonga11719@students.org
11720,James,Gathua,james.gathua11720@student.ac.ke
11721,Gladys,Mureithi,gladys.mureithi11721@school.edu.ke
11722,Hilary,Ouma,hilary.ouma11722@learner.ke
11723,Irena,Mutua,irena.mutua11723@student.ac.ke
11724,Bernard,Sang,bernard.sang11724@student.ac.ke
11725,Lewis,Nabwire,lewis.nabwire11725@learner.ke
11726,Douglas,Juma,douglas.juma11726@student.ac.ke
11727,Mary,Zuma,mary.zuma11727@student.ac.ke
11728,Brian,Mwanzia,brian.mwanzia11728@school.edu.ke
11729,Hellen,Mureithi,hellen.mureithi11729@school.edu.ke
11730,Rashid,Khaemba,rashid.khaemba11730@pupils.ac.ke
11731,Consolata,Ogola,consolata.ogola11731@student.ac.ke
11732,Walter,Tarus,walter.tarus11732@learner.ke
11733,Xavier,Gicheru,xavier.gicheru11733@pupils.ac.ke
11734,Agnes,Mohamed,agnes.mohamed11734@learner.ke
11735,Yusuf,Bakari,yusuf.bakari11735@pupils.ac.ke
11736,Zaid,Ahmed,zaid.ahmed11736@school.edu.ke
11737,Olivia,Kiprono,olivia.kiprono11737@student.ac.ke
11738,Uchenna,Macharia,uchenna.macharia11738@pupils.ac.ke
11739,Yasmin,Noor,yasmin.noor11739@students.org
11740,Jane,Ibrahim,jane.ibrahim11740@school.edu.ke
11741,Boniface,Mwamba,boniface.mwamba11741@learner.ke
11742,Boniface,Odhiambo,boniface.odhiambo11742@school.edu.ke
11743,Kathleen,Warsame,kathleen.warsame11743@student.ac.ke
11744,Benedict,Ibrahim,benedict.ibrahim11744@student.ac.ke
11745,Irene,Awuor,irene.awuor11745@learner.ke
11746,Brian,Dida,brian.dida11746@students.org
11747,Viola,Katana,viola.katana11747@students.org
11748,Priscilla,Mugo,priscilla.mugo11748@school.edu.ke
11749,Isaac,Masinde,isaac.masinde11749@students.org
11750,Patrick,Bakari,patrick.bakari11750@students.org
11751,Mary,Abdi,mary.abdi11751@school.edu.ke
11752,Kathleen,Wekesa,kathleen.wekesa11752@pupils.ac.ke
11753,Thomas,Yator,thomas.yator11753@students.org
11754,Boniface,Mutua,boniface.mutua11754@student.ac.ke
11755,Fatuma,Kiptoo,fatuma.kiptoo11755@students.org
11756,Julius,Mwanzia,julius.mwanzia11756@pupils.ac.ke
11757,Violet,Kariuki,violet.kariuki11757@pupils.ac.ke
11758,Purity,Adhiambo,purity.adhiambo11758@learner.ke
11759,Joseph,Mutua,joseph.mutua11759@students.org
11760,Cynthia,Wamuyu,cynthia.wamuyu11760@pupils.ac.ke
11761,Agnes,Tarus,agnes.tarus11761@school.edu.ke
11762,Khadija,Mohamed,khadija.mohamed11762@pupils.ac.ke
11763,Zaid,Gichuki,zaid.gichuki11763@pupils.ac.ke
11764,Liam,Mwanzia,liam.mwanzia11764@pupils.ac.ke
11765,Georgina,Barasa,georgina.barasa11765@student.ac.ke
11766,Miriam,Katana,miriam.katana11766@student.ac.ke
11767,Njoroge,Ali,njoroge.ali11767@pupils.ac.ke
11768,Esther,Wangari,esther.wangari11768@students.org
11769,Amina,Umar,amina.umar11769@student.ac.ke
11770,Yolanda,Maina,yolanda.maina11770@students.org
11771,Eutychus,Onyango,eutychus.onyango11771@students.org
11772,Urbanus,Langat,urbanus.langat11772@pupils.ac.ke
11773,Stella,Nabwire,stella.nabwire11773@student.ac.ke
11774,Bernard,Yegon,bernard.yegon11774@pupils.ac.ke
11775,Rashid,Wangari,rashid.wangari11775@students.org
11776,Zedekiah,Abdullahi,zedekiah.abdullahi11776@learner.ke
11777,Oscar,Hussein,oscar.hussein11777@student.ac.ke
11778,Mary,Mrisho,mary.mrisho11778@school.edu.ke
11779,Amina,Masinde,amina.masinde11779@learner.ke
11780,Eutychus,Patel,eutychus.patel11780@learner.ke
11781,Tabitha,Wairimu,tabitha.wairimu11781@learner.ke
11782,Moses,Macharia,moses.macharia11782@student.ac.ke
11783,Violet,Aden,violet.aden11783@school.edu.ke
11784,Celestine,Elias,celestine.elias11784@pupils.ac.ke
11785,Njoroge,Auma,njoroge.auma11785@students.org
11786,Zawadi,Bett,zawadi.bett11786@student.ac.ke
11787,Zipporah,Ngetich,zipporah.ngetich11787@pupils.ac.ke
11788,Celestine,Ochieng,celestine.ochieng11788@school.edu.ke
11789,Oscar,Masinde,oscar.masinde11789@student.ac.ke
11790,Tina,Ahmed,tina.ahmed11790@student.ac.ke
11791,Eutychus,Yator,eutychus.yator11791@students.org
11792,Peter,Mwenda,peter.mwenda11792@pupils.ac.ke
11793,Hilary,Nganga,hilary.nganga11793@students.org
11794,Naftali,Rotich,naftali.rotich11794@pupils.ac.ke
11795,Amina,Nyambura,amina.nyambura11795@student.ac.ke
11796,Tabitha,Abdi,tabitha.abdi11796@students.org
11797,Kathleen,Muthoni,kathleen.muthoni11797@school.edu.ke
11798,Lydia,Kabiru,lydia.kabiru11798@school.edu.ke
11799,Quinton,Tarus,quinton.tarus11799@school.edu.ke
11800,Njoroge,Mukhwana,njoroge.mukhwana11800@students.org
11801,Alice,Wafula,alice.wafula11801@students.org
11802,Yusuf,Ahmed,yusuf.ahmed11802@students.org
11803,Lydia,Mrisho,lydia.mrisho11803@school.edu.ke
11804,Joseph,Hassan,joseph.hassan11804@learner.ke
11805,Lewis,Hussein,lewis.hussein11805@school.edu.ke
11806,Robert,Omar,robert.omar11806@students.org
11807,Moses,Katana,moses.katana11807@students.org
11808,Mercy,Yator,mercy.yator11808@students.org
11809,Ochieng,Elias,ochieng.elias11809@students.org
11810,Dominic,Ngetich,dominic.ngetich11810@school.edu.ke
11811,Aisha,Njenga,aisha.njenga11811@learner.ke
11812,Kevin,Wekesa,kevin.wekesa11812@school.edu.ke
11813,Nancy,Mwathi,nancy.mwathi11813@school.edu.ke
11814,Naftali,Gathoni,naftali.gathoni11814@learner.ke
11815,Nancy,Gicheru,nancy.gicheru11815@learner.ke
11816,Urbanus,Noor,urbanus.noor11816@students.org
11817,William,Ngugi,william.ngugi11817@pupils.ac.ke
11818,Jane,Katana,jane.katana11818@students.org
11819,Kemunto,Zuma,kemunto.zuma11819@pupils.ac.ke
11820,Ann,Otieno,ann.otieno11820@students.org
11821,Njoroge,Odhiambo,njoroge.odhiambo11821@pupils.ac.ke
11822,Sarah,Mutua,sarah.mutua11822@student.ac.ke
11823,Zawadi,Ogola,zawadi.ogola11823@school.edu.ke
11824,Kemunto,Abubakar,kemunto.abubakar11824@learner.ke
11825,Sarah,Yator,sarah.yator11825@student.ac.ke
11826,Lydia,Ochieng,lydia.ochieng11826@learner.ke
11827,Aisha,Lugwe,aisha.lugwe11827@students.org
11828,Esther,Khaemba,esther.khaemba11828@pupils.ac.ke
11829,Njoroge,Munyua,njoroge.munyua11829@students.org
11830,Cynthia,Katana,cynthia.katana11830@students.org
11831,Yusuf,Adhiambo,yusuf.adhiambo11831@students.org
11832,Ximena,Okello,ximena.okello11832@learner.ke
11833,Lydia,Ngugi,lydia.ngugi11833@student.ac.ke
11834,Xolani,Mukhwana,xolani.mukhwana11834@pupils.ac.ke
11835,Ximena,Abubakar,ximena.abubakar11835@learner.ke
11836,Tabitha,Mutua,tabitha.mutua11836@student.ac.ke
11837,Stephen,Auma,stephen.auma11837@school.edu.ke
11838,Consolata,Nyaga,consolata.nyaga11838@pupils.ac.ke
11839,Cynthia,Githinji,cynthia.githinji11839@learner.ke
11840,Tina,Karanja,tina.karanja11840@students.org
11841,Ruth,Maina,ruth.maina11841@school.edu.ke
11842,Wesley,Gathua,wesley.gathua11842@school.edu.ke
11843,Lewis,Hussein,lewis.hussein11843@school.edu.ke
11844,Kevin,Kariuki,kevin.kariuki11844@school.edu.ke
11845,Wanjiku,Juma,wanjiku.juma11845@students.org
11846,Peter,Mwamba,peter.mwamba11846@student.ac.ke
11847,Douglas,Okoth,douglas.okoth11847@students.org
11848,Henry,Kiprono,henry.kiprono11848@school.edu.ke
11849,Xenia,Zuma,xenia.zuma11849@learner.ke
11850,Amina,Namukasa,amina.namukasa11850@pupils.ac.ke
11851,Nancy,Cheruiyot,nancy.cheruiyot11851@student.ac.ke
11852,Thomas,Wafula,thomas.wafula11852@students.org
11853,Grace,Nyaga,grace.nyaga11853@students.org
11854,Hellen,Onyango,hellen.onyango11854@pupils.ac.ke
11855,Yolanda,Gichuki,yolanda.gichuki11855@students.org
11856,Umulkher,Kariuki,umulkher.kariuki11856@learner.ke
11857,Quickson,Yegon,quickson.yegon11857@school.edu.ke
11858,Patrick,Omondi,patrick.omondi11858@students.org
11859,Uchenna,Ahmed,uchenna.ahmed11859@students.org
11860,Rebecca,Ali,rebecca.ali11860@student.ac.ke
11861,Tobias,Yegon,tobias.yegon11861@school.edu.ke
11862,Hellen,Namukasa,hellen.namukasa11862@learner.ke
11863,Victoria,Ouma,victoria.ouma11863@school.edu.ke
11864,Tina,Njenga,tina.njenga11864@students.org
11865,Julius,Wangari,julius.wangari11865@student.ac.ke
11866,Olivia,Ngugi,olivia.ngugi11866@learner.ke
11867,Georgina,Adhiambo,georgina.adhiambo11867@students.org
11868,Consolata,Anyango,consolata.anyango11868@student.ac.ke
11869,Kevin,Wafula,kevin.wafula11869@pupils.ac.ke
11870,Yolanda,Gicheru,yolanda.gicheru11870@pupils.ac.ke
11871,Gladys,Gathoni,gladys.gathoni11871@learner.ke
11872,David,Wairimu,david.wairimu11872@learner.ke
11873,Oprah,Patel,oprah.patel11873@students.org
11874,Georgina,Warsame,georgina.warsame11874@student.ac.ke
11875,Lewis,Mwathi,lewis.mwathi11875@school.edu.ke
11876,Purity,Muthoni,purity.muthoni11876@student.ac.ke
11877,Mary,Mutai,mary.mutai11877@students.org
11878,Rebecca,Mwangi,rebecca.mwangi11878@student.ac.ke
11879,Aisha,Ngugi,aisha.ngugi11879@school.edu.ke
11880,Kevin,Farah,kevin.farah11880@student.ac.ke
11881,Aisha,Wanjiru,aisha.wanjiru11881@pupils.ac.ke
11882,Fatuma,Tarus,fatuma.tarus11882@student.ac.ke
11883,Stephen,Abubakar,stephen.abubakar11883@school.edu.ke
11884,David,Mohamed,david.mohamed11884@learner.ke
11885,Esther,Gitonga,esther.gitonga11885@student.ac.ke
11886,Grace,Sang,grace.sang11886@learner.ke
11887,Urbanus,Kariuki,urbanus.kariuki11887@students.org
11888,Celestine,Achieng,celestine.achieng11888@learner.ke
11889,Benedict,Mukhwana,benedict.mukhwana11889@pupils.ac.ke
11890,Dominic,Ali,dominic.ali11890@pupils.ac.ke
11891,Ochieng,Kamau,ochieng.kamau11891@pupils.ac.ke
11892,Jane,Wambua,jane.wambua11892@students.org
11893,Amina,Mureithi,amina.mureithi11893@students.org
11894,Irene,Lugwe,irene.lugwe11894@students.org
11895,Felix,Chege,felix.chege11895@student.ac.ke
11896,Umulkher,Jama,umulkher.jama11896@student.ac.ke
11897,Lewis,Ochieng,lewis.ochieng11897@learner.ke
11898,Alice,Gitonga,alice.gitonga11898@learner.ke
11899,Uno,Ibrahim,uno.ibrahim11899@pupils.ac.ke
11900,Zipporah,Umar,zipporah.umar11900@student.ac.ke
11901,Julius,Kiptoo,julius.kiptoo11901@students.org
11902,Cynthia,Rotich,cynthia.rotich11902@pupils.ac.ke
11903,Yolanda,Patel,yolanda.patel11903@students.org
11904,Lewis,Githinji,lewis.githinji11904@school.edu.ke
11905,Mercy,Njogu,mercy.njogu11905@learner.ke
11906,Brian,Wamuyu,brian.wamuyu11906@students.org
11907,Sarah,Wambua,sarah.wambua11907@student.ac.ke
11908,Amina,Gichuki,amina.gichuki11908@students.org
11909,Zipporah,Wanjiru,zipporah.wanjiru11909@students.org
11910,Khadija,Simiyu,khadija.simiyu11910@school.edu.ke
11911,Stephen,Juma,stephen.juma11911@learner.ke
11912,Baraka,Omar,baraka.omar11912@students.org
11913,Sarah,Kiptoo,sarah.kiptoo11913@school.edu.ke
11914,Cynthia,Munyua,cynthia.munyua11914@learner.ke
11915,Yvonne,Gicheru,yvonne.gicheru11915@school.edu.ke
11916,Isaac,Patel,isaac.patel11916@students.org
11917,Grace,Zuma,grace.zuma11917@students.org
11918,Irena,Mureithi,irena.mureithi11918@students.org
11919,James,Ouma,james.ouma11919@student.ac.ke
11920,Gladys,Ndung'u,gladys.ndungu11920@school.edu.ke
11921,Priscilla,Kabiru,priscilla.kabiru11921@pupils.ac.ke
11922,Rashid,Khaemba,rashid.khaemba11922@school.edu.ke
11923,Isaac,Mwathi,isaac.mwathi11923@school.edu.ke
11924,Mary,Owino,mary.owino11924@students.org
11925,Irene,Bett,irene.bett11925@learner.ke
11926,Leonard,Hussein,leonard.hussein11926@learner.ke
11927,Boniface,Nganga,boniface.nganga11927@learner.ke
11928,Lydia,Kabiru,lydia.kabiru11928@school.edu.ke
11929,Veronica,Mugo,veronica.mugo11929@learner.ke
11930,Ann,Barasa,ann.barasa11930@pupils.ac.ke
11931,Violet,Mwangi,violet.mwangi11931@learner.ke
11932,Francis,Ochieng,francis.ochieng11932@school.edu.ke
11933,Oscar,Juma,oscar.juma11933@pupils.ac.ke
11934,Joseph,Yator,joseph.yator11934@learner.ke
11935,Robert,Njogu,robert.njogu11935@learner.ke
11936,Kathleen,Sheikh,kathleen.sheikh11936@pupils.ac.ke
11937,Umulkher,Nyaga,umulkher.nyaga11937@learner.ke
11938,Leonard,Wamuyu,leonard.wamuyu11938@student.ac.ke
11939,Wanjiku,Mureithi,wanjiku.mureithi11939@students.org
11940,Khadija,Yator,khadija.yator11940@learner.ke
11941,Celestine,Rotich,celestine.rotich11941@students.org
11942,Zawadi,Awuor,zawadi.awuor11942@student.ac.ke
11943,Quinton,Kariuki,quinton.kariuki11943@student.ac.ke
11944,Naftali,Njuguna,naftali.njuguna11944@student.ac.ke
11945,Bernard,Kabiru,bernard.kabiru11945@students.org
11946,Agnes,Mwenda,agnes.mwenda11946@students.org
11947,Baraka,Njoroge,baraka.njoroge11947@students.org
11948,Henry,Gathoni,henry.gathoni11948@students.org
11949,Julius,Mwathi,julius.mwathi11949@school.edu.ke
11950,Victoria,Hassan,victoria.hassan11950@school.edu.ke
11951,Viola,Karanja,viola.karanja11951@learner.ke
11952,Robert,Sheikh,robert.sheikh11952@students.org
11953,Oprah,Gitonga,oprah.gitonga11953@pupils.ac.ke
11954,Victoria,Jama,victoria.jama11954@student.ac.ke
11955,Hellen,Adhiambo,hellen.adhiambo11955@students.org
11956,Kevin,Mutai,kevin.mutai11956@students.org
11957,Robert,Hussein,robert.hussein11957@school.edu.ke
11958,Wanjiku,Mugo,wanjiku.mugo11958@students.org
11959,Hellen,Koech,hellen.koech11959@pupils.ac.ke
11960,Umulkher,Waweru,umulkher.waweru11960@school.edu.ke
11961,Uno,Warsame,uno.warsame11961@school.edu.ke
11962,Irene,Awuor,irene.awuor11962@learner.ke
11963,Dennis,Waweru,dennis.waweru11963@school.edu.ke
11964,Patrick,Okello,patrick.okello11964@learner.ke
11965,Yusuf,Abdullahi,yusuf.abdullahi11965@pupils.ac.ke
11966,Felix,Waweru,felix.waweru11966@learner.ke
11967,Njoroge,Dida,njoroge.dida11967@students.org
11968,Eutychus,Wanga,eutychus.wanga11968@learner.ke
11969,Ruth,Awuor,ruth.awuor11969@students.org
11970,Samuel,Mugo,samuel.mugo11970@school.edu.ke
11971,Xolani,Mwathi,xolani.mwathi11971@pupils.ac.ke
11972,Victoria,Karanja,victoria.karanja11972@student.ac.ke
11973,Patrick,Auma,patrick.auma11973@pupils.ac.ke
11974,Cynthia,Wairimu,cynthia.wairimu11974@pupils.ac.ke
11975,Umulkher,Tarus,umulkher.tarus11975@learner.ke
11976,Leonard,Okello,leonard.okello11976@pupils.ac.ke
11977,Alice,Mwangi,alice.mwangi11977@students.org
11978,Robert,Ibrahim,robert.ibrahim11978@school.edu.ke
11979,Dennis,Kariuki,dennis.kariuki11979@students.org
11980,Fatuma,Okoth,fatuma.okoth11980@school.edu.ke
11981,Thomas,Ruto,thomas.ruto11981@school.edu.ke
11982,Victoria,Maina,victoria.maina11982@student.ac.ke
11983,Hellen,Achieng,hellen.achieng11983@pupils.ac.ke
11984,Ann,Namukasa,ann.namukasa11984@student.ac.ke
11985,Kathleen,Njogu,kathleen.njogu11985@pupils.ac.ke
11986,Kathleen,Langat,kathleen.langat11986@students.org
11987,Uchenna,Mureithi,uchenna.mureithi11987@pupils.ac.ke
11988,Carol,Anyango,carol.anyango11988@student.ac.ke
11989,Queen,Gichuki,queen.gichuki11989@students.org
11990,Uchenna,Rotich,uchenna.rotich11990@students.org
11991,Felix,Gichuki,felix.gichuki11991@school.edu.ke
11992,Hassan,Mutai,hassan.mutai11992@learner.ke
11993,Xavier,Wairimu,xavier.wairimu11993@pupils.ac.ke
11994,Zedekiah,Mugo,zedekiah.mugo11994@student.ac.ke
11995,Priscilla,Irungu,priscilla.irungu11995@learner.ke
11996,Khadija,Ngetich,khadija.ngetich11996@pupils.ac.ke
11997,Alice,Abdullahi,alice.abdullahi11997@pupils.ac.ke
11998,Violet,Yegon,violet.yegon11998@pupils.ac.ke
11999,Zedekiah,Koech,zedekiah.koech11999@students.org
12000,Celestine,Mwenda,celestine.mwenda12000@school.edu.ke
12001,Consolata,Nganga,consolata.nganga12001@students.org
12002,Henry,Mutai,henry.mutai12002@learner.ke
12003,Hilary,Kuria,hilary.kuria12003@students.org
12004,Irene,Achieng,irene.achieng12004@pupils.ac.ke
12005,Yusuf,Kiprono,yusuf.kiprono12005@student.ac.ke
12006,Carol,Kogo,carol.kogo12006@students.org
12007,Naftali,Abubakar,naftali.abubakar12007@pupils.ac.ke
12008,Celestine,Cheruiyot,celestine.cheruiyot12008@students.org
12009,Mary,Sang,mary.sang12009@pupils.ac.ke
12010,Boniface,Kuria,boniface.kuria12010@student.ac.ke
12011,Ximena,Wanjiru,ximena.wanjiru12011@students.org
12012,Tina,Wambua,tina.wambua12012@student.ac.ke
12013,Kathleen,Nganga,kathleen.nganga12013@school.edu.ke
12014,Alice,Gathoni,alice.gathoni12014@student.ac.ke
12015,Wesley,Njogu,wesley.njogu12015@pupils.ac.ke
12016,Patrick,Ahmed,patrick.ahmed12016@learner.ke
12017,Felix,Chege,felix.chege12017@students.org
12018,Douglas,Achieng,douglas.achieng12018@pupils.ac.ke
12019,Yolanda,Mwenda,yolanda.mwenda12019@pupils.ac.ke
12020,Tobias,Karanja,tobias.karanja12020@students.org
12021,Mary,Farah,mary.farah12021@school.edu.ke
12022,Gladys,Noor,gladys.noor12022@school.edu.ke
12023,Khadija,Owino,khadija.owino12023@students.org
12024,Samuel,Omar,samuel.omar12024@learner.ke
12025,Yvonne,Mwangi,yvonne.mwangi12025@student.ac.ke
12026,William,Wairimu,william.wairimu12026@student.ac.ke
12027,Patrick,Mwangi,patrick.mwangi12027@pupils.ac.ke
12028,Gilbert,Langat,gilbert.langat12028@learner.ke
12029,Benedict,Nabwire,benedict.nabwire12029@student.ac.ke
12030,Thomas,Farah,thomas.farah12030@students.org
12031,Gladys,Awuor,gladys.awuor12031@students.org
12032,Douglas,Mugo,douglas.mugo12032@learner.ke
12033,Boniface,Okoth,boniface.okoth12033@pupils.ac.ke
12034,Tina,Langat,tina.langat12034@pupils.ac.ke
12035,Tabitha,Ochieng,tabitha.ochieng12035@students.org
12036,Kathleen,Sang,kathleen.sang12036@learner.ke
12037,Urbanus,Wangari,urbanus.wangari12037@pupils.ac.ke
12038,Gladys,Simiyu,gladys.simiyu12038@students.org
12039,Tobias,Nyaga,tobias.nyaga12039@pupils.ac.ke
12040,Ruth,Rotich,ruth.rotich12040@student.ac.ke
12041,Stephen,Achieng,stephen.achieng12041@pupils.ac.ke
12042,Ximena,Chege,ximena.chege12042@school.edu.ke
12043,Mary,Ngetich,mary.ngetich12043@students.org
12044,Agnes,Ochieng,agnes.ochieng12044@learner.ke
12045,Zaid,Wamuyu,zaid.wamuyu12045@students.org
12046,Moses,Abubakar,moses.abubakar12046@student.ac.ke
12047,Uchenna,Mukhwana,uchenna.mukhwana12047@student.ac.ke
12048,Zaid,Gitonga,zaid.gitonga12048@school.edu.ke
12049,Julius,Kuria,julius.kuria12049@pupils.ac.ke
12050,Liam,Omondi,liam.omondi12050@learner.ke
12051,Cynthia,Otiende,cynthia.otiende12051@student.ac.ke
12052,Alice,Njoroge,alice.njoroge12052@pupils.ac.ke
12053,Agnes,Munyua,agnes.munyua12053@students.org
12054,Kemunto,Elias,kemunto.elias12054@students.org
12055,Hassan,Nyaga,hassan.nyaga12055@school.edu.ke
12056,Eutychus,Aden,eutychus.aden12056@pupils.ac.ke
12057,Brian,Kogo,brian.kogo12057@students.org
12058,Kemunto,Bett,kemunto.bett12058@student.ac.ke
12059,Ximena,Kuria,ximena.kuria12059@students.org
12060,Patrick,Chege,patrick.chege12060@school.edu.ke
12061,Boniface,Mutai,boniface.mutai12061@student.ac.ke
12062,Victoria,Adhiambo,victoria.adhiambo12062@student.ac.ke
12063,Uchenna,Gitonga,uchenna.gitonga12063@learner.ke
12064,Wesley,Ali,wesley.ali12064@learner.ke
12065,Isaac,Hassan,isaac.hassan12065@pupils.ac.ke
12066,Yasmin,Kogo,yasmin.kogo12066@students.org
12067,Brian,Juma,brian.juma12067@student.ac.ke
12068,Liam,Wamuyu,liam.wamuyu12068@learner.ke
12069,Priscilla,Wanga,priscilla.wanga12069@students.org
12070,Xenia,Wekesa,xenia.wekesa12070@learner.ke
12071,Bernard,Okoth,bernard.okoth12071@school.edu.ke
12072,Alice,Bett,alice.bett12072@pupils.ac.ke
12073,Agnes,Gichuki,agnes.gichuki12073@student.ac.ke
12074,Henry,Sang,henry.sang12074@pupils.ac.ke
12075,Naftali,Macharia,naftali.macharia12075@students.org
12076,James,Jama,james.jama12076@learner.ke
12077,Stella,Gicheru,stella.gicheru12077@students.org
12078,Gladys,Wanjiru,gladys.wanjiru12078@students.org
12079,Gladys,Bakari,gladys.bakari12079@pupils.ac.ke
12080,Xolani,Mugo,xolani.mugo12080@pupils.ac.ke
12081,Viola,Anyango,viola.anyango12081@learner.ke
12082,Wesley,Mohamed,wesley.mohamed12082@pupils.ac.ke
12083,Yasmin,Kioko,yasmin.kioko12083@student.ac.ke
12084,Kathleen,Gicheru,kathleen.gicheru12084@learner.ke
12085,Irene,Mwamba,irene.mwamba12085@school.edu.ke
12086,Jane,Chege,jane.chege12086@school.edu.ke
12087,Zaid,Barasa,zaid.barasa12087@pupils.ac.ke
12088,Umulkher,Wairimu,umulkher.wairimu12088@students.org
12089,Brian,Chege,brian.chege12089@learner.ke
12090,Francis,Owino,francis.owino12090@student.ac.ke
12091,Agnes,Njogu,agnes.njogu12091@learner.ke
12092,James,Wamuyu,james.wamuyu12092@school.edu.ke
12093,Julius,Barasa,julius.barasa12093@learner.ke
12094,Baraka,Gichuki,baraka.gichuki12094@learner.ke
12095,Xavier,Katana,xavier.katana12095@school.edu.ke
12096,Miriam,Juma,miriam.juma12096@school.edu.ke
12097,Eunice,Juma,eunice.juma12097@school.edu.ke
12098,Henry,Langat,henry.langat12098@school.edu.ke
12099,Zawadi,Wanga,zawadi.wanga12099@school.edu.ke
12100,Consolata,Khaemba,consolata.khaemba12100@school.edu.ke
12101,Wesley,Macharia,wesley.macharia12101@student.ac.ke
12102,Khadija,Njogu,khadija.njogu12102@pupils.ac.ke
12103,Boniface,Mwangi,boniface.mwangi12103@students.org
12104,Felix,Zuma,felix.zuma12104@pupils.ac.ke
12105,Walter,Njenga,walter.njenga12105@learner.ke
12106,Miriam,Gichuki,miriam.gichuki12106@learner.ke
12107,Leonard,Ruto,leonard.ruto12107@students.org
12108,Joseph,Hassan,joseph.hassan12108@school.edu.ke
12109,Tina,Gichuki,tina.gichuki12109@school.edu.ke
12110,Grace,Nyambura,grace.nyambura12110@pupils.ac.ke
12111,Kathleen,Gathoni,kathleen.gathoni12111@student.ac.ke
12112,Naftali,Wekesa,naftali.wekesa12112@pupils.ac.ke
12113,Kevin,Nyaga,kevin.nyaga12113@school.edu.ke
12114,Hilary,Wambua,hilary.wambua12114@students.org
12115,Hilary,Barasa,hilary.barasa12115@student.ac.ke
12116,Brian,Njogu,brian.njogu12116@school.edu.ke
12117,Xolani,Kabiru,xolani.kabiru12117@student.ac.ke
12118,Purity,Nabwire,purity.nabwire12118@students.org
12119,Henry,Ruto,henry.ruto12119@students.org
12120,Henry,Adhiambo,henry.adhiambo12120@learner.ke
12121,Julius,Munyua,julius.munyua12121@learner.ke
12122,Victoria,Ruto,victoria.ruto12122@pupils.ac.ke
12123,Douglas,Langat,douglas.langat12123@pupils.ac.ke
12124,Moses,Lugwe,moses.lugwe12124@learner.ke
12125,Victoria,Mwanzia,victoria.mwanzia12125@pupils.ac.ke
12126,Joseph,Hussein,joseph.hussein12126@school.edu.ke
12127,William,Kiprono,william.kiprono12127@students.org
12128,Kevin,Achieng,kevin.achieng12128@student.ac.ke
12129,Priscilla,Ogola,priscilla.ogola12129@school.edu.ke
12130,Urbanus,Abdi,urbanus.abdi12130@pupils.ac.ke
12131,Zawadi,Koech,zawadi.koech12131@school.edu.ke
12132,Julius,Simba,julius.simba12132@student.ac.ke
12133,Wanjiku,Ahmed,wanjiku.ahmed12133@pupils.ac.ke
12134,Robert,Zuma,robert.zuma12134@students.org
12135,Rebecca,Gathua,rebecca.gathua12135@learner.ke
12136,Ximena,Warsame,ximena.warsame12136@learner.ke
12137,Gladys,Wangari,gladys.wangari12137@students.org
12138,Grace,Hassan,grace.hassan12138@student.ac.ke
12139,Lydia,Kiptoo,lydia.kiptoo12139@student.ac.ke
12140,Baraka,Tarus,baraka.tarus12140@learner.ke
12141,Julius,Yator,julius.yator12141@student.ac.ke
12142,Georgina,Katana,georgina.katana12142@learner.ke
12143,Henry,Nabwire,henry.nabwire12143@learner.ke
12144,Urbanus,Wangari,urbanus.wangari12144@learner.ke
12145,Tobias,Kamau,tobias.kamau12145@pupils.ac.ke
12146,Peter,Wekesa,peter.wekesa12146@students.org
12147,Zawadi,Gichuki,zawadi.gichuki12147@students.org
12148,Gilbert,Mwathi,gilbert.mwathi12148@students.org
12149,Wanjiku,Nyaga,wanjiku.nyaga12149@learner.ke
12150,Umulkher,Wafula,umulkher.wafula12150@students.org
12151,Leonard,Nyaga,leonard.nyaga12151@pupils.ac.ke
12152,Khadija,Mwamba,khadija.mwamba12152@students.org
12153,Kemunto,Sheikh,kemunto.sheikh12153@school.edu.ke
12154,Violet,Githinji,violet.githinji12154@learner.ke
12155,Christine,Njuguna,christine.njuguna12155@students.org
12156,William,Ali,william.ali12156@student.ac.ke
12157,Khadija,Kiptoo,khadija.kiptoo12157@learner.ke
12158,Dennis,Barasa,dennis.barasa12158@learner.ke
12159,Gilbert,Ouma,gilbert.ouma12159@learner.ke
12160,Alice,Mureithi,alice.mureithi12160@pupils.ac.ke
12161,Immaculate,Ibrahim,immaculate.ibrahim12161@learner.ke
12162,Stephen,Karanja,stephen.karanja12162@students.org
12163,Georgina,Omar,georgina.omar12163@school.edu.ke
12164,Xavier,Mwanzia,xavier.mwanzia12164@student.ac.ke
12165,Queen,Irungu,queen.irungu12165@school.edu.ke
12166,Hellen,Auma,hellen.auma12166@student.ac.ke
12167,Aisha,Mutai,aisha.mutai12167@pupils.ac.ke
12168,Njoroge,Ndung'u,njoroge.ndungu12168@student.ac.ke
12169,Julius,Wamuyu,julius.wamuyu12169@student.ac.ke
12170,David,Mwenda,david.mwenda12170@pupils.ac.ke
12171,Quickson,Mrisho,quickson.mrisho12171@student.ac.ke
12172,Njoroge,Awuor,njoroge.awuor12172@students.org
12173,Thomas,Muiru,thomas.muiru12173@pupils.ac.ke
12174,Noah,Achieng,noah.achieng12174@school.edu.ke
12175,Ruth,Owino,ruth.owino12175@pupils.ac.ke
12176,Dominic,Kiprono,dominic.kiprono12176@school.edu.ke
12177,Quickson,Yator,quickson.yator12177@school.edu.ke
12178,David,Njoroge,david.njoroge12178@learner.ke
12179,Purity,Kioko,purity.kioko12179@pupils.ac.ke
12180,Irena,Gathoni,irena.gathoni12180@learner.ke
12181,Tabitha,Ibrahim,tabitha.ibrahim12181@school.edu.ke
12182,Moses,Gathoni,moses.gathoni12182@school.edu.ke
12183,Yasmin,Kuria,yasmin.kuria12183@pupils.ac.ke
12184,Dominic,Katana,dominic.katana12184@students.org
12185,Edith,Nyambura,edith.nyambura12185@students.org
12186,Noah,Wekesa,noah.wekesa12186@pupils.ac.ke
12187,Samuel,Achieng,samuel.achieng12187@student.ac.ke
12188,Fredrick,Simiyu,fredrick.simiyu12188@learner.ke
12189,Benedict,Awuor,benedict.awuor12189@school.edu.ke
12190,Mercy,Otieno,mercy.otieno12190@student.ac.ke
12191,Patrick,Tarus,patrick.tarus12191@school.edu.ke
12192,Tobias,Owino,tobias.owino12192@pupils.ac.ke
12193,Rebecca,Otieno,rebecca.otieno12193@pupils.ac.ke
12194,Tina,Noor,tina.noor12194@learner.ke
12195,Brian,Mwenda,brian.mwenda12195@pupils.ac.ke
12196,Zaid,Ouma,zaid.ouma12196@students.org
12197,Dennis,Okello,dennis.okello12197@student.ac.ke
12198,Tabitha,Otiende,tabitha.otiende12198@school.edu.ke
12199,Benedict,Wangari,benedict.wangari12199@pupils.ac.ke
12200,Zipporah,Anyango,zipporah.anyango12200@school.edu.ke
12201,Oscar,Juma,oscar.juma12201@pupils.ac.ke
12202,Xolani,Yegon,xolani.yegon12202@learner.ke
12203,Khadija,Farah,khadija.farah12203@school.edu.ke
12204,Patrick,Mrisho,patrick.mrisho12204@students.org
12205,Ann,Bakari,ann.bakari12205@learner.ke
12206,Kemunto,Mwathi,kemunto.mwathi12206@students.org
12207,Ann,Ogola,ann.ogola12207@pupils.ac.ke
12208,Yvonne,Mwanzia,yvonne.mwanzia12208@student.ac.ke
12209,Xavier,Rotich,xavier.rotich12209@learner.ke
12210,Olivia,Githinji,olivia.githinji12210@pupils.ac.ke
12211,Consolata,Hussein,consolata.hussein12211@learner.ke
12212,Moses,Njenga,moses.njenga12212@pupils.ac.ke
12213,Yvonne,Wafula,yvonne.wafula12213@student.ac.ke
12214,Thomas,Mutua,thomas.mutua12214@students.org
12215,Carol,Ruto,carol.ruto12215@student.ac.ke
12216,Kemunto,Ogola,kemunto.ogola12216@school.edu.ke
12217,Oscar,Ibrahim,oscar.ibrahim12217@student.ac.ke
12218,Dennis,Gitonga,dennis.gitonga12218@school.edu.ke
12219,Brian,Aden,brian.aden12219@school.edu.ke
12220,Stella,Ahmed,stella.ahmed12220@learner.ke
12221,Ximena,Patel,ximena.patel12221@pupils.ac.ke
12222,Walter,Sheikh,walter.sheikh12222@student.ac.ke
12223,Rashid,Muiru,rashid.muiru12223@school.edu.ke
12224,Hassan,Ogola,hassan.ogola12224@pupils.ac.ke
12225,James,Gathoni,james.gathoni12225@pupils.ac.ke
12226,Xavier,Bett,xavier.bett12226@learner.ke
12227,Bernard,Mwamba,bernard.mwamba12227@student.ac.ke
12228,Peter,Mwenda,peter.mwenda12228@school.edu.ke
12229,Yusuf,Mwenda,yusuf.mwenda12229@pupils.ac.ke
12230,Francis,Juma,francis.juma12230@student.ac.ke
12231,Zawadi,Mohamed,zawadi.mohamed12231@student.ac.ke
12232,Patrick,Ngugi,patrick.ngugi12232@school.edu.ke
12233,Julius,Mukhwana,julius.mukhwana12233@learner.ke
12234,Purity,Kiptoo,purity.kiptoo12234@student.ac.ke
12235,Stephen,Wamuyu,stephen.wamuyu12235@students.org
12236,Peter,Auma,peter.auma12236@pupils.ac.ke
12237,Eutychus,Onyango,eutychus.onyango12237@school.edu.ke
12238,Victoria,Mutua,victoria.mutua12238@school.edu.ke
12239,Olivia,Adhiambo,olivia.adhiambo12239@pupils.ac.ke
12240,Purity,Otieno,purity.otieno12240@school.edu.ke
12241,Yolanda,Okoth,yolanda.okoth12241@students.org
12242,Peter,Hassan,peter.hassan12242@school.edu.ke
12243,Brian,Waweru,brian.waweru12243@students.org
12244,Ximena,Bakari,ximena.bakari12244@pupils.ac.ke
12245,Lydia,Kuria,lydia.kuria12245@school.edu.ke
12246,Walter,Mwenda,walter.mwenda12246@student.ac.ke
12247,Francis,Kiptoo,francis.kiptoo12247@pupils.ac.ke
12248,Liam,Abubakar,liam.abubakar12248@students.org
12249,Stella,Mrisho,stella.mrisho12249@student.ac.ke
12250,Hassan,Khaemba,hassan.khaemba12250@school.edu.ke
12251,Moses,Wanjiru,moses.wanjiru12251@student.ac.ke
12252,Queen,Warsame,queen.warsame12252@school.edu.ke
12253,Ochieng,Wangari,ochieng.wangari12253@learner.ke
12254,Ann,Ibrahim,ann.ibrahim12254@school.edu.ke
12255,Carol,Bakari,carol.bakari12255@pupils.ac.ke
12256,Umulkher,Gathua,umulkher.gathua12256@school.edu.ke
12257,Gladys,Waweru,gladys.waweru12257@pupils.ac.ke
12258,Nancy,Ibrahim,nancy.ibrahim12258@students.org
12259,Lewis,Gathoni,lewis.gathoni12259@pupils.ac.ke
12260,Yvonne,Mugo,yvonne.mugo12260@school.edu.ke
12261,Samuel,Wekesa,samuel.wekesa12261@learner.ke
12262,Quinton,Sheikh,quinton.sheikh12262@learner.ke
12263,Zedekiah,Kioko,zedekiah.kioko12263@students.org
12264,Uchenna,Omondi,uchenna.omondi12264@students.org
12265,Thomas,Hussein,thomas.hussein12265@learner.ke
12266,Bernard,Awuor,bernard.awuor12266@students.org
12267,Victoria,Mohamed,victoria.mohamed12267@student.ac.ke
12268,Wesley,Githinji,wesley.githinji12268@students.org
12269,Xolani,Irungu,xolani.irungu12269@school.edu.ke
12270,Carol,Njenga,carol.njenga12270@learner.ke
12271,Wesley,Njenga,wesley.njenga12271@school.edu.ke
12272,Purity,Gathua,purity.gathua12272@student.ac.ke
12273,Hellen,Wanjiru,hellen.wanjiru12273@pupils.ac.ke
12274,Yvonne,Nyambura,yvonne.nyambura12274@pupils.ac.ke
12275,Viola,Wamuyu,viola.wamuyu12275@school.edu.ke
12276,Boniface,Owino,boniface.owino12276@learner.ke
12277,Benedict,Mureithi,benedict.mureithi12277@learner.ke
12278,Olivia,Ndung'u,olivia.ndungu12278@students.org
12279,Hellen,Omondi,hellen.omondi12279@student.ac.ke
12280,Queen,Sang,queen.sang12280@student.ac.ke
12281,Zawadi,Macharia,zawadi.macharia12281@pupils.ac.ke
12282,Yvonne,Ndung'u,yvonne.ndungu12282@student.ac.ke
12283,William,Mureithi,william.mureithi12283@pupils.ac.ke
12284,Hellen,Warsame,hellen.warsame12284@students.org
12285,Consolata,Chege,consolata.chege12285@students.org
12286,Gladys,Mutua,gladys.mutua12286@learner.ke
12287,Cynthia,Maina,cynthia.maina12287@student.ac.ke
12288,Brian,Langat,brian.langat12288@pupils.ac.ke
12289,Khadija,Sheikh,khadija.sheikh12289@student.ac.ke
12290,Victoria,Wangari,victoria.wangari12290@pupils.ac.ke
12291,Celestine,Otiende,celestine.otiende12291@student.ac.ke
12292,Celestine,Munyua,celestine.munyua12292@learner.ke
12293,Quickson,Waweru,quickson.waweru12293@student.ac.ke
12294,Mercy,Kariuki,mercy.kariuki12294@school.edu.ke
12295,Patrick,Ndung'u,patrick.ndungu12295@student.ac.ke
12296,Priscilla,Achieng,priscilla.achieng12296@students.org
12297,Yusuf,Bett,yusuf.bett12297@school.edu.ke
12298,Quickson,Nganga,quickson.nganga12298@school.edu.ke
12299,Veronica,Njuguna,veronica.njuguna12299@school.edu.ke
12300,Urbanus,Katana,urbanus.katana12300@students.org
12301,Christine,Katana,christine.katana12301@student.ac.ke
12302,Viola,Githinji,viola.githinji12302@students.org
12303,Umulkher,Njogu,umulkher.njogu12303@pupils.ac.ke
12304,Moses,Ngugi,moses.ngugi12304@pupils.ac.ke
12305,Njoroge,Mutai,njoroge.mutai12305@school.edu.ke
12306,Tabitha,Ali,tabitha.ali12306@students.org
12307,Stella,Nganga,stella.nganga12307@school.edu.ke
12308,Rebecca,Kuria,rebecca.kuria12308@pupils.ac.ke
12309,Umulkher,Barasa,umulkher.barasa12309@students.org
12310,Purity,Zuma,purity.zuma12310@learner.ke
12311,Benedict,Mrisho,benedict.mrisho12311@pupils.ac.ke
12312,Celestine,Gathua,celestine.gathua12312@learner.ke
12313,Alice,Adhiambo,alice.adhiambo12313@students.org
12314,Samuel,Ngetich,samuel.ngetich12314@pupils.ac.ke
12315,Viola,Wamuyu,viola.wamuyu12315@learner.ke
12316,Victoria,Hussein,victoria.hussein12316@pupils.ac.ke
12317,Zipporah,Mwangi,zipporah.mwangi12317@student.ac.ke
12318,Kemunto,Kuria,kemunto.kuria12318@student.ac.ke
12319,Patrick,Rotich,patrick.rotich12319@learner.ke
12320,Amina,Onyango,amina.onyango12320@school.edu.ke
12321,Baraka,Mwanzia,baraka.mwanzia12321@learner.ke
12322,Carol,Mwenda,carol.mwenda12322@learner.ke
12323,Tabitha,Muthoni,tabitha.muthoni12323@students.org
12324,William,Gichuki,william.gichuki12324@school.edu.ke
12325,Mary,Njoroge,mary.njoroge12325@pupils.ac.ke
12326,Umulkher,Cheruiyot,umulkher.cheruiyot12326@school.edu.ke
12327,Henry,Nabwire,henry.nabwire12327@students.org
12328,Francis,Achieng,francis.achieng12328@learner.ke
12329,Ann,Onyango,ann.onyango12329@student.ac.ke
12330,William,Ali,william.ali12330@students.org
12331,Baraka,Irungu,baraka.irungu12331@student.ac.ke
12332,Priscilla,Wafula,priscilla.wafula12332@pupils.ac.ke
12333,Wanjiku,Warsame,wanjiku.warsame12333@students.org
12334,Bernard,Ndung'u,bernard.ndungu12334@students.org
12335,Fatuma,Onyango,fatuma.onyango12335@student.ac.ke
12336,Quinton,Simba,quinton.simba12336@students.org
12337,Xolani,Muiru,xolani.muiru12337@student.ac.ke
12338,Viola,Namukasa,viola.namukasa12338@learner.ke
12339,Bernard,Abdi,bernard.abdi12339@pupils.ac.ke
12340,Peter,Mwenda,peter.mwenda12340@school.edu.ke
12341,Stephen,Mwathi,stephen.mwathi12341@students.org
12342,Brian,Githinji,brian.githinji12342@pupils.ac.ke
12343,Grace,Simiyu,grace.simiyu12343@students.org
12344,Felix,Barasa,felix.barasa12344@students.org
12345,Veronica,Cheruiyot,veronica.cheruiyot12345@learner.ke
12346,Naftali,Chege,naftali.chege12346@school.edu.ke
12347,Thomas,Mutua,thomas.mutua12347@pupils.ac.ke
12348,Georgina,Lugwe,georgina.lugwe12348@students.org
12349,William,Jama,william.jama12349@student.ac.ke
12350,Cynthia,Abdi,cynthia.abdi12350@learner.ke
12351,Ximena,Hassan,ximena.hassan12351@school.edu.ke
12352,Queen,Masinde,queen.masinde12352@student.ac.ke
12353,Julius,Gichuki,julius.gichuki12353@student.ac.ke
12354,Tabitha,Ali,tabitha.ali12354@learner.ke
12355,Khadija,Ali,khadija.ali12355@students.org
12356,Edith,Nyaga,edith.nyaga12356@school.edu.ke
12357,Uno,Rotich,uno.rotich12357@pupils.ac.ke
12358,Urbanus,Kogo,urbanus.kogo12358@pupils.ac.ke
12359,Zipporah,Mwathi,zipporah.mwathi12359@students.org
12360,Zawadi,Wangari,zawadi.wangari12360@students.org
12361,Ruth,Nyambura,ruth.nyambura12361@school.edu.ke
12362,Francis,Kariuki,francis.kariuki12362@learner.ke
12363,Wesley,Abdi,wesley.abdi12363@learner.ke
12364,Kevin,Gichuki,kevin.gichuki12364@student.ac.ke
12365,Olivia,Ngugi,olivia.ngugi12365@pupils.ac.ke
12366,Douglas,Nabwire,douglas.nabwire12366@learner.ke
12367,Yvonne,Wafula,yvonne.wafula12367@learner.ke
12368,Zedekiah,Mwathi,zedekiah.mwathi12368@student.ac.ke
12369,Viola,Simiyu,viola.simiyu12369@school.edu.ke
12370,Tobias,Munyua,tobias.munyua12370@pupils.ac.ke
12371,Consolata,Koech,consolata.koech12371@pupils.ac.ke
12372,Felix,Tarus,felix.tarus12372@school.edu.ke
12373,Zawadi,Abubakar,zawadi.abubakar12373@learner.ke
12374,Thomas,Lugwe,thomas.lugwe12374@student.ac.ke
12375,Olivia,Juma,olivia.juma12375@student.ac.ke
12376,Francis,Njenga,francis.njenga12376@school.edu.ke
12377,Bernard,Owino,bernard.owino12377@student.ac.ke
12378,Stella,Bakari,stella.bakari12378@student.ac.ke
12379,Noah,Hussein,noah.hussein12379@pupils.ac.ke
12380,Carol,Namukasa,carol.namukasa12380@school.edu.ke
12381,Ruth,Wanjiru,ruth.wanjiru12381@school.edu.ke
12382,Aisha,Gathoni,aisha.gathoni12382@students.org
12383,Tina,Awuor,tina.awuor12383@students.org
12384,Kathleen,Njenga,kathleen.njenga12384@school.edu.ke
12385,Lydia,Chege,lydia.chege12385@student.ac.ke
12386,Xolani,Kabiru,xolani.kabiru12386@students.org
12387,Felix,Auma,felix.auma12387@school.edu.ke
12388,Hassan,Owino,hassan.owino12388@school.edu.ke
12389,Yolanda,Chege,yolanda.chege12389@students.org
12390,Immaculate,Mutua,immaculate.mutua12390@pupils.ac.ke
12391,Gilbert,Otieno,gilbert.otieno12391@student.ac.ke
12392,Yusuf,Nganga,yusuf.nganga12392@learner.ke
12393,Hellen,Mwanzia,hellen.mwanzia12393@learner.ke
12394,Njoroge,Kamau,njoroge.kamau12394@learner.ke
12395,Gilbert,Mukhwana,gilbert.mukhwana12395@school.edu.ke
12396,Xolani,Muthoni,xolani.muthoni12396@student.ac.ke
12397,Ochieng,Warsame,ochieng.warsame12397@students.org
12398,Rebecca,Gitonga,rebecca.gitonga12398@school.edu.ke
12399,Zawadi,Jama,zawadi.jama12399@pupils.ac.ke
12400,Urbanus,Elias,urbanus.elias12400@student.ac.ke
12401,Felix,Anyango,felix.anyango12401@students.org
12402,Noah,Namukasa,noah.namukasa12402@pupils.ac.ke
12403,Zipporah,Katana,zipporah.katana12403@school.edu.ke
12404,Carol,Wekesa,carol.wekesa12404@learner.ke
12405,Umulkher,Njuguna,umulkher.njuguna12405@learner.ke
12406,Eunice,Jama,eunice.jama12406@learner.ke
12407,Ann,Kimani,ann.kimani12407@learner.ke
12408,Yusuf,Tarus,yusuf.tarus12408@student.ac.ke
12409,Urbanus,Okoth,urbanus.okoth12409@school.edu.ke
12410,Thomas,Masinde,thomas.masinde12410@pupils.ac.ke
12411,Hellen,Rotich,hellen.rotich12411@student.ac.ke
12412,Quinton,Mwamba,quinton.mwamba12412@students.org
12413,Jane,Munyua,jane.munyua12413@school.edu.ke
12414,Christine,Adhiambo,christine.adhiambo12414@students.org
12415,Thomas,Farah,thomas.farah12415@learner.ke
12416,Alice,Namukasa,alice.namukasa12416@pupils.ac.ke
12417,Samuel,Kiprono,samuel.kiprono12417@school.edu.ke
12418,Gilbert,Rotich,gilbert.rotich12418@students.org
12419,Samuel,Abubakar,samuel.abubakar12419@school.edu.ke
12420,Robert,Simiyu,robert.simiyu12420@students.org
12421,Robert,Abdi,robert.abdi12421@school.edu.ke
12422,Gilbert,Mugo,gilbert.mugo12422@school.edu.ke
12423,Ochieng,Omondi,ochieng.omondi12423@students.org
12424,Rebecca,Gathua,rebecca.gathua12424@student.ac.ke
12425,Xavier,Barasa,xavier.barasa12425@school.edu.ke
12426,Quinton,Odhiambo,quinton.odhiambo12426@learner.ke
12427,Benedict,Omar,benedict.omar12427@learner.ke
12428,Fredrick,Katana,fredrick.katana12428@learner.ke
12429,Thomas,Nyaga,thomas.nyaga12429@school.edu.ke
12430,Njoroge,Kiprono,njoroge.kiprono12430@school.edu.ke
12431,David,Mrisho,david.mrisho12431@students.org
12432,Boniface,Ogola,boniface.ogola12432@students.org
12433,Veronica,Munyua,veronica.munyua12433@school.edu.ke
12434,Zedekiah,Achieng,zedekiah.achieng12434@school.edu.ke
12435,Kevin,Odhiambo,kevin.odhiambo12435@learner.ke
12436,Khadija,Bakari,khadija.bakari12436@pupils.ac.ke
12437,Robert,Jama,robert.jama12437@students.org
12438,Julius,Elias,julius.elias12438@learner.ke
12439,Xavier,Mwanzia,xavier.mwanzia12439@pupils.ac.ke
12440,Leonard,Abdullahi,leonard.abdullahi12440@school.edu.ke
12441,Uchenna,Bett,uchenna.bett12441@school.edu.ke
12442,Esther,Omar,esther.omar12442@student.ac.ke
12443,Immaculate,Omar,immaculate.omar12443@school.edu.ke
12444,Stephen,Ngugi,stephen.ngugi12444@school.edu.ke
12445,Tina,Langat,tina.langat12445@student.ac.ke
12446,Wanjiku,Ibrahim,wanjiku.ibrahim12446@students.org
12447,Leonard,Bakari,leonard.bakari12447@learner.ke
12448,Hilary,Anyango,hilary.anyango12448@pupils.ac.ke
12449,Agnes,Nyaga,agnes.nyaga12449@student.ac.ke
12450,Alice,Juma,alice.juma12450@pupils.ac.ke
12451,Priscilla,Barasa,priscilla.barasa12451@pupils.ac.ke
12452,Boniface,Katana,boniface.katana12452@students.org
12453,Zedekiah,Wanjiru,zedekiah.wanjiru12453@students.org
12454,Fatuma,Dida,fatuma.dida12454@student.ac.ke
12455,Patrick,Macharia,patrick.macharia12455@pupils.ac.ke
12456,Hilary,Umar,hilary.umar12456@student.ac.ke
12457,Francis,Wairimu,francis.wairimu12457@students.org
12458,Zipporah,Juma,zipporah.juma12458@student.ac.ke
12459,Urbanus,Mukhwana,urbanus.mukhwana12459@students.org
12460,Uno,Njuguna,uno.njuguna12460@student.ac.ke
12461,Yvonne,Ouma,yvonne.ouma12461@pupils.ac.ke
12462,Zipporah,Onyango,zipporah.onyango12462@learner.ke
12463,Irena,Mutai,irena.mutai12463@pupils.ac.ke
12464,Lewis,Munyua,lewis.munyua12464@student.ac.ke
12465,Lydia,Wairimu,lydia.wairimu12465@school.edu.ke
12466,Irena,Wanga,irena.wanga12466@pupils.ac.ke
12467,Liam,Gathua,liam.gathua12467@students.org
12468,Olivia,Ruto,olivia.ruto12468@students.org
12469,Moses,Gathoni,moses.gathoni12469@school.edu.ke
12470,Zipporah,Omar,zipporah.omar12470@learner.ke
12471,Georgina,Odhiambo,georgina.odhiambo12471@school.edu.ke
12472,Hilary,Karanja,hilary.karanja12472@school.edu.ke
12473,Hilary,Gitonga,hilary.gitonga12473@learner.ke
12474,Purity,Bakari,purity.bakari12474@school.edu.ke
12475,Oscar,Irungu,oscar.irungu12475@student.ac.ke
12476,Liam,Gicheru,liam.gicheru12476@pupils.ac.ke
12477,Eutychus,Nabwire,eutychus.nabwire12477@student.ac.ke
12478,Quickson,Dida,quickson.dida12478@pupils.ac.ke
12479,Quinton,Okello,quinton.okello12479@students.org
12480,Boniface,Kiptoo,boniface.kiptoo12480@pupils.ac.ke
12481,Tabitha,Mwamba,tabitha.mwamba12481@student.ac.ke
12482,Viola,Mutai,viola.mutai12482@learner.ke
12483,Veronica,Nganga,veronica.nganga12483@school.edu.ke
12484,Uchenna,Koech,uchenna.koech12484@school.edu.ke
12485,Viola,Elias,viola.elias12485@student.ac.ke
12486,Christine,Simiyu,christine.simiyu12486@learner.ke
12487,Quinton,Mwenda,quinton.mwenda12487@pupils.ac.ke
12488,Kemunto,Njuguna,kemunto.njuguna12488@school.edu.ke
12489,Peter,Kiprono,peter.kiprono12489@school.edu.ke
12490,Amina,Njenga,amina.njenga12490@learner.ke
12491,Brian,Mohamed,brian.mohamed12491@pupils.ac.ke
12492,Miriam,Gathoni,miriam.gathoni12492@student.ac.ke
12493,Alice,Aden,alice.aden12493@school.edu.ke
12494,Baraka,Karanja,baraka.karanja12494@pupils.ac.ke
12495,Hilary,Omar,hilary.omar12495@pupils.ac.ke
12496,Khadija,Kuria,khadija.kuria12496@students.org
12497,Amina,Anyango,amina.anyango12497@students.org
12498,Joseph,Njenga,joseph.njenga12498@students.org
12499,Bernard,Umar,bernard.umar12499@school.edu.ke
12500,Grace,Ruto,grace.ruto12500@school.edu.ke
12501,Hassan,Mwathi,hassan.mwathi12501@learner.ke
12502,Esther,Koech,esther.koech12502@student.ac.ke
12503,Isaac,Gichuki,isaac.gichuki12503@students.org
12504,Mercy,Namukasa,mercy.namukasa12504@student.ac.ke
12505,Grace,Macharia,grace.macharia12505@pupils.ac.ke
12506,Wanjiku,Kiptoo,wanjiku.kiptoo12506@learner.ke
12507,Boniface,Nganga,boniface.nganga12507@students.org
12508,William,Ochieng,william.ochieng12508@students.org
12509,Wanjiku,Mohamed,wanjiku.mohamed12509@students.org
12510,Victoria,Njoroge,victoria.njoroge12510@student.ac.ke
12511,Viola,Onyango,viola.onyango12511@learner.ke
12512,Walter,Mwamba,walter.mwamba12512@student.ac.ke
12513,Uno,Farah,uno.farah12513@students.org
12514,Irene,Ouma,irene.ouma12514@pupils.ac.ke
12515,Robert,Wambua,robert.wambua12515@learner.ke
12516,Rashid,Nyambura,rashid.nyambura12516@pupils.ac.ke
12517,Quickson,Langat,quickson.langat12517@school.edu.ke
12518,Boniface,Kimani,boniface.kimani12518@student.ac.ke
12519,William,Irungu,william.irungu12519@students.org
12520,Liam,Noor,liam.noor12520@students.org
12521,Ximena,Dida,ximena.dida12521@learner.ke
12522,Douglas,Maina,douglas.maina12522@learner.ke
12523,Henry,Nyambura,henry.nyambura12523@students.org
12524,Consolata,Khaemba,consolata.khaemba12524@school.edu.ke
12525,Boniface,Mugo,boniface.mugo12525@pupils.ac.ke
12526,Patrick,Irungu,patrick.irungu12526@pupils.ac.ke
12527,Miriam,Simba,miriam.simba12527@school.edu.ke
12528,Boniface,Achieng,boniface.achieng12528@learner.ke
12529,Yvonne,Mwangi,yvonne.mwangi12529@student.ac.ke
12530,David,Sheikh,david.sheikh12530@student.ac.ke
12531,Ruth,Zuma,ruth.zuma12531@school.edu.ke
12532,Zaid,Munyua,zaid.munyua12532@pupils.ac.ke
12533,Benedict,Waweru,benedict.waweru12533@learner.ke
12534,Tobias,Wangari,tobias.wangari12534@school.edu.ke
12535,Brian,Githinji,brian.githinji12535@school.edu.ke
12536,Lydia,Owino,lydia.owino12536@learner.ke
12537,Yolanda,Omondi,yolanda.omondi12537@learner.ke
12538,Mercy,Jama,mercy.jama12538@students.org
12539,Purity,Mwenda,purity.mwenda12539@student.ac.ke
12540,Olivia,Abubakar,olivia.abubakar12540@learner.ke
12541,Stella,Hassan,stella.hassan12541@students.org
12542,Boniface,Odhiambo,boniface.odhiambo12542@school.edu.ke
12543,Yvonne,Namukasa,yvonne.namukasa12543@learner.ke
12544,Jane,Noor,jane.noor12544@pupils.ac.ke
12545,Zaid,Njoroge,zaid.njoroge12545@school.edu.ke
12546,Kathleen,Cheruiyot,kathleen.cheruiyot12546@pupils.ac.ke
12547,Rebecca,Namukasa,rebecca.namukasa12547@pupils.ac.ke
12548,Ximena,Tarus,ximena.tarus12548@pupils.ac.ke
12549,Stephen,Kimani,stephen.kimani12549@students.org
12550,Mercy,Mugo,mercy.mugo12550@learner.ke
12551,Urbanus,Wanjiru,urbanus.wanjiru12551@student.ac.ke
12552,Aisha,Gichuki,aisha.gichuki12552@learner.ke
12553,Zaid,Okello,zaid.okello12553@learner.ke
12554,Irene,Cheruiyot,irene.cheruiyot12554@learner.ke
12555,David,Masinde,david.masinde12555@pupils.ac.ke
12556,Dominic,Wanjiru,dominic.wanjiru12556@school.edu.ke
12557,William,Maina,william.maina12557@pupils.ac.ke
12558,Xavier,Kuria,xavier.kuria12558@student.ac.ke
12559,Ximena,Lugwe,ximena.lugwe12559@learner.ke
12560,Nancy,Mwanzia,nancy.mwanzia12560@learner.ke
12561,Nancy,Njoroge,nancy.njoroge12561@learner.ke
12562,Benedict,Gitonga,benedict.gitonga12562@pupils.ac.ke
12563,Eunice,Otiende,eunice.otiende12563@pupils.ac.ke
12564,Mercy,Ngetich,mercy.ngetich12564@students.org
12565,Mercy,Sang,mercy.sang12565@student.ac.ke
12566,Walter,Ochieng,walter.ochieng12566@student.ac.ke
12567,Wesley,Kogo,wesley.kogo12567@student.ac.ke
12568,Fredrick,Jama,fredrick.jama12568@student.ac.ke
12569,Zaid,Noor,zaid.noor12569@students.org
12570,Thomas,Bett,thomas.bett12570@learner.ke
12571,Kathleen,Irungu,kathleen.irungu12571@students.org
12572,Noah,Nyaga,noah.nyaga12572@learner.ke
12573,Sarah,Mwenda,sarah.mwenda12573@student.ac.ke
12574,Celestine,Wairimu,celestine.wairimu12574@school.edu.ke
12575,Aisha,Gathua,aisha.gathua12575@student.ac.ke
12576,Hilary,Mukhwana,hilary.mukhwana12576@students.org
12577,Olivia,Mwangi,olivia.mwangi12577@learner.ke
12578,Felix,Abubakar,felix.abubakar12578@students.org
12579,Liam,Namukasa,liam.namukasa12579@pupils.ac.ke
12580,Felix,Macharia,felix.macharia12580@students.org
12581,Viola,Nganga,viola.nganga12581@learner.ke
12582,Carol,Gichuki,carol.gichuki12582@learner.ke
12583,Eutychus,Langat,eutychus.langat12583@learner.ke
12584,Zawadi,Bett,zawadi.bett12584@learner.ke
12585,Joseph,Wanjiru,joseph.wanjiru12585@learner.ke
12586,Viola,Ibrahim,viola.ibrahim12586@student.ac.ke
12587,Immaculate,Cheruiyot,immaculate.cheruiyot12587@school.edu.ke
12588,Joseph,Gicheru,joseph.gicheru12588@student.ac.ke
12589,Consolata,Wangari,consolata.wangari12589@students.org
12590,Njoroge,Langat,njoroge.langat12590@students.org
12591,Tobias,Wamuyu,tobias.wamuyu12591@learner.ke
12592,Immaculate,Koech,immaculate.koech12592@learner.ke
12593,William,Anyango,william.anyango12593@school.edu.ke
12594,James,Simiyu,james.simiyu12594@students.org
12595,Stella,Gathoni,stella.gathoni12595@pupils.ac.ke
12596,Grace,Kiprono,grace.kiprono12596@student.ac.ke
12597,Julius,Njogu,julius.njogu12597@student.ac.ke
12598,Njoroge,Mukhwana,njoroge.mukhwana12598@student.ac.ke
12599,Liam,Farah,liam.farah12599@pupils.ac.ke
12600,Wanjiku,Dida,wanjiku.dida12600@students.org
12601,Yasmin,Njuguna,yasmin.njuguna12601@pupils.ac.ke
12602,Boniface,Khaemba,boniface.khaemba12602@learner.ke
12603,Rashid,Tarus,rashid.tarus12603@school.edu.ke
12604,Oscar,Mrisho,oscar.mrisho12604@students.org
12605,Khadija,Lugwe,khadija.lugwe12605@pupils.ac.ke
12606,Veronica,Kiprono,veronica.kiprono12606@student.ac.ke
12607,Bernard,Patel,bernard.patel12607@pupils.ac.ke
12608,Mary,Mohamed,mary.mohamed12608@learner.ke
12609,Kevin,Mureithi,kevin.mureithi12609@pupils.ac.ke
12610,Julius,Achieng,julius.achieng12610@school.edu.ke
12611,Sarah,Kioko,sarah.kioko12611@students.org
12612,Henry,Nabwire,henry.nabwire12612@pupils.ac.ke
12613,Xavier,Chege,xavier.chege12613@learner.ke
12614,Ximena,Kioko,ximena.kioko12614@learner.ke
12615,Hilary,Warsame,hilary.warsame12615@student.ac.ke
12616,Irene,Abdullahi,irene.abdullahi12616@student.ac.ke
12617,Tobias,Noor,tobias.noor12617@pupils.ac.ke
12618,Violet,Owino,violet.owino12618@learner.ke
12619,Alice,Gichuki,alice.gichuki12619@school.edu.ke
12620,Oprah,Macharia,oprah.macharia12620@pupils.ac.ke
12621,Bernard,Elias,bernard.elias12621@student.ac.ke
12622,Purity,Wangari,purity.wangari12622@student.ac.ke
12623,Yolanda,Onyango,yolanda.onyango12623@students.org
12624,Irena,Ali,irena.ali12624@students.org
12625,Benedict,Adhiambo,benedict.adhiambo12625@students.org
12626,Francis,Wamuyu,francis.wamuyu12626@school.edu.ke
12627,Kathleen,Mukhwana,kathleen.mukhwana12627@student.ac.ke
12628,Stella,Langat,stella.langat12628@students.org
12629,Edith,Ochieng,edith.ochieng12629@pupils.ac.ke
12630,Veronica,Ochieng,veronica.ochieng12630@learner.ke
12631,Samuel,Bakari,samuel.bakari12631@school.edu.ke
12632,Wanjiku,Nganga,wanjiku.nganga12632@student.ac.ke
12633,Ruth,Elias,ruth.elias12633@students.org
12634,Leonard,Gicheru,leonard.gicheru12634@students.org
12635,Zedekiah,Sheikh,zedekiah.sheikh12635@learner.ke
12636,Urbanus,Ndung'u,urbanus.ndungu12636@pupils.ac.ke
12637,Wanjiku,Simiyu,wanjiku.simiyu12637@pupils.ac.ke
12638,Irene,Kuria,irene.kuria12638@student.ac.ke
12639,Kevin,Tarus,kevin.tarus12639@students.org
12640,Viola,Tarus,viola.tarus12640@pupils.ac.ke
12641,Purity,Aden,purity.aden12641@student.ac.ke
12642,Liam,Ngetich,liam.ngetich12642@school.edu.ke
12643,Xenia,Lugwe,xenia.lugwe12643@student.ac.ke
12644,Tina,Koech,tina.koech12644@school.edu.ke
12645,Georgina,Wanjiru,georgina.wanjiru12645@learner.ke
12646,Yusuf,Munyua,yusuf.munyua12646@students.org
12647,Georgina,Kogo,georgina.kogo12647@school.edu.ke
12648,Kevin,Barasa,kevin.barasa12648@learner.ke
12649,Veronica,Okello,veronica.okello12649@learner.ke
12650,Edith,Elias,edith.elias12650@learner.ke
12651,Liam,Kabiru,liam.kabiru12651@student.ac.ke
12652,Boniface,Muthoni,boniface.muthoni12652@pupils.ac.ke
12653,Queen,Mwanzia,queen.mwanzia12653@learner.ke
12654,Hassan,Otiende,hassan.otiende12654@students.org
12655,Grace,Mwangi,grace.mwangi12655@students.org
12656,Celestine,Khaemba,celestine.khaemba12656@student.ac.ke
12657,Kemunto,Kioko,kemunto.kioko12657@student.ac.ke
12658,Eunice,Abdi,eunice.abdi12658@students.org
12659,Zipporah,Njuguna,zipporah.njuguna12659@learner.ke
12660,Oscar,Mwamba,oscar.mwamba12660@pupils.ac.ke
12661,Xolani,Abdi,xolani.abdi12661@students.org
12662,Baraka,Nganga,baraka.nganga12662@school.edu.ke
12663,Julius,Rotich,julius.rotich12663@school.edu.ke
12664,Urbanus,Mukhwana,urbanus.mukhwana12664@learner.ke
12665,Christine,Cheruiyot,christine.cheruiyot12665@learner.ke
12666,Isaac,Kiprono,isaac.kiprono12666@school.edu.ke
12667,Brian,Kariuki,brian.kariuki12667@student.ac.ke
12668,Sarah,Gathua,sarah.gathua12668@pupils.ac.ke
12669,Hellen,Abdi,hellen.abdi12669@school.edu.ke
12670,Khadija,Rotich,khadija.rotich12670@pupils.ac.ke
12671,Hilary,Ochieng,hilary.ochieng12671@students.org
12672,Douglas,Njenga,douglas.njenga12672@school.edu.ke
12673,Hilary,Muthoni,hilary.muthoni12673@pupils.ac.ke
12674,Tabitha,Tarus,tabitha.tarus12674@pupils.ac.ke
12675,Yusuf,Khaemba,yusuf.khaemba12675@school.edu.ke
12676,Xavier,Farah,xavier.farah12676@students.org
12677,Amina,Gichuki,amina.gichuki12677@pupils.ac.ke
12678,Quinton,Adhiambo,quinton.adhiambo12678@students.org
12679,Immaculate,Omar,immaculate.omar12679@students.org
12680,William,Nabwire,william.nabwire12680@student.ac.ke
12681,Esther,Mugo,esther.mugo12681@pupils.ac.ke
12682,Nancy,Otiende,nancy.otiende12682@student.ac.ke
12683,Xenia,Noor,xenia.noor12683@student.ac.ke
12684,Sarah,Irungu,sarah.irungu12684@students.org
12685,Tina,Nyaga,tina.nyaga12685@learner.ke
12686,Irena,Wairimu,irena.wairimu12686@student.ac.ke
12687,Patrick,Munyua,patrick.munyua12687@student.ac.ke
12688,Francis,Abdullahi,francis.abdullahi12688@student.ac.ke
12689,Kevin,Githinji,kevin.githinji12689@students.org
12690,Zaid,Kabiru,zaid.kabiru12690@learner.ke
12691,Boniface,Mutua,boniface.mutua12691@learner.ke
12692,Rebecca,Nyaga,rebecca.nyaga12692@student.ac.ke
12693,Julius,Mohamed,julius.mohamed12693@students.org
12694,Julius,Gichuki,julius.gichuki12694@learner.ke
12695,Christine,Khaemba,christine.khaemba12695@learner.ke
12696,Lewis,Mutai,lewis.mutai12696@student.ac.ke
12697,Lydia,Kuria,lydia.kuria12697@learner.ke
12698,Quinton,Ochieng,quinton.ochieng12698@students.org
12699,Henry,Kimani,henry.kimani12699@pupils.ac.ke
12700,Xenia,Mutai,xenia.mutai12700@students.org
12701,Grace,Nganga,grace.nganga12701@learner.ke
12702,Ann,Juma,ann.juma12702@students.org
12703,David,Owino,david.owino12703@pupils.ac.ke
12704,Khadija,Kiprono,khadija.kiprono12704@students.org
12705,James,Zuma,james.zuma12705@learner.ke
12706,Gladys,Kiprono,gladys.kiprono12706@students.org
12707,Joseph,Okoth,joseph.okoth12707@learner.ke
12708,Brian,Juma,brian.juma12708@student.ac.ke
12709,Alice,Sang,alice.sang12709@students.org
12710,Ruth,Cheruiyot,ruth.cheruiyot12710@pupils.ac.ke
12711,Walter,Simba,walter.simba12711@school.edu.ke
12712,Henry,Ochieng,henry.ochieng12712@school.edu.ke
12713,Leonard,Ruto,leonard.ruto12713@students.org
12714,Esther,Masinde,esther.masinde12714@student.ac.ke
12715,Sarah,Kuria,sarah.kuria12715@school.edu.ke
12716,Miriam,Lugwe,miriam.lugwe12716@pupils.ac.ke
12717,Viola,Mukhwana,viola.mukhwana12717@school.edu.ke
12718,Hellen,Ibrahim,hellen.ibrahim12718@school.edu.ke
12719,Aisha,Gichuki,aisha.gichuki12719@learner.ke
12720,Grace,Mureithi,grace.mureithi12720@learner.ke
12721,Tina,Tarus,tina.tarus12721@student.ac.ke
12722,Grace,Mutai,grace.mutai12722@pupils.ac.ke
12723,Agnes,Abdullahi,agnes.abdullahi12723@learner.ke
12724,Julius,Katana,julius.katana12724@students.org
12725,Dennis,Mwamba,dennis.mwamba12725@pupils.ac.ke
12726,Julius,Awuor,julius.awuor12726@school.edu.ke
12727,Quickson,Abdi,quickson.abdi12727@student.ac.ke
12728,Kemunto,Patel,kemunto.patel12728@pupils.ac.ke
12729,Xolani,Njogu,xolani.njogu12729@learner.ke
12730,Quickson,Abubakar,quickson.abubakar12730@student.ac.ke
12731,Mary,Wanjiru,mary.wanjiru12731@learner.ke
12732,Edith,Munyua,edith.munyua12732@learner.ke
12733,Rashid,Ogola,rashid.ogola12733@learner.ke
12734,Zaid,Ndung'u,zaid.ndungu12734@learner.ke
12735,Gilbert,Kabiru,gilbert.kabiru12735@pupils.ac.ke
12736,Irena,Mwenda,irena.mwenda12736@school.edu.ke
12737,Quinton,Njogu,quinton.njogu12737@students.org
12738,Viola,Bett,viola.bett12738@students.org
12739,Stella,Njogu,stella.njogu12739@school.edu.ke
12740,Ochieng,Wamuyu,ochieng.wamuyu12740@student.ac.ke
12741,Jane,Otieno,jane.otieno12741@student.ac.ke
12742,Brian,Omar,brian.omar12742@student.ac.ke
12743,Quickson,Macharia,quickson.macharia12743@pupils.ac.ke
12744,Tobias,Yegon,tobias.yegon12744@learner.ke
12745,Gladys,Bett,gladys.bett12745@student.ac.ke
12746,David,Njenga,david.njenga12746@student.ac.ke
12747,Hassan,Kuria,hassan.kuria12747@school.edu.ke
12748,Zedekiah,Githinji,zedekiah.githinji12748@student.ac.ke
12749,Nancy,Wambua,nancy.wambua12749@student.ac.ke
12750,Alice,Kiprono,alice.kiprono12750@pupils.ac.ke
12751,Hellen,Mrisho,hellen.mrisho12751@students.org
12752,Zaid,Ruto,zaid.ruto12752@student.ac.ke
12753,Moses,Ruto,moses.ruto12753@learner.ke
12754,Lewis,Sheikh,lewis.sheikh12754@student.ac.ke
12755,Eutychus,Mohamed,eutychus.mohamed12755@learner.ke
12756,Viola,Farah,viola.farah12756@learner.ke
12757,Gladys,Kiptoo,gladys.kiptoo12757@student.ac.ke
12758,Joseph,Nyaga,joseph.nyaga12758@student.ac.ke
12759,Xolani,Mukhwana,xolani.mukhwana12759@learner.ke
12760,Hassan,Awuor,hassan.awuor12760@learner.ke
12761,Wanjiku,Ibrahim,wanjiku.ibrahim12761@student.ac.ke
12762,Leonard,Kogo,leonard.kogo12762@students.org
12763,Zipporah,Sang,zipporah.sang12763@pupils.ac.ke
12764,Njoroge,Koech,njoroge.koech12764@students.org
12765,Viola,Abdi,viola.abdi12765@school.edu.ke
12766,Boniface,Mureithi,boniface.mureithi12766@student.ac.ke
12767,Fredrick,Elias,fredrick.elias12767@learner.ke
12768,Njoroge,Njoroge,njoroge.njoroge12768@student.ac.ke
12769,James,Gichuki,james.gichuki12769@learner.ke
12770,Wesley,Hussein,wesley.hussein12770@student.ac.ke
12771,Miriam,Cheruiyot,miriam.cheruiyot12771@student.ac.ke
12772,Esther,Ngugi,esther.ngugi12772@pupils.ac.ke
12773,Immaculate,Cheruiyot,immaculate.cheruiyot12773@learner.ke
12774,Zipporah,Gichuki,zipporah.gichuki12774@student.ac.ke
12775,Oprah,Dida,oprah.dida12775@pupils.ac.ke
12776,Kathleen,Abdi,kathleen.abdi12776@pupils.ac.ke
12777,Quinton,Nyaga,quinton.nyaga12777@student.ac.ke
12778,Samuel,Yegon,samuel.yegon12778@student.ac.ke
12779,Yusuf,Bakari,yusuf.bakari12779@pupils.ac.ke
12780,Peter,Mugo,peter.mugo12780@students.org
12781,Umulkher,Namukasa,umulkher.namukasa12781@learner.ke
12782,Agnes,Kimani,agnes.kimani12782@student.ac.ke
12783,Victoria,Wanjiru,victoria.wanjiru12783@learner.ke
12784,Khadija,Yator,khadija.yator12784@pupils.ac.ke
12785,Uno,Mwenda,uno.mwenda12785@learner.ke
12786,Fatuma,Kogo,fatuma.kogo12786@school.edu.ke
12787,Tabitha,Waweru,tabitha.waweru12787@pupils.ac.ke
12788,Hellen,Bett,hellen.bett12788@learner.ke
12789,Moses,Mukhwana,moses.mukhwana12789@student.ac.ke
12790,Dominic,Bakari,dominic.bakari12790@learner.ke
12791,Leonard,Muiru,leonard.muiru12791@pupils.ac.ke
12792,Ruth,Bett,ruth.bett12792@school.edu.ke
12793,Esther,Bett,esther.bett12793@student.ac.ke
12794,Priscilla,Karanja,priscilla.karanja12794@school.edu.ke
12795,Leonard,Mukhwana,leonard.mukhwana12795@student.ac.ke
12796,Yolanda,Gathoni,yolanda.gathoni12796@learner.ke
12797,Miriam,Wanjiru,miriam.wanjiru12797@pupils.ac.ke
12798,Carol,Njoroge,carol.njoroge12798@learner.ke
12799,Hassan,Masinde,hassan.masinde12799@student.ac.ke
12800,Agnes,Wambua,agnes.wambua12800@school.edu.ke
12801,Ann,Mwathi,ann.mwathi12801@students.org
12802,Hilary,Njogu,hilary.njogu12802@students.org
12803,Thomas,Juma,thomas.juma12803@students.org
12804,Dennis,Kariuki,dennis.kariuki12804@student.ac.ke
12805,Ruth,Koech,ruth.koech12805@pupils.ac.ke
12806,Gilbert,Kamau,gilbert.kamau12806@pupils.ac.ke
12807,Consolata,Waweru,consolata.waweru12807@school.edu.ke
12808,Moses,Mwathi,moses.mwathi12808@school.edu.ke
12809,Brian,Sang,brian.sang12809@student.ac.ke
12810,Noah,Umar,noah.umar12810@student.ac.ke
12811,Hilary,Munyua,hilary.munyua12811@school.edu.ke
12812,Yasmin,Omondi,yasmin.omondi12812@student.ac.ke
12813,Olivia,Aden,olivia.aden12813@students.org
12814,Zaid,Munyua,zaid.munyua12814@school.edu.ke
12815,Irene,Patel,irene.patel12815@school.edu.ke
12816,Douglas,Masinde,douglas.masinde12816@pupils.ac.ke
12817,Purity,Wambua,purity.wambua12817@students.org
12818,Samuel,Rotich,samuel.rotich12818@learner.ke
12819,Yolanda,Ngetich,yolanda.ngetich12819@student.ac.ke
12820,Yasmin,Sang,yasmin.sang12820@learner.ke
12821,Irene,Wambua,irene.wambua12821@learner.ke
12822,Sarah,Lugwe,sarah.lugwe12822@pupils.ac.ke
12823,Violet,Chege,violet.chege12823@learner.ke
12824,Tabitha,Mutai,tabitha.mutai12824@pupils.ac.ke
12825,Francis,Kabiru,francis.kabiru12825@student.ac.ke
12826,Robert,Ndung'u,robert.ndungu12826@students.org
12827,Xolani,Nyaga,xolani.nyaga12827@school.edu.ke
12828,Carol,Warsame,carol.warsame12828@student.ac.ke
12829,Amina,Mwangi,amina.mwangi12829@school.edu.ke
12830,Liam,Dida,liam.dida12830@students.org
12831,Kemunto,Ahmed,kemunto.ahmed12831@pupils.ac.ke
12832,Lydia,Kiprono,lydia.kiprono12832@school.edu.ke
12833,Sarah,Githinji,sarah.githinji12833@learner.ke
12834,Patrick,Hussein,patrick.hussein12834@pupils.ac.ke
12835,Eunice,Sang,eunice.sang12835@students.org
12836,Lydia,Njoroge,lydia.njoroge12836@students.org
12837,Xavier,Elias,xavier.elias12837@pupils.ac.ke
12838,Boniface,Gitonga,boniface.gitonga12838@learner.ke
12839,Tobias,Ahmed,tobias.ahmed12839@student.ac.ke
12840,Urbanus,Adhiambo,urbanus.adhiambo12840@school.edu.ke
12841,Peter,Nyambura,peter.nyambura12841@student.ac.ke
12842,Consolata,Nabwire,consolata.nabwire12842@students.org
12843,Naftali,Yegon,naftali.yegon12843@pupils.ac.ke
12844,Viola,Njuguna,viola.njuguna12844@school.edu.ke
12845,Joseph,Mutua,joseph.mutua12845@school.edu.ke
12846,Olivia,Okello,olivia.okello12846@school.edu.ke
12847,Kevin,Zuma,kevin.zuma12847@pupils.ac.ke
12848,Miriam,Sang,miriam.sang12848@school.edu.ke
12849,Isaac,Waweru,isaac.waweru12849@student.ac.ke
12850,Fatuma,Nabwire,fatuma.nabwire12850@learner.ke
12851,Aisha,Abdi,aisha.abdi12851@learner.ke
12852,Rashid,Munyua,rashid.munyua12852@pupils.ac.ke
12853,Felix,Macharia,felix.macharia12853@student.ac.ke
12854,Rebecca,Sang,rebecca.sang12854@school.edu.ke
12855,Ximena,Odhiambo,ximena.odhiambo12855@pupils.ac.ke
12856,Oprah,Gicheru,oprah.gicheru12856@student.ac.ke
12857,Eunice,Gathua,eunice.gathua12857@pupils.ac.ke
12858,Yasmin,Kabiru,yasmin.kabiru12858@learner.ke
12859,Christine,Kogo,christine.kogo12859@learner.ke
12860,Dennis,Nyaga,dennis.nyaga12860@student.ac.ke
12861,Purity,Achieng,purity.achieng12861@student.ac.ke
12862,Eunice,Juma,eunice.juma12862@pupils.ac.ke
12863,Zawadi,Mwamba,zawadi.mwamba12863@school.edu.ke
12864,James,Abdullahi,james.abdullahi12864@students.org
12865,Leonard,Mutua,leonard.mutua12865@pupils.ac.ke
12866,Sarah,Ngetich,sarah.ngetich12866@students.org
12867,Hilary,Sang,hilary.sang12867@pupils.ac.ke
12868,Walter,Rotich,walter.rotich12868@pupils.ac.ke
12869,Priscilla,Bett,priscilla.bett12869@learner.ke
12870,Immaculate,Kogo,immaculate.kogo12870@learner.ke
12871,Queen,Njoroge,queen.njoroge12871@students.org
12872,Hassan,Okoth,hassan.okoth12872@school.edu.ke
12873,Olivia,Mwanzia,olivia.mwanzia12873@pupils.ac.ke
12874,Hilary,Ahmed,hilary.ahmed12874@school.edu.ke
12875,Uno,Masinde,uno.masinde12875@school.edu.ke
12876,Lewis,Maina,lewis.maina12876@school.edu.ke
12877,Yolanda,Okello,yolanda.okello12877@students.org
12878,Violet,Gichuki,violet.gichuki12878@students.org
12879,Dennis,Gitonga,dennis.gitonga12879@pupils.ac.ke
12880,Patrick,Warsame,patrick.warsame12880@school.edu.ke
12881,Yasmin,Abdullahi,yasmin.abdullahi12881@pupils.ac.ke
12882,Joseph,Otieno,joseph.otieno12882@pupils.ac.ke
12883,Ruth,Anyango,ruth.anyango12883@school.edu.ke
12884,Purity,Abdi,purity.abdi12884@students.org
12885,Cynthia,Karanja,cynthia.karanja12885@school.edu.ke
12886,William,Mwangi,william.mwangi12886@pupils.ac.ke
12887,Felix,Waweru,felix.waweru12887@pupils.ac.ke
12888,Quinton,Mwenda,quinton.mwenda12888@students.org
12889,Esther,Farah,esther.farah12889@students.org
12890,Zipporah,Noor,zipporah.noor12890@student.ac.ke
12891,Georgina,Aden,georgina.aden12891@school.edu.ke
12892,Khadija,Wangari,khadija.wangari12892@student.ac.ke
12893,Lydia,Irungu,lydia.irungu12893@pupils.ac.ke
12894,Baraka,Kiprono,baraka.kiprono12894@learner.ke
12895,Lewis,Adhiambo,lewis.adhiambo12895@student.ac.ke
12896,Carol,Noor,carol.noor12896@learner.ke
12897,Uchenna,Dida,uchenna.dida12897@pupils.ac.ke
12898,William,Katana,william.katana12898@students.org
12899,David,Mohamed,david.mohamed12899@pupils.ac.ke
12900,Viola,Rotich,viola.rotich12900@pupils.ac.ke
12901,Xavier,Okello,xavier.okello12901@learner.ke
12902,Dominic,Sheikh,dominic.sheikh12902@student.ac.ke
12903,Dominic,Kariuki,dominic.kariuki12903@pupils.ac.ke
12904,Lydia,Namukasa,lydia.namukasa12904@students.org
12905,Esther,Ouma,esther.ouma12905@pupils.ac.ke
12906,Tina,Ogola,tina.ogola12906@students.org
12907,Samuel,Gichuki,samuel.gichuki12907@school.edu.ke
12908,Ximena,Abubakar,ximena.abubakar12908@student.ac.ke
12909,Consolata,Namukasa,consolata.namukasa12909@student.ac.ke
12910,Oprah,Njogu,oprah.njogu12910@learner.ke
12911,Grace,Gicheru,grace.gicheru12911@pupils.ac.ke
12912,Victoria,Sheikh,victoria.sheikh12912@students.org
12913,Felix,Nabwire,felix.nabwire12913@learner.ke
12914,Wanjiku,Mureithi,wanjiku.mureithi12914@students.org
12915,Nancy,Omondi,nancy.omondi12915@students.org
12916,Nancy,Nyaga,nancy.nyaga12916@school.edu.ke
12917,Robert,Namukasa,robert.namukasa12917@school.edu.ke
12918,Samuel,Gicheru,samuel.gicheru12918@pupils.ac.ke
12919,Ruth,Lugwe,ruth.lugwe12919@students.org
12920,Moses,Langat,moses.langat12920@school.edu.ke
12921,Purity,Khaemba,purity.khaemba12921@learner.ke
12922,Naftali,Abubakar,naftali.abubakar12922@pupils.ac.ke
12923,Joseph,Mutua,joseph.mutua12923@student.ac.ke
12924,Walter,Wekesa,walter.wekesa12924@pupils.ac.ke
12925,Leonard,Jama,leonard.jama12925@students.org
12926,Peter,Abdullahi,peter.abdullahi12926@students.org
12927,Jane,Umar,jane.umar12927@students.org
12928,Lewis,Hussein,lewis.hussein12928@students.org
12929,Walter,Patel,walter.patel12929@student.ac.ke
12930,Yvonne,Mohamed,yvonne.mohamed12930@student.ac.ke
12931,Khadija,Hassan,khadija.hassan12931@school.edu.ke
12932,Kemunto,Kariuki,kemunto.kariuki12932@student.ac.ke
12933,Violet,Okoth,violet.okoth12933@student.ac.ke
12934,Moses,Koech,moses.koech12934@pupils.ac.ke
12935,Thomas,Langat,thomas.langat12935@students.org
12936,Dominic,Kamau,dominic.kamau12936@learner.ke
12937,Christine,Abubakar,christine.abubakar12937@students.org
12938,Queen,Abdullahi,queen.abdullahi12938@learner.ke
12939,Christine,Ibrahim,christine.ibrahim12939@student.ac.ke
12940,Lewis,Bett,lewis.bett12940@student.ac.ke
12941,Carol,Patel,carol.patel12941@school.edu.ke
12942,Patrick,Mureithi,patrick.mureithi12942@learner.ke
12943,Benedict,Kabiru,benedict.kabiru12943@learner.ke
12944,Gilbert,Mureithi,gilbert.mureithi12944@learner.ke
12945,Leonard,Karanja,leonard.karanja12945@students.org
12946,Tabitha,Ibrahim,tabitha.ibrahim12946@pupils.ac.ke
12947,Mercy,Mugo,mercy.mugo12947@school.edu.ke
12948,Yolanda,Simiyu,yolanda.simiyu12948@school.edu.ke
12949,Yolanda,Awuor,yolanda.awuor12949@school.edu.ke
12950,Kathleen,Otiende,kathleen.otiende12950@learner.ke
12951,Viola,Zuma,viola.zuma12951@student.ac.ke
12952,Sarah,Khaemba,sarah.khaemba12952@learner.ke
12953,Hilary,Mutai,hilary.mutai12953@students.org
12954,Uchenna,Elias,uchenna.elias12954@students.org
12955,Kemunto,Ruto,kemunto.ruto12955@school.edu.ke
12956,Nancy,Bakari,nancy.bakari12956@school.edu.ke
12957,Uchenna,Adhiambo,uchenna.adhiambo12957@student.ac.ke
12958,Felix,Barasa,felix.barasa12958@students.org
12959,Queen,Ibrahim,queen.ibrahim12959@learner.ke
12960,Walter,Ruto,walter.ruto12960@school.edu.ke
12961,Urbanus,Dida,urbanus.dida12961@student.ac.ke
12962,Isaac,Barasa,isaac.barasa12962@learner.ke
12963,Sarah,Otiende,sarah.otiende12963@pupils.ac.ke
12964,Samuel,Kiptoo,samuel.kiptoo12964@students.org
12965,Mercy,Wambua,mercy.wambua12965@student.ac.ke
12966,Agnes,Aden,agnes.aden12966@school.edu.ke
12967,Hilary,Barasa,hilary.barasa12967@school.edu.ke
12968,Amina,Juma,amina.juma12968@students.org
12969,Naftali,Namukasa,naftali.namukasa12969@learner.ke
12970,Julius,Ouma,julius.ouma12970@students.org
12971,Isaac,Koech,isaac.koech12971@students.org
12972,Quinton,Ibrahim,quinton.ibrahim12972@learner.ke
12973,Lydia,Gicheru,lydia.gicheru12973@pupils.ac.ke
12974,Felix,Rotich,felix.rotich12974@students.org
12975,Olivia,Simiyu,olivia.simiyu12975@student.ac.ke
12976,Agnes,Njenga,agnes.njenga12976@school.edu.ke
12977,Georgina,Khaemba,georgina.khaemba12977@student.ac.ke
12978,Purity,Kimani,purity.kimani12978@students.org
12979,Fatuma,Bett,fatuma.bett12979@students.org
12980,Quickson,Yegon,quickson.yegon12980@learner.ke
12981,Zawadi,Kamau,zawadi.kamau12981@student.ac.ke
12982,Rebecca,Zuma,rebecca.zuma12982@pupils.ac.ke
12983,Jane,Ngugi,jane.ngugi12983@student.ac.ke
12984,Oprah,Hassan,oprah.hassan12984@school.edu.ke
12985,Leonard,Barasa,leonard.barasa12985@students.org
12986,Alice,Muthoni,alice.muthoni12986@student.ac.ke
12987,Isaac,Nabwire,isaac.nabwire12987@pupils.ac.ke
12988,Sarah,Elias,sarah.elias12988@pupils.ac.ke
12989,Walter,Mukhwana,walter.mukhwana12989@learner.ke
12990,Brian,Owino,brian.owino12990@learner.ke
12991,Tobias,Simiyu,tobias.simiyu12991@pupils.ac.ke
12992,Urbanus,Gitonga,urbanus.gitonga12992@school.edu.ke
12993,Quinton,Ibrahim,quinton.ibrahim12993@pupils.ac.ke
12994,Zaid,Ibrahim,zaid.ibrahim12994@learner.ke
12995,Uchenna,Simba,uchenna.simba12995@pupils.ac.ke
12996,Quinton,Ahmed,quinton.ahmed12996@school.edu.ke
12997,Yasmin,Kuria,yasmin.kuria12997@student.ac.ke
12998,Sarah,Langat,sarah.langat12998@learner.ke
12999,Julius,Nyambura,julius.nyambura12999@learner.ke
13000,Irene,Karanja,irene.karanja13000@pupils.ac.ke
