admission_number,first_name,last_name,email
70000,Beatrice,Mumo,beatrice.mumo70000@academy.ac.ke
70001,Lydia,Chebet,lydia.chebet70001@college.ac.ke
70002,Harold,Njoki,harold.njoki70002@school.ac.ke
70003,Mary,Owino,mary.owino70003@academy.ac.ke
70004,Peter,Njoroge,peter.njoroge70004@students.ac.ke
70005,Lydia,Ibrahim,lydia.ibrahim70005@college.ac.ke
70006,Harold,Wanjiku,harold.wanjiku70006@academy.ac.ke
70007,Brian,Kamau,brian.kamau70007@uni.ac.ke
70008,Hannah,Okello,hannah.okello70008@college.ac.ke
70009,Bernard,Khalid,bernard.khalid70009@school.ac.ke
70010,Peter,Wanjiku,peter.wanjiku70010@school.ac.ke
70011,Bernard,Juma,bernard.juma70011@students.ac.ke
70012,Beatrice,Kinyua,beatrice.kinyua70012@students.ac.ke
70013,Alice,Gitonga,alice.gitonga70013@college.ac.ke
70014,Gladys,Owino,gladys.owino70014@uni.ac.ke
70015,Thomas,Okello,thomas.okello70015@uni.ac.ke
70016,Lydia,Njuguna,lydia.njuguna70016@uni.ac.ke
70017,Moses,Omar,moses.omar70017@college.ac.ke
70018,Joy,Kiprotich,joy.kiprotich70018@students.ac.ke
70019,Joseph,Ahmed,joseph.ahmed70019@college.ac.ke
70020,Diana,Kinyua,diana.kinyua70020@academy.ac.ke
70021,Edith,Mwenda,edith.mwenda70021@school.ac.ke
70022,Beatrice,Kiprotich,beatrice.kiprotich70022@college.ac.ke
70023,Joyce,Koech,joyce.koech70023@students.ac.ke
70024,Esther,Njuguna,esther.njuguna70024@college.ac.ke
70025,Edwin,Mumo,edwin.mumo70025@school.ac.ke
70026,Peter,Awuor,peter.awuor70026@students.ac.ke
70027,Jacob,Ngetich,jacob.ngetich70027@school.ac.ke
70028,Kenneth,Koech,kenneth.koech70028@school.ac.ke
70029,Julian,Musyoka,julian.musyoka70029@school.ac.ke
70030,Victor,Owino,victor.owino70030@students.ac.ke
70031,Bernard,Okello,bernard.okello70031@school.ac.ke
70032,Hannah,Kasyoka,hannah.kasyoka70032@school.ac.ke
70033,Florence,Farah,florence.farah70033@school.ac.ke
70034,Daniel,Omondi,daniel.omondi70034@uni.ac.ke
70035,Douglas,Akumu,douglas.akumu70035@school.ac.ke
70036,Gloria,Mumo,gloria.mumo70036@college.ac.ke
70037,David,Juma,david.juma70037@school.ac.ke
70038,John,Gitau,john.gitau70038@school.ac.ke
70039,John,Njoki,john.njoki70039@uni.ac.ke
70040,Grace,Maina,grace.maina70040@students.ac.ke
70041,Jacob,Farah,jacob.farah70041@academy.ac.ke
70042,Lydia,Lagat,lydia.lagat70042@academy.ac.ke
70043,Samuel,Awuor,samuel.awuor70043@school.ac.ke
70044,David,Ahmed,david.ahmed70044@uni.ac.ke
70045,Mary,Lagat,mary.lagat70045@academy.ac.ke
70046,George,Mbatha,george.mbatha70046@college.ac.ke
70047,Diana,Njoroge,diana.njoroge70047@academy.ac.ke
70048,Peter,Awuor,peter.awuor70048@academy.ac.ke
70049,Jacob,Musyoka,jacob.musyoka70049@academy.ac.ke
70050,Hannah,Kinyua,hannah.kinyua70050@academy.ac.ke
70051,Ivan,Nduku,ivan.nduku70051@students.ac.ke
70052,John,Ochieng,john.ochieng70052@students.ac.ke
70053,Peter,Muturi,peter.muturi70053@uni.ac.ke
70054,Mary,Mwenda,mary.mwenda70054@college.ac.ke
70055,Grace,Okello,grace.okello70055@college.ac.ke
70056,Betty,Onyango,betty.onyango70056@uni.ac.ke
70057,Joy,Kiptoo,joy.kiptoo70057@students.ac.ke
70058,Julian,Ngetich,julian.ngetich70058@college.ac.ke
70059,Gordon,Ndegwa,gordon.ndegwa70059@uni.ac.ke
70060,Quentin,Gichuki,quentin.gichuki70060@students.ac.ke
70061,Eric,Maina,eric.maina70061@students.ac.ke
70062,Brian,Mumo,brian.mumo70062@academy.ac.ke
70063,Raymond,Mbatha,raymond.mbatha70063@school.ac.ke
70064,Joy,Kinyua,joy.kinyua70064@academy.ac.ke
70065,Francis,Okello,francis.okello70065@uni.ac.ke
70066,Frances,Abdi,frances.abdi70066@students.ac.ke
70067,Betty,Adhiambo,betty.adhiambo70067@uni.ac.ke
70068,Peter,Kinyua,peter.kinyua70068@academy.ac.ke
70069,Alice,Lagat,alice.lagat70069@school.ac.ke
70070,Bernard,Nduku,bernard.nduku70070@uni.ac.ke
70071,Joy,Gitau,joy.gitau70071@college.ac.ke
70072,Carol,Mwenda,carol.mwenda70072@uni.ac.ke
70073,Charles,Wairimu,charles.wairimu70073@academy.ac.ke
70074,Julian,Adhiambo,julian.adhiambo70074@academy.ac.ke
70075,Diana,Mbatha,diana.mbatha70075@school.ac.ke
70076,Esther,Gichuki,esther.gichuki70076@uni.ac.ke
70077,Henry,Mwenda,henry.mwenda70077@academy.ac.ke
70078,Robert,Adhiambo,robert.adhiambo70078@students.ac.ke
70079,Helen,Onyango,helen.onyango70079@college.ac.ke
70080,Agnes,Ngetich,agnes.ngetich70080@college.ac.ke
70081,Eleanor,Gitau,eleanor.gitau70081@college.ac.ke
70082,George,Bett,george.bett70082@students.ac.ke
70083,Irene,Wanjiku,irene.wanjiku70083@college.ac.ke
70084,Thomas,Bett,thomas.bett70084@uni.ac.ke
70085,Hannah,Ahmed,hannah.ahmed70085@college.ac.ke
70086,Gordon,Khalid,gordon.khalid70086@school.ac.ke
70087,John,Musa,john.musa70087@college.ac.ke
70088,Irene,Njoki,irene.njoki70088@college.ac.ke
70089,Janet,Mutai,janet.mutai70089@students.ac.ke
70090,John,Akumu,john.akumu70090@students.ac.ke
70091,Raymond,Odhiambo,raymond.odhiambo70091@college.ac.ke
70092,Agnes,Mutisya,agnes.mutisya70092@school.ac.ke
70093,Esther,Mutisya,esther.mutisya70093@uni.ac.ke
70094,Gloria,Kimani,gloria.kimani70094@academy.ac.ke
70095,Catherine,Owino,catherine.owino70095@uni.ac.ke
70096,Francis,Ndegwa,francis.ndegwa70096@uni.ac.ke
70097,Alice,Lagat,alice.lagat70097@students.ac.ke
70098,Janet,Abdi,janet.abdi70098@academy.ac.ke
70099,Naomi,Kiprotich,naomi.kiprotich70099@school.ac.ke
70100,Dennis,Abdi,dennis.abdi70100@students.ac.ke
70101,Brian,Kasyoka,brian.kasyoka70101@college.ac.ke
70102,Lydia,Njoroge,lydia.njoroge70102@academy.ac.ke
70103,Hannah,Kyalo,hannah.kyalo70103@college.ac.ke
70104,Ivan,Kariuki,ivan.kariuki70104@students.ac.ke
70105,David,Farah,david.farah70105@academy.ac.ke
70106,Eric,Onyango,eric.onyango70106@students.ac.ke
70107,Gordon,Otieno,gordon.otieno70107@uni.ac.ke
70108,Lewis,Abdi,lewis.abdi70108@academy.ac.ke
70109,Ruth,Kamau,ruth.kamau70109@uni.ac.ke
70110,Raymond,Mutua,raymond.mutua70110@school.ac.ke
70111,David,Mwenda,david.mwenda70111@uni.ac.ke
70112,Helen,Ndegwa,helen.ndegwa70112@students.ac.ke
70113,Peter,Musa,peter.musa70113@uni.ac.ke
70114,Mary,Njoki,mary.njoki70114@academy.ac.ke
70115,Eric,Akumu,eric.akumu70115@college.ac.ke
70116,Kenneth,Njoroge,kenneth.njoroge70116@academy.ac.ke
70117,Robert,Chebet,robert.chebet70117@academy.ac.ke
70118,Janet,Wairimu,janet.wairimu70118@academy.ac.ke
70119,David,Kyalo,david.kyalo70119@students.ac.ke
70120,Alice,Musyoka,alice.musyoka70120@uni.ac.ke
70121,Lydia,Waweru,lydia.waweru70121@academy.ac.ke
70122,Henry,Wanjiku,henry.wanjiku70122@school.ac.ke
70123,John,Mutua,john.mutua70123@academy.ac.ke
70124,Irene,Musa,irene.musa70124@academy.ac.ke
70125,Edwin,Onyango,edwin.onyango70125@uni.ac.ke
70126,George,Gitau,george.gitau70126@uni.ac.ke
70127,Irene,Maina,irene.maina70127@students.ac.ke
70128,Frances,Odhiambo,frances.odhiambo70128@academy.ac.ke
70129,Kevin,Gitonga,kevin.gitonga70129@academy.ac.ke
70130,Betty,Kyalo,betty.kyalo70130@school.ac.ke
70131,Jacob,Koech,jacob.koech70131@academy.ac.ke
70132,Adrian,Ruto,adrian.ruto70132@students.ac.ke
70133,Ruth,Khalid,ruth.khalid70133@students.ac.ke
70134,Hannah,Njoroge,hannah.njoroge70134@college.ac.ke
70135,James,Koech,james.koech70135@school.ac.ke
70136,Isaac,Ruto,isaac.ruto70136@college.ac.ke
70137,Hannah,Musa,hannah.musa70137@uni.ac.ke
70138,Quentin,Akumu,quentin.akumu70138@uni.ac.ke
70139,Carol,Yusuf,carol.yusuf70139@school.ac.ke
70140,Joy,Bett,joy.bett70140@uni.ac.ke
70141,Charles,Mwenda,charles.mwenda70141@school.ac.ke
70142,Agnes,Abdi,agnes.abdi70142@students.ac.ke
70143,Paul,Kinyua,paul.kinyua70143@school.ac.ke
70144,Gloria,Nzomo,gloria.nzomo70144@school.ac.ke
70145,Lydia,Abdi,lydia.abdi70145@college.ac.ke
70146,Kenneth,Awuor,kenneth.awuor70146@students.ac.ke
70147,George,Mutua,george.mutua70147@academy.ac.ke
70148,Helen,Nduku,helen.nduku70148@academy.ac.ke
70149,William,Otieno,william.otieno70149@students.ac.ke
70150,Jacob,Kiprotich,jacob.kiprotich70150@academy.ac.ke
70151,Lydia,Adhiambo,lydia.adhiambo70151@college.ac.ke
70152,Bernard,Lagat,bernard.lagat70152@students.ac.ke
70153,Moses,Kimani,moses.kimani70153@college.ac.ke
70154,Hannah,Odhiambo,hannah.odhiambo70154@academy.ac.ke
70155,Gordon,Kinyua,gordon.kinyua70155@school.ac.ke
70156,Dennis,Maina,dennis.maina70156@students.ac.ke
70157,Kevin,Nduku,kevin.nduku70157@school.ac.ke
70158,Carol,Achieng,carol.achieng70158@uni.ac.ke
70159,Ivan,Kiptoo,ivan.kiptoo70159@students.ac.ke
70160,Joseph,Omar,joseph.omar70160@students.ac.ke
70161,Gladys,Awuor,gladys.awuor70161@students.ac.ke
70162,Joseph,Khalid,joseph.khalid70162@academy.ac.ke
70163,Paul,Kyalo,paul.kyalo70163@uni.ac.ke
70164,Eric,Rotich,eric.rotich70164@school.ac.ke
70165,Kenneth,Muturi,kenneth.muturi70165@academy.ac.ke
70166,Victor,Abdi,victor.abdi70166@school.ac.ke
70167,Daniel,Yusuf,daniel.yusuf70167@uni.ac.ke
70168,Adrian,Waweru,adrian.waweru70168@students.ac.ke
70169,Quentin,Mbatha,quentin.mbatha70169@academy.ac.ke
70170,Edwin,Njuguna,edwin.njuguna70170@uni.ac.ke
70171,James,Farah,james.farah70171@academy.ac.ke
70172,Beatrice,Khalid,beatrice.khalid70172@college.ac.ke
70173,Catherine,Owino,catherine.owino70173@academy.ac.ke
70174,Isaac,Ochieng,isaac.ochieng70174@school.ac.ke
70175,Oscar,Njoki,oscar.njoki70175@uni.ac.ke
70176,Michael,Awuor,michael.awuor70176@students.ac.ke
70177,Irene,Omondi,irene.omondi70177@college.ac.ke
70178,Gladys,Rotich,gladys.rotich70178@uni.ac.ke
70179,Beatrice,Musyoka,beatrice.musyoka70179@uni.ac.ke
70180,Frances,Okello,frances.okello70180@uni.ac.ke
70181,Ivan,Okello,ivan.okello70181@academy.ac.ke
70182,Harriet,Musa,harriet.musa70182@students.ac.ke
70183,Paul,Odhiambo,paul.odhiambo70183@uni.ac.ke
70184,Raymond,Ochieng,raymond.ochieng70184@academy.ac.ke
70185,Quentin,Musa,quentin.musa70185@school.ac.ke
70186,Diana,Omar,diana.omar70186@college.ac.ke
70187,Lewis,Gathoni,lewis.gathoni70187@school.ac.ke
70188,Moses,Bett,moses.bett70188@college.ac.ke
70189,Gloria,Gitau,gloria.gitau70189@uni.ac.ke
70190,Beatrice,Mwangi,beatrice.mwangi70190@school.ac.ke
70191,Jacob,Kinyua,jacob.kinyua70191@academy.ac.ke
70192,Paul,Awuor,paul.awuor70192@academy.ac.ke
70193,Edith,Ndegwa,edith.ndegwa70193@school.ac.ke
70194,Betty,Musa,betty.musa70194@uni.ac.ke
70195,Isaac,Ndegwa,isaac.ndegwa70195@school.ac.ke
70196,Lewis,Akumu,lewis.akumu70196@students.ac.ke
70197,James,Njoki,james.njoki70197@academy.ac.ke
70198,Thomas,Gitau,thomas.gitau70198@students.ac.ke
70199,Lydia,Akumu,lydia.akumu70199@academy.ac.ke
70200,Joseph,Yusuf,joseph.yusuf70200@school.ac.ke
70201,Harriet,Odhiambo,harriet.odhiambo70201@academy.ac.ke
70202,Hope,Ochieng,hope.ochieng70202@college.ac.ke
70203,Joy,Gichuki,joy.gichuki70203@students.ac.ke
70204,Bernard,Nduku,bernard.nduku70204@uni.ac.ke
70205,Bernard,Achieng,bernard.achieng70205@uni.ac.ke
70206,Agnes,Ibrahim,agnes.ibrahim70206@uni.ac.ke
70207,Daniel,Ahmed,daniel.ahmed70207@college.ac.ke
70208,Diana,Mutai,diana.mutai70208@academy.ac.ke
70209,Catherine,Omondi,catherine.omondi70209@uni.ac.ke
70210,William,Abdi,william.abdi70210@uni.ac.ke
70211,Adrian,Mutua,adrian.mutua70211@academy.ac.ke
70212,Robert,Kimani,robert.kimani70212@academy.ac.ke
70213,Philip,Ahmed,philip.ahmed70213@academy.ac.ke
70214,Noah,Gichuki,noah.gichuki70214@school.ac.ke
70215,George,Achieng,george.achieng70215@academy.ac.ke
70216,Lewis,Omar,lewis.omar70216@academy.ac.ke
70217,Florence,Kiprotich,florence.kiprotich70217@academy.ac.ke
70218,Paul,Omondi,paul.omondi70218@uni.ac.ke
70219,Naomi,Kariuki,naomi.kariuki70219@college.ac.ke
70220,Kevin,Ibrahim,kevin.ibrahim70220@college.ac.ke
70221,Paul,Omondi,paul.omondi70221@college.ac.ke
70222,Michael,Abdi,michael.abdi70222@school.ac.ke
70223,Eric,Mumo,eric.mumo70223@students.ac.ke
70224,Beatrice,Mbatha,beatrice.mbatha70224@students.ac.ke
70225,Philip,Wairimu,philip.wairimu70225@college.ac.ke
70226,Helen,Owino,helen.owino70226@academy.ac.ke
70227,Raymond,Kyalo,raymond.kyalo70227@academy.ac.ke
70228,Diana,Mutisya,diana.mutisya70228@school.ac.ke
70229,Mary,Hassan,mary.hassan70229@college.ac.ke
70230,Hannah,Nzomo,hannah.nzomo70230@school.ac.ke
70231,William,Nduku,william.nduku70231@uni.ac.ke
70232,Irene,Abdi,irene.abdi70232@college.ac.ke
70233,Hope,Wairimu,hope.wairimu70233@academy.ac.ke
70234,Gordon,Wairimu,gordon.wairimu70234@uni.ac.ke
70235,George,Awuor,george.awuor70235@uni.ac.ke
70236,Faith,Ogolla,faith.ogolla70236@academy.ac.ke
70237,Naomi,Otieno,naomi.otieno70237@academy.ac.ke
70238,George,Chebet,george.chebet70238@academy.ac.ke
70239,Hannah,Achieng,hannah.achieng70239@college.ac.ke
70240,Hannah,Kyalo,hannah.kyalo70240@college.ac.ke
70241,Dennis,Juma,dennis.juma70241@uni.ac.ke
70242,Lewis,Nzomo,lewis.nzomo70242@school.ac.ke
70243,Alice,Yusuf,alice.yusuf70243@academy.ac.ke
70244,Harriet,Njuguna,harriet.njuguna70244@uni.ac.ke
70245,Frances,Wairimu,frances.wairimu70245@college.ac.ke
70246,Agnes,Kamau,agnes.kamau70246@college.ac.ke
70247,Grace,Awuor,grace.awuor70247@students.ac.ke
70248,Hannah,Nzomo,hannah.nzomo70248@academy.ac.ke
70249,Michael,Njuguna,michael.njuguna70249@uni.ac.ke
70250,David,Waweru,david.waweru70250@academy.ac.ke
70251,Noah,Ogolla,noah.ogolla70251@college.ac.ke
70252,Irene,Wanjiku,irene.wanjiku70252@academy.ac.ke
70253,Irene,Kariuki,irene.kariuki70253@academy.ac.ke
70254,Betty,Kimani,betty.kimani70254@uni.ac.ke
70255,Irene,Wairimu,irene.wairimu70255@uni.ac.ke
70256,Esther,Kimani,esther.kimani70256@uni.ac.ke
70257,Catherine,Nduku,catherine.nduku70257@college.ac.ke
70258,Hope,Chebet,hope.chebet70258@academy.ac.ke
70259,Hope,Hassan,hope.hassan70259@uni.ac.ke
70260,Mary,Mbatha,mary.mbatha70260@academy.ac.ke
70261,Janet,Ibrahim,janet.ibrahim70261@academy.ac.ke
70262,James,Achieng,james.achieng70262@uni.ac.ke
70263,Henry,Maina,henry.maina70263@college.ac.ke
70264,Dorothy,Omar,dorothy.omar70264@school.ac.ke
70265,Hannah,Otieno,hannah.otieno70265@academy.ac.ke
70266,Henry,Maina,henry.maina70266@college.ac.ke
70267,Oscar,Bett,oscar.bett70267@uni.ac.ke
70268,Hannah,Rotich,hannah.rotich70268@academy.ac.ke
70269,Francis,Farah,francis.farah70269@school.ac.ke
70270,Carol,Omar,carol.omar70270@college.ac.ke
70271,Diana,Kiprotich,diana.kiprotich70271@school.ac.ke
70272,Eric,Koech,eric.koech70272@college.ac.ke
70273,Adrian,Mbatha,adrian.mbatha70273@school.ac.ke
70274,Philip,Kasyoka,philip.kasyoka70274@academy.ac.ke
70275,Ruth,Mutisya,ruth.mutisya70275@academy.ac.ke
70276,Henry,Waweru,henry.waweru70276@academy.ac.ke
70277,Catherine,Kimani,catherine.kimani70277@college.ac.ke
70278,Philip,Gitonga,philip.gitonga70278@students.ac.ke
70279,Thomas,Odhiambo,thomas.odhiambo70279@college.ac.ke
70280,Carol,Waweru,carol.waweru70280@academy.ac.ke
70281,Oscar,Wanjiku,oscar.wanjiku70281@academy.ac.ke
70282,Grace,Khalid,grace.khalid70282@academy.ac.ke
70283,Francis,Abdi,francis.abdi70283@students.ac.ke
70284,Henry,Mbatha,henry.mbatha70284@students.ac.ke
70285,Carol,Onyango,carol.onyango70285@students.ac.ke
70286,Grace,Ahmed,grace.ahmed70286@students.ac.ke
70287,Douglas,Okello,douglas.okello70287@college.ac.ke
70288,Robert,Kiptoo,robert.kiptoo70288@academy.ac.ke
70289,Kenneth,Kariuki,kenneth.kariuki70289@school.ac.ke
70290,Quentin,Kyalo,quentin.kyalo70290@uni.ac.ke
70291,Catherine,Adhiambo,catherine.adhiambo70291@college.ac.ke
70292,Thomas,Mutisya,thomas.mutisya70292@school.ac.ke
70293,Esther,Yusuf,esther.yusuf70293@school.ac.ke
70294,Joseph,Akumu,joseph.akumu70294@school.ac.ke
70295,Adrian,Waweru,adrian.waweru70295@uni.ac.ke
70296,Alice,Maina,alice.maina70296@college.ac.ke
70297,Joy,Hassan,joy.hassan70297@college.ac.ke
70298,Lydia,Owino,lydia.owino70298@school.ac.ke
70299,Mary,Kasyoka,mary.kasyoka70299@students.ac.ke
70300,James,Kyalo,james.kyalo70300@school.ac.ke
70301,Ivan,Odhiambo,ivan.odhiambo70301@students.ac.ke
70302,Michael,Kinyua,michael.kinyua70302@students.ac.ke
70303,Thomas,Nzomo,thomas.nzomo70303@college.ac.ke
70304,Dorothy,Farah,dorothy.farah70304@college.ac.ke
70305,Philip,Waweru,philip.waweru70305@college.ac.ke
70306,Eric,Yusuf,eric.yusuf70306@school.ac.ke
70307,Dennis,Nduku,dennis.nduku70307@students.ac.ke
70308,Simon,Njoroge,simon.njoroge70308@college.ac.ke
70309,Harriet,Muturi,harriet.muturi70309@school.ac.ke
70310,Harold,Lagat,harold.lagat70310@academy.ac.ke
70311,Faith,Hassan,faith.hassan70311@students.ac.ke
70312,Paul,Mutua,paul.mutua70312@college.ac.ke
70313,Carol,Ruto,carol.ruto70313@school.ac.ke
70314,Philip,Gitau,philip.gitau70314@academy.ac.ke
70315,Harold,Koech,harold.koech70315@uni.ac.ke
70316,Raymond,Waweru,raymond.waweru70316@uni.ac.ke
70317,Dorothy,Ibrahim,dorothy.ibrahim70317@academy.ac.ke
70318,Betty,Hassan,betty.hassan70318@college.ac.ke
70319,Philip,Mutisya,philip.mutisya70319@uni.ac.ke
70320,James,Musa,james.musa70320@college.ac.ke
70321,Bernard,Musyoka,bernard.musyoka70321@students.ac.ke
70322,John,Kimani,john.kimani70322@academy.ac.ke
70323,Lydia,Kimani,lydia.kimani70323@students.ac.ke
70324,Victor,Gitau,victor.gitau70324@college.ac.ke
70325,Adrian,Otieno,adrian.otieno70325@school.ac.ke
70326,Bernard,Hassan,bernard.hassan70326@academy.ac.ke
70327,Lydia,Hassan,lydia.hassan70327@uni.ac.ke
70328,Oscar,Kinyua,oscar.kinyua70328@academy.ac.ke
70329,Dorothy,Yusuf,dorothy.yusuf70329@school.ac.ke
70330,Julian,Awuor,julian.awuor70330@college.ac.ke
70331,Harriet,Mbatha,harriet.mbatha70331@school.ac.ke
70332,Thomas,Chebet,thomas.chebet70332@school.ac.ke
70333,Peter,Njuguna,peter.njuguna70333@college.ac.ke
70334,Bernard,Ahmed,bernard.ahmed70334@college.ac.ke
70335,George,Musa,george.musa70335@college.ac.ke
70336,Eleanor,Njoki,eleanor.njoki70336@college.ac.ke
70337,Paul,Koech,paul.koech70337@academy.ac.ke
70338,Naomi,Kariuki,naomi.kariuki70338@students.ac.ke
70339,Daniel,Nzomo,daniel.nzomo70339@college.ac.ke
70340,David,Mumo,david.mumo70340@academy.ac.ke
70341,Florence,Juma,florence.juma70341@uni.ac.ke
70342,Paul,Kasyoka,paul.kasyoka70342@uni.ac.ke
70343,Robert,Koech,robert.koech70343@school.ac.ke
70344,Noah,Juma,noah.juma70344@academy.ac.ke
70345,Francis,Juma,francis.juma70345@academy.ac.ke
70346,Diana,Kariuki,diana.kariuki70346@uni.ac.ke
70347,Kenneth,Farah,kenneth.farah70347@school.ac.ke
70348,Paul,Ruto,paul.ruto70348@academy.ac.ke
70349,Jacob,Mutua,jacob.mutua70349@students.ac.ke
70350,John,Ogolla,john.ogolla70350@academy.ac.ke
70351,Isaac,Mutisya,isaac.mutisya70351@uni.ac.ke
70352,Esther,Kasyoka,esther.kasyoka70352@school.ac.ke
70353,Raymond,Otieno,raymond.otieno70353@academy.ac.ke
70354,Ivan,Owino,ivan.owino70354@college.ac.ke
70355,Charles,Kimani,charles.kimani70355@school.ac.ke
70356,Lydia,Kyalo,lydia.kyalo70356@uni.ac.ke
70357,Carol,Yusuf,carol.yusuf70357@uni.ac.ke
70358,Adrian,Wairimu,adrian.wairimu70358@school.ac.ke
70359,Kenneth,Ahmed,kenneth.ahmed70359@college.ac.ke
70360,Lydia,Waweru,lydia.waweru70360@academy.ac.ke
70361,Frances,Gitau,frances.gitau70361@academy.ac.ke
70362,Alice,Onyango,alice.onyango70362@academy.ac.ke
70363,Thomas,Waweru,thomas.waweru70363@uni.ac.ke
70364,Daniel,Awuor,daniel.awuor70364@college.ac.ke
70365,George,Okello,george.okello70365@academy.ac.ke
70366,Thomas,Musa,thomas.musa70366@uni.ac.ke
70367,Bernard,Ibrahim,bernard.ibrahim70367@school.ac.ke
70368,Noah,Mbatha,noah.mbatha70368@college.ac.ke
70369,Beatrice,Njoroge,beatrice.njoroge70369@college.ac.ke
70370,Adrian,Yusuf,adrian.yusuf70370@academy.ac.ke
70371,Esther,Wanjiku,esther.wanjiku70371@students.ac.ke
70372,Edwin,Otieno,edwin.otieno70372@uni.ac.ke
70373,Oscar,Rotich,oscar.rotich70373@students.ac.ke
70374,Victor,Ruto,victor.ruto70374@uni.ac.ke
70375,Edwin,Njuguna,edwin.njuguna70375@college.ac.ke
70376,George,Ruto,george.ruto70376@students.ac.ke
70377,Beatrice,Akumu,beatrice.akumu70377@students.ac.ke
70378,William,Mbatha,william.mbatha70378@school.ac.ke
70379,Quentin,Hassan,quentin.hassan70379@school.ac.ke
70380,James,Rotich,james.rotich70380@academy.ac.ke
70381,Oscar,Ogolla,oscar.ogolla70381@students.ac.ke
70382,Gladys,Otieno,gladys.otieno70382@school.ac.ke
70383,Ruth,Gitonga,ruth.gitonga70383@college.ac.ke
70384,Francis,Gichuki,francis.gichuki70384@uni.ac.ke
70385,David,Ahmed,david.ahmed70385@school.ac.ke
70386,Catherine,Kiprotich,catherine.kiprotich70386@academy.ac.ke
70387,Edwin,Ochieng,edwin.ochieng70387@college.ac.ke
70388,Eleanor,Kiprotich,eleanor.kiprotich70388@students.ac.ke
70389,Catherine,Hassan,catherine.hassan70389@academy.ac.ke
70390,Thomas,Ogolla,thomas.ogolla70390@school.ac.ke
70391,Hannah,Kiprotich,hannah.kiprotich70391@school.ac.ke
70392,Noah,Kasyoka,noah.kasyoka70392@school.ac.ke
70393,Gloria,Kyalo,gloria.kyalo70393@academy.ac.ke
70394,Kenneth,Adhiambo,kenneth.adhiambo70394@uni.ac.ke
70395,Lewis,Mumo,lewis.mumo70395@academy.ac.ke
70396,Jacob,Njoki,jacob.njoki70396@school.ac.ke
70397,Julian,Awuor,julian.awuor70397@academy.ac.ke
70398,Carol,Hassan,carol.hassan70398@school.ac.ke
70399,Beatrice,Kyalo,beatrice.kyalo70399@students.ac.ke
70400,Henry,Achieng,henry.achieng70400@students.ac.ke
70401,Carol,Ogolla,carol.ogolla70401@uni.ac.ke
70402,Bernard,Abdi,bernard.abdi70402@school.ac.ke
70403,Robert,Ngetich,robert.ngetich70403@academy.ac.ke
70404,James,Ibrahim,james.ibrahim70404@uni.ac.ke
70405,Diana,Otieno,diana.otieno70405@uni.ac.ke
70406,Samuel,Mwangi,samuel.mwangi70406@college.ac.ke
70407,Robert,Bett,robert.bett70407@school.ac.ke
70408,Janet,Ngetich,janet.ngetich70408@school.ac.ke
70409,Simon,Muturi,simon.muturi70409@students.ac.ke
70410,Florence,Njoroge,florence.njoroge70410@uni.ac.ke
70411,Brian,Kimani,brian.kimani70411@academy.ac.ke
70412,Philip,Musyoka,philip.musyoka70412@school.ac.ke
70413,Beatrice,Wairimu,beatrice.wairimu70413@college.ac.ke
70414,William,Lagat,william.lagat70414@college.ac.ke
70415,Paul,Gitau,paul.gitau70415@uni.ac.ke
70416,Daniel,Chebet,daniel.chebet70416@students.ac.ke
70417,Adrian,Owino,adrian.owino70417@school.ac.ke
70418,Gordon,Gathoni,gordon.gathoni70418@college.ac.ke
70419,Lewis,Kiptoo,lewis.kiptoo70419@college.ac.ke
70420,Gloria,Kiprotich,gloria.kiprotich70420@uni.ac.ke
70421,Francis,Muturi,francis.muturi70421@academy.ac.ke
70422,Edwin,Ndegwa,edwin.ndegwa70422@academy.ac.ke
70423,Simon,Mwenda,simon.mwenda70423@academy.ac.ke
70424,Irene,Gitonga,irene.gitonga70424@students.ac.ke
70425,Kevin,Mbatha,kevin.mbatha70425@school.ac.ke
70426,Ivan,Owino,ivan.owino70426@college.ac.ke
70427,Hannah,Owino,hannah.owino70427@academy.ac.ke
70428,Michael,Lagat,michael.lagat70428@school.ac.ke
70429,Douglas,Mutisya,douglas.mutisya70429@students.ac.ke
70430,Michael,Mutisya,michael.mutisya70430@college.ac.ke
70431,John,Kinyua,john.kinyua70431@college.ac.ke
70432,Philip,Adhiambo,philip.adhiambo70432@school.ac.ke
70433,Dennis,Bett,dennis.bett70433@uni.ac.ke
70434,Hannah,Akumu,hannah.akumu70434@academy.ac.ke
70435,Kevin,Maina,kevin.maina70435@uni.ac.ke
70436,David,Nduku,david.nduku70436@students.ac.ke
70437,Harold,Ndegwa,harold.ndegwa70437@school.ac.ke
70438,Gladys,Mutua,gladys.mutua70438@college.ac.ke
70439,Isaac,Ruto,isaac.ruto70439@college.ac.ke
70440,John,Ngetich,john.ngetich70440@college.ac.ke
70441,Catherine,Ruto,catherine.ruto70441@students.ac.ke
70442,Eric,Adhiambo,eric.adhiambo70442@uni.ac.ke
70443,Alice,Mutua,alice.mutua70443@academy.ac.ke
70444,Florence,Yusuf,florence.yusuf70444@students.ac.ke
70445,Simon,Awuor,simon.awuor70445@uni.ac.ke
70446,Florence,Mutisya,florence.mutisya70446@students.ac.ke
70447,Douglas,Koech,douglas.koech70447@students.ac.ke
70448,Oscar,Wanjiku,oscar.wanjiku70448@students.ac.ke
70449,Naomi,Ndegwa,naomi.ndegwa70449@academy.ac.ke
70450,Raymond,Awuor,raymond.awuor70450@school.ac.ke
70451,Ivan,Kiptoo,ivan.kiptoo70451@school.ac.ke
70452,Lydia,Odhiambo,lydia.odhiambo70452@school.ac.ke
70453,Philip,Nduku,philip.nduku70453@academy.ac.ke
70454,Ivan,Khalid,ivan.khalid70454@students.ac.ke
70455,Mary,Ahmed,mary.ahmed70455@students.ac.ke
70456,David,Owino,david.owino70456@academy.ac.ke
70457,Victor,Ochieng,victor.ochieng70457@students.ac.ke
70458,Mary,Gitonga,mary.gitonga70458@college.ac.ke
70459,Edwin,Kyalo,edwin.kyalo70459@college.ac.ke
70460,Agnes,Wanjiku,agnes.wanjiku70460@academy.ac.ke
70461,Beatrice,Okello,beatrice.okello70461@uni.ac.ke
70462,Gordon,Mumo,gordon.mumo70462@uni.ac.ke
70463,Diana,Muturi,diana.muturi70463@students.ac.ke
70464,Grace,Kinyua,grace.kinyua70464@school.ac.ke
70465,Lewis,Khalid,lewis.khalid70465@college.ac.ke
70466,Agnes,Omar,agnes.omar70466@school.ac.ke
70467,Philip,Mutisya,philip.mutisya70467@uni.ac.ke
70468,Grace,Chebet,grace.chebet70468@college.ac.ke
70469,James,Njoki,james.njoki70469@uni.ac.ke
70470,Janet,Kyalo,janet.kyalo70470@college.ac.ke
70471,Noah,Mbatha,noah.mbatha70471@college.ac.ke
70472,Lewis,Njoroge,lewis.njoroge70472@school.ac.ke
70473,Florence,Mutai,florence.mutai70473@uni.ac.ke
70474,Lydia,Otieno,lydia.otieno70474@college.ac.ke
70475,Esther,Adhiambo,esther.adhiambo70475@school.ac.ke
70476,Betty,Ibrahim,betty.ibrahim70476@students.ac.ke
70477,Francis,Muturi,francis.muturi70477@students.ac.ke
70478,Joseph,Kinyua,joseph.kinyua70478@college.ac.ke
70479,Robert,Maina,robert.maina70479@school.ac.ke
70480,Gladys,Kasyoka,gladys.kasyoka70480@school.ac.ke
70481,Frances,Koech,frances.koech70481@school.ac.ke
70482,Hannah,Waweru,hannah.waweru70482@students.ac.ke
70483,Robert,Mutai,robert.mutai70483@college.ac.ke
70484,Robert,Ochieng,robert.ochieng70484@uni.ac.ke
70485,Hope,Rotich,hope.rotich70485@uni.ac.ke
70486,Samuel,Hassan,samuel.hassan70486@uni.ac.ke
70487,Lydia,Omar,lydia.omar70487@academy.ac.ke
70488,Faith,Onyango,faith.onyango70488@academy.ac.ke
70489,Faith,Njoroge,faith.njoroge70489@school.ac.ke
70490,Isaac,Nzomo,isaac.nzomo70490@college.ac.ke
70491,Victor,Gathoni,victor.gathoni70491@uni.ac.ke
70492,Philip,Yusuf,philip.yusuf70492@students.ac.ke
70493,Jacob,Muturi,jacob.muturi70493@school.ac.ke
70494,Julian,Mutai,julian.mutai70494@uni.ac.ke
70495,Gladys,Mbatha,gladys.mbatha70495@school.ac.ke
70496,Oscar,Awuor,oscar.awuor70496@college.ac.ke
70497,Raymond,Kariuki,raymond.kariuki70497@college.ac.ke
70498,Edith,Koech,edith.koech70498@uni.ac.ke
70499,Dorothy,Bett,dorothy.bett70499@college.ac.ke
70500,Harriet,Kariuki,harriet.kariuki70500@college.ac.ke
70501,Frances,Kiptoo,frances.kiptoo70501@students.ac.ke
70502,Kevin,Otieno,kevin.otieno70502@school.ac.ke
70503,Diana,Farah,diana.farah70503@school.ac.ke
70504,Thomas,Ngetich,thomas.ngetich70504@school.ac.ke
70505,Betty,Omar,betty.omar70505@academy.ac.ke
70506,Henry,Kariuki,henry.kariuki70506@school.ac.ke
70507,Noah,Gitau,noah.gitau70507@students.ac.ke
70508,Diana,Omar,diana.omar70508@college.ac.ke
70509,Oscar,Mwangi,oscar.mwangi70509@college.ac.ke
70510,Helen,Abdi,helen.abdi70510@college.ac.ke
70511,John,Hassan,john.hassan70511@school.ac.ke
70512,Julian,Kimani,julian.kimani70512@academy.ac.ke
70513,Eric,Muturi,eric.muturi70513@college.ac.ke
70514,Gordon,Owino,gordon.owino70514@uni.ac.ke
70515,Robert,Ogolla,robert.ogolla70515@students.ac.ke
70516,Julian,Maina,julian.maina70516@college.ac.ke
70517,Samuel,Mbatha,samuel.mbatha70517@college.ac.ke
70518,Harold,Kiptoo,harold.kiptoo70518@uni.ac.ke
70519,Thomas,Akumu,thomas.akumu70519@uni.ac.ke
70520,Julian,Wairimu,julian.wairimu70520@students.ac.ke
70521,Beatrice,Chebet,beatrice.chebet70521@college.ac.ke
70522,Hannah,Mutua,hannah.mutua70522@students.ac.ke
70523,Dennis,Gathoni,dennis.gathoni70523@college.ac.ke
70524,Gladys,Musa,gladys.musa70524@school.ac.ke
70525,Isaac,Gitau,isaac.gitau70525@college.ac.ke
70526,Frances,Njuguna,frances.njuguna70526@school.ac.ke
70527,Moses,Bett,moses.bett70527@college.ac.ke
70528,Frances,Kimani,frances.kimani70528@academy.ac.ke
70529,Faith,Onyango,faith.onyango70529@students.ac.ke
70530,Lewis,Gitonga,lewis.gitonga70530@college.ac.ke
70531,Beatrice,Khalid,beatrice.khalid70531@school.ac.ke
70532,Kevin,Wanjiku,kevin.wanjiku70532@students.ac.ke
70533,Betty,Gitonga,betty.gitonga70533@students.ac.ke
70534,Grace,Omar,grace.omar70534@college.ac.ke
70535,Joyce,Omar,joyce.omar70535@college.ac.ke
70536,Lydia,Kiprotich,lydia.kiprotich70536@academy.ac.ke
70537,Philip,Bett,philip.bett70537@college.ac.ke
70538,Gloria,Gathoni,gloria.gathoni70538@uni.ac.ke
70539,Irene,Kinyua,irene.kinyua70539@school.ac.ke
70540,Harriet,Kasyoka,harriet.kasyoka70540@college.ac.ke
70541,Hope,Gitau,hope.gitau70541@school.ac.ke
70542,George,Farah,george.farah70542@academy.ac.ke
70543,Samuel,Owino,samuel.owino70543@uni.ac.ke
70544,George,Mutisya,george.mutisya70544@students.ac.ke
70545,Frances,Adhiambo,frances.adhiambo70545@students.ac.ke
70546,Douglas,Achieng,douglas.achieng70546@uni.ac.ke
70547,Alice,Wairimu,alice.wairimu70547@academy.ac.ke
70548,Peter,Kimani,peter.kimani70548@students.ac.ke
70549,Eleanor,Gitonga,eleanor.gitonga70549@school.ac.ke
70550,Quentin,Khalid,quentin.khalid70550@students.ac.ke
70551,Daniel,Mutisya,daniel.mutisya70551@students.ac.ke
70552,John,Koech,john.koech70552@academy.ac.ke
70553,Hope,Wairimu,hope.wairimu70553@students.ac.ke
70554,Noah,Kiprotich,noah.kiprotich70554@school.ac.ke
70555,Janet,Gichuki,janet.gichuki70555@school.ac.ke
70556,Charles,Musyoka,charles.musyoka70556@uni.ac.ke
70557,Henry,Farah,henry.farah70557@academy.ac.ke
70558,Grace,Muturi,grace.muturi70558@uni.ac.ke
70559,Daniel,Maina,daniel.maina70559@uni.ac.ke
70560,Eleanor,Omondi,eleanor.omondi70560@academy.ac.ke
70561,Dorothy,Abdi,dorothy.abdi70561@college.ac.ke
70562,Alice,Gichuki,alice.gichuki70562@students.ac.ke
70563,Faith,Muturi,faith.muturi70563@students.ac.ke
70564,Michael,Mutua,michael.mutua70564@college.ac.ke
70565,Thomas,Abdi,thomas.abdi70565@college.ac.ke
70566,Francis,Omondi,francis.omondi70566@school.ac.ke
70567,Beatrice,Kariuki,beatrice.kariuki70567@school.ac.ke
70568,Carol,Mwangi,carol.mwangi70568@academy.ac.ke
70569,Harriet,Kyalo,harriet.kyalo70569@uni.ac.ke
70570,Harold,Otieno,harold.otieno70570@school.ac.ke
70571,Isaac,Ngetich,isaac.ngetich70571@school.ac.ke
70572,Gladys,Ndegwa,gladys.ndegwa70572@academy.ac.ke
70573,Esther,Ruto,esther.ruto70573@uni.ac.ke
70574,John,Mumo,john.mumo70574@school.ac.ke
70575,Eleanor,Mutai,eleanor.mutai70575@academy.ac.ke
70576,Henry,Njoki,henry.njoki70576@academy.ac.ke
70577,Simon,Nduku,simon.nduku70577@uni.ac.ke
70578,Diana,Njoroge,diana.njoroge70578@uni.ac.ke
70579,Hope,Mutai,hope.mutai70579@uni.ac.ke
70580,Philip,Njoroge,philip.njoroge70580@school.ac.ke
70581,Hannah,Kasyoka,hannah.kasyoka70581@school.ac.ke
70582,Kenneth,Gichuki,kenneth.gichuki70582@college.ac.ke
70583,Dennis,Kamau,dennis.kamau70583@academy.ac.ke
70584,Irene,Ogolla,irene.ogolla70584@academy.ac.ke
70585,Carol,Kyalo,carol.kyalo70585@college.ac.ke
70586,Philip,Njuguna,philip.njuguna70586@college.ac.ke
70587,Douglas,Wanjiku,douglas.wanjiku70587@uni.ac.ke
70588,Dorothy,Lagat,dorothy.lagat70588@uni.ac.ke
70589,Brian,Njuguna,brian.njuguna70589@college.ac.ke
70590,David,Juma,david.juma70590@academy.ac.ke
70591,Paul,Ruto,paul.ruto70591@college.ac.ke
70592,Simon,Mumo,simon.mumo70592@academy.ac.ke
70593,Robert,Adhiambo,robert.adhiambo70593@academy.ac.ke
70594,Diana,Khalid,diana.khalid70594@students.ac.ke
70595,Diana,Owino,diana.owino70595@academy.ac.ke
70596,Diana,Kiprotich,diana.kiprotich70596@academy.ac.ke
70597,Helen,Kyalo,helen.kyalo70597@academy.ac.ke
70598,Hannah,Muturi,hannah.muturi70598@uni.ac.ke
70599,Irene,Omar,irene.omar70599@uni.ac.ke
70600,Charles,Bett,charles.bett70600@uni.ac.ke
70601,Robert,Musyoka,robert.musyoka70601@uni.ac.ke
70602,Mary,Mutai,mary.mutai70602@uni.ac.ke
70603,Thomas,Wanjiku,thomas.wanjiku70603@academy.ac.ke
70604,Dorothy,Maina,dorothy.maina70604@college.ac.ke
70605,Joyce,Ibrahim,joyce.ibrahim70605@academy.ac.ke
70606,Harold,Musa,harold.musa70606@school.ac.ke
70607,Helen,Maina,helen.maina70607@students.ac.ke
70608,Hannah,Gathoni,hannah.gathoni70608@uni.ac.ke
70609,Jacob,Mwangi,jacob.mwangi70609@college.ac.ke
70610,Alice,Njoki,alice.njoki70610@college.ac.ke
70611,Edwin,Mbatha,edwin.mbatha70611@college.ac.ke
70612,Helen,Ogolla,helen.ogolla70612@academy.ac.ke
70613,Kevin,Ochieng,kevin.ochieng70613@academy.ac.ke
70614,Eleanor,Kiprotich,eleanor.kiprotich70614@uni.ac.ke
70615,Oscar,Kariuki,oscar.kariuki70615@school.ac.ke
70616,Julian,Kamau,julian.kamau70616@academy.ac.ke
70617,Bernard,Kasyoka,bernard.kasyoka70617@college.ac.ke
70618,Adrian,Ogolla,adrian.ogolla70618@school.ac.ke
70619,Irene,Njoki,irene.njoki70619@students.ac.ke
70620,Quentin,Ibrahim,quentin.ibrahim70620@college.ac.ke
70621,Catherine,Omondi,catherine.omondi70621@school.ac.ke
70622,Harold,Onyango,harold.onyango70622@school.ac.ke
70623,Diana,Juma,diana.juma70623@uni.ac.ke
70624,Lewis,Kiprotich,lewis.kiprotich70624@school.ac.ke
70625,Frances,Onyango,frances.onyango70625@school.ac.ke
70626,Michael,Kimani,michael.kimani70626@academy.ac.ke
70627,Philip,Mbatha,philip.mbatha70627@school.ac.ke
70628,Noah,Lagat,noah.lagat70628@college.ac.ke
70629,Hope,Kyalo,hope.kyalo70629@school.ac.ke
70630,Gloria,Onyango,gloria.onyango70630@academy.ac.ke
70631,Catherine,Kariuki,catherine.kariuki70631@uni.ac.ke
70632,Eric,Hassan,eric.hassan70632@students.ac.ke
70633,Isaac,Kamau,isaac.kamau70633@school.ac.ke
70634,Victor,Mutisya,victor.mutisya70634@academy.ac.ke
70635,Julian,Nzomo,julian.nzomo70635@school.ac.ke
70636,Alice,Wairimu,alice.wairimu70636@uni.ac.ke
70637,Lewis,Gitau,lewis.gitau70637@students.ac.ke
70638,Eric,Adhiambo,eric.adhiambo70638@college.ac.ke
70639,Ruth,Akumu,ruth.akumu70639@students.ac.ke
70640,Beatrice,Omar,beatrice.omar70640@uni.ac.ke
70641,Noah,Okello,noah.okello70641@college.ac.ke
70642,Samuel,Gichuki,samuel.gichuki70642@academy.ac.ke
70643,Kenneth,Musyoka,kenneth.musyoka70643@college.ac.ke
70644,Philip,Kiptoo,philip.kiptoo70644@school.ac.ke
70645,Janet,Odhiambo,janet.odhiambo70645@college.ac.ke
70646,Lewis,Chebet,lewis.chebet70646@college.ac.ke
70647,Joy,Owino,joy.owino70647@college.ac.ke
70648,Hope,Yusuf,hope.yusuf70648@academy.ac.ke
70649,Harriet,Yusuf,harriet.yusuf70649@school.ac.ke
70650,Julian,Kasyoka,julian.kasyoka70650@college.ac.ke
70651,Simon,Ochieng,simon.ochieng70651@academy.ac.ke
70652,Edith,Njoki,edith.njoki70652@college.ac.ke
70653,Joyce,Okello,joyce.okello70653@uni.ac.ke
70654,Victor,Gathoni,victor.gathoni70654@college.ac.ke
70655,Noah,Kiptoo,noah.kiptoo70655@uni.ac.ke
70656,Thomas,Mumo,thomas.mumo70656@school.ac.ke
70657,Janet,Mbatha,janet.mbatha70657@school.ac.ke
70658,Dennis,Mwangi,dennis.mwangi70658@students.ac.ke
70659,Florence,Owino,florence.owino70659@uni.ac.ke
70660,Ruth,Onyango,ruth.onyango70660@school.ac.ke
70661,Joy,Gathoni,joy.gathoni70661@students.ac.ke
70662,Catherine,Musa,catherine.musa70662@students.ac.ke
70663,Joseph,Njoki,joseph.njoki70663@academy.ac.ke
70664,Julian,Nzomo,julian.nzomo70664@college.ac.ke
70665,Moses,Awuor,moses.awuor70665@college.ac.ke
70666,Hannah,Ochieng,hannah.ochieng70666@school.ac.ke
70667,Alice,Kasyoka,alice.kasyoka70667@students.ac.ke
70668,Betty,Mutisya,betty.mutisya70668@students.ac.ke
70669,Mary,Lagat,mary.lagat70669@college.ac.ke
70670,Alice,Nzomo,alice.nzomo70670@students.ac.ke
70671,Lewis,Mutua,lewis.mutua70671@school.ac.ke
70672,Noah,Otieno,noah.otieno70672@academy.ac.ke
70673,Eric,Bett,eric.bett70673@students.ac.ke
70674,Victor,Waweru,victor.waweru70674@uni.ac.ke
70675,Philip,Awuor,philip.awuor70675@uni.ac.ke
70676,Joy,Khalid,joy.khalid70676@college.ac.ke
70677,James,Kinyua,james.kinyua70677@school.ac.ke
70678,Naomi,Kiprotich,naomi.kiprotich70678@students.ac.ke
70679,Gloria,Muturi,gloria.muturi70679@school.ac.ke
70680,Eric,Ruto,eric.ruto70680@academy.ac.ke
70681,Raymond,Musa,raymond.musa70681@school.ac.ke
70682,Diana,Maina,diana.maina70682@college.ac.ke
70683,Carol,Koech,carol.koech70683@college.ac.ke
70684,Eric,Kasyoka,eric.kasyoka70684@students.ac.ke
70685,Naomi,Adhiambo,naomi.adhiambo70685@uni.ac.ke
70686,Joyce,Gitau,joyce.gitau70686@school.ac.ke
70687,Henry,Mutua,henry.mutua70687@students.ac.ke
70688,Irene,Musyoka,irene.musyoka70688@uni.ac.ke
70689,Quentin,Kamau,quentin.kamau70689@students.ac.ke
70690,Irene,Mutai,irene.mutai70690@school.ac.ke
70691,Douglas,Ruto,douglas.ruto70691@uni.ac.ke
70692,Charles,Kariuki,charles.kariuki70692@school.ac.ke
70693,Lydia,Yusuf,lydia.yusuf70693@academy.ac.ke
70694,Bernard,Kamau,bernard.kamau70694@school.ac.ke
70695,Lydia,Kyalo,lydia.kyalo70695@academy.ac.ke
70696,Betty,Abdi,betty.abdi70696@academy.ac.ke
70697,Gloria,Odhiambo,gloria.odhiambo70697@college.ac.ke
70698,Hope,Musa,hope.musa70698@academy.ac.ke
70699,Bernard,Lagat,bernard.lagat70699@academy.ac.ke
70700,Gloria,Yusuf,gloria.yusuf70700@academy.ac.ke
70701,Irene,Mbatha,irene.mbatha70701@school.ac.ke
70702,Dorothy,Kamau,dorothy.kamau70702@uni.ac.ke
70703,David,Ahmed,david.ahmed70703@uni.ac.ke
70704,Betty,Ogolla,betty.ogolla70704@college.ac.ke
70705,Robert,Ndegwa,robert.ndegwa70705@school.ac.ke
70706,Naomi,Kariuki,naomi.kariuki70706@academy.ac.ke
70707,David,Mutua,david.mutua70707@academy.ac.ke
70708,Moses,Khalid,moses.khalid70708@academy.ac.ke
70709,Eric,Mutua,eric.mutua70709@school.ac.ke
70710,Moses,Koech,moses.koech70710@academy.ac.ke
70711,Harold,Mbatha,harold.mbatha70711@students.ac.ke
70712,Raymond,Kasyoka,raymond.kasyoka70712@uni.ac.ke
70713,Hannah,Mutai,hannah.mutai70713@college.ac.ke
70714,Ivan,Ahmed,ivan.ahmed70714@uni.ac.ke
70715,Simon,Musa,simon.musa70715@students.ac.ke
70716,Raymond,Yusuf,raymond.yusuf70716@college.ac.ke
70717,Daniel,Gitau,daniel.gitau70717@academy.ac.ke
70718,Francis,Akumu,francis.akumu70718@uni.ac.ke
70719,Paul,Njuguna,paul.njuguna70719@students.ac.ke
70720,Irene,Kinyua,irene.kinyua70720@academy.ac.ke
70721,Diana,Adhiambo,diana.adhiambo70721@uni.ac.ke
70722,Ruth,Njoki,ruth.njoki70722@academy.ac.ke
70723,Kenneth,Juma,kenneth.juma70723@school.ac.ke
70724,Bernard,Chebet,bernard.chebet70724@college.ac.ke
70725,Diana,Mutai,diana.mutai70725@school.ac.ke
70726,Paul,Otieno,paul.otieno70726@academy.ac.ke
70727,Beatrice,Wanjiku,beatrice.wanjiku70727@school.ac.ke
70728,Mary,Juma,mary.juma70728@academy.ac.ke
70729,Thomas,Ngetich,thomas.ngetich70729@academy.ac.ke
70730,Adrian,Lagat,adrian.lagat70730@academy.ac.ke
70731,Faith,Okello,faith.okello70731@school.ac.ke
70732,Jacob,Ochieng,jacob.ochieng70732@students.ac.ke
70733,Adrian,Mutua,adrian.mutua70733@school.ac.ke
70734,Diana,Hassan,diana.hassan70734@academy.ac.ke
70735,Julian,Mbatha,julian.mbatha70735@academy.ac.ke
70736,Kevin,Omar,kevin.omar70736@students.ac.ke
70737,Isaac,Gichuki,isaac.gichuki70737@uni.ac.ke
70738,Beatrice,Onyango,beatrice.onyango70738@college.ac.ke
70739,Isaac,Nduku,isaac.nduku70739@uni.ac.ke
70740,Ivan,Mwangi,ivan.mwangi70740@students.ac.ke
70741,James,Okello,james.okello70741@school.ac.ke
70742,Faith,Njoroge,faith.njoroge70742@college.ac.ke
70743,Samuel,Nzomo,samuel.nzomo70743@students.ac.ke
70744,Carol,Omar,carol.omar70744@academy.ac.ke
70745,John,Mwenda,john.mwenda70745@uni.ac.ke
70746,Joseph,Gitonga,joseph.gitonga70746@academy.ac.ke
70747,Brian,Waweru,brian.waweru70747@college.ac.ke
70748,Simon,Ahmed,simon.ahmed70748@uni.ac.ke
70749,Jacob,Koech,jacob.koech70749@academy.ac.ke
70750,Harold,Yusuf,harold.yusuf70750@academy.ac.ke
70751,Bernard,Musa,bernard.musa70751@school.ac.ke
70752,Oscar,Awuor,oscar.awuor70752@uni.ac.ke
70753,Victor,Abdi,victor.abdi70753@college.ac.ke
70754,Edith,Gitau,edith.gitau70754@academy.ac.ke
70755,Dorothy,Wairimu,dorothy.wairimu70755@college.ac.ke
70756,Joyce,Odhiambo,joyce.odhiambo70756@school.ac.ke
70757,Janet,Nduku,janet.nduku70757@academy.ac.ke
70758,Michael,Gitau,michael.gitau70758@uni.ac.ke
70759,Francis,Juma,francis.juma70759@uni.ac.ke
70760,Betty,Akumu,betty.akumu70760@uni.ac.ke
70761,Ivan,Khalid,ivan.khalid70761@college.ac.ke
70762,Adrian,Khalid,adrian.khalid70762@college.ac.ke
70763,Samuel,Njoroge,samuel.njoroge70763@school.ac.ke
70764,Grace,Maina,grace.maina70764@uni.ac.ke
70765,Henry,Musa,henry.musa70765@school.ac.ke
70766,Douglas,Nzomo,douglas.nzomo70766@academy.ac.ke
70767,Gloria,Gitonga,gloria.gitonga70767@academy.ac.ke
70768,Noah,Kinyua,noah.kinyua70768@college.ac.ke
70769,Eleanor,Lagat,eleanor.lagat70769@uni.ac.ke
70770,Alice,Njoroge,alice.njoroge70770@students.ac.ke
70771,Joseph,Mumo,joseph.mumo70771@students.ac.ke
70772,Lydia,Wairimu,lydia.wairimu70772@college.ac.ke
70773,Ivan,Gitau,ivan.gitau70773@students.ac.ke
70774,Adrian,Musyoka,adrian.musyoka70774@school.ac.ke
70775,Florence,Omar,florence.omar70775@uni.ac.ke
70776,Brian,Kimani,brian.kimani70776@academy.ac.ke
70777,Lewis,Bett,lewis.bett70777@students.ac.ke
70778,Gloria,Achieng,gloria.achieng70778@uni.ac.ke
70779,Julian,Nzomo,julian.nzomo70779@school.ac.ke
70780,David,Khalid,david.khalid70780@school.ac.ke
70781,Joyce,Bett,joyce.bett70781@students.ac.ke
70782,Ruth,Muturi,ruth.muturi70782@school.ac.ke
70783,Isaac,Koech,isaac.koech70783@students.ac.ke
70784,Carol,Mutisya,carol.mutisya70784@college.ac.ke
70785,Oscar,Ndegwa,oscar.ndegwa70785@school.ac.ke
70786,David,Ogolla,david.ogolla70786@school.ac.ke
70787,Quentin,Maina,quentin.maina70787@school.ac.ke
70788,Irene,Odhiambo,irene.odhiambo70788@uni.ac.ke
70789,Robert,Gitau,robert.gitau70789@academy.ac.ke
70790,Thomas,Kinyua,thomas.kinyua70790@academy.ac.ke
70791,Dennis,Onyango,dennis.onyango70791@college.ac.ke
70792,Isaac,Gichuki,isaac.gichuki70792@school.ac.ke
70793,Carol,Koech,carol.koech70793@students.ac.ke
70794,George,Muturi,george.muturi70794@uni.ac.ke
70795,Paul,Ahmed,paul.ahmed70795@academy.ac.ke
70796,Ivan,Kasyoka,ivan.kasyoka70796@academy.ac.ke
70797,Victor,Juma,victor.juma70797@academy.ac.ke
70798,Harold,Lagat,harold.lagat70798@academy.ac.ke
70799,Jacob,Adhiambo,jacob.adhiambo70799@academy.ac.ke
70800,Lewis,Nduku,lewis.nduku70800@academy.ac.ke
70801,Irene,Ogolla,irene.ogolla70801@college.ac.ke
70802,Moses,Bett,moses.bett70802@students.ac.ke
70803,Gloria,Ahmed,gloria.ahmed70803@college.ac.ke
70804,Victor,Nduku,victor.nduku70804@college.ac.ke
70805,Eric,Gitau,eric.gitau70805@school.ac.ke
70806,Jacob,Bett,jacob.bett70806@school.ac.ke
70807,Henry,Gathoni,henry.gathoni70807@academy.ac.ke
70808,Irene,Njuguna,irene.njuguna70808@college.ac.ke
70809,Gloria,Kyalo,gloria.kyalo70809@uni.ac.ke
70810,Ivan,Ogolla,ivan.ogolla70810@students.ac.ke
70811,Lydia,Gichuki,lydia.gichuki70811@uni.ac.ke
70812,Philip,Mutua,philip.mutua70812@academy.ac.ke
70813,Julian,Awuor,julian.awuor70813@college.ac.ke
70814,Diana,Nduku,diana.nduku70814@uni.ac.ke
70815,David,Omondi,david.omondi70815@uni.ac.ke
70816,Douglas,Mwangi,douglas.mwangi70816@students.ac.ke
70817,David,Akumu,david.akumu70817@students.ac.ke
70818,Janet,Farah,janet.farah70818@uni.ac.ke
70819,Eric,Waweru,eric.waweru70819@college.ac.ke
70820,Hannah,Ruto,hannah.ruto70820@school.ac.ke
70821,Lewis,Koech,lewis.koech70821@academy.ac.ke
70822,James,Gichuki,james.gichuki70822@students.ac.ke
70823,Henry,Akumu,henry.akumu70823@college.ac.ke
70824,Peter,Mumo,peter.mumo70824@college.ac.ke
70825,Irene,Mumo,irene.mumo70825@students.ac.ke
70826,Simon,Gitonga,simon.gitonga70826@college.ac.ke
70827,Catherine,Kamau,catherine.kamau70827@students.ac.ke
70828,Esther,Omondi,esther.omondi70828@students.ac.ke
70829,Edith,Ochieng,edith.ochieng70829@students.ac.ke
70830,Grace,Farah,grace.farah70830@uni.ac.ke
70831,Daniel,Gitonga,daniel.gitonga70831@college.ac.ke
70832,Dorothy,Ruto,dorothy.ruto70832@students.ac.ke
70833,Ruth,Ruto,ruth.ruto70833@college.ac.ke
70834,Edith,Ahmed,edith.ahmed70834@students.ac.ke
70835,Joyce,Lagat,joyce.lagat70835@school.ac.ke
70836,George,Lagat,george.lagat70836@students.ac.ke
70837,Julian,Juma,julian.juma70837@students.ac.ke
70838,Beatrice,Ngetich,beatrice.ngetich70838@school.ac.ke
70839,Janet,Adhiambo,janet.adhiambo70839@students.ac.ke
70840,Hope,Omondi,hope.omondi70840@academy.ac.ke
70841,Thomas,Akumu,thomas.akumu70841@academy.ac.ke
70842,Lewis,Omondi,lewis.omondi70842@academy.ac.ke
70843,Janet,Mumo,janet.mumo70843@school.ac.ke
70844,Hope,Gitau,hope.gitau70844@students.ac.ke
70845,Dennis,Kamau,dennis.kamau70845@college.ac.ke
70846,Harriet,Gichuki,harriet.gichuki70846@uni.ac.ke
70847,Julian,Onyango,julian.onyango70847@school.ac.ke
70848,Mary,Lagat,mary.lagat70848@college.ac.ke
70849,Isaac,Kimani,isaac.kimani70849@academy.ac.ke
70850,Joseph,Gichuki,joseph.gichuki70850@students.ac.ke
70851,Kevin,Juma,kevin.juma70851@school.ac.ke
70852,Diana,Musyoka,diana.musyoka70852@academy.ac.ke
70853,Hope,Khalid,hope.khalid70853@college.ac.ke
70854,Florence,Omondi,florence.omondi70854@academy.ac.ke
70855,Irene,Mumo,irene.mumo70855@school.ac.ke
70856,Naomi,Okello,naomi.okello70856@students.ac.ke
70857,Hannah,Wairimu,hannah.wairimu70857@school.ac.ke
70858,Irene,Mbatha,irene.mbatha70858@college.ac.ke
70859,Eleanor,Bett,eleanor.bett70859@uni.ac.ke
70860,Douglas,Waweru,douglas.waweru70860@college.ac.ke
70861,Philip,Adhiambo,philip.adhiambo70861@uni.ac.ke
70862,Dennis,Koech,dennis.koech70862@uni.ac.ke
70863,Peter,Ochieng,peter.ochieng70863@students.ac.ke
70864,George,Chebet,george.chebet70864@academy.ac.ke
70865,Quentin,Onyango,quentin.onyango70865@students.ac.ke
70866,George,Njuguna,george.njuguna70866@academy.ac.ke
70867,Frances,Gathoni,frances.gathoni70867@school.ac.ke
70868,David,Akumu,david.akumu70868@school.ac.ke
70869,Edwin,Onyango,edwin.onyango70869@academy.ac.ke
70870,Gordon,Omar,gordon.omar70870@school.ac.ke
70871,Victor,Muturi,victor.muturi70871@college.ac.ke
70872,Helen,Mwangi,helen.mwangi70872@college.ac.ke
70873,Beatrice,Mutisya,beatrice.mutisya70873@college.ac.ke
70874,Ivan,Nzomo,ivan.nzomo70874@academy.ac.ke
70875,William,Okello,william.okello70875@students.ac.ke
70876,Julian,Ogolla,julian.ogolla70876@uni.ac.ke
70877,Dorothy,Mbatha,dorothy.mbatha70877@school.ac.ke
70878,Edith,Hassan,edith.hassan70878@college.ac.ke
70879,Irene,Maina,irene.maina70879@school.ac.ke
70880,Janet,Wairimu,janet.wairimu70880@students.ac.ke
70881,Mary,Odhiambo,mary.odhiambo70881@college.ac.ke
70882,Diana,Mbatha,diana.mbatha70882@academy.ac.ke
70883,Irene,Kariuki,irene.kariuki70883@uni.ac.ke
70884,James,Akumu,james.akumu70884@students.ac.ke
70885,Agnes,Wanjiku,agnes.wanjiku70885@college.ac.ke
70886,Adrian,Njoki,adrian.njoki70886@uni.ac.ke
70887,Brian,Farah,brian.farah70887@students.ac.ke
70888,Alice,Ngetich,alice.ngetich70888@academy.ac.ke
70889,Lewis,Gitonga,lewis.gitonga70889@academy.ac.ke
70890,Michael,Koech,michael.koech70890@students.ac.ke
70891,Edwin,Ruto,edwin.ruto70891@academy.ac.ke
70892,Hannah,Kyalo,hannah.kyalo70892@school.ac.ke
70893,Raymond,Mutua,raymond.mutua70893@school.ac.ke
70894,Lydia,Ahmed,lydia.ahmed70894@academy.ac.ke
70895,Irene,Wanjiku,irene.wanjiku70895@students.ac.ke
70896,Betty,Chebet,betty.chebet70896@college.ac.ke
70897,Edwin,Abdi,edwin.abdi70897@school.ac.ke
70898,Carol,Ahmed,carol.ahmed70898@uni.ac.ke
70899,Frances,Njuguna,frances.njuguna70899@academy.ac.ke
70900,Michael,Bett,michael.bett70900@students.ac.ke
70901,Noah,Gitonga,noah.gitonga70901@students.ac.ke
70902,Philip,Mbatha,philip.mbatha70902@academy.ac.ke
70903,Harriet,Kiprotich,harriet.kiprotich70903@academy.ac.ke
70904,Kevin,Achieng,kevin.achieng70904@academy.ac.ke
70905,Paul,Musa,paul.musa70905@academy.ac.ke
70906,Janet,Nduku,janet.nduku70906@school.ac.ke
70907,Joseph,Okello,joseph.okello70907@school.ac.ke
70908,Edith,Omondi,edith.omondi70908@college.ac.ke
70909,Isaac,Maina,isaac.maina70909@school.ac.ke
70910,Kevin,Kasyoka,kevin.kasyoka70910@uni.ac.ke
70911,Brian,Chebet,brian.chebet70911@uni.ac.ke
70912,Agnes,Adhiambo,agnes.adhiambo70912@students.ac.ke
70913,Gloria,Ibrahim,gloria.ibrahim70913@students.ac.ke
70914,Kevin,Ngetich,kevin.ngetich70914@academy.ac.ke
70915,Bernard,Kimani,bernard.kimani70915@uni.ac.ke
70916,Charles,Kasyoka,charles.kasyoka70916@academy.ac.ke
70917,Hope,Ngetich,hope.ngetich70917@school.ac.ke
70918,Helen,Kasyoka,helen.kasyoka70918@academy.ac.ke
70919,Bernard,Onyango,bernard.onyango70919@school.ac.ke
70920,Catherine,Omondi,catherine.omondi70920@students.ac.ke
70921,Edwin,Njoroge,edwin.njoroge70921@academy.ac.ke
70922,Bernard,Farah,bernard.farah70922@academy.ac.ke
70923,Irene,Ibrahim,irene.ibrahim70923@students.ac.ke
70924,Lewis,Adhiambo,lewis.adhiambo70924@college.ac.ke
70925,Dennis,Njuguna,dennis.njuguna70925@college.ac.ke
70926,Charles,Njoroge,charles.njoroge70926@academy.ac.ke
70927,Hope,Juma,hope.juma70927@school.ac.ke
70928,Florence,Abdi,florence.abdi70928@students.ac.ke
70929,Dennis,Mbatha,dennis.mbatha70929@academy.ac.ke
70930,Dennis,Mutua,dennis.mutua70930@college.ac.ke
70931,Edith,Njoki,edith.njoki70931@college.ac.ke
70932,Frances,Maina,frances.maina70932@academy.ac.ke
70933,Jacob,Gitau,jacob.gitau70933@students.ac.ke
70934,Beatrice,Kyalo,beatrice.kyalo70934@school.ac.ke
70935,David,Wanjiku,david.wanjiku70935@college.ac.ke
70936,Brian,Hassan,brian.hassan70936@school.ac.ke
70937,Irene,Mumo,irene.mumo70937@students.ac.ke
70938,William,Otieno,william.otieno70938@uni.ac.ke
70939,William,Kiprotich,william.kiprotich70939@uni.ac.ke
70940,David,Ochieng,david.ochieng70940@uni.ac.ke
70941,Paul,Kiptoo,paul.kiptoo70941@students.ac.ke
70942,Paul,Lagat,paul.lagat70942@students.ac.ke
70943,Kenneth,Wanjiku,kenneth.wanjiku70943@academy.ac.ke
70944,Raymond,Hassan,raymond.hassan70944@students.ac.ke
70945,Joseph,Nduku,joseph.nduku70945@academy.ac.ke
70946,Betty,Akumu,betty.akumu70946@academy.ac.ke
70947,James,Kamau,james.kamau70947@academy.ac.ke
70948,Catherine,Ibrahim,catherine.ibrahim70948@uni.ac.ke
70949,Charles,Yusuf,charles.yusuf70949@college.ac.ke
70950,Hannah,Kimani,hannah.kimani70950@college.ac.ke
70951,Kevin,Mutai,kevin.mutai70951@college.ac.ke
70952,Douglas,Farah,douglas.farah70952@uni.ac.ke
70953,Julian,Owino,julian.owino70953@students.ac.ke
70954,Philip,Ibrahim,philip.ibrahim70954@college.ac.ke
70955,Catherine,Waweru,catherine.waweru70955@uni.ac.ke
70956,Noah,Chebet,noah.chebet70956@uni.ac.ke
70957,Adrian,Gitonga,adrian.gitonga70957@college.ac.ke
70958,Gladys,Adhiambo,gladys.adhiambo70958@students.ac.ke
70959,Philip,Ahmed,philip.ahmed70959@students.ac.ke
70960,Janet,Juma,janet.juma70960@students.ac.ke
70961,Adrian,Mbatha,adrian.mbatha70961@students.ac.ke
70962,Helen,Njuguna,helen.njuguna70962@school.ac.ke
70963,Peter,Chebet,peter.chebet70963@college.ac.ke
70964,Raymond,Mutua,raymond.mutua70964@students.ac.ke
70965,Victor,Koech,victor.koech70965@uni.ac.ke
70966,Isaac,Rotich,isaac.rotich70966@academy.ac.ke
70967,John,Ochieng,john.ochieng70967@students.ac.ke
70968,Jacob,Kiptoo,jacob.kiptoo70968@uni.ac.ke
70969,Adrian,Njoki,adrian.njoki70969@college.ac.ke
70970,Jacob,Mumo,jacob.mumo70970@college.ac.ke
70971,Harriet,Otieno,harriet.otieno70971@academy.ac.ke
70972,Helen,Wanjiku,helen.wanjiku70972@college.ac.ke
70973,Harriet,Musyoka,harriet.musyoka70973@college.ac.ke
70974,Charles,Khalid,charles.khalid70974@academy.ac.ke
70975,Victor,Koech,victor.koech70975@college.ac.ke
70976,Dorothy,Nduku,dorothy.nduku70976@students.ac.ke
70977,Faith,Chebet,faith.chebet70977@uni.ac.ke
70978,Alice,Kinyua,alice.kinyua70978@uni.ac.ke
70979,Grace,Onyango,grace.onyango70979@uni.ac.ke
70980,Gladys,Kiptoo,gladys.kiptoo70980@school.ac.ke
70981,Dennis,Ndegwa,dennis.ndegwa70981@uni.ac.ke
70982,Harriet,Musyoka,harriet.musyoka70982@academy.ac.ke
70983,Adrian,Nzomo,adrian.nzomo70983@academy.ac.ke
70984,Eleanor,Gitau,eleanor.gitau70984@academy.ac.ke
70985,Edith,Mutisya,edith.mutisya70985@college.ac.ke
70986,Quentin,Adhiambo,quentin.adhiambo70986@college.ac.ke
70987,Eric,Nduku,eric.nduku70987@academy.ac.ke
70988,Samuel,Njuguna,samuel.njuguna70988@school.ac.ke
70989,Bernard,Kasyoka,bernard.kasyoka70989@academy.ac.ke
70990,Gloria,Chebet,gloria.chebet70990@students.ac.ke
70991,Catherine,Mwangi,catherine.mwangi70991@uni.ac.ke
70992,Peter,Omondi,peter.omondi70992@uni.ac.ke
70993,Kenneth,Mbatha,kenneth.mbatha70993@school.ac.ke
70994,Julian,Mwangi,julian.mwangi70994@students.ac.ke
70995,Simon,Juma,simon.juma70995@college.ac.ke
70996,David,Abdi,david.abdi70996@students.ac.ke
70997,Brian,Odhiambo,brian.odhiambo70997@students.ac.ke
70998,Harriet,Mbatha,harriet.mbatha70998@school.ac.ke
70999,Diana,Musyoka,diana.musyoka70999@academy.ac.ke
71000,Dennis,Mbatha,dennis.mbatha71000@students.ac.ke
71001,Francis,Mutisya,francis.mutisya71001@school.ac.ke
71002,Adrian,Waweru,adrian.waweru71002@academy.ac.ke
71003,Brian,Kimani,brian.kimani71003@school.ac.ke
71004,Gladys,Juma,gladys.juma71004@academy.ac.ke
71005,Francis,Kinyua,francis.kinyua71005@school.ac.ke
71006,Lewis,Mutai,lewis.mutai71006@students.ac.ke
71007,Joyce,Kiptoo,joyce.kiptoo71007@students.ac.ke
71008,Helen,Ndegwa,helen.ndegwa71008@school.ac.ke
71009,Dennis,Ngetich,dennis.ngetich71009@uni.ac.ke
71010,William,Yusuf,william.yusuf71010@college.ac.ke
71011,Isaac,Chebet,isaac.chebet71011@uni.ac.ke
71012,Daniel,Maina,daniel.maina71012@college.ac.ke
71013,George,Mutisya,george.mutisya71013@uni.ac.ke
71014,Florence,Mbatha,florence.mbatha71014@academy.ac.ke
71015,Adrian,Ibrahim,adrian.ibrahim71015@uni.ac.ke
71016,Gloria,Musa,gloria.musa71016@students.ac.ke
71017,Bernard,Hassan,bernard.hassan71017@students.ac.ke
71018,Moses,Mutua,moses.mutua71018@school.ac.ke
71019,Thomas,Farah,thomas.farah71019@school.ac.ke
71020,Edith,Ahmed,edith.ahmed71020@academy.ac.ke
71021,Kenneth,Njoki,kenneth.njoki71021@uni.ac.ke
71022,Esther,Kyalo,esther.kyalo71022@college.ac.ke
71023,Gordon,Ndegwa,gordon.ndegwa71023@college.ac.ke
71024,Esther,Kiptoo,esther.kiptoo71024@college.ac.ke
71025,Beatrice,Chebet,beatrice.chebet71025@students.ac.ke
71026,Gordon,Adhiambo,gordon.adhiambo71026@students.ac.ke
71027,Michael,Musyoka,michael.musyoka71027@uni.ac.ke
71028,Ruth,Okello,ruth.okello71028@academy.ac.ke
71029,Bernard,Muturi,bernard.muturi71029@school.ac.ke
71030,David,Abdi,david.abdi71030@academy.ac.ke
71031,Esther,Odhiambo,esther.odhiambo71031@uni.ac.ke
71032,Grace,Bett,grace.bett71032@students.ac.ke
71033,Frances,Gathoni,frances.gathoni71033@college.ac.ke
71034,Noah,Owino,noah.owino71034@school.ac.ke
71035,Betty,Onyango,betty.onyango71035@college.ac.ke
71036,Grace,Gitau,grace.gitau71036@academy.ac.ke
71037,Ruth,Juma,ruth.juma71037@students.ac.ke
71038,Diana,Okello,diana.okello71038@students.ac.ke
71039,Edwin,Abdi,edwin.abdi71039@uni.ac.ke
71040,Samuel,Farah,samuel.farah71040@uni.ac.ke
71041,Ruth,Musyoka,ruth.musyoka71041@school.ac.ke
71042,Beatrice,Omondi,beatrice.omondi71042@academy.ac.ke
71043,Catherine,Yusuf,catherine.yusuf71043@uni.ac.ke
71044,Ivan,Koech,ivan.koech71044@uni.ac.ke
71045,Quentin,Yusuf,quentin.yusuf71045@students.ac.ke
71046,Harold,Kimani,harold.kimani71046@school.ac.ke
71047,Florence,Ahmed,florence.ahmed71047@college.ac.ke
71048,John,Njoroge,john.njoroge71048@students.ac.ke
71049,John,Ogolla,john.ogolla71049@college.ac.ke
71050,Lewis,Mbatha,lewis.mbatha71050@students.ac.ke
71051,Isaac,Akumu,isaac.akumu71051@school.ac.ke
71052,Joseph,Chebet,joseph.chebet71052@school.ac.ke
71053,Kevin,Maina,kevin.maina71053@students.ac.ke
71054,Simon,Onyango,simon.onyango71054@students.ac.ke
71055,Noah,Yusuf,noah.yusuf71055@uni.ac.ke
71056,Philip,Wanjiku,philip.wanjiku71056@uni.ac.ke
71057,William,Waweru,william.waweru71057@college.ac.ke
71058,Douglas,Akumu,douglas.akumu71058@academy.ac.ke
71059,Harriet,Otieno,harriet.otieno71059@college.ac.ke
71060,Edith,Odhiambo,edith.odhiambo71060@college.ac.ke
71061,James,Muturi,james.muturi71061@students.ac.ke
71062,Ruth,Mbatha,ruth.mbatha71062@uni.ac.ke
71063,James,Njoroge,james.njoroge71063@students.ac.ke
71064,Alice,Lagat,alice.lagat71064@academy.ac.ke
71065,Oscar,Musyoka,oscar.musyoka71065@uni.ac.ke
71066,Frances,Musyoka,frances.musyoka71066@uni.ac.ke
71067,Gladys,Achieng,gladys.achieng71067@uni.ac.ke
71068,Eric,Chebet,eric.chebet71068@school.ac.ke
71069,Janet,Mutua,janet.mutua71069@academy.ac.ke
71070,Victor,Musyoka,victor.musyoka71070@college.ac.ke
71071,Kenneth,Hassan,kenneth.hassan71071@college.ac.ke
71072,Naomi,Rotich,naomi.rotich71072@college.ac.ke
71073,Dorothy,Mbatha,dorothy.mbatha71073@academy.ac.ke
71074,Faith,Mutai,faith.mutai71074@academy.ac.ke
71075,Douglas,Nduku,douglas.nduku71075@college.ac.ke
71076,Kevin,Chebet,kevin.chebet71076@school.ac.ke
71077,William,Kamau,william.kamau71077@school.ac.ke
71078,Julian,Omondi,julian.omondi71078@students.ac.ke
71079,Joy,Adhiambo,joy.adhiambo71079@academy.ac.ke
71080,Edwin,Musa,edwin.musa71080@college.ac.ke
71081,Samuel,Chebet,samuel.chebet71081@students.ac.ke
71082,Hope,Hassan,hope.hassan71082@college.ac.ke
71083,Edwin,Mutai,edwin.mutai71083@uni.ac.ke
71084,Catherine,Waweru,catherine.waweru71084@uni.ac.ke
71085,Michael,Kinyua,michael.kinyua71085@uni.ac.ke
71086,Samuel,Kasyoka,samuel.kasyoka71086@academy.ac.ke
71087,Grace,Yusuf,grace.yusuf71087@academy.ac.ke
71088,James,Muturi,james.muturi71088@uni.ac.ke
71089,Philip,Njuguna,philip.njuguna71089@school.ac.ke
71090,Kenneth,Mwangi,kenneth.mwangi71090@school.ac.ke
71091,Robert,Otieno,robert.otieno71091@school.ac.ke
71092,Moses,Ochieng,moses.ochieng71092@students.ac.ke
71093,Joseph,Kinyua,joseph.kinyua71093@school.ac.ke
71094,Diana,Mumo,diana.mumo71094@students.ac.ke
71095,Betty,Mwenda,betty.mwenda71095@academy.ac.ke
71096,Harriet,Gathoni,harriet.gathoni71096@school.ac.ke
71097,Francis,Ndegwa,francis.ndegwa71097@students.ac.ke
71098,Gladys,Kamau,gladys.kamau71098@academy.ac.ke
71099,Edwin,Akumu,edwin.akumu71099@school.ac.ke
71100,Julian,Onyango,julian.onyango71100@academy.ac.ke
71101,Joseph,Juma,joseph.juma71101@students.ac.ke
71102,Faith,Gathoni,faith.gathoni71102@school.ac.ke
71103,Frances,Abdi,frances.abdi71103@school.ac.ke
71104,Irene,Njoroge,irene.njoroge71104@students.ac.ke
71105,Carol,Onyango,carol.onyango71105@academy.ac.ke
71106,William,Khalid,william.khalid71106@college.ac.ke
71107,Helen,Khalid,helen.khalid71107@students.ac.ke
71108,Moses,Gitonga,moses.gitonga71108@academy.ac.ke
71109,Frances,Muturi,frances.muturi71109@students.ac.ke
71110,John,Koech,john.koech71110@students.ac.ke
71111,Oscar,Wanjiku,oscar.wanjiku71111@school.ac.ke
71112,Noah,Ogolla,noah.ogolla71112@academy.ac.ke
71113,Helen,Njoroge,helen.njoroge71113@uni.ac.ke
71114,James,Kamau,james.kamau71114@school.ac.ke
71115,James,Lagat,james.lagat71115@college.ac.ke
71116,John,Ochieng,john.ochieng71116@uni.ac.ke
71117,Harriet,Kyalo,harriet.kyalo71117@academy.ac.ke
71118,Carol,Mumo,carol.mumo71118@students.ac.ke
71119,Harold,Kasyoka,harold.kasyoka71119@uni.ac.ke
71120,Simon,Mumo,simon.mumo71120@uni.ac.ke
71121,Edwin,Kyalo,edwin.kyalo71121@college.ac.ke
71122,Ivan,Kiprotich,ivan.kiprotich71122@college.ac.ke
71123,Beatrice,Achieng,beatrice.achieng71123@students.ac.ke
71124,Victor,Mbatha,victor.mbatha71124@college.ac.ke
71125,Joseph,Njoroge,joseph.njoroge71125@school.ac.ke
71126,Michael,Ibrahim,michael.ibrahim71126@school.ac.ke
71127,Harold,Awuor,harold.awuor71127@academy.ac.ke
71128,Naomi,Otieno,naomi.otieno71128@uni.ac.ke
71129,Brian,Lagat,brian.lagat71129@uni.ac.ke
71130,Moses,Odhiambo,moses.odhiambo71130@uni.ac.ke
71131,Kenneth,Ogolla,kenneth.ogolla71131@school.ac.ke
71132,Raymond,Khalid,raymond.khalid71132@college.ac.ke
71133,Douglas,Hassan,douglas.hassan71133@school.ac.ke
71134,Janet,Muturi,janet.muturi71134@students.ac.ke
71135,Eric,Mutai,eric.mutai71135@college.ac.ke
71136,Brian,Hassan,brian.hassan71136@college.ac.ke
71137,George,Ruto,george.ruto71137@academy.ac.ke
71138,Florence,Ngetich,florence.ngetich71138@students.ac.ke
71139,Ruth,Gitonga,ruth.gitonga71139@academy.ac.ke
71140,Paul,Achieng,paul.achieng71140@students.ac.ke
71141,Florence,Mutua,florence.mutua71141@college.ac.ke
71142,Irene,Lagat,irene.lagat71142@college.ac.ke
71143,Gloria,Muturi,gloria.muturi71143@academy.ac.ke
71144,Jacob,Kariuki,jacob.kariuki71144@students.ac.ke
71145,Gladys,Koech,gladys.koech71145@uni.ac.ke
71146,Carol,Njuguna,carol.njuguna71146@school.ac.ke
71147,Henry,Yusuf,henry.yusuf71147@college.ac.ke
71148,Daniel,Mbatha,daniel.mbatha71148@college.ac.ke
71149,Charles,Ochieng,charles.ochieng71149@college.ac.ke
71150,Beatrice,Awuor,beatrice.awuor71150@school.ac.ke
71151,Douglas,Mutua,douglas.mutua71151@uni.ac.ke
71152,Lydia,Njoki,lydia.njoki71152@college.ac.ke
71153,Joy,Koech,joy.koech71153@academy.ac.ke
71154,Gladys,Mutisya,gladys.mutisya71154@students.ac.ke
71155,Faith,Musa,faith.musa71155@school.ac.ke
71156,Raymond,Kyalo,raymond.kyalo71156@college.ac.ke
71157,Mary,Mutisya,mary.mutisya71157@students.ac.ke
71158,Harold,Khalid,harold.khalid71158@college.ac.ke
71159,Eleanor,Ibrahim,eleanor.ibrahim71159@school.ac.ke
71160,Gloria,Chebet,gloria.chebet71160@college.ac.ke
71161,Betty,Gitau,betty.gitau71161@college.ac.ke
71162,Gladys,Juma,gladys.juma71162@uni.ac.ke
71163,Samuel,Lagat,samuel.lagat71163@academy.ac.ke
71164,William,Achieng,william.achieng71164@college.ac.ke
71165,Carol,Mutisya,carol.mutisya71165@academy.ac.ke
71166,Ruth,Gathoni,ruth.gathoni71166@students.ac.ke
71167,Mary,Otieno,mary.otieno71167@school.ac.ke
71168,Joy,Gichuki,joy.gichuki71168@academy.ac.ke
71169,Ruth,Rotich,ruth.rotich71169@school.ac.ke
71170,Hope,Ngetich,hope.ngetich71170@academy.ac.ke
71171,Noah,Nduku,noah.nduku71171@academy.ac.ke
71172,Faith,Ahmed,faith.ahmed71172@academy.ac.ke
71173,Ruth,Kiptoo,ruth.kiptoo71173@college.ac.ke
71174,Charles,Gathoni,charles.gathoni71174@students.ac.ke
71175,Peter,Waweru,peter.waweru71175@college.ac.ke
71176,Robert,Onyango,robert.onyango71176@uni.ac.ke
71177,Helen,Chebet,helen.chebet71177@uni.ac.ke
71178,Francis,Ndegwa,francis.ndegwa71178@students.ac.ke
71179,Brian,Njoroge,brian.njoroge71179@academy.ac.ke
71180,Thomas,Onyango,thomas.onyango71180@uni.ac.ke
71181,Harriet,Akumu,harriet.akumu71181@students.ac.ke
71182,Edith,Mbatha,edith.mbatha71182@school.ac.ke
71183,Victor,Gitonga,victor.gitonga71183@uni.ac.ke
71184,Adrian,Ibrahim,adrian.ibrahim71184@school.ac.ke
71185,Samuel,Kasyoka,samuel.kasyoka71185@academy.ac.ke
71186,Helen,Njoroge,helen.njoroge71186@school.ac.ke
71187,Isaac,Akumu,isaac.akumu71187@college.ac.ke
71188,Edwin,Achieng,edwin.achieng71188@academy.ac.ke
71189,Daniel,Awuor,daniel.awuor71189@academy.ac.ke
71190,Eleanor,Ahmed,eleanor.ahmed71190@school.ac.ke
71191,Henry,Kasyoka,henry.kasyoka71191@academy.ac.ke
71192,Paul,Kariuki,paul.kariuki71192@students.ac.ke
71193,Jacob,Akumu,jacob.akumu71193@academy.ac.ke
71194,Peter,Ahmed,peter.ahmed71194@students.ac.ke
71195,Noah,Ngetich,noah.ngetich71195@college.ac.ke
71196,Ruth,Okello,ruth.okello71196@school.ac.ke
71197,Francis,Akumu,francis.akumu71197@uni.ac.ke
71198,Julian,Odhiambo,julian.odhiambo71198@uni.ac.ke
71199,Douglas,Njoroge,douglas.njoroge71199@academy.ac.ke
71200,Raymond,Njuguna,raymond.njuguna71200@students.ac.ke
71201,Hannah,Mwangi,hannah.mwangi71201@academy.ac.ke
71202,Joyce,Musa,joyce.musa71202@school.ac.ke
71203,Lydia,Akumu,lydia.akumu71203@students.ac.ke
71204,Beatrice,Kimani,beatrice.kimani71204@college.ac.ke
71205,Betty,Juma,betty.juma71205@uni.ac.ke
71206,Isaac,Nzomo,isaac.nzomo71206@students.ac.ke
71207,Mary,Mbatha,mary.mbatha71207@academy.ac.ke
71208,Kevin,Mwangi,kevin.mwangi71208@students.ac.ke
71209,Agnes,Kamau,agnes.kamau71209@school.ac.ke
71210,Janet,Mbatha,janet.mbatha71210@school.ac.ke
71211,Betty,Mumo,betty.mumo71211@uni.ac.ke
71212,Mary,Ngetich,mary.ngetich71212@school.ac.ke
71213,Carol,Mbatha,carol.mbatha71213@uni.ac.ke
71214,Joy,Kariuki,joy.kariuki71214@academy.ac.ke
71215,Raymond,Muturi,raymond.muturi71215@academy.ac.ke
71216,Beatrice,Chebet,beatrice.chebet71216@academy.ac.ke
71217,John,Odhiambo,john.odhiambo71217@college.ac.ke
71218,Edith,Kyalo,edith.kyalo71218@college.ac.ke
71219,Raymond,Omar,raymond.omar71219@college.ac.ke
71220,Kevin,Juma,kevin.juma71220@uni.ac.ke
71221,Thomas,Ibrahim,thomas.ibrahim71221@students.ac.ke
71222,Gladys,Gitau,gladys.gitau71222@college.ac.ke
71223,George,Njoroge,george.njoroge71223@uni.ac.ke
71224,Faith,Okello,faith.okello71224@college.ac.ke
71225,Michael,Mbatha,michael.mbatha71225@college.ac.ke
71226,Eric,Omar,eric.omar71226@academy.ac.ke
71227,Lewis,Mwangi,lewis.mwangi71227@uni.ac.ke
71228,Catherine,Yusuf,catherine.yusuf71228@academy.ac.ke
71229,Janet,Mutua,janet.mutua71229@school.ac.ke
71230,Kevin,Gathoni,kevin.gathoni71230@academy.ac.ke
71231,Lydia,Otieno,lydia.otieno71231@college.ac.ke
71232,Eleanor,Gitonga,eleanor.gitonga71232@academy.ac.ke
71233,Michael,Otieno,michael.otieno71233@uni.ac.ke
71234,Eric,Kinyua,eric.kinyua71234@college.ac.ke
71235,Irene,Bett,irene.bett71235@uni.ac.ke
71236,Carol,Kyalo,carol.kyalo71236@academy.ac.ke
71237,Gloria,Kiptoo,gloria.kiptoo71237@school.ac.ke
71238,Beatrice,Owino,beatrice.owino71238@college.ac.ke
71239,Florence,Njoroge,florence.njoroge71239@uni.ac.ke
71240,Frances,Lagat,frances.lagat71240@students.ac.ke
71241,Gladys,Ibrahim,gladys.ibrahim71241@uni.ac.ke
71242,Lewis,Mwangi,lewis.mwangi71242@school.ac.ke
71243,Catherine,Ogolla,catherine.ogolla71243@school.ac.ke
71244,Naomi,Wairimu,naomi.wairimu71244@college.ac.ke
71245,Lydia,Adhiambo,lydia.adhiambo71245@academy.ac.ke
71246,Noah,Omondi,noah.omondi71246@uni.ac.ke
71247,Kevin,Mutai,kevin.mutai71247@academy.ac.ke
71248,Catherine,Chebet,catherine.chebet71248@academy.ac.ke
71249,Hannah,Kimani,hannah.kimani71249@school.ac.ke
71250,Betty,Wairimu,betty.wairimu71250@uni.ac.ke
71251,Esther,Kimani,esther.kimani71251@students.ac.ke
71252,Joseph,Rotich,joseph.rotich71252@college.ac.ke
71253,Jacob,Ibrahim,jacob.ibrahim71253@college.ac.ke
71254,Mary,Okello,mary.okello71254@uni.ac.ke
71255,Gloria,Wanjiku,gloria.wanjiku71255@college.ac.ke
71256,Adrian,Gitau,adrian.gitau71256@academy.ac.ke
71257,Raymond,Ahmed,raymond.ahmed71257@college.ac.ke
71258,Francis,Kariuki,francis.kariuki71258@students.ac.ke
71259,Frances,Ruto,frances.ruto71259@school.ac.ke
71260,Bernard,Kyalo,bernard.kyalo71260@college.ac.ke
71261,Michael,Mumo,michael.mumo71261@academy.ac.ke
71262,Lydia,Kamau,lydia.kamau71262@academy.ac.ke
71263,John,Musyoka,john.musyoka71263@college.ac.ke
71264,Paul,Ochieng,paul.ochieng71264@school.ac.ke
71265,Isaac,Njuguna,isaac.njuguna71265@uni.ac.ke
71266,Michael,Waweru,michael.waweru71266@students.ac.ke
71267,David,Gitonga,david.gitonga71267@college.ac.ke
71268,Joseph,Gichuki,joseph.gichuki71268@school.ac.ke
71269,Peter,Awuor,peter.awuor71269@school.ac.ke
71270,Mary,Achieng,mary.achieng71270@uni.ac.ke
71271,Peter,Mwangi,peter.mwangi71271@students.ac.ke
71272,Lewis,Musyoka,lewis.musyoka71272@academy.ac.ke
71273,Esther,Mutai,esther.mutai71273@students.ac.ke
71274,Ivan,Mwenda,ivan.mwenda71274@uni.ac.ke
71275,George,Ahmed,george.ahmed71275@school.ac.ke
71276,Esther,Njoroge,esther.njoroge71276@uni.ac.ke
71277,Douglas,Owino,douglas.owino71277@academy.ac.ke
71278,William,Ibrahim,william.ibrahim71278@school.ac.ke
71279,Samuel,Gitau,samuel.gitau71279@school.ac.ke
71280,Esther,Ochieng,esther.ochieng71280@students.ac.ke
71281,Lydia,Kiprotich,lydia.kiprotich71281@school.ac.ke
71282,Agnes,Awuor,agnes.awuor71282@uni.ac.ke
71283,Gladys,Nzomo,gladys.nzomo71283@academy.ac.ke
71284,Frances,Njoki,frances.njoki71284@college.ac.ke
71285,Joy,Musa,joy.musa71285@uni.ac.ke
71286,Isaac,Ochieng,isaac.ochieng71286@college.ac.ke
71287,Ruth,Kyalo,ruth.kyalo71287@college.ac.ke
71288,John,Rotich,john.rotich71288@uni.ac.ke
71289,Carol,Gitonga,carol.gitonga71289@academy.ac.ke
71290,Betty,Kiptoo,betty.kiptoo71290@uni.ac.ke
71291,Joy,Farah,joy.farah71291@students.ac.ke
71292,Kenneth,Gichuki,kenneth.gichuki71292@school.ac.ke
71293,William,Akumu,william.akumu71293@academy.ac.ke
71294,Raymond,Abdi,raymond.abdi71294@academy.ac.ke
71295,Irene,Omondi,irene.omondi71295@uni.ac.ke
71296,William,Ruto,william.ruto71296@students.ac.ke
71297,Agnes,Chebet,agnes.chebet71297@college.ac.ke
71298,Janet,Rotich,janet.rotich71298@college.ac.ke
71299,Dorothy,Kimani,dorothy.kimani71299@uni.ac.ke
71300,Adrian,Kiptoo,adrian.kiptoo71300@school.ac.ke
71301,Ivan,Ahmed,ivan.ahmed71301@academy.ac.ke
71302,Kenneth,Mwenda,kenneth.mwenda71302@students.ac.ke
71303,Kevin,Kariuki,kevin.kariuki71303@college.ac.ke
71304,Dorothy,Gitonga,dorothy.gitonga71304@academy.ac.ke
71305,Kevin,Ahmed,kevin.ahmed71305@college.ac.ke
71306,Betty,Gitonga,betty.gitonga71306@academy.ac.ke
71307,James,Bett,james.bett71307@students.ac.ke
71308,Samuel,Mwenda,samuel.mwenda71308@college.ac.ke
71309,Bernard,Rotich,bernard.rotich71309@uni.ac.ke
71310,Eleanor,Hassan,eleanor.hassan71310@uni.ac.ke
71311,Lydia,Kariuki,lydia.kariuki71311@school.ac.ke
71312,Henry,Njoki,henry.njoki71312@academy.ac.ke
71313,Hannah,Muturi,hannah.muturi71313@academy.ac.ke
71314,Dorothy,Achieng,dorothy.achieng71314@academy.ac.ke
71315,Janet,Odhiambo,janet.odhiambo71315@uni.ac.ke
71316,Robert,Achieng,robert.achieng71316@college.ac.ke
71317,Daniel,Maina,daniel.maina71317@students.ac.ke
71318,Carol,Wairimu,carol.wairimu71318@uni.ac.ke
71319,Gloria,Gathoni,gloria.gathoni71319@college.ac.ke
71320,Francis,Ahmed,francis.ahmed71320@academy.ac.ke
71321,William,Lagat,william.lagat71321@academy.ac.ke
71322,Simon,Kimani,simon.kimani71322@college.ac.ke
71323,George,Koech,george.koech71323@school.ac.ke
71324,Bernard,Gathoni,bernard.gathoni71324@academy.ac.ke
71325,Irene,Kinyua,irene.kinyua71325@academy.ac.ke
71326,Julian,Otieno,julian.otieno71326@students.ac.ke
71327,Naomi,Awuor,naomi.awuor71327@students.ac.ke
71328,Joyce,Khalid,joyce.khalid71328@college.ac.ke
71329,Kenneth,Nzomo,kenneth.nzomo71329@college.ac.ke
71330,Harold,Mwenda,harold.mwenda71330@students.ac.ke
71331,Carol,Onyango,carol.onyango71331@college.ac.ke
71332,Francis,Juma,francis.juma71332@school.ac.ke
71333,Michael,Maina,michael.maina71333@college.ac.ke
71334,Dorothy,Wairimu,dorothy.wairimu71334@college.ac.ke
71335,Lydia,Kinyua,lydia.kinyua71335@uni.ac.ke
71336,Joyce,Kinyua,joyce.kinyua71336@college.ac.ke
71337,Diana,Chebet,diana.chebet71337@uni.ac.ke
71338,Douglas,Omondi,douglas.omondi71338@college.ac.ke
71339,Gloria,Omondi,gloria.omondi71339@uni.ac.ke
71340,Janet,Hassan,janet.hassan71340@college.ac.ke
71341,Grace,Gitonga,grace.gitonga71341@college.ac.ke
71342,Helen,Njuguna,helen.njuguna71342@school.ac.ke
71343,Henry,Kinyua,henry.kinyua71343@academy.ac.ke
71344,Catherine,Mutai,catherine.mutai71344@college.ac.ke
71345,Victor,Mwenda,victor.mwenda71345@college.ac.ke
71346,Kevin,Gichuki,kevin.gichuki71346@uni.ac.ke
71347,Esther,Njuguna,esther.njuguna71347@school.ac.ke
71348,Naomi,Mbatha,naomi.mbatha71348@school.ac.ke
71349,Raymond,Awuor,raymond.awuor71349@school.ac.ke
71350,Ruth,Muturi,ruth.muturi71350@uni.ac.ke
71351,Irene,Odhiambo,irene.odhiambo71351@college.ac.ke
71352,Eleanor,Gathoni,eleanor.gathoni71352@academy.ac.ke
71353,Noah,Adhiambo,noah.adhiambo71353@college.ac.ke
71354,Douglas,Mumo,douglas.mumo71354@academy.ac.ke
71355,Philip,Kasyoka,philip.kasyoka71355@college.ac.ke
71356,Naomi,Kyalo,naomi.kyalo71356@academy.ac.ke
71357,Adrian,Waweru,adrian.waweru71357@students.ac.ke
71358,John,Njoki,john.njoki71358@students.ac.ke
71359,Raymond,Rotich,raymond.rotich71359@students.ac.ke
71360,Frances,Ogolla,frances.ogolla71360@academy.ac.ke
71361,Michael,Ogolla,michael.ogolla71361@academy.ac.ke
71362,Daniel,Omar,daniel.omar71362@college.ac.ke
71363,Lydia,Akumu,lydia.akumu71363@uni.ac.ke
71364,Eleanor,Lagat,eleanor.lagat71364@uni.ac.ke
71365,James,Gathoni,james.gathoni71365@uni.ac.ke
71366,Edith,Wairimu,edith.wairimu71366@school.ac.ke
71367,John,Chebet,john.chebet71367@academy.ac.ke
71368,Samuel,Mwangi,samuel.mwangi71368@uni.ac.ke
71369,Harriet,Kinyua,harriet.kinyua71369@academy.ac.ke
71370,Frances,Kariuki,frances.kariuki71370@academy.ac.ke
71371,Philip,Kinyua,philip.kinyua71371@academy.ac.ke
71372,Julian,Ochieng,julian.ochieng71372@uni.ac.ke
71373,Dorothy,Nduku,dorothy.nduku71373@students.ac.ke
71374,Hope,Kinyua,hope.kinyua71374@academy.ac.ke
71375,Eric,Rotich,eric.rotich71375@uni.ac.ke
71376,Gordon,Kinyua,gordon.kinyua71376@academy.ac.ke
71377,Edith,Nzomo,edith.nzomo71377@uni.ac.ke
71378,Faith,Yusuf,faith.yusuf71378@college.ac.ke
71379,Moses,Bett,moses.bett71379@college.ac.ke
71380,Catherine,Adhiambo,catherine.adhiambo71380@students.ac.ke
71381,Hope,Ngetich,hope.ngetich71381@college.ac.ke
71382,Ruth,Chebet,ruth.chebet71382@academy.ac.ke
71383,James,Bett,james.bett71383@uni.ac.ke
71384,Daniel,Kariuki,daniel.kariuki71384@uni.ac.ke
71385,Eleanor,Awuor,eleanor.awuor71385@school.ac.ke
71386,Joy,Nzomo,joy.nzomo71386@students.ac.ke
71387,Frances,Ogolla,frances.ogolla71387@uni.ac.ke
71388,John,Njoroge,john.njoroge71388@students.ac.ke
71389,Helen,Wairimu,helen.wairimu71389@academy.ac.ke
71390,William,Achieng,william.achieng71390@students.ac.ke
71391,George,Kiptoo,george.kiptoo71391@school.ac.ke
71392,Adrian,Kinyua,adrian.kinyua71392@school.ac.ke
71393,Eric,Kyalo,eric.kyalo71393@college.ac.ke
71394,Ruth,Nzomo,ruth.nzomo71394@uni.ac.ke
71395,Helen,Akumu,helen.akumu71395@college.ac.ke
71396,Harriet,Mwenda,harriet.mwenda71396@students.ac.ke
71397,Lewis,Kinyua,lewis.kinyua71397@academy.ac.ke
71398,Hope,Gathoni,hope.gathoni71398@college.ac.ke
71399,Julian,Koech,julian.koech71399@uni.ac.ke
71400,David,Mutua,david.mutua71400@uni.ac.ke
71401,Frances,Nzomo,frances.nzomo71401@uni.ac.ke
71402,Irene,Okello,irene.okello71402@uni.ac.ke
71403,Betty,Mutua,betty.mutua71403@uni.ac.ke
71404,Joy,Ruto,joy.ruto71404@college.ac.ke
71405,Agnes,Mutai,agnes.mutai71405@uni.ac.ke
71406,David,Nzomo,david.nzomo71406@uni.ac.ke
71407,Noah,Musyoka,noah.musyoka71407@college.ac.ke
71408,Dennis,Kiptoo,dennis.kiptoo71408@school.ac.ke
71409,Dennis,Kasyoka,dennis.kasyoka71409@students.ac.ke
71410,Alice,Omondi,alice.omondi71410@students.ac.ke
71411,Gladys,Ngetich,gladys.ngetich71411@school.ac.ke
71412,John,Ochieng,john.ochieng71412@school.ac.ke
71413,Hannah,Gathoni,hannah.gathoni71413@academy.ac.ke
71414,Charles,Mutai,charles.mutai71414@college.ac.ke
71415,Robert,Njuguna,robert.njuguna71415@uni.ac.ke
71416,Edwin,Bett,edwin.bett71416@school.ac.ke
71417,Agnes,Njoki,agnes.njoki71417@college.ac.ke
71418,Edith,Otieno,edith.otieno71418@uni.ac.ke
71419,James,Gitonga,james.gitonga71419@college.ac.ke
71420,Agnes,Ruto,agnes.ruto71420@students.ac.ke
71421,Carol,Owino,carol.owino71421@college.ac.ke
71422,Brian,Abdi,brian.abdi71422@students.ac.ke
71423,Joseph,Kamau,joseph.kamau71423@school.ac.ke
71424,Kenneth,Gathoni,kenneth.gathoni71424@college.ac.ke
71425,Dorothy,Njuguna,dorothy.njuguna71425@uni.ac.ke
71426,Isaac,Mutisya,isaac.mutisya71426@uni.ac.ke
71427,Thomas,Mutai,thomas.mutai71427@uni.ac.ke
71428,Joy,Waweru,joy.waweru71428@uni.ac.ke
71429,Eleanor,Gathoni,eleanor.gathoni71429@school.ac.ke
71430,Dennis,Kiptoo,dennis.kiptoo71430@academy.ac.ke
71431,Philip,Onyango,philip.onyango71431@students.ac.ke
71432,Joy,Gitau,joy.gitau71432@school.ac.ke
71433,Florence,Owino,florence.owino71433@academy.ac.ke
71434,Lydia,Mutua,lydia.mutua71434@school.ac.ke
71435,Eric,Ruto,eric.ruto71435@uni.ac.ke
71436,Florence,Akumu,florence.akumu71436@uni.ac.ke
71437,Jacob,Mwangi,jacob.mwangi71437@academy.ac.ke
71438,Helen,Ruto,helen.ruto71438@students.ac.ke
71439,Florence,Mumo,florence.mumo71439@college.ac.ke
71440,Frances,Ruto,frances.ruto71440@uni.ac.ke
71441,Peter,Mutua,peter.mutua71441@college.ac.ke
71442,James,Adhiambo,james.adhiambo71442@students.ac.ke
71443,Hannah,Muturi,hannah.muturi71443@academy.ac.ke
71444,James,Hassan,james.hassan71444@academy.ac.ke
71445,Joy,Kamau,joy.kamau71445@college.ac.ke
71446,Paul,Maina,paul.maina71446@academy.ac.ke
71447,Harriet,Muturi,harriet.muturi71447@academy.ac.ke
71448,Daniel,Nzomo,daniel.nzomo71448@students.ac.ke
71449,Jacob,Rotich,jacob.rotich71449@uni.ac.ke
71450,Samuel,Odhiambo,samuel.odhiambo71450@school.ac.ke
71451,Jacob,Otieno,jacob.otieno71451@college.ac.ke
71452,Moses,Farah,moses.farah71452@academy.ac.ke
71453,Thomas,Kimani,thomas.kimani71453@uni.ac.ke
71454,Victor,Mutai,victor.mutai71454@school.ac.ke
71455,Victor,Ngetich,victor.ngetich71455@academy.ac.ke
71456,Philip,Kiprotich,philip.kiprotich71456@school.ac.ke
71457,Brian,Mbatha,brian.mbatha71457@college.ac.ke
71458,Peter,Gitonga,peter.gitonga71458@students.ac.ke
71459,Daniel,Lagat,daniel.lagat71459@students.ac.ke
71460,Samuel,Mutua,samuel.mutua71460@school.ac.ke
71461,Philip,Rotich,philip.rotich71461@college.ac.ke
71462,Brian,Farah,brian.farah71462@school.ac.ke
71463,Raymond,Awuor,raymond.awuor71463@school.ac.ke
71464,Esther,Farah,esther.farah71464@academy.ac.ke
71465,David,Muturi,david.muturi71465@uni.ac.ke
71466,Alice,Njoki,alice.njoki71466@students.ac.ke
71467,Michael,Awuor,michael.awuor71467@school.ac.ke
71468,Eleanor,Gitau,eleanor.gitau71468@school.ac.ke
71469,Victor,Abdi,victor.abdi71469@school.ac.ke
71470,Irene,Kamau,irene.kamau71470@academy.ac.ke
71471,Florence,Koech,florence.koech71471@uni.ac.ke
71472,Bernard,Mwenda,bernard.mwenda71472@uni.ac.ke
71473,Faith,Waweru,faith.waweru71473@school.ac.ke
71474,Robert,Mutua,robert.mutua71474@academy.ac.ke
71475,Irene,Kiprotich,irene.kiprotich71475@college.ac.ke
71476,Raymond,Njuguna,raymond.njuguna71476@school.ac.ke
71477,Noah,Nduku,noah.nduku71477@uni.ac.ke
71478,Oscar,Kasyoka,oscar.kasyoka71478@school.ac.ke
71479,Eric,Owino,eric.owino71479@academy.ac.ke
71480,Dorothy,Khalid,dorothy.khalid71480@college.ac.ke
71481,Julian,Gitonga,julian.gitonga71481@college.ac.ke
71482,Harold,Onyango,harold.onyango71482@uni.ac.ke
71483,Philip,Juma,philip.juma71483@school.ac.ke
71484,Edith,Ochieng,edith.ochieng71484@uni.ac.ke
71485,Francis,Mbatha,francis.mbatha71485@college.ac.ke
71486,Joyce,Njuguna,joyce.njuguna71486@school.ac.ke
71487,Daniel,Lagat,daniel.lagat71487@uni.ac.ke
71488,Oscar,Odhiambo,oscar.odhiambo71488@academy.ac.ke
71489,Grace,Rotich,grace.rotich71489@uni.ac.ke
71490,William,Koech,william.koech71490@academy.ac.ke
71491,Gladys,Farah,gladys.farah71491@uni.ac.ke
71492,Eric,Waweru,eric.waweru71492@academy.ac.ke
71493,Adrian,Gichuki,adrian.gichuki71493@college.ac.ke
71494,Paul,Rotich,paul.rotich71494@college.ac.ke
71495,Douglas,Musyoka,douglas.musyoka71495@uni.ac.ke
71496,Quentin,Juma,quentin.juma71496@school.ac.ke
71497,James,Mutai,james.mutai71497@school.ac.ke
71498,Jacob,Awuor,jacob.awuor71498@college.ac.ke
71499,Ruth,Ndegwa,ruth.ndegwa71499@students.ac.ke
71500,Catherine,Abdi,catherine.abdi71500@uni.ac.ke
71501,Lydia,Khalid,lydia.khalid71501@college.ac.ke
71502,George,Kinyua,george.kinyua71502@school.ac.ke
71503,Douglas,Bett,douglas.bett71503@college.ac.ke
71504,Gloria,Ruto,gloria.ruto71504@academy.ac.ke
71505,Peter,Muturi,peter.muturi71505@school.ac.ke
71506,Beatrice,Waweru,beatrice.waweru71506@college.ac.ke
71507,Joyce,Waweru,joyce.waweru71507@academy.ac.ke
71508,Edwin,Ahmed,edwin.ahmed71508@students.ac.ke
71509,Carol,Achieng,carol.achieng71509@academy.ac.ke
71510,Moses,Yusuf,moses.yusuf71510@uni.ac.ke
71511,Ruth,Mutua,ruth.mutua71511@school.ac.ke
71512,Kenneth,Kasyoka,kenneth.kasyoka71512@uni.ac.ke
71513,Kenneth,Omar,kenneth.omar71513@college.ac.ke
71514,Janet,Lagat,janet.lagat71514@students.ac.ke
71515,Joy,Mumo,joy.mumo71515@college.ac.ke
71516,James,Ndegwa,james.ndegwa71516@uni.ac.ke
71517,Janet,Gitau,janet.gitau71517@uni.ac.ke
71518,Joseph,Ruto,joseph.ruto71518@college.ac.ke
71519,Harold,Nzomo,harold.nzomo71519@college.ac.ke
71520,Samuel,Muturi,samuel.muturi71520@academy.ac.ke
71521,Joy,Juma,joy.juma71521@students.ac.ke
71522,Harold,Ruto,harold.ruto71522@uni.ac.ke
71523,Ivan,Mwangi,ivan.mwangi71523@students.ac.ke
71524,Joseph,Juma,joseph.juma71524@students.ac.ke
71525,Faith,Akumu,faith.akumu71525@school.ac.ke
71526,Samuel,Okello,samuel.okello71526@uni.ac.ke
71527,Janet,Omondi,janet.omondi71527@academy.ac.ke
71528,Helen,Njoroge,helen.njoroge71528@academy.ac.ke
71529,Catherine,Ngetich,catherine.ngetich71529@school.ac.ke
71530,Joseph,Wairimu,joseph.wairimu71530@school.ac.ke
71531,Adrian,Omondi,adrian.omondi71531@college.ac.ke
71532,Janet,Gathoni,janet.gathoni71532@school.ac.ke
71533,Simon,Omar,simon.omar71533@students.ac.ke
71534,Moses,Kiptoo,moses.kiptoo71534@school.ac.ke
71535,Lewis,Kasyoka,lewis.kasyoka71535@academy.ac.ke
71536,Catherine,Onyango,catherine.onyango71536@school.ac.ke
71537,Naomi,Mutua,naomi.mutua71537@academy.ac.ke
71538,Ivan,Nzomo,ivan.nzomo71538@academy.ac.ke
71539,Diana,Kariuki,diana.kariuki71539@college.ac.ke
71540,Carol,Owino,carol.owino71540@uni.ac.ke
71541,Edith,Musa,edith.musa71541@college.ac.ke
71542,Harold,Ibrahim,harold.ibrahim71542@academy.ac.ke
71543,Grace,Koech,grace.koech71543@academy.ac.ke
71544,Mary,Ndegwa,mary.ndegwa71544@college.ac.ke
71545,James,Mutisya,james.mutisya71545@academy.ac.ke
71546,Bernard,Musa,bernard.musa71546@college.ac.ke
71547,Kevin,Kimani,kevin.kimani71547@academy.ac.ke
71548,Kenneth,Nduku,kenneth.nduku71548@students.ac.ke
71549,Faith,Juma,faith.juma71549@college.ac.ke
71550,Joy,Ruto,joy.ruto71550@students.ac.ke
71551,Joyce,Kiptoo,joyce.kiptoo71551@academy.ac.ke
71552,Philip,Ngetich,philip.ngetich71552@students.ac.ke
71553,Charles,Mumo,charles.mumo71553@uni.ac.ke
71554,Florence,Adhiambo,florence.adhiambo71554@academy.ac.ke
71555,Betty,Nzomo,betty.nzomo71555@uni.ac.ke
71556,Lewis,Maina,lewis.maina71556@college.ac.ke
71557,Michael,Mumo,michael.mumo71557@college.ac.ke
71558,Catherine,Ahmed,catherine.ahmed71558@school.ac.ke
71559,Eric,Kamau,eric.kamau71559@academy.ac.ke
71560,Beatrice,Ochieng,beatrice.ochieng71560@uni.ac.ke
71561,Oscar,Abdi,oscar.abdi71561@school.ac.ke
71562,Helen,Odhiambo,helen.odhiambo71562@students.ac.ke
71563,Gordon,Kariuki,gordon.kariuki71563@school.ac.ke
71564,Agnes,Njuguna,agnes.njuguna71564@students.ac.ke
71565,James,Maina,james.maina71565@uni.ac.ke
71566,Oscar,Onyango,oscar.onyango71566@school.ac.ke
71567,Hope,Mutai,hope.mutai71567@academy.ac.ke
71568,Michael,Gitonga,michael.gitonga71568@uni.ac.ke
71569,Ruth,Muturi,ruth.muturi71569@students.ac.ke
71570,Mary,Waweru,mary.waweru71570@academy.ac.ke
71571,Moses,Adhiambo,moses.adhiambo71571@college.ac.ke
71572,Lydia,Kimani,lydia.kimani71572@uni.ac.ke
71573,Quentin,Chebet,quentin.chebet71573@college.ac.ke
71574,Frances,Waweru,frances.waweru71574@academy.ac.ke
71575,Hannah,Omar,hannah.omar71575@school.ac.ke
71576,Henry,Odhiambo,henry.odhiambo71576@college.ac.ke
71577,Douglas,Mwenda,douglas.mwenda71577@academy.ac.ke
71578,Charles,Omar,charles.omar71578@college.ac.ke
71579,Edwin,Bett,edwin.bett71579@students.ac.ke
71580,Eleanor,Mbatha,eleanor.mbatha71580@school.ac.ke
71581,Gordon,Achieng,gordon.achieng71581@uni.ac.ke
71582,Victor,Koech,victor.koech71582@college.ac.ke
71583,Samuel,Hassan,samuel.hassan71583@school.ac.ke
71584,Joy,Ibrahim,joy.ibrahim71584@college.ac.ke
71585,Raymond,Mbatha,raymond.mbatha71585@college.ac.ke
71586,Diana,Ogolla,diana.ogolla71586@students.ac.ke
71587,Catherine,Kasyoka,catherine.kasyoka71587@college.ac.ke
71588,Isaac,Odhiambo,isaac.odhiambo71588@academy.ac.ke
71589,Diana,Njoroge,diana.njoroge71589@uni.ac.ke
71590,Hannah,Kimani,hannah.kimani71590@college.ac.ke
71591,Michael,Ruto,michael.ruto71591@students.ac.ke
71592,Gladys,Ngetich,gladys.ngetich71592@uni.ac.ke
71593,Samuel,Mbatha,samuel.mbatha71593@school.ac.ke
71594,Douglas,Muturi,douglas.muturi71594@school.ac.ke
71595,Frances,Kariuki,frances.kariuki71595@academy.ac.ke
71596,Noah,Kyalo,noah.kyalo71596@students.ac.ke
71597,Oscar,Kinyua,oscar.kinyua71597@students.ac.ke
71598,Ivan,Owino,ivan.owino71598@academy.ac.ke
71599,Beatrice,Mbatha,beatrice.mbatha71599@college.ac.ke
71600,Thomas,Ndegwa,thomas.ndegwa71600@college.ac.ke
71601,Brian,Mwenda,brian.mwenda71601@uni.ac.ke
71602,Edwin,Gichuki,edwin.gichuki71602@uni.ac.ke
71603,Peter,Yusuf,peter.yusuf71603@college.ac.ke
71604,Peter,Akumu,peter.akumu71604@academy.ac.ke
71605,Thomas,Njoroge,thomas.njoroge71605@college.ac.ke
71606,Beatrice,Owino,beatrice.owino71606@school.ac.ke
71607,Joseph,Mumo,joseph.mumo71607@academy.ac.ke
71608,Grace,Yusuf,grace.yusuf71608@students.ac.ke
71609,Helen,Omondi,helen.omondi71609@college.ac.ke
71610,Eleanor,Mutai,eleanor.mutai71610@students.ac.ke
71611,Gladys,Mwangi,gladys.mwangi71611@students.ac.ke
71612,Julian,Kariuki,julian.kariuki71612@students.ac.ke
71613,Philip,Kamau,philip.kamau71613@students.ac.ke
71614,Robert,Lagat,robert.lagat71614@academy.ac.ke
71615,Irene,Achieng,irene.achieng71615@school.ac.ke
71616,Isaac,Njuguna,isaac.njuguna71616@college.ac.ke
71617,Esther,Chebet,esther.chebet71617@academy.ac.ke
71618,Moses,Musyoka,moses.musyoka71618@academy.ac.ke
71619,Quentin,Mwenda,quentin.mwenda71619@school.ac.ke
71620,Peter,Nzomo,peter.nzomo71620@academy.ac.ke
71621,Lydia,Njoki,lydia.njoki71621@college.ac.ke
71622,Diana,Nzomo,diana.nzomo71622@academy.ac.ke
71623,Naomi,Okello,naomi.okello71623@uni.ac.ke
71624,Paul,Achieng,paul.achieng71624@students.ac.ke
71625,Eleanor,Ibrahim,eleanor.ibrahim71625@students.ac.ke
71626,Daniel,Kimani,daniel.kimani71626@college.ac.ke
71627,Eric,Gathoni,eric.gathoni71627@college.ac.ke
71628,Beatrice,Kamau,beatrice.kamau71628@students.ac.ke
71629,Jacob,Odhiambo,jacob.odhiambo71629@students.ac.ke
71630,Simon,Odhiambo,simon.odhiambo71630@college.ac.ke
71631,Harriet,Ogolla,harriet.ogolla71631@academy.ac.ke
71632,Douglas,Akumu,douglas.akumu71632@students.ac.ke
71633,Agnes,Mutua,agnes.mutua71633@school.ac.ke
71634,Philip,Kyalo,philip.kyalo71634@college.ac.ke
71635,Kenneth,Mumo,kenneth.mumo71635@school.ac.ke
71636,Moses,Omar,moses.omar71636@school.ac.ke
71637,Dorothy,Kiptoo,dorothy.kiptoo71637@uni.ac.ke
71638,Hope,Gichuki,hope.gichuki71638@school.ac.ke
71639,Catherine,Ngetich,catherine.ngetich71639@academy.ac.ke
71640,William,Kiprotich,william.kiprotich71640@uni.ac.ke
71641,Gordon,Juma,gordon.juma71641@school.ac.ke
71642,Lydia,Lagat,lydia.lagat71642@students.ac.ke
71643,Joseph,Musyoka,joseph.musyoka71643@uni.ac.ke
71644,Irene,Owino,irene.owino71644@students.ac.ke
71645,Dennis,Ahmed,dennis.ahmed71645@uni.ac.ke
71646,Julian,Hassan,julian.hassan71646@uni.ac.ke
71647,Dorothy,Ngetich,dorothy.ngetich71647@academy.ac.ke
71648,Eric,Maina,eric.maina71648@uni.ac.ke
71649,Carol,Okello,carol.okello71649@students.ac.ke
71650,Oscar,Gathoni,oscar.gathoni71650@academy.ac.ke
71651,Edith,Maina,edith.maina71651@academy.ac.ke
71652,Charles,Mbatha,charles.mbatha71652@students.ac.ke
71653,Betty,Ochieng,betty.ochieng71653@academy.ac.ke
71654,Henry,Mutisya,henry.mutisya71654@students.ac.ke
71655,Frances,Otieno,frances.otieno71655@college.ac.ke
71656,Dorothy,Ochieng,dorothy.ochieng71656@students.ac.ke
71657,Irene,Ahmed,irene.ahmed71657@college.ac.ke
71658,Samuel,Gitau,samuel.gitau71658@uni.ac.ke
71659,Faith,Odhiambo,faith.odhiambo71659@college.ac.ke
71660,Hannah,Mwenda,hannah.mwenda71660@school.ac.ke
71661,Naomi,Odhiambo,naomi.odhiambo71661@academy.ac.ke
71662,Gloria,Ogolla,gloria.ogolla71662@college.ac.ke
71663,William,Onyango,william.onyango71663@students.ac.ke
71664,Catherine,Mutai,catherine.mutai71664@college.ac.ke
71665,Dorothy,Kiptoo,dorothy.kiptoo71665@uni.ac.ke
71666,Raymond,Kyalo,raymond.kyalo71666@uni.ac.ke
71667,Agnes,Okello,agnes.okello71667@school.ac.ke
71668,Bernard,Ngetich,bernard.ngetich71668@uni.ac.ke
71669,Naomi,Mumo,naomi.mumo71669@college.ac.ke
71670,Faith,Njoroge,faith.njoroge71670@school.ac.ke
71671,Mary,Juma,mary.juma71671@academy.ac.ke
71672,Michael,Njoki,michael.njoki71672@academy.ac.ke
71673,Robert,Otieno,robert.otieno71673@students.ac.ke
71674,Frances,Kinyua,frances.kinyua71674@academy.ac.ke
71675,David,Wairimu,david.wairimu71675@academy.ac.ke
71676,Dorothy,Njoroge,dorothy.njoroge71676@academy.ac.ke
71677,Hope,Kasyoka,hope.kasyoka71677@students.ac.ke
71678,Carol,Bett,carol.bett71678@students.ac.ke
71679,Harriet,Omar,harriet.omar71679@school.ac.ke
71680,Naomi,Ogolla,naomi.ogolla71680@academy.ac.ke
71681,Moses,Ochieng,moses.ochieng71681@uni.ac.ke
71682,William,Ochieng,william.ochieng71682@school.ac.ke
71683,Edwin,Otieno,edwin.otieno71683@school.ac.ke
71684,Joy,Bett,joy.bett71684@school.ac.ke
71685,Grace,Ndegwa,grace.ndegwa71685@academy.ac.ke
71686,Lydia,Okello,lydia.okello71686@school.ac.ke
71687,Carol,Mutua,carol.mutua71687@college.ac.ke
71688,Adrian,Waweru,adrian.waweru71688@school.ac.ke
71689,Eleanor,Ahmed,eleanor.ahmed71689@students.ac.ke
71690,Lydia,Hassan,lydia.hassan71690@academy.ac.ke
71691,Lydia,Njoroge,lydia.njoroge71691@students.ac.ke
71692,Oscar,Odhiambo,oscar.odhiambo71692@students.ac.ke
71693,Mary,Ruto,mary.ruto71693@academy.ac.ke
71694,Julian,Khalid,julian.khalid71694@students.ac.ke
71695,Edith,Waweru,edith.waweru71695@academy.ac.ke
71696,Grace,Ibrahim,grace.ibrahim71696@school.ac.ke
71697,Raymond,Ndegwa,raymond.ndegwa71697@academy.ac.ke
71698,Grace,Mutua,grace.mutua71698@uni.ac.ke
71699,Gloria,Njuguna,gloria.njuguna71699@academy.ac.ke
71700,Grace,Njuguna,grace.njuguna71700@college.ac.ke
71701,Faith,Mutai,faith.mutai71701@students.ac.ke
71702,John,Ibrahim,john.ibrahim71702@academy.ac.ke
71703,Edith,Juma,edith.juma71703@uni.ac.ke
71704,Hannah,Maina,hannah.maina71704@uni.ac.ke
71705,Janet,Ndegwa,janet.ndegwa71705@students.ac.ke
71706,Bernard,Odhiambo,bernard.odhiambo71706@students.ac.ke
71707,Samuel,Okello,samuel.okello71707@school.ac.ke
71708,Gloria,Ahmed,gloria.ahmed71708@college.ac.ke
71709,Peter,Mwenda,peter.mwenda71709@college.ac.ke
71710,David,Odhiambo,david.odhiambo71710@school.ac.ke
71711,Dorothy,Akumu,dorothy.akumu71711@academy.ac.ke
71712,Naomi,Njuguna,naomi.njuguna71712@college.ac.ke
71713,Betty,Gichuki,betty.gichuki71713@students.ac.ke
71714,Douglas,Otieno,douglas.otieno71714@college.ac.ke
71715,Janet,Ngetich,janet.ngetich71715@college.ac.ke
71716,Frances,Achieng,frances.achieng71716@students.ac.ke
71717,Samuel,Hassan,samuel.hassan71717@college.ac.ke
71718,Grace,Farah,grace.farah71718@students.ac.ke
71719,Helen,Kimani,helen.kimani71719@students.ac.ke
71720,Gloria,Kasyoka,gloria.kasyoka71720@school.ac.ke
71721,Agnes,Mwenda,agnes.mwenda71721@school.ac.ke
71722,Harold,Owino,harold.owino71722@uni.ac.ke
71723,Gordon,Mumo,gordon.mumo71723@academy.ac.ke
71724,Gordon,Lagat,gordon.lagat71724@students.ac.ke
71725,Thomas,Njoki,thomas.njoki71725@uni.ac.ke
71726,Faith,Owino,faith.owino71726@college.ac.ke
71727,Edwin,Gathoni,edwin.gathoni71727@college.ac.ke
71728,Alice,Bett,alice.bett71728@uni.ac.ke
71729,Ruth,Kimani,ruth.kimani71729@students.ac.ke
71730,Hope,Awuor,hope.awuor71730@students.ac.ke
71731,Daniel,Waweru,daniel.waweru71731@academy.ac.ke
71732,Hannah,Maina,hannah.maina71732@school.ac.ke
71733,Oscar,Mumo,oscar.mumo71733@academy.ac.ke
71734,Peter,Nduku,peter.nduku71734@uni.ac.ke
71735,Agnes,Gichuki,agnes.gichuki71735@college.ac.ke
71736,David,Mutua,david.mutua71736@academy.ac.ke
71737,Ivan,Odhiambo,ivan.odhiambo71737@students.ac.ke
71738,Francis,Juma,francis.juma71738@academy.ac.ke
71739,Gordon,Wairimu,gordon.wairimu71739@college.ac.ke
71740,Joyce,Wairimu,joyce.wairimu71740@academy.ac.ke
71741,Hope,Owino,hope.owino71741@academy.ac.ke
71742,Carol,Kimani,carol.kimani71742@college.ac.ke
71743,George,Gitau,george.gitau71743@college.ac.ke
71744,William,Musa,william.musa71744@uni.ac.ke
71745,Brian,Akumu,brian.akumu71745@school.ac.ke
71746,Harold,Mwangi,harold.mwangi71746@uni.ac.ke
71747,Julian,Mutai,julian.mutai71747@uni.ac.ke
71748,Peter,Ochieng,peter.ochieng71748@uni.ac.ke
71749,John,Khalid,john.khalid71749@uni.ac.ke
71750,Florence,Musa,florence.musa71750@school.ac.ke
71751,Adrian,Omondi,adrian.omondi71751@students.ac.ke
71752,William,Onyango,william.onyango71752@college.ac.ke
71753,Michael,Musyoka,michael.musyoka71753@academy.ac.ke
71754,Harold,Ogolla,harold.ogolla71754@uni.ac.ke
71755,David,Owino,david.owino71755@uni.ac.ke
71756,Grace,Chebet,grace.chebet71756@academy.ac.ke
71757,David,Farah,david.farah71757@college.ac.ke
71758,Carol,Farah,carol.farah71758@college.ac.ke
71759,Florence,Mwangi,florence.mwangi71759@school.ac.ke
71760,Kenneth,Muturi,kenneth.muturi71760@college.ac.ke
71761,George,Onyango,george.onyango71761@academy.ac.ke
71762,Hope,Kasyoka,hope.kasyoka71762@students.ac.ke
71763,Gladys,Kiptoo,gladys.kiptoo71763@college.ac.ke
71764,Gladys,Nduku,gladys.nduku71764@school.ac.ke
71765,Oscar,Abdi,oscar.abdi71765@school.ac.ke
71766,Irene,Juma,irene.juma71766@academy.ac.ke
71767,Ivan,Mbatha,ivan.mbatha71767@uni.ac.ke
71768,Dennis,Mutisya,dennis.mutisya71768@school.ac.ke
71769,Dennis,Omar,dennis.omar71769@students.ac.ke
71770,Frances,Mutua,frances.mutua71770@college.ac.ke
71771,Harriet,Mwangi,harriet.mwangi71771@academy.ac.ke
71772,Hannah,Achieng,hannah.achieng71772@students.ac.ke
71773,Beatrice,Musyoka,beatrice.musyoka71773@college.ac.ke
71774,Raymond,Yusuf,raymond.yusuf71774@uni.ac.ke
71775,Simon,Ndegwa,simon.ndegwa71775@academy.ac.ke
71776,Mary,Ochieng,mary.ochieng71776@academy.ac.ke
71777,Naomi,Omondi,naomi.omondi71777@college.ac.ke
71778,William,Kinyua,william.kinyua71778@academy.ac.ke
71779,Noah,Abdi,noah.abdi71779@students.ac.ke
71780,Michael,Gathoni,michael.gathoni71780@students.ac.ke
71781,Irene,Ruto,irene.ruto71781@college.ac.ke
71782,Adrian,Juma,adrian.juma71782@academy.ac.ke
71783,Quentin,Kiprotich,quentin.kiprotich71783@uni.ac.ke
71784,Lewis,Owino,lewis.owino71784@uni.ac.ke
71785,Helen,Mbatha,helen.mbatha71785@school.ac.ke
71786,Dorothy,Gichuki,dorothy.gichuki71786@students.ac.ke
71787,Carol,Bett,carol.bett71787@students.ac.ke
71788,George,Nduku,george.nduku71788@college.ac.ke
71789,William,Ndegwa,william.ndegwa71789@college.ac.ke
71790,Thomas,Omar,thomas.omar71790@academy.ac.ke
71791,George,Juma,george.juma71791@school.ac.ke
71792,Eleanor,Nduku,eleanor.nduku71792@uni.ac.ke
71793,Lydia,Kimani,lydia.kimani71793@college.ac.ke
71794,Hannah,Owino,hannah.owino71794@academy.ac.ke
71795,Alice,Mutua,alice.mutua71795@college.ac.ke
71796,Hope,Mutua,hope.mutua71796@college.ac.ke
71797,James,Kimani,james.kimani71797@students.ac.ke
71798,Douglas,Juma,douglas.juma71798@students.ac.ke
71799,Bernard,Ahmed,bernard.ahmed71799@school.ac.ke
71800,Charles,Omondi,charles.omondi71800@college.ac.ke
71801,Kenneth,Gichuki,kenneth.gichuki71801@academy.ac.ke
71802,Mary,Khalid,mary.khalid71802@uni.ac.ke
71803,Joyce,Onyango,joyce.onyango71803@uni.ac.ke
71804,Thomas,Abdi,thomas.abdi71804@college.ac.ke
71805,Janet,Kamau,janet.kamau71805@students.ac.ke
71806,Simon,Gitau,simon.gitau71806@students.ac.ke
71807,Adrian,Okello,adrian.okello71807@school.ac.ke
71808,Henry,Nzomo,henry.nzomo71808@school.ac.ke
71809,William,Ochieng,william.ochieng71809@uni.ac.ke
71810,Philip,Kasyoka,philip.kasyoka71810@college.ac.ke
71811,Joyce,Ibrahim,joyce.ibrahim71811@students.ac.ke
71812,Gladys,Otieno,gladys.otieno71812@uni.ac.ke
71813,Kenneth,Njoroge,kenneth.njoroge71813@school.ac.ke
71814,Quentin,Gichuki,quentin.gichuki71814@academy.ac.ke
71815,Kenneth,Ngetich,kenneth.ngetich71815@academy.ac.ke
71816,David,Nduku,david.nduku71816@academy.ac.ke
71817,Diana,Lagat,diana.lagat71817@uni.ac.ke
71818,Hannah,Adhiambo,hannah.adhiambo71818@school.ac.ke
71819,Catherine,Ndegwa,catherine.ndegwa71819@students.ac.ke
71820,Janet,Mwangi,janet.mwangi71820@students.ac.ke
71821,Oscar,Omar,oscar.omar71821@uni.ac.ke
71822,Jacob,Gichuki,jacob.gichuki71822@academy.ac.ke
71823,Robert,Lagat,robert.lagat71823@uni.ac.ke
71824,George,Otieno,george.otieno71824@students.ac.ke
71825,Simon,Awuor,simon.awuor71825@academy.ac.ke
71826,Gladys,Odhiambo,gladys.odhiambo71826@college.ac.ke
71827,Thomas,Ogolla,thomas.ogolla71827@academy.ac.ke
71828,Simon,Njoki,simon.njoki71828@uni.ac.ke
71829,Agnes,Ndegwa,agnes.ndegwa71829@school.ac.ke
71830,Harriet,Mwenda,harriet.mwenda71830@academy.ac.ke
71831,Janet,Otieno,janet.otieno71831@students.ac.ke
71832,Noah,Omondi,noah.omondi71832@academy.ac.ke
71833,Michael,Ahmed,michael.ahmed71833@uni.ac.ke
71834,Joseph,Odhiambo,joseph.odhiambo71834@academy.ac.ke
71835,Ruth,Ogolla,ruth.ogolla71835@school.ac.ke
71836,Lewis,Rotich,lewis.rotich71836@students.ac.ke
71837,Diana,Nduku,diana.nduku71837@uni.ac.ke
71838,Joy,Nduku,joy.nduku71838@school.ac.ke
71839,Daniel,Wairimu,daniel.wairimu71839@students.ac.ke
71840,Joy,Ndegwa,joy.ndegwa71840@academy.ac.ke
71841,Raymond,Njoki,raymond.njoki71841@college.ac.ke
71842,Edith,Yusuf,edith.yusuf71842@students.ac.ke
71843,Adrian,Yusuf,adrian.yusuf71843@school.ac.ke
71844,Douglas,Owino,douglas.owino71844@students.ac.ke
71845,Joyce,Awuor,joyce.awuor71845@college.ac.ke
71846,Gordon,Odhiambo,gordon.odhiambo71846@academy.ac.ke
71847,Samuel,Owino,samuel.owino71847@academy.ac.ke
71848,Janet,Njoki,janet.njoki71848@academy.ac.ke
71849,Dennis,Kimani,dennis.kimani71849@students.ac.ke
71850,Carol,Nzomo,carol.nzomo71850@students.ac.ke
71851,Frances,Onyango,frances.onyango71851@uni.ac.ke
71852,Moses,Achieng,moses.achieng71852@uni.ac.ke
71853,Betty,Abdi,betty.abdi71853@college.ac.ke
71854,Victor,Musa,victor.musa71854@students.ac.ke
71855,Kevin,Yusuf,kevin.yusuf71855@uni.ac.ke
71856,Kevin,Wairimu,kevin.wairimu71856@school.ac.ke
71857,Samuel,Rotich,samuel.rotich71857@students.ac.ke
71858,Irene,Lagat,irene.lagat71858@academy.ac.ke
71859,Lewis,Maina,lewis.maina71859@students.ac.ke
71860,Adrian,Mwenda,adrian.mwenda71860@school.ac.ke
71861,Philip,Kamau,philip.kamau71861@academy.ac.ke
71862,Douglas,Ogolla,douglas.ogolla71862@uni.ac.ke
71863,Lewis,Maina,lewis.maina71863@school.ac.ke
71864,Ruth,Mwenda,ruth.mwenda71864@students.ac.ke
71865,Robert,Gitau,robert.gitau71865@uni.ac.ke
71866,George,Gitau,george.gitau71866@school.ac.ke
71867,Bernard,Mutai,bernard.mutai71867@college.ac.ke
71868,Peter,Ogolla,peter.ogolla71868@uni.ac.ke
71869,Noah,Ruto,noah.ruto71869@college.ac.ke
71870,Gladys,Yusuf,gladys.yusuf71870@academy.ac.ke
71871,Janet,Owino,janet.owino71871@school.ac.ke
71872,Paul,Maina,paul.maina71872@uni.ac.ke
71873,Simon,Juma,simon.juma71873@academy.ac.ke
71874,Quentin,Njoroge,quentin.njoroge71874@students.ac.ke
71875,Faith,Koech,faith.koech71875@uni.ac.ke
71876,Joyce,Adhiambo,joyce.adhiambo71876@college.ac.ke
71877,Hannah,Owino,hannah.owino71877@college.ac.ke
71878,George,Abdi,george.abdi71878@school.ac.ke
71879,Daniel,Waweru,daniel.waweru71879@school.ac.ke
71880,Raymond,Omondi,raymond.omondi71880@college.ac.ke
71881,Peter,Nduku,peter.nduku71881@uni.ac.ke
71882,Brian,Bett,brian.bett71882@school.ac.ke
71883,Joseph,Okello,joseph.okello71883@school.ac.ke
71884,Victor,Musa,victor.musa71884@students.ac.ke
71885,Isaac,Gitau,isaac.gitau71885@school.ac.ke
71886,Janet,Yusuf,janet.yusuf71886@college.ac.ke
71887,Thomas,Njuguna,thomas.njuguna71887@uni.ac.ke
71888,Gladys,Ruto,gladys.ruto71888@students.ac.ke
71889,Joyce,Ngetich,joyce.ngetich71889@students.ac.ke
71890,Michael,Gichuki,michael.gichuki71890@school.ac.ke
71891,Florence,Muturi,florence.muturi71891@academy.ac.ke
71892,Charles,Mumo,charles.mumo71892@students.ac.ke
71893,Beatrice,Onyango,beatrice.onyango71893@students.ac.ke
71894,Brian,Ibrahim,brian.ibrahim71894@college.ac.ke
71895,Irene,Wairimu,irene.wairimu71895@college.ac.ke
71896,Janet,Odhiambo,janet.odhiambo71896@college.ac.ke
71897,Edith,Odhiambo,edith.odhiambo71897@academy.ac.ke
71898,Joseph,Mwenda,joseph.mwenda71898@academy.ac.ke
71899,Peter,Farah,peter.farah71899@students.ac.ke
71900,Bernard,Omondi,bernard.omondi71900@academy.ac.ke
71901,Victor,Otieno,victor.otieno71901@uni.ac.ke
71902,Carol,Wanjiku,carol.wanjiku71902@uni.ac.ke
71903,Hope,Waweru,hope.waweru71903@school.ac.ke
71904,Joy,Ndegwa,joy.ndegwa71904@uni.ac.ke
71905,John,Achieng,john.achieng71905@academy.ac.ke
71906,Carol,Lagat,carol.lagat71906@college.ac.ke
71907,Irene,Nzomo,irene.nzomo71907@academy.ac.ke
71908,Kevin,Khalid,kevin.khalid71908@uni.ac.ke
71909,Julian,Kariuki,julian.kariuki71909@academy.ac.ke
71910,Simon,Kyalo,simon.kyalo71910@college.ac.ke
71911,Naomi,Njuguna,naomi.njuguna71911@uni.ac.ke
71912,Quentin,Njuguna,quentin.njuguna71912@college.ac.ke
71913,Lewis,Ogolla,lewis.ogolla71913@uni.ac.ke
71914,Joseph,Njuguna,joseph.njuguna71914@school.ac.ke
71915,Faith,Musyoka,faith.musyoka71915@academy.ac.ke
71916,Harold,Kiprotich,harold.kiprotich71916@school.ac.ke
71917,Lydia,Koech,lydia.koech71917@academy.ac.ke
71918,Grace,Njoroge,grace.njoroge71918@uni.ac.ke
71919,Douglas,Mbatha,douglas.mbatha71919@students.ac.ke
71920,Alice,Koech,alice.koech71920@college.ac.ke
71921,Hope,Gitonga,hope.gitonga71921@uni.ac.ke
71922,Dorothy,Omar,dorothy.omar71922@academy.ac.ke
71923,Agnes,Kiprotich,agnes.kiprotich71923@school.ac.ke
71924,Daniel,Gitau,daniel.gitau71924@uni.ac.ke
71925,Douglas,Achieng,douglas.achieng71925@uni.ac.ke
71926,Thomas,Kiprotich,thomas.kiprotich71926@school.ac.ke
71927,James,Kariuki,james.kariuki71927@academy.ac.ke
71928,Joyce,Farah,joyce.farah71928@school.ac.ke
71929,Alice,Musa,alice.musa71929@academy.ac.ke
71930,Carol,Owino,carol.owino71930@students.ac.ke
71931,William,Nzomo,william.nzomo71931@students.ac.ke
71932,Dennis,Kiprotich,dennis.kiprotich71932@academy.ac.ke
71933,Robert,Lagat,robert.lagat71933@academy.ac.ke
71934,Gladys,Bett,gladys.bett71934@school.ac.ke
71935,Henry,Odhiambo,henry.odhiambo71935@college.ac.ke
71936,Kevin,Okello,kevin.okello71936@college.ac.ke
71937,Esther,Mbatha,esther.mbatha71937@students.ac.ke
71938,Philip,Gitau,philip.gitau71938@school.ac.ke
71939,Jacob,Gitonga,jacob.gitonga71939@academy.ac.ke
71940,Harold,Njoroge,harold.njoroge71940@uni.ac.ke
71941,Bernard,Wanjiku,bernard.wanjiku71941@college.ac.ke
71942,Gordon,Kiprotich,gordon.kiprotich71942@uni.ac.ke
71943,Hannah,Awuor,hannah.awuor71943@academy.ac.ke
71944,John,Mutai,john.mutai71944@school.ac.ke
71945,Thomas,Juma,thomas.juma71945@college.ac.ke
71946,Joy,Kiptoo,joy.kiptoo71946@school.ac.ke
71947,John,Njuguna,john.njuguna71947@students.ac.ke
71948,Janet,Muturi,janet.muturi71948@students.ac.ke
71949,Florence,Musa,florence.musa71949@uni.ac.ke
71950,Isaac,Mwangi,isaac.mwangi71950@students.ac.ke
71951,Gordon,Abdi,gordon.abdi71951@academy.ac.ke
71952,Douglas,Mutai,douglas.mutai71952@school.ac.ke
71953,Quentin,Gitau,quentin.gitau71953@school.ac.ke
71954,Helen,Odhiambo,helen.odhiambo71954@uni.ac.ke
71955,Hannah,Wanjiku,hannah.wanjiku71955@school.ac.ke
71956,Samuel,Akumu,samuel.akumu71956@academy.ac.ke
71957,Ivan,Farah,ivan.farah71957@uni.ac.ke
71958,Helen,Achieng,helen.achieng71958@academy.ac.ke
71959,Joy,Njoroge,joy.njoroge71959@academy.ac.ke
71960,Lewis,Kariuki,lewis.kariuki71960@uni.ac.ke
71961,Kevin,Ngetich,kevin.ngetich71961@uni.ac.ke
71962,Esther,Njoki,esther.njoki71962@students.ac.ke
71963,Victor,Okello,victor.okello71963@uni.ac.ke
71964,Ivan,Maina,ivan.maina71964@academy.ac.ke
71965,James,Mwenda,james.mwenda71965@uni.ac.ke
71966,Beatrice,Gitau,beatrice.gitau71966@college.ac.ke
71967,William,Ngetich,william.ngetich71967@uni.ac.ke
71968,Agnes,Ndegwa,agnes.ndegwa71968@uni.ac.ke
71969,Harriet,Mbatha,harriet.mbatha71969@college.ac.ke
71970,Helen,Musyoka,helen.musyoka71970@students.ac.ke
71971,Douglas,Gathoni,douglas.gathoni71971@college.ac.ke
71972,Helen,Koech,helen.koech71972@college.ac.ke
71973,Dennis,Mutisya,dennis.mutisya71973@students.ac.ke
71974,Quentin,Muturi,quentin.muturi71974@students.ac.ke
71975,Edwin,Gitau,edwin.gitau71975@uni.ac.ke
71976,Quentin,Gitonga,quentin.gitonga71976@school.ac.ke
71977,Quentin,Waweru,quentin.waweru71977@uni.ac.ke
71978,Henry,Njoki,henry.njoki71978@academy.ac.ke
71979,Douglas,Bett,douglas.bett71979@academy.ac.ke
71980,Bernard,Mbatha,bernard.mbatha71980@college.ac.ke
71981,Douglas,Mutua,douglas.mutua71981@uni.ac.ke
71982,Beatrice,Wanjiku,beatrice.wanjiku71982@students.ac.ke
71983,Helen,Kiprotich,helen.kiprotich71983@students.ac.ke
71984,Kevin,Lagat,kevin.lagat71984@school.ac.ke
71985,Janet,Achieng,janet.achieng71985@academy.ac.ke
71986,Joyce,Kimani,joyce.kimani71986@school.ac.ke
71987,Paul,Khalid,paul.khalid71987@students.ac.ke
71988,Peter,Wanjiku,peter.wanjiku71988@school.ac.ke
71989,Mary,Mwenda,mary.mwenda71989@college.ac.ke
71990,Michael,Awuor,michael.awuor71990@college.ac.ke
71991,Mary,Owino,mary.owino71991@students.ac.ke
71992,Janet,Otieno,janet.otieno71992@college.ac.ke
71993,Catherine,Farah,catherine.farah71993@students.ac.ke
71994,Jacob,Ochieng,jacob.ochieng71994@academy.ac.ke
71995,Mary,Abdi,mary.abdi71995@college.ac.ke
71996,Carol,Musa,carol.musa71996@students.ac.ke
71997,Ruth,Khalid,ruth.khalid71997@college.ac.ke
71998,Grace,Njoki,grace.njoki71998@college.ac.ke
71999,Joy,Kimani,joy.kimani71999@uni.ac.ke
72000,Isaac,Mutua,isaac.mutua72000@students.ac.ke
72001,Beatrice,Omondi,beatrice.omondi72001@uni.ac.ke
72002,Quentin,Mutisya,quentin.mutisya72002@students.ac.ke
72003,Robert,Yusuf,robert.yusuf72003@academy.ac.ke
72004,Ruth,Mutai,ruth.mutai72004@school.ac.ke
72005,Samuel,Farah,samuel.farah72005@school.ac.ke
72006,Eleanor,Gitonga,eleanor.gitonga72006@students.ac.ke
72007,Alice,Achieng,alice.achieng72007@academy.ac.ke
72008,Lewis,Ochieng,lewis.ochieng72008@college.ac.ke
72009,Catherine,Mutua,catherine.mutua72009@academy.ac.ke
72010,Hope,Mutai,hope.mutai72010@students.ac.ke
72011,Dorothy,Gichuki,dorothy.gichuki72011@students.ac.ke
72012,Dennis,Musyoka,dennis.musyoka72012@uni.ac.ke
72013,William,Njuguna,william.njuguna72013@college.ac.ke
72014,Janet,Kamau,janet.kamau72014@students.ac.ke
72015,Catherine,Kimani,catherine.kimani72015@students.ac.ke
72016,Paul,Hassan,paul.hassan72016@academy.ac.ke
72017,Hope,Nzomo,hope.nzomo72017@academy.ac.ke
72018,Irene,Wanjiku,irene.wanjiku72018@academy.ac.ke
72019,Janet,Njoroge,janet.njoroge72019@academy.ac.ke
72020,Edwin,Mwenda,edwin.mwenda72020@college.ac.ke
72021,Ivan,Mumo,ivan.mumo72021@school.ac.ke
72022,Raymond,Wanjiku,raymond.wanjiku72022@academy.ac.ke
72023,Irene,Awuor,irene.awuor72023@school.ac.ke
72024,Mary,Maina,mary.maina72024@uni.ac.ke
72025,Hannah,Waweru,hannah.waweru72025@uni.ac.ke
72026,Victor,Kasyoka,victor.kasyoka72026@students.ac.ke
72027,Raymond,Rotich,raymond.rotich72027@school.ac.ke
72028,Florence,Lagat,florence.lagat72028@uni.ac.ke
72029,Joyce,Mutai,joyce.mutai72029@uni.ac.ke
72030,Diana,Abdi,diana.abdi72030@uni.ac.ke
72031,Helen,Kamau,helen.kamau72031@students.ac.ke
72032,Alice,Mwenda,alice.mwenda72032@college.ac.ke
72033,James,Achieng,james.achieng72033@college.ac.ke
72034,Edwin,Khalid,edwin.khalid72034@uni.ac.ke
72035,Noah,Mumo,noah.mumo72035@school.ac.ke
72036,Faith,Kinyua,faith.kinyua72036@academy.ac.ke
72037,Eleanor,Otieno,eleanor.otieno72037@college.ac.ke
72038,John,Mutua,john.mutua72038@academy.ac.ke
72039,William,Mbatha,william.mbatha72039@uni.ac.ke
72040,Paul,Nzomo,paul.nzomo72040@school.ac.ke
72041,Naomi,Ruto,naomi.ruto72041@college.ac.ke
72042,Agnes,Khalid,agnes.khalid72042@college.ac.ke
72043,Hope,Chebet,hope.chebet72043@academy.ac.ke
72044,Raymond,Nzomo,raymond.nzomo72044@academy.ac.ke
72045,Moses,Farah,moses.farah72045@academy.ac.ke
72046,Henry,Kiprotich,henry.kiprotich72046@students.ac.ke
72047,Brian,Rotich,brian.rotich72047@school.ac.ke
72048,Gladys,Otieno,gladys.otieno72048@school.ac.ke
72049,Gloria,Musa,gloria.musa72049@students.ac.ke
72050,Gordon,Kinyua,gordon.kinyua72050@school.ac.ke
72051,Moses,Okello,moses.okello72051@students.ac.ke
72052,Charles,Njuguna,charles.njuguna72052@uni.ac.ke
72053,James,Waweru,james.waweru72053@uni.ac.ke
72054,Philip,Lagat,philip.lagat72054@academy.ac.ke
72055,Douglas,Njuguna,douglas.njuguna72055@uni.ac.ke
72056,Jacob,Waweru,jacob.waweru72056@school.ac.ke
72057,Kevin,Yusuf,kevin.yusuf72057@school.ac.ke
72058,Samuel,Musa,samuel.musa72058@college.ac.ke
72059,George,Abdi,george.abdi72059@students.ac.ke
72060,James,Hassan,james.hassan72060@students.ac.ke
72061,Florence,Muturi,florence.muturi72061@academy.ac.ke
72062,David,Hassan,david.hassan72062@students.ac.ke
72063,Betty,Awuor,betty.awuor72063@uni.ac.ke
72064,Dorothy,Gitau,dorothy.gitau72064@academy.ac.ke
72065,Eric,Kamau,eric.kamau72065@academy.ac.ke
72066,Esther,Muturi,esther.muturi72066@uni.ac.ke
72067,Irene,Khalid,irene.khalid72067@uni.ac.ke
72068,Diana,Mumo,diana.mumo72068@students.ac.ke
72069,Francis,Kamau,francis.kamau72069@school.ac.ke
72070,Beatrice,Owino,beatrice.owino72070@college.ac.ke
72071,Victor,Njoroge,victor.njoroge72071@college.ac.ke
72072,Ivan,Adhiambo,ivan.adhiambo72072@students.ac.ke
72073,Kevin,Kinyua,kevin.kinyua72073@school.ac.ke
72074,Philip,Maina,philip.maina72074@academy.ac.ke
72075,Dorothy,Owino,dorothy.owino72075@students.ac.ke
72076,Dorothy,Kinyua,dorothy.kinyua72076@academy.ac.ke
72077,Harriet,Ahmed,harriet.ahmed72077@school.ac.ke
72078,Quentin,Khalid,quentin.khalid72078@college.ac.ke
72079,Dennis,Ogolla,dennis.ogolla72079@academy.ac.ke
72080,Kevin,Hassan,kevin.hassan72080@school.ac.ke
72081,Moses,Ogolla,moses.ogolla72081@college.ac.ke
72082,Irene,Omar,irene.omar72082@academy.ac.ke
72083,Ruth,Bett,ruth.bett72083@college.ac.ke
72084,Joyce,Kimani,joyce.kimani72084@students.ac.ke
72085,Gordon,Hassan,gordon.hassan72085@academy.ac.ke
72086,Hannah,Kiprotich,hannah.kiprotich72086@college.ac.ke
72087,Agnes,Gitonga,agnes.gitonga72087@college.ac.ke
72088,Dennis,Khalid,dennis.khalid72088@college.ac.ke
72089,Daniel,Farah,daniel.farah72089@students.ac.ke
72090,Daniel,Akumu,daniel.akumu72090@college.ac.ke
72091,Quentin,Owino,quentin.owino72091@academy.ac.ke
72092,Michael,Yusuf,michael.yusuf72092@uni.ac.ke
72093,Daniel,Nzomo,daniel.nzomo72093@students.ac.ke
72094,Helen,Kiprotich,helen.kiprotich72094@uni.ac.ke
72095,Bernard,Otieno,bernard.otieno72095@uni.ac.ke
72096,Irene,Kariuki,irene.kariuki72096@school.ac.ke
72097,Julian,Akumu,julian.akumu72097@college.ac.ke
72098,David,Mutisya,david.mutisya72098@academy.ac.ke
72099,David,Mbatha,david.mbatha72099@students.ac.ke
72100,Frances,Okello,frances.okello72100@academy.ac.ke
72101,Carol,Wanjiku,carol.wanjiku72101@students.ac.ke
72102,Brian,Kamau,brian.kamau72102@college.ac.ke
72103,Joseph,Hassan,joseph.hassan72103@college.ac.ke
72104,Dorothy,Omondi,dorothy.omondi72104@college.ac.ke
72105,Janet,Koech,janet.koech72105@academy.ac.ke
72106,Alice,Yusuf,alice.yusuf72106@college.ac.ke
72107,Paul,Abdi,paul.abdi72107@uni.ac.ke
72108,Adrian,Mutai,adrian.mutai72108@college.ac.ke
72109,Quentin,Juma,quentin.juma72109@college.ac.ke
72110,Paul,Mutisya,paul.mutisya72110@school.ac.ke
72111,Joseph,Odhiambo,joseph.odhiambo72111@school.ac.ke
72112,Harold,Omar,harold.omar72112@uni.ac.ke
72113,Hope,Lagat,hope.lagat72113@students.ac.ke
72114,Janet,Gichuki,janet.gichuki72114@academy.ac.ke
72115,James,Kimani,james.kimani72115@school.ac.ke
72116,Beatrice,Achieng,beatrice.achieng72116@students.ac.ke
72117,Gloria,Hassan,gloria.hassan72117@academy.ac.ke
72118,Irene,Chebet,irene.chebet72118@uni.ac.ke
72119,Harriet,Wairimu,harriet.wairimu72119@students.ac.ke
72120,Victor,Khalid,victor.khalid72120@students.ac.ke
72121,Gloria,Njoroge,gloria.njoroge72121@academy.ac.ke
72122,Hope,Gitau,hope.gitau72122@college.ac.ke
72123,Irene,Ibrahim,irene.ibrahim72123@students.ac.ke
72124,Beatrice,Kasyoka,beatrice.kasyoka72124@academy.ac.ke
72125,Michael,Kinyua,michael.kinyua72125@academy.ac.ke
72126,Henry,Mutisya,henry.mutisya72126@uni.ac.ke
72127,Joseph,Farah,joseph.farah72127@students.ac.ke
72128,William,Mutua,william.mutua72128@college.ac.ke
72129,Isaac,Mwenda,isaac.mwenda72129@students.ac.ke
72130,Bernard,Koech,bernard.koech72130@college.ac.ke
72131,Gloria,Kiprotich,gloria.kiprotich72131@college.ac.ke
72132,Douglas,Muturi,douglas.muturi72132@students.ac.ke
72133,Irene,Hassan,irene.hassan72133@academy.ac.ke
72134,Oscar,Musyoka,oscar.musyoka72134@academy.ac.ke
72135,Philip,Mbatha,philip.mbatha72135@college.ac.ke
72136,Gladys,Kiprotich,gladys.kiprotich72136@uni.ac.ke
72137,Betty,Nzomo,betty.nzomo72137@students.ac.ke
72138,Hope,Adhiambo,hope.adhiambo72138@school.ac.ke
72139,Irene,Ibrahim,irene.ibrahim72139@school.ac.ke
72140,Jacob,Maina,jacob.maina72140@school.ac.ke
72141,Joy,Lagat,joy.lagat72141@uni.ac.ke
72142,Gordon,Kasyoka,gordon.kasyoka72142@college.ac.ke
72143,Grace,Kyalo,grace.kyalo72143@students.ac.ke
72144,Thomas,Omondi,thomas.omondi72144@students.ac.ke
72145,John,Njuguna,john.njuguna72145@uni.ac.ke
72146,Simon,Ibrahim,simon.ibrahim72146@academy.ac.ke
72147,Gloria,Ndegwa,gloria.ndegwa72147@academy.ac.ke
72148,Hope,Rotich,hope.rotich72148@students.ac.ke
72149,Philip,Kiprotich,philip.kiprotich72149@academy.ac.ke
72150,Florence,Chebet,florence.chebet72150@academy.ac.ke
72151,Brian,Chebet,brian.chebet72151@students.ac.ke
72152,James,Kyalo,james.kyalo72152@college.ac.ke
72153,George,Wairimu,george.wairimu72153@school.ac.ke
72154,Frances,Wanjiku,frances.wanjiku72154@college.ac.ke
72155,Charles,Wairimu,charles.wairimu72155@school.ac.ke
72156,Douglas,Mwenda,douglas.mwenda72156@school.ac.ke
72157,Joyce,Gichuki,joyce.gichuki72157@college.ac.ke
72158,Joy,Juma,joy.juma72158@college.ac.ke
72159,Daniel,Khalid,daniel.khalid72159@students.ac.ke
72160,Ruth,Nzomo,ruth.nzomo72160@uni.ac.ke
72161,Simon,Achieng,simon.achieng72161@academy.ac.ke
72162,Joy,Kariuki,joy.kariuki72162@college.ac.ke
72163,John,Chebet,john.chebet72163@college.ac.ke
72164,Moses,Kiprotich,moses.kiprotich72164@college.ac.ke
72165,Irene,Kiptoo,irene.kiptoo72165@students.ac.ke
72166,Ruth,Odhiambo,ruth.odhiambo72166@uni.ac.ke
72167,Eric,Koech,eric.koech72167@uni.ac.ke
72168,Alice,Mutisya,alice.mutisya72168@academy.ac.ke
72169,Michael,Ngetich,michael.ngetich72169@academy.ac.ke
72170,Diana,Koech,diana.koech72170@school.ac.ke
72171,Lydia,Odhiambo,lydia.odhiambo72171@college.ac.ke
72172,Florence,Wairimu,florence.wairimu72172@students.ac.ke
72173,Paul,Kimani,paul.kimani72173@school.ac.ke
72174,George,Odhiambo,george.odhiambo72174@academy.ac.ke
72175,Jacob,Mutisya,jacob.mutisya72175@academy.ac.ke
72176,Isaac,Mbatha,isaac.mbatha72176@school.ac.ke
72177,Raymond,Mutua,raymond.mutua72177@uni.ac.ke
72178,James,Awuor,james.awuor72178@students.ac.ke
72179,James,Okello,james.okello72179@uni.ac.ke
72180,Janet,Onyango,janet.onyango72180@college.ac.ke
72181,Gordon,Juma,gordon.juma72181@school.ac.ke
72182,Paul,Kamau,paul.kamau72182@school.ac.ke
72183,Philip,Mutisya,philip.mutisya72183@academy.ac.ke
72184,Dennis,Achieng,dennis.achieng72184@uni.ac.ke
72185,Catherine,Kiprotich,catherine.kiprotich72185@college.ac.ke
72186,Paul,Kyalo,paul.kyalo72186@students.ac.ke
72187,Gloria,Onyango,gloria.onyango72187@school.ac.ke
72188,Ruth,Chebet,ruth.chebet72188@college.ac.ke
72189,Frances,Lagat,frances.lagat72189@school.ac.ke
72190,Dennis,Gitonga,dennis.gitonga72190@school.ac.ke
72191,Noah,Wanjiku,noah.wanjiku72191@students.ac.ke
72192,Noah,Otieno,noah.otieno72192@academy.ac.ke
72193,Dennis,Mutai,dennis.mutai72193@school.ac.ke
72194,Julian,Gichuki,julian.gichuki72194@school.ac.ke
72195,Hope,Mumo,hope.mumo72195@students.ac.ke
72196,Oscar,Kyalo,oscar.kyalo72196@college.ac.ke
72197,Faith,Onyango,faith.onyango72197@school.ac.ke
72198,Moses,Otieno,moses.otieno72198@school.ac.ke
72199,Henry,Kamau,henry.kamau72199@students.ac.ke
72200,Eric,Gichuki,eric.gichuki72200@school.ac.ke
72201,Carol,Gichuki,carol.gichuki72201@uni.ac.ke
72202,Charles,Njoroge,charles.njoroge72202@school.ac.ke
72203,John,Abdi,john.abdi72203@students.ac.ke
72204,Joseph,Kimani,joseph.kimani72204@school.ac.ke
72205,Ivan,Kamau,ivan.kamau72205@school.ac.ke
72206,Oscar,Gathoni,oscar.gathoni72206@school.ac.ke
72207,Moses,Yusuf,moses.yusuf72207@academy.ac.ke
72208,Victor,Adhiambo,victor.adhiambo72208@uni.ac.ke
72209,Simon,Mumo,simon.mumo72209@uni.ac.ke
72210,Hope,Mbatha,hope.mbatha72210@college.ac.ke
72211,Peter,Omar,peter.omar72211@uni.ac.ke
72212,Henry,Mumo,henry.mumo72212@uni.ac.ke
72213,Bernard,Mutai,bernard.mutai72213@school.ac.ke
72214,Dennis,Ahmed,dennis.ahmed72214@college.ac.ke
72215,Robert,Mumo,robert.mumo72215@school.ac.ke
72216,Harriet,Mumo,harriet.mumo72216@academy.ac.ke
72217,Ivan,Juma,ivan.juma72217@uni.ac.ke
72218,Eric,Akumu,eric.akumu72218@students.ac.ke
72219,Simon,Ngetich,simon.ngetich72219@academy.ac.ke
72220,Douglas,Njoroge,douglas.njoroge72220@uni.ac.ke
72221,Janet,Akumu,janet.akumu72221@students.ac.ke
72222,Alice,Gichuki,alice.gichuki72222@academy.ac.ke
72223,Dorothy,Otieno,dorothy.otieno72223@college.ac.ke
72224,Ruth,Kiptoo,ruth.kiptoo72224@academy.ac.ke
72225,Ivan,Rotich,ivan.rotich72225@college.ac.ke
72226,Helen,Abdi,helen.abdi72226@academy.ac.ke
72227,Robert,Njuguna,robert.njuguna72227@academy.ac.ke
72228,Robert,Wanjiku,robert.wanjiku72228@students.ac.ke
72229,Charles,Mumo,charles.mumo72229@academy.ac.ke
72230,William,Rotich,william.rotich72230@uni.ac.ke
72231,Dorothy,Adhiambo,dorothy.adhiambo72231@uni.ac.ke
72232,Moses,Achieng,moses.achieng72232@school.ac.ke
72233,Oscar,Odhiambo,oscar.odhiambo72233@students.ac.ke
72234,Alice,Omar,alice.omar72234@school.ac.ke
72235,Esther,Kimani,esther.kimani72235@uni.ac.ke
72236,Oscar,Nzomo,oscar.nzomo72236@uni.ac.ke
72237,Victor,Nduku,victor.nduku72237@school.ac.ke
72238,Joseph,Okello,joseph.okello72238@academy.ac.ke
72239,Jacob,Ngetich,jacob.ngetich72239@students.ac.ke
72240,Naomi,Bett,naomi.bett72240@students.ac.ke
72241,Adrian,Adhiambo,adrian.adhiambo72241@students.ac.ke
72242,Harriet,Omondi,harriet.omondi72242@college.ac.ke
72243,Dennis,Njuguna,dennis.njuguna72243@school.ac.ke
72244,Oscar,Ibrahim,oscar.ibrahim72244@college.ac.ke
72245,Frances,Achieng,frances.achieng72245@college.ac.ke
72246,Esther,Njoroge,esther.njoroge72246@college.ac.ke
72247,Quentin,Chebet,quentin.chebet72247@academy.ac.ke
72248,Adrian,Yusuf,adrian.yusuf72248@college.ac.ke
72249,Lydia,Onyango,lydia.onyango72249@students.ac.ke
72250,Thomas,Mutua,thomas.mutua72250@academy.ac.ke
72251,Helen,Ruto,helen.ruto72251@academy.ac.ke
72252,George,Juma,george.juma72252@uni.ac.ke
72253,Faith,Gathoni,faith.gathoni72253@college.ac.ke
72254,Harold,Kiprotich,harold.kiprotich72254@college.ac.ke
72255,Agnes,Odhiambo,agnes.odhiambo72255@school.ac.ke
72256,Raymond,Hassan,raymond.hassan72256@uni.ac.ke
72257,Jacob,Bett,jacob.bett72257@academy.ac.ke
72258,Helen,Odhiambo,helen.odhiambo72258@academy.ac.ke
72259,Diana,Yusuf,diana.yusuf72259@uni.ac.ke
72260,Peter,Kiptoo,peter.kiptoo72260@academy.ac.ke
72261,Philip,Mutisya,philip.mutisya72261@college.ac.ke
72262,Moses,Adhiambo,moses.adhiambo72262@academy.ac.ke
72263,Naomi,Gichuki,naomi.gichuki72263@academy.ac.ke
72264,Edwin,Juma,edwin.juma72264@college.ac.ke
72265,Harold,Khalid,harold.khalid72265@school.ac.ke
72266,Oscar,Lagat,oscar.lagat72266@school.ac.ke
72267,Hope,Mwangi,hope.mwangi72267@school.ac.ke
72268,Raymond,Abdi,raymond.abdi72268@students.ac.ke
72269,Paul,Musa,paul.musa72269@uni.ac.ke
72270,Hannah,Kamau,hannah.kamau72270@college.ac.ke
72271,Paul,Gitonga,paul.gitonga72271@school.ac.ke
72272,Henry,Farah,henry.farah72272@students.ac.ke
72273,Agnes,Kyalo,agnes.kyalo72273@college.ac.ke
72274,David,Wanjiku,david.wanjiku72274@college.ac.ke
72275,Agnes,Kimani,agnes.kimani72275@students.ac.ke
72276,William,Mbatha,william.mbatha72276@school.ac.ke
72277,Bernard,Njoroge,bernard.njoroge72277@uni.ac.ke
72278,Adrian,Omar,adrian.omar72278@school.ac.ke
72279,Oscar,Kiptoo,oscar.kiptoo72279@school.ac.ke
72280,Catherine,Wairimu,catherine.wairimu72280@students.ac.ke
72281,Noah,Njoki,noah.njoki72281@academy.ac.ke
72282,Paul,Awuor,paul.awuor72282@school.ac.ke
72283,Samuel,Kasyoka,samuel.kasyoka72283@students.ac.ke
72284,Agnes,Akumu,agnes.akumu72284@college.ac.ke
72285,Hope,Achieng,hope.achieng72285@college.ac.ke
72286,Agnes,Gitau,agnes.gitau72286@academy.ac.ke
72287,Samuel,Abdi,samuel.abdi72287@college.ac.ke
72288,Helen,Ochieng,helen.ochieng72288@college.ac.ke
72289,Brian,Awuor,brian.awuor72289@school.ac.ke
72290,Simon,Odhiambo,simon.odhiambo72290@uni.ac.ke
72291,Beatrice,Ibrahim,beatrice.ibrahim72291@college.ac.ke
72292,William,Mwenda,william.mwenda72292@school.ac.ke
72293,Helen,Muturi,helen.muturi72293@college.ac.ke
72294,Naomi,Akumu,naomi.akumu72294@school.ac.ke
72295,Jacob,Awuor,jacob.awuor72295@academy.ac.ke
72296,Janet,Ibrahim,janet.ibrahim72296@academy.ac.ke
72297,Hope,Farah,hope.farah72297@students.ac.ke
72298,Harold,Odhiambo,harold.odhiambo72298@uni.ac.ke
72299,Irene,Ogolla,irene.ogolla72299@school.ac.ke
72300,Frances,Farah,frances.farah72300@students.ac.ke
72301,Paul,Khalid,paul.khalid72301@students.ac.ke
72302,Catherine,Kinyua,catherine.kinyua72302@academy.ac.ke
72303,Lydia,Wanjiku,lydia.wanjiku72303@college.ac.ke
72304,Florence,Akumu,florence.akumu72304@students.ac.ke
72305,Alice,Juma,alice.juma72305@school.ac.ke
72306,Esther,Onyango,esther.onyango72306@uni.ac.ke
72307,Victor,Gichuki,victor.gichuki72307@college.ac.ke
72308,Dorothy,Wanjiku,dorothy.wanjiku72308@academy.ac.ke
72309,George,Otieno,george.otieno72309@college.ac.ke
72310,Ruth,Farah,ruth.farah72310@college.ac.ke
72311,Helen,Akumu,helen.akumu72311@academy.ac.ke
72312,Adrian,Owino,adrian.owino72312@uni.ac.ke
72313,Harriet,Musa,harriet.musa72313@uni.ac.ke
72314,Victor,Kiprotich,victor.kiprotich72314@uni.ac.ke
72315,Douglas,Mumo,douglas.mumo72315@college.ac.ke
72316,Beatrice,Owino,beatrice.owino72316@college.ac.ke
72317,Samuel,Gichuki,samuel.gichuki72317@college.ac.ke
72318,Gloria,Juma,gloria.juma72318@academy.ac.ke
72319,Helen,Nzomo,helen.nzomo72319@students.ac.ke
72320,Douglas,Achieng,douglas.achieng72320@students.ac.ke
72321,Douglas,Mbatha,douglas.mbatha72321@college.ac.ke
72322,Dennis,Kiptoo,dennis.kiptoo72322@academy.ac.ke
72323,Carol,Mutisya,carol.mutisya72323@school.ac.ke
72324,Bernard,Ochieng,bernard.ochieng72324@students.ac.ke
72325,Betty,Kiptoo,betty.kiptoo72325@academy.ac.ke
72326,Ruth,Ahmed,ruth.ahmed72326@college.ac.ke
72327,Irene,Kyalo,irene.kyalo72327@college.ac.ke
72328,Noah,Wanjiku,noah.wanjiku72328@uni.ac.ke
72329,Adrian,Akumu,adrian.akumu72329@academy.ac.ke
72330,Lewis,Farah,lewis.farah72330@uni.ac.ke
72331,Quentin,Mwenda,quentin.mwenda72331@college.ac.ke
72332,Irene,Wanjiku,irene.wanjiku72332@uni.ac.ke
72333,Bernard,Koech,bernard.koech72333@academy.ac.ke
72334,Noah,Kariuki,noah.kariuki72334@college.ac.ke
72335,Gladys,Njuguna,gladys.njuguna72335@academy.ac.ke
72336,James,Muturi,james.muturi72336@school.ac.ke
72337,Irene,Rotich,irene.rotich72337@college.ac.ke
72338,Irene,Ndegwa,irene.ndegwa72338@school.ac.ke
72339,Hannah,Koech,hannah.koech72339@school.ac.ke
72340,Samuel,Nzomo,samuel.nzomo72340@college.ac.ke
72341,Joseph,Onyango,joseph.onyango72341@school.ac.ke
72342,Gordon,Chebet,gordon.chebet72342@uni.ac.ke
72343,Alice,Mutua,alice.mutua72343@academy.ac.ke
72344,Carol,Rotich,carol.rotich72344@students.ac.ke
72345,Florence,Awuor,florence.awuor72345@school.ac.ke
72346,David,Gichuki,david.gichuki72346@uni.ac.ke
72347,Peter,Kamau,peter.kamau72347@college.ac.ke
72348,Ivan,Gathoni,ivan.gathoni72348@school.ac.ke
72349,Naomi,Ogolla,naomi.ogolla72349@students.ac.ke
72350,Gordon,Onyango,gordon.onyango72350@students.ac.ke
72351,William,Achieng,william.achieng72351@students.ac.ke
72352,Paul,Ngetich,paul.ngetich72352@uni.ac.ke
72353,Helen,Muturi,helen.muturi72353@college.ac.ke
72354,Beatrice,Kiptoo,beatrice.kiptoo72354@school.ac.ke
72355,Quentin,Musyoka,quentin.musyoka72355@academy.ac.ke
72356,Lydia,Ibrahim,lydia.ibrahim72356@academy.ac.ke
72357,Faith,Gitonga,faith.gitonga72357@academy.ac.ke
72358,Naomi,Kamau,naomi.kamau72358@college.ac.ke
72359,Brian,Achieng,brian.achieng72359@college.ac.ke
72360,Isaac,Gitau,isaac.gitau72360@academy.ac.ke
72361,Hannah,Akumu,hannah.akumu72361@academy.ac.ke
72362,Hannah,Omar,hannah.omar72362@academy.ac.ke
72363,Joseph,Kasyoka,joseph.kasyoka72363@college.ac.ke
72364,Harriet,Achieng,harriet.achieng72364@college.ac.ke
72365,Kevin,Ahmed,kevin.ahmed72365@school.ac.ke
72366,William,Muturi,william.muturi72366@college.ac.ke
72367,Dorothy,Kariuki,dorothy.kariuki72367@school.ac.ke
72368,Bernard,Omar,bernard.omar72368@students.ac.ke
72369,Ruth,Kyalo,ruth.kyalo72369@uni.ac.ke
72370,Eric,Ochieng,eric.ochieng72370@academy.ac.ke
72371,Isaac,Mwangi,isaac.mwangi72371@academy.ac.ke
72372,Helen,Waweru,helen.waweru72372@students.ac.ke
72373,Edith,Wanjiku,edith.wanjiku72373@students.ac.ke
72374,Francis,Bett,francis.bett72374@school.ac.ke
72375,Eric,Ochieng,eric.ochieng72375@students.ac.ke
72376,Adrian,Kimani,adrian.kimani72376@school.ac.ke
72377,Kenneth,Wanjiku,kenneth.wanjiku72377@uni.ac.ke
72378,Douglas,Njoki,douglas.njoki72378@college.ac.ke
72379,Edith,Ibrahim,edith.ibrahim72379@students.ac.ke
72380,Michael,Odhiambo,michael.odhiambo72380@academy.ac.ke
72381,Harold,Onyango,harold.onyango72381@students.ac.ke
72382,Brian,Mutai,brian.mutai72382@students.ac.ke
72383,Naomi,Wairimu,naomi.wairimu72383@students.ac.ke
72384,Charles,Kyalo,charles.kyalo72384@students.ac.ke
72385,Douglas,Yusuf,douglas.yusuf72385@uni.ac.ke
72386,Grace,Hassan,grace.hassan72386@college.ac.ke
72387,Joy,Hassan,joy.hassan72387@school.ac.ke
72388,Harold,Ogolla,harold.ogolla72388@school.ac.ke
72389,Samuel,Waweru,samuel.waweru72389@academy.ac.ke
72390,Irene,Odhiambo,irene.odhiambo72390@students.ac.ke
72391,David,Yusuf,david.yusuf72391@school.ac.ke
72392,Samuel,Ochieng,samuel.ochieng72392@students.ac.ke
72393,Samuel,Akumu,samuel.akumu72393@college.ac.ke
72394,Faith,Musyoka,faith.musyoka72394@college.ac.ke
72395,Edwin,Kasyoka,edwin.kasyoka72395@students.ac.ke
72396,Harriet,Ogolla,harriet.ogolla72396@academy.ac.ke
72397,Eric,Mutua,eric.mutua72397@students.ac.ke
72398,Esther,Juma,esther.juma72398@uni.ac.ke
72399,Philip,Gathoni,philip.gathoni72399@academy.ac.ke
72400,Kevin,Khalid,kevin.khalid72400@academy.ac.ke
72401,Peter,Omondi,peter.omondi72401@college.ac.ke
72402,Joyce,Odhiambo,joyce.odhiambo72402@school.ac.ke
72403,Mary,Mutai,mary.mutai72403@college.ac.ke
72404,Noah,Ochieng,noah.ochieng72404@uni.ac.ke
72405,Raymond,Waweru,raymond.waweru72405@academy.ac.ke
72406,Paul,Achieng,paul.achieng72406@uni.ac.ke
72407,Peter,Gichuki,peter.gichuki72407@uni.ac.ke
72408,Michael,Waweru,michael.waweru72408@college.ac.ke
72409,Harriet,Mutisya,harriet.mutisya72409@school.ac.ke
72410,Charles,Ndegwa,charles.ndegwa72410@college.ac.ke
72411,Ruth,Owino,ruth.owino72411@students.ac.ke
72412,Joyce,Kyalo,joyce.kyalo72412@college.ac.ke
72413,Helen,Muturi,helen.muturi72413@students.ac.ke
72414,Peter,Gichuki,peter.gichuki72414@uni.ac.ke
72415,Gordon,Ochieng,gordon.ochieng72415@school.ac.ke
72416,Michael,Chebet,michael.chebet72416@students.ac.ke
72417,Beatrice,Musyoka,beatrice.musyoka72417@school.ac.ke
72418,Gladys,Nzomo,gladys.nzomo72418@students.ac.ke
72419,Bernard,Mwenda,bernard.mwenda72419@students.ac.ke
72420,Samuel,Chebet,samuel.chebet72420@college.ac.ke
72421,Frances,Ochieng,frances.ochieng72421@academy.ac.ke
72422,Samuel,Mumo,samuel.mumo72422@students.ac.ke
72423,Moses,Maina,moses.maina72423@students.ac.ke
72424,Simon,Kiprotich,simon.kiprotich72424@uni.ac.ke
72425,Michael,Gitonga,michael.gitonga72425@school.ac.ke
72426,David,Gichuki,david.gichuki72426@uni.ac.ke
72427,William,Awuor,william.awuor72427@school.ac.ke
72428,Mary,Okello,mary.okello72428@college.ac.ke
72429,John,Wanjiku,john.wanjiku72429@students.ac.ke
72430,Lydia,Ochieng,lydia.ochieng72430@uni.ac.ke
72431,Janet,Yusuf,janet.yusuf72431@students.ac.ke
72432,John,Mutua,john.mutua72432@school.ac.ke
72433,Samuel,Kariuki,samuel.kariuki72433@college.ac.ke
72434,Ruth,Nzomo,ruth.nzomo72434@students.ac.ke
72435,George,Hassan,george.hassan72435@academy.ac.ke
72436,Edwin,Kyalo,edwin.kyalo72436@uni.ac.ke
72437,Oscar,Mwenda,oscar.mwenda72437@college.ac.ke
72438,Hannah,Yusuf,hannah.yusuf72438@academy.ac.ke
72439,Henry,Ibrahim,henry.ibrahim72439@college.ac.ke
72440,Edwin,Onyango,edwin.onyango72440@students.ac.ke
72441,Francis,Ahmed,francis.ahmed72441@college.ac.ke
72442,Gordon,Mbatha,gordon.mbatha72442@students.ac.ke
72443,Eric,Gichuki,eric.gichuki72443@school.ac.ke
72444,Robert,Lagat,robert.lagat72444@students.ac.ke
72445,Dorothy,Okello,dorothy.okello72445@school.ac.ke
72446,Daniel,Achieng,daniel.achieng72446@school.ac.ke
72447,Carol,Nzomo,carol.nzomo72447@school.ac.ke
72448,Harriet,Mbatha,harriet.mbatha72448@school.ac.ke
72449,Diana,Musa,diana.musa72449@uni.ac.ke
72450,Michael,Mbatha,michael.mbatha72450@academy.ac.ke
72451,David,Onyango,david.onyango72451@uni.ac.ke
72452,Michael,Mwangi,michael.mwangi72452@school.ac.ke
72453,Janet,Njoroge,janet.njoroge72453@school.ac.ke
72454,Philip,Wairimu,philip.wairimu72454@school.ac.ke
72455,Adrian,Kariuki,adrian.kariuki72455@college.ac.ke
72456,Betty,Mutua,betty.mutua72456@academy.ac.ke
72457,Samuel,Omar,samuel.omar72457@students.ac.ke
72458,Faith,Ndegwa,faith.ndegwa72458@college.ac.ke
72459,Irene,Ngetich,irene.ngetich72459@school.ac.ke
72460,Adrian,Ngetich,adrian.ngetich72460@academy.ac.ke
72461,Janet,Njoroge,janet.njoroge72461@school.ac.ke
72462,Helen,Omar,helen.omar72462@academy.ac.ke
72463,Paul,Yusuf,paul.yusuf72463@uni.ac.ke
72464,Naomi,Omar,naomi.omar72464@college.ac.ke
72465,Hope,Kiprotich,hope.kiprotich72465@school.ac.ke
72466,Joseph,Mwangi,joseph.mwangi72466@students.ac.ke
72467,Harold,Yusuf,harold.yusuf72467@uni.ac.ke
72468,Frances,Gichuki,frances.gichuki72468@school.ac.ke
72469,Noah,Mwenda,noah.mwenda72469@academy.ac.ke
72470,Julian,Mwenda,julian.mwenda72470@academy.ac.ke
72471,Joy,Adhiambo,joy.adhiambo72471@school.ac.ke
72472,Thomas,Achieng,thomas.achieng72472@uni.ac.ke
72473,Kenneth,Gitonga,kenneth.gitonga72473@college.ac.ke
72474,Joy,Ruto,joy.ruto72474@school.ac.ke
72475,Michael,Akumu,michael.akumu72475@academy.ac.ke
72476,Francis,Achieng,francis.achieng72476@academy.ac.ke
72477,Moses,Kariuki,moses.kariuki72477@students.ac.ke
72478,Joyce,Njuguna,joyce.njuguna72478@students.ac.ke
72479,Isaac,Gichuki,isaac.gichuki72479@uni.ac.ke
72480,Betty,Kyalo,betty.kyalo72480@academy.ac.ke
72481,George,Akumu,george.akumu72481@academy.ac.ke
72482,Harold,Kamau,harold.kamau72482@school.ac.ke
72483,Adrian,Ngetich,adrian.ngetich72483@uni.ac.ke
72484,Bernard,Hassan,bernard.hassan72484@uni.ac.ke
72485,Edith,Muturi,edith.muturi72485@school.ac.ke
72486,Jacob,Okello,jacob.okello72486@students.ac.ke
72487,Gloria,Gitonga,gloria.gitonga72487@academy.ac.ke
72488,Frances,Owino,frances.owino72488@academy.ac.ke
72489,Helen,Mwenda,helen.mwenda72489@college.ac.ke
72490,Gladys,Chebet,gladys.chebet72490@college.ac.ke
72491,Robert,Abdi,robert.abdi72491@uni.ac.ke
72492,Adrian,Juma,adrian.juma72492@students.ac.ke
72493,Carol,Maina,carol.maina72493@college.ac.ke
72494,Adrian,Lagat,adrian.lagat72494@school.ac.ke
72495,Daniel,Otieno,daniel.otieno72495@college.ac.ke
72496,Carol,Mwangi,carol.mwangi72496@school.ac.ke
72497,Catherine,Gathoni,catherine.gathoni72497@academy.ac.ke
72498,William,Ochieng,william.ochieng72498@college.ac.ke
72499,Dennis,Mbatha,dennis.mbatha72499@academy.ac.ke
72500,Robert,Bett,robert.bett72500@school.ac.ke
72501,Dorothy,Omondi,dorothy.omondi72501@uni.ac.ke
72502,Irene,Nzomo,irene.nzomo72502@uni.ac.ke
72503,Dennis,Omar,dennis.omar72503@academy.ac.ke
72504,Agnes,Gitau,agnes.gitau72504@students.ac.ke
72505,Charles,Otieno,charles.otieno72505@students.ac.ke
72506,Gloria,Koech,gloria.koech72506@college.ac.ke
72507,Simon,Mutai,simon.mutai72507@academy.ac.ke
72508,Helen,Maina,helen.maina72508@students.ac.ke
72509,Mary,Kamau,mary.kamau72509@students.ac.ke
72510,Charles,Kiptoo,charles.kiptoo72510@students.ac.ke
72511,Lewis,Kimani,lewis.kimani72511@college.ac.ke
72512,Quentin,Waweru,quentin.waweru72512@college.ac.ke
72513,Adrian,Njoroge,adrian.njoroge72513@students.ac.ke
72514,Alice,Mwangi,alice.mwangi72514@school.ac.ke
72515,Diana,Okello,diana.okello72515@uni.ac.ke
72516,Dorothy,Kiprotich,dorothy.kiprotich72516@college.ac.ke
72517,Joseph,Ngetich,joseph.ngetich72517@college.ac.ke
72518,Harold,Ibrahim,harold.ibrahim72518@academy.ac.ke
72519,Henry,Ogolla,henry.ogolla72519@uni.ac.ke
72520,George,Abdi,george.abdi72520@academy.ac.ke
72521,Douglas,Maina,douglas.maina72521@college.ac.ke
72522,Janet,Okello,janet.okello72522@school.ac.ke
72523,Beatrice,Omondi,beatrice.omondi72523@academy.ac.ke
72524,Carol,Mutai,carol.mutai72524@uni.ac.ke
72525,Ivan,Kiprotich,ivan.kiprotich72525@academy.ac.ke
72526,Kenneth,Adhiambo,kenneth.adhiambo72526@school.ac.ke
72527,Charles,Okello,charles.okello72527@uni.ac.ke
72528,Eric,Mwangi,eric.mwangi72528@academy.ac.ke
72529,Faith,Achieng,faith.achieng72529@school.ac.ke
72530,Douglas,Kyalo,douglas.kyalo72530@academy.ac.ke
72531,Eric,Ruto,eric.ruto72531@academy.ac.ke
72532,Raymond,Wanjiku,raymond.wanjiku72532@students.ac.ke
72533,Helen,Mumo,helen.mumo72533@uni.ac.ke
72534,Frances,Waweru,frances.waweru72534@college.ac.ke
72535,Joyce,Ngetich,joyce.ngetich72535@uni.ac.ke
72536,Samuel,Ochieng,samuel.ochieng72536@college.ac.ke
72537,Faith,Mumo,faith.mumo72537@college.ac.ke
72538,Alice,Mutai,alice.mutai72538@uni.ac.ke
72539,Harold,Adhiambo,harold.adhiambo72539@academy.ac.ke
72540,Dennis,Nzomo,dennis.nzomo72540@college.ac.ke
72541,Adrian,Ruto,adrian.ruto72541@uni.ac.ke
72542,Brian,Hassan,brian.hassan72542@students.ac.ke
72543,Grace,Kiprotich,grace.kiprotich72543@college.ac.ke
72544,Dennis,Omondi,dennis.omondi72544@students.ac.ke
72545,Agnes,Nduku,agnes.nduku72545@academy.ac.ke
72546,Kevin,Hassan,kevin.hassan72546@college.ac.ke
72547,Gloria,Ibrahim,gloria.ibrahim72547@students.ac.ke
72548,Peter,Ruto,peter.ruto72548@college.ac.ke
72549,Oscar,Kimani,oscar.kimani72549@uni.ac.ke
72550,Hope,Achieng,hope.achieng72550@college.ac.ke
72551,Betty,Ahmed,betty.ahmed72551@school.ac.ke
72552,Moses,Mutua,moses.mutua72552@academy.ac.ke
72553,Kenneth,Mbatha,kenneth.mbatha72553@students.ac.ke
72554,Bernard,Ibrahim,bernard.ibrahim72554@students.ac.ke
72555,Florence,Kasyoka,florence.kasyoka72555@students.ac.ke
72556,Faith,Maina,faith.maina72556@uni.ac.ke
72557,Frances,Owino,frances.owino72557@college.ac.ke
72558,Simon,Abdi,simon.abdi72558@students.ac.ke
72559,Edwin,Achieng,edwin.achieng72559@uni.ac.ke
72560,Joyce,Omondi,joyce.omondi72560@academy.ac.ke
72561,Joy,Kiprotich,joy.kiprotich72561@school.ac.ke
72562,Naomi,Mutisya,naomi.mutisya72562@academy.ac.ke
72563,Eleanor,Mutai,eleanor.mutai72563@students.ac.ke
72564,Esther,Kamau,esther.kamau72564@students.ac.ke
72565,Noah,Ogolla,noah.ogolla72565@college.ac.ke
72566,Julian,Kimani,julian.kimani72566@college.ac.ke
72567,Harriet,Bett,harriet.bett72567@students.ac.ke
72568,Hope,Bett,hope.bett72568@college.ac.ke
72569,Eleanor,Adhiambo,eleanor.adhiambo72569@college.ac.ke
72570,Douglas,Ahmed,douglas.ahmed72570@academy.ac.ke
72571,Joseph,Mutai,joseph.mutai72571@uni.ac.ke
72572,Frances,Omondi,frances.omondi72572@college.ac.ke
72573,Grace,Gitonga,grace.gitonga72573@school.ac.ke
72574,Irene,Gitau,irene.gitau72574@academy.ac.ke
72575,Philip,Musyoka,philip.musyoka72575@uni.ac.ke
72576,Edwin,Kiprotich,edwin.kiprotich72576@college.ac.ke
72577,Samuel,Gathoni,samuel.gathoni72577@students.ac.ke
72578,Isaac,Kyalo,isaac.kyalo72578@students.ac.ke
72579,Diana,Juma,diana.juma72579@students.ac.ke
72580,Eric,Gitau,eric.gitau72580@students.ac.ke
72581,Gloria,Achieng,gloria.achieng72581@students.ac.ke
72582,Irene,Ngetich,irene.ngetich72582@students.ac.ke
72583,David,Mutisya,david.mutisya72583@academy.ac.ke
72584,Alice,Onyango,alice.onyango72584@academy.ac.ke
72585,Harriet,Odhiambo,harriet.odhiambo72585@students.ac.ke
72586,Joseph,Ogolla,joseph.ogolla72586@uni.ac.ke
72587,Hope,Kamau,hope.kamau72587@school.ac.ke
72588,Mary,Wairimu,mary.wairimu72588@students.ac.ke
72589,David,Gitau,david.gitau72589@academy.ac.ke
72590,Carol,Nzomo,carol.nzomo72590@school.ac.ke
72591,Beatrice,Kinyua,beatrice.kinyua72591@academy.ac.ke
72592,Thomas,Akumu,thomas.akumu72592@school.ac.ke
72593,Dorothy,Maina,dorothy.maina72593@uni.ac.ke
72594,Raymond,Wairimu,raymond.wairimu72594@college.ac.ke
72595,Joyce,Gitau,joyce.gitau72595@college.ac.ke
72596,Quentin,Mumo,quentin.mumo72596@students.ac.ke
72597,Ivan,Wairimu,ivan.wairimu72597@college.ac.ke
72598,Frances,Ibrahim,frances.ibrahim72598@uni.ac.ke
72599,Florence,Mbatha,florence.mbatha72599@students.ac.ke
72600,Peter,Owino,peter.owino72600@school.ac.ke
72601,Carol,Kyalo,carol.kyalo72601@college.ac.ke
72602,Brian,Ogolla,brian.ogolla72602@uni.ac.ke
72603,Henry,Okello,henry.okello72603@school.ac.ke
72604,Francis,Farah,francis.farah72604@students.ac.ke
72605,Samuel,Gichuki,samuel.gichuki72605@college.ac.ke
72606,Kenneth,Kinyua,kenneth.kinyua72606@academy.ac.ke
72607,Oscar,Maina,oscar.maina72607@college.ac.ke
72608,Edwin,Wanjiku,edwin.wanjiku72608@school.ac.ke
72609,Hannah,Hassan,hannah.hassan72609@students.ac.ke
72610,Jacob,Ngetich,jacob.ngetich72610@college.ac.ke
72611,Irene,Kinyua,irene.kinyua72611@academy.ac.ke
72612,Moses,Mbatha,moses.mbatha72612@uni.ac.ke
72613,Frances,Kiptoo,frances.kiptoo72613@uni.ac.ke
72614,Robert,Gitau,robert.gitau72614@students.ac.ke
72615,Beatrice,Odhiambo,beatrice.odhiambo72615@students.ac.ke
72616,Raymond,Ruto,raymond.ruto72616@students.ac.ke
72617,George,Kariuki,george.kariuki72617@academy.ac.ke
72618,Oscar,Gichuki,oscar.gichuki72618@uni.ac.ke
72619,Hannah,Kamau,hannah.kamau72619@school.ac.ke
72620,Thomas,Farah,thomas.farah72620@uni.ac.ke
72621,Philip,Gathoni,philip.gathoni72621@uni.ac.ke
72622,Jacob,Kyalo,jacob.kyalo72622@school.ac.ke
72623,Faith,Mumo,faith.mumo72623@uni.ac.ke
72624,Charles,Ibrahim,charles.ibrahim72624@students.ac.ke
72625,John,Ahmed,john.ahmed72625@uni.ac.ke
72626,Charles,Mutai,charles.mutai72626@school.ac.ke
72627,Naomi,Ngetich,naomi.ngetich72627@students.ac.ke
72628,Robert,Omar,robert.omar72628@college.ac.ke
72629,Charles,Njoki,charles.njoki72629@academy.ac.ke
72630,Joseph,Lagat,joseph.lagat72630@uni.ac.ke
72631,Kevin,Owino,kevin.owino72631@academy.ac.ke
72632,Charles,Ngetich,charles.ngetich72632@students.ac.ke
72633,Grace,Kinyua,grace.kinyua72633@school.ac.ke
72634,Francis,Gathoni,francis.gathoni72634@students.ac.ke
72635,Julian,Njuguna,julian.njuguna72635@academy.ac.ke
72636,Eleanor,Mwangi,eleanor.mwangi72636@uni.ac.ke
72637,Ivan,Kariuki,ivan.kariuki72637@students.ac.ke
72638,Isaac,Wairimu,isaac.wairimu72638@uni.ac.ke
72639,Douglas,Omar,douglas.omar72639@academy.ac.ke
72640,Kenneth,Mutai,kenneth.mutai72640@students.ac.ke
72641,Raymond,Mutai,raymond.mutai72641@academy.ac.ke
72642,Faith,Adhiambo,faith.adhiambo72642@academy.ac.ke
72643,Lydia,Waweru,lydia.waweru72643@uni.ac.ke
72644,Janet,Bett,janet.bett72644@school.ac.ke
72645,Kevin,Ibrahim,kevin.ibrahim72645@students.ac.ke
72646,George,Awuor,george.awuor72646@academy.ac.ke
72647,Catherine,Ngetich,catherine.ngetich72647@school.ac.ke
72648,Frances,Muturi,frances.muturi72648@school.ac.ke
72649,Agnes,Ochieng,agnes.ochieng72649@students.ac.ke
72650,Diana,Ibrahim,diana.ibrahim72650@students.ac.ke
72651,Mary,Yusuf,mary.yusuf72651@academy.ac.ke
72652,Charles,Njuguna,charles.njuguna72652@academy.ac.ke
72653,Eric,Kiptoo,eric.kiptoo72653@uni.ac.ke
72654,Douglas,Ngetich,douglas.ngetich72654@uni.ac.ke
72655,Joyce,Otieno,joyce.otieno72655@school.ac.ke
72656,Edith,Onyango,edith.onyango72656@college.ac.ke
72657,Henry,Gichuki,henry.gichuki72657@college.ac.ke
72658,Hope,Awuor,hope.awuor72658@academy.ac.ke
72659,Peter,Owino,peter.owino72659@school.ac.ke
72660,Kenneth,Kasyoka,kenneth.kasyoka72660@school.ac.ke
72661,Eric,Njoki,eric.njoki72661@uni.ac.ke
72662,Paul,Hassan,paul.hassan72662@uni.ac.ke
72663,Grace,Owino,grace.owino72663@college.ac.ke
72664,Robert,Ahmed,robert.ahmed72664@school.ac.ke
72665,Adrian,Lagat,adrian.lagat72665@students.ac.ke
72666,Faith,Mutisya,faith.mutisya72666@academy.ac.ke
72667,Alice,Waweru,alice.waweru72667@academy.ac.ke
72668,Robert,Musyoka,robert.musyoka72668@students.ac.ke
72669,Harold,Ochieng,harold.ochieng72669@college.ac.ke
72670,Gladys,Musyoka,gladys.musyoka72670@uni.ac.ke
72671,Moses,Lagat,moses.lagat72671@school.ac.ke
72672,Robert,Njoki,robert.njoki72672@uni.ac.ke
72673,Ruth,Mwenda,ruth.mwenda72673@academy.ac.ke
72674,Isaac,Lagat,isaac.lagat72674@school.ac.ke
72675,Michael,Kiptoo,michael.kiptoo72675@college.ac.ke
72676,Harriet,Abdi,harriet.abdi72676@uni.ac.ke
72677,Philip,Otieno,philip.otieno72677@academy.ac.ke
72678,Bernard,Muturi,bernard.muturi72678@college.ac.ke
72679,George,Wairimu,george.wairimu72679@school.ac.ke
72680,William,Bett,william.bett72680@academy.ac.ke
72681,Dorothy,Bett,dorothy.bett72681@students.ac.ke
72682,Joyce,Adhiambo,joyce.adhiambo72682@uni.ac.ke
72683,Bernard,Lagat,bernard.lagat72683@academy.ac.ke
72684,Douglas,Waweru,douglas.waweru72684@school.ac.ke
72685,Beatrice,Kiprotich,beatrice.kiprotich72685@school.ac.ke
72686,Kevin,Kimani,kevin.kimani72686@uni.ac.ke
72687,Naomi,Yusuf,naomi.yusuf72687@school.ac.ke
72688,Diana,Rotich,diana.rotich72688@uni.ac.ke
72689,Henry,Yusuf,henry.yusuf72689@school.ac.ke
72690,Catherine,Mumo,catherine.mumo72690@students.ac.ke
72691,Carol,Njuguna,carol.njuguna72691@school.ac.ke
72692,Dennis,Ogolla,dennis.ogolla72692@school.ac.ke
72693,Ivan,Khalid,ivan.khalid72693@college.ac.ke
72694,Dennis,Bett,dennis.bett72694@academy.ac.ke
72695,Kevin,Omondi,kevin.omondi72695@college.ac.ke
72696,Eleanor,Juma,eleanor.juma72696@school.ac.ke
72697,Bernard,Mwangi,bernard.mwangi72697@uni.ac.ke
72698,David,Khalid,david.khalid72698@college.ac.ke
72699,Bernard,Okello,bernard.okello72699@academy.ac.ke
72700,Lewis,Omondi,lewis.omondi72700@academy.ac.ke
72701,Noah,Gichuki,noah.gichuki72701@academy.ac.ke
72702,Naomi,Adhiambo,naomi.adhiambo72702@uni.ac.ke
72703,Victor,Mwangi,victor.mwangi72703@school.ac.ke
72704,Harriet,Omondi,harriet.omondi72704@uni.ac.ke
72705,Jacob,Gichuki,jacob.gichuki72705@students.ac.ke
72706,Thomas,Omar,thomas.omar72706@school.ac.ke
72707,Isaac,Gichuki,isaac.gichuki72707@uni.ac.ke
72708,Gladys,Njuguna,gladys.njuguna72708@uni.ac.ke
72709,Faith,Mwenda,faith.mwenda72709@students.ac.ke
72710,Betty,Lagat,betty.lagat72710@college.ac.ke
72711,Lewis,Waweru,lewis.waweru72711@academy.ac.ke
72712,Hope,Musa,hope.musa72712@college.ac.ke
72713,Douglas,Njoki,douglas.njoki72713@college.ac.ke
72714,Lewis,Awuor,lewis.awuor72714@academy.ac.ke
72715,William,Kiprotich,william.kiprotich72715@school.ac.ke
72716,Harold,Yusuf,harold.yusuf72716@school.ac.ke
72717,Agnes,Ndegwa,agnes.ndegwa72717@college.ac.ke
72718,Hope,Khalid,hope.khalid72718@academy.ac.ke
72719,Kenneth,Mwenda,kenneth.mwenda72719@academy.ac.ke
72720,Florence,Mbatha,florence.mbatha72720@academy.ac.ke
72721,Hannah,Muturi,hannah.muturi72721@school.ac.ke
72722,Isaac,Kamau,isaac.kamau72722@students.ac.ke
72723,Henry,Akumu,henry.akumu72723@uni.ac.ke
72724,Joy,Nduku,joy.nduku72724@college.ac.ke
72725,Joseph,Kiprotich,joseph.kiprotich72725@academy.ac.ke
72726,Samuel,Kiptoo,samuel.kiptoo72726@academy.ac.ke
72727,Florence,Gathoni,florence.gathoni72727@college.ac.ke
72728,Jacob,Awuor,jacob.awuor72728@college.ac.ke
72729,Julian,Awuor,julian.awuor72729@academy.ac.ke
72730,David,Kinyua,david.kinyua72730@uni.ac.ke
72731,Charles,Ndegwa,charles.ndegwa72731@uni.ac.ke
72732,Irene,Ibrahim,irene.ibrahim72732@uni.ac.ke
72733,Bernard,Mutai,bernard.mutai72733@uni.ac.ke
72734,Eric,Omar,eric.omar72734@uni.ac.ke
72735,Raymond,Wanjiku,raymond.wanjiku72735@academy.ac.ke
72736,Faith,Kamau,faith.kamau72736@school.ac.ke
72737,Philip,Omar,philip.omar72737@college.ac.ke
72738,Michael,Abdi,michael.abdi72738@students.ac.ke
72739,Grace,Awuor,grace.awuor72739@uni.ac.ke
72740,Kevin,Kinyua,kevin.kinyua72740@academy.ac.ke
72741,Lewis,Abdi,lewis.abdi72741@students.ac.ke
72742,Peter,Ruto,peter.ruto72742@school.ac.ke
72743,Irene,Mutua,irene.mutua72743@academy.ac.ke
72744,Douglas,Gitau,douglas.gitau72744@academy.ac.ke
72745,Hope,Gitau,hope.gitau72745@college.ac.ke
72746,Edith,Ahmed,edith.ahmed72746@college.ac.ke
72747,Faith,Awuor,faith.awuor72747@academy.ac.ke
72748,Agnes,Wairimu,agnes.wairimu72748@students.ac.ke
72749,Catherine,Mutai,catherine.mutai72749@school.ac.ke
72750,Edwin,Otieno,edwin.otieno72750@school.ac.ke
72751,Dennis,Mumo,dennis.mumo72751@college.ac.ke
72752,Frances,Kasyoka,frances.kasyoka72752@college.ac.ke
72753,Betty,Yusuf,betty.yusuf72753@academy.ac.ke
72754,Florence,Wairimu,florence.wairimu72754@college.ac.ke
72755,Victor,Kariuki,victor.kariuki72755@college.ac.ke
72756,Joseph,Khalid,joseph.khalid72756@school.ac.ke
72757,Frances,Ahmed,frances.ahmed72757@students.ac.ke
72758,Gloria,Onyango,gloria.onyango72758@students.ac.ke
72759,Diana,Ngetich,diana.ngetich72759@academy.ac.ke
72760,Hope,Njoki,hope.njoki72760@college.ac.ke
72761,Noah,Mutisya,noah.mutisya72761@college.ac.ke
72762,Brian,Mbatha,brian.mbatha72762@uni.ac.ke
72763,Ivan,Lagat,ivan.lagat72763@college.ac.ke
72764,Kenneth,Farah,kenneth.farah72764@uni.ac.ke
72765,Quentin,Onyango,quentin.onyango72765@uni.ac.ke
72766,George,Kasyoka,george.kasyoka72766@students.ac.ke
72767,Naomi,Kimani,naomi.kimani72767@uni.ac.ke
72768,Ivan,Mwenda,ivan.mwenda72768@school.ac.ke
72769,William,Ngetich,william.ngetich72769@college.ac.ke
72770,Joyce,Kimani,joyce.kimani72770@college.ac.ke
72771,Charles,Waweru,charles.waweru72771@school.ac.ke
72772,Beatrice,Yusuf,beatrice.yusuf72772@academy.ac.ke
72773,Grace,Gichuki,grace.gichuki72773@academy.ac.ke
72774,Ruth,Lagat,ruth.lagat72774@students.ac.ke
72775,Samuel,Musa,samuel.musa72775@school.ac.ke
72776,Grace,Mwenda,grace.mwenda72776@uni.ac.ke
72777,William,Owino,william.owino72777@college.ac.ke
72778,Brian,Abdi,brian.abdi72778@academy.ac.ke
72779,Agnes,Kimani,agnes.kimani72779@uni.ac.ke
72780,Thomas,Kyalo,thomas.kyalo72780@college.ac.ke
72781,George,Ndegwa,george.ndegwa72781@students.ac.ke
72782,Naomi,Mwenda,naomi.mwenda72782@college.ac.ke
72783,Eric,Hassan,eric.hassan72783@students.ac.ke
72784,Dennis,Ndegwa,dennis.ndegwa72784@school.ac.ke
72785,Hope,Otieno,hope.otieno72785@students.ac.ke
72786,Alice,Ibrahim,alice.ibrahim72786@college.ac.ke
72787,Naomi,Musyoka,naomi.musyoka72787@uni.ac.ke
72788,Grace,Mwenda,grace.mwenda72788@school.ac.ke
72789,Kevin,Kasyoka,kevin.kasyoka72789@college.ac.ke
72790,Alice,Omondi,alice.omondi72790@uni.ac.ke
72791,Quentin,Nzomo,quentin.nzomo72791@academy.ac.ke
72792,Kenneth,Ruto,kenneth.ruto72792@uni.ac.ke
72793,Harold,Kamau,harold.kamau72793@uni.ac.ke
72794,Douglas,Otieno,douglas.otieno72794@school.ac.ke
72795,Victor,Akumu,victor.akumu72795@college.ac.ke
72796,Moses,Njuguna,moses.njuguna72796@school.ac.ke
72797,Catherine,Ngetich,catherine.ngetich72797@school.ac.ke
72798,Eleanor,Mbatha,eleanor.mbatha72798@college.ac.ke
72799,Alice,Farah,alice.farah72799@college.ac.ke
72800,William,Ngetich,william.ngetich72800@academy.ac.ke
72801,Betty,Njoroge,betty.njoroge72801@academy.ac.ke
72802,Raymond,Otieno,raymond.otieno72802@academy.ac.ke
72803,Diana,Juma,diana.juma72803@students.ac.ke
72804,Edith,Awuor,edith.awuor72804@academy.ac.ke
72805,Gordon,Odhiambo,gordon.odhiambo72805@students.ac.ke
72806,Brian,Akumu,brian.akumu72806@school.ac.ke
72807,Harriet,Otieno,harriet.otieno72807@college.ac.ke
72808,Dennis,Odhiambo,dennis.odhiambo72808@uni.ac.ke
72809,Frances,Bett,frances.bett72809@college.ac.ke
72810,Gladys,Wanjiku,gladys.wanjiku72810@school.ac.ke
72811,John,Hassan,john.hassan72811@college.ac.ke
72812,Hannah,Mutai,hannah.mutai72812@students.ac.ke
72813,Kevin,Wairimu,kevin.wairimu72813@uni.ac.ke
72814,Frances,Hassan,frances.hassan72814@uni.ac.ke
72815,Adrian,Omar,adrian.omar72815@students.ac.ke
72816,Raymond,Gitau,raymond.gitau72816@school.ac.ke
72817,Robert,Abdi,robert.abdi72817@college.ac.ke
72818,Grace,Omar,grace.omar72818@college.ac.ke
72819,Samuel,Maina,samuel.maina72819@college.ac.ke
72820,Francis,Mwenda,francis.mwenda72820@uni.ac.ke
72821,Esther,Kamau,esther.kamau72821@school.ac.ke
72822,Gladys,Abdi,gladys.abdi72822@academy.ac.ke
72823,Simon,Koech,simon.koech72823@academy.ac.ke
72824,Francis,Waweru,francis.waweru72824@academy.ac.ke
72825,Kevin,Mumo,kevin.mumo72825@school.ac.ke
72826,Eric,Juma,eric.juma72826@students.ac.ke
72827,Naomi,Koech,naomi.koech72827@college.ac.ke
72828,Harold,Okello,harold.okello72828@college.ac.ke
72829,Harriet,Farah,harriet.farah72829@school.ac.ke
72830,Thomas,Gathoni,thomas.gathoni72830@uni.ac.ke
72831,Edith,Omar,edith.omar72831@academy.ac.ke
72832,Helen,Awuor,helen.awuor72832@students.ac.ke
72833,Charles,Nduku,charles.nduku72833@academy.ac.ke
72834,Edith,Musa,edith.musa72834@students.ac.ke
72835,Harold,Musyoka,harold.musyoka72835@uni.ac.ke
72836,Ivan,Mutisya,ivan.mutisya72836@school.ac.ke
72837,Helen,Yusuf,helen.yusuf72837@students.ac.ke
72838,Henry,Wanjiku,henry.wanjiku72838@college.ac.ke
72839,Florence,Koech,florence.koech72839@students.ac.ke
72840,Esther,Omondi,esther.omondi72840@uni.ac.ke
72841,Florence,Ndegwa,florence.ndegwa72841@uni.ac.ke
72842,Hannah,Koech,hannah.koech72842@school.ac.ke
72843,Ivan,Kimani,ivan.kimani72843@academy.ac.ke
72844,Ruth,Adhiambo,ruth.adhiambo72844@uni.ac.ke
72845,Henry,Mbatha,henry.mbatha72845@academy.ac.ke
72846,Brian,Omar,brian.omar72846@students.ac.ke
72847,Mary,Njoki,mary.njoki72847@school.ac.ke
72848,Thomas,Rotich,thomas.rotich72848@academy.ac.ke
72849,Isaac,Njoki,isaac.njoki72849@students.ac.ke
72850,Raymond,Kinyua,raymond.kinyua72850@college.ac.ke
72851,Brian,Gitau,brian.gitau72851@academy.ac.ke
72852,Gladys,Lagat,gladys.lagat72852@college.ac.ke
72853,Jacob,Musa,jacob.musa72853@college.ac.ke
72854,Esther,Kiptoo,esther.kiptoo72854@college.ac.ke
72855,Dorothy,Nduku,dorothy.nduku72855@uni.ac.ke
72856,Florence,Nduku,florence.nduku72856@college.ac.ke
72857,Thomas,Kasyoka,thomas.kasyoka72857@students.ac.ke
72858,Helen,Farah,helen.farah72858@uni.ac.ke
72859,Douglas,Kariuki,douglas.kariuki72859@uni.ac.ke
72860,Henry,Ahmed,henry.ahmed72860@college.ac.ke
72861,Faith,Okello,faith.okello72861@academy.ac.ke
72862,Brian,Kyalo,brian.kyalo72862@college.ac.ke
72863,Esther,Ndegwa,esther.ndegwa72863@uni.ac.ke
72864,Kenneth,Mbatha,kenneth.mbatha72864@academy.ac.ke
72865,Victor,Onyango,victor.onyango72865@school.ac.ke
72866,Eric,Mwenda,eric.mwenda72866@students.ac.ke
72867,Joyce,Wairimu,joyce.wairimu72867@academy.ac.ke
72868,Quentin,Kamau,quentin.kamau72868@school.ac.ke
72869,Francis,Hassan,francis.hassan72869@college.ac.ke
72870,Samuel,Gitau,samuel.gitau72870@students.ac.ke
72871,Edwin,Farah,edwin.farah72871@students.ac.ke
72872,Esther,Nduku,esther.nduku72872@college.ac.ke
72873,Moses,Ndegwa,moses.ndegwa72873@college.ac.ke
72874,Douglas,Mumo,douglas.mumo72874@college.ac.ke
72875,William,Onyango,william.onyango72875@academy.ac.ke
72876,Edwin,Akumu,edwin.akumu72876@academy.ac.ke
72877,Francis,Wanjiku,francis.wanjiku72877@students.ac.ke
72878,Michael,Musyoka,michael.musyoka72878@school.ac.ke
72879,Eric,Gitonga,eric.gitonga72879@academy.ac.ke
72880,Victor,Juma,victor.juma72880@students.ac.ke
72881,William,Ogolla,william.ogolla72881@school.ac.ke
72882,Adrian,Gathoni,adrian.gathoni72882@uni.ac.ke
72883,Joseph,Omondi,joseph.omondi72883@college.ac.ke
72884,Lewis,Kiprotich,lewis.kiprotich72884@uni.ac.ke
72885,Gladys,Musa,gladys.musa72885@students.ac.ke
72886,Irene,Kinyua,irene.kinyua72886@school.ac.ke
72887,Lydia,Otieno,lydia.otieno72887@academy.ac.ke
72888,Joseph,Yusuf,joseph.yusuf72888@students.ac.ke
72889,Harold,Juma,harold.juma72889@students.ac.ke
72890,Robert,Kiptoo,robert.kiptoo72890@uni.ac.ke
72891,Frances,Gathoni,frances.gathoni72891@college.ac.ke
72892,Victor,Njuguna,victor.njuguna72892@students.ac.ke
72893,Michael,Mumo,michael.mumo72893@students.ac.ke
72894,Bernard,Kariuki,bernard.kariuki72894@students.ac.ke
72895,Adrian,Lagat,adrian.lagat72895@school.ac.ke
72896,Victor,Njuguna,victor.njuguna72896@college.ac.ke
72897,Lewis,Koech,lewis.koech72897@college.ac.ke
72898,Brian,Kamau,brian.kamau72898@academy.ac.ke
72899,Joy,Gathoni,joy.gathoni72899@students.ac.ke
72900,Noah,Gichuki,noah.gichuki72900@school.ac.ke
72901,Henry,Ruto,henry.ruto72901@school.ac.ke
72902,Irene,Kiprotich,irene.kiprotich72902@college.ac.ke
72903,Hope,Adhiambo,hope.adhiambo72903@uni.ac.ke
72904,Eleanor,Lagat,eleanor.lagat72904@uni.ac.ke
72905,Beatrice,Gitau,beatrice.gitau72905@college.ac.ke
72906,Julian,Awuor,julian.awuor72906@academy.ac.ke
72907,Francis,Koech,francis.koech72907@college.ac.ke
72908,George,Otieno,george.otieno72908@college.ac.ke
72909,Douglas,Awuor,douglas.awuor72909@academy.ac.ke
72910,Simon,Awuor,simon.awuor72910@uni.ac.ke
72911,Raymond,Ogolla,raymond.ogolla72911@college.ac.ke
72912,Dennis,Mwenda,dennis.mwenda72912@college.ac.ke
72913,Oscar,Mumo,oscar.mumo72913@college.ac.ke
72914,Charles,Muturi,charles.muturi72914@students.ac.ke
72915,Helen,Ndegwa,helen.ndegwa72915@uni.ac.ke
72916,Jacob,Gathoni,jacob.gathoni72916@uni.ac.ke
72917,Dennis,Khalid,dennis.khalid72917@school.ac.ke
72918,Harold,Musa,harold.musa72918@uni.ac.ke
72919,Noah,Ibrahim,noah.ibrahim72919@school.ac.ke
72920,Victor,Gitau,victor.gitau72920@students.ac.ke
72921,Henry,Gichuki,henry.gichuki72921@college.ac.ke
72922,Hannah,Bett,hannah.bett72922@college.ac.ke
72923,Gordon,Wairimu,gordon.wairimu72923@academy.ac.ke
72924,Naomi,Kimani,naomi.kimani72924@school.ac.ke
72925,William,Njoki,william.njoki72925@uni.ac.ke
72926,Harold,Maina,harold.maina72926@school.ac.ke
72927,Quentin,Mutua,quentin.mutua72927@school.ac.ke
72928,Kenneth,Ochieng,kenneth.ochieng72928@students.ac.ke
72929,Irene,Odhiambo,irene.odhiambo72929@college.ac.ke
72930,Oscar,Gitonga,oscar.gitonga72930@students.ac.ke
72931,Eleanor,Mumo,eleanor.mumo72931@students.ac.ke
72932,Joyce,Onyango,joyce.onyango72932@academy.ac.ke
72933,Philip,Mwenda,philip.mwenda72933@students.ac.ke
72934,Diana,Gitau,diana.gitau72934@students.ac.ke
72935,Harriet,Kamau,harriet.kamau72935@students.ac.ke
72936,Gladys,Ahmed,gladys.ahmed72936@college.ac.ke
72937,Paul,Wairimu,paul.wairimu72937@school.ac.ke
72938,Naomi,Abdi,naomi.abdi72938@school.ac.ke
72939,Robert,Ruto,robert.ruto72939@school.ac.ke
72940,Peter,Mutua,peter.mutua72940@students.ac.ke
72941,Agnes,Farah,agnes.farah72941@students.ac.ke
72942,Gordon,Lagat,gordon.lagat72942@uni.ac.ke
72943,Diana,Juma,diana.juma72943@college.ac.ke
72944,Grace,Maina,grace.maina72944@college.ac.ke
72945,Simon,Ogolla,simon.ogolla72945@college.ac.ke
72946,Peter,Mwenda,peter.mwenda72946@school.ac.ke
72947,Samuel,Mutai,samuel.mutai72947@uni.ac.ke
72948,Francis,Musyoka,francis.musyoka72948@college.ac.ke
72949,Harold,Njoroge,harold.njoroge72949@uni.ac.ke
72950,James,Otieno,james.otieno72950@academy.ac.ke
72951,Peter,Musa,peter.musa72951@students.ac.ke
72952,Quentin,Owino,quentin.owino72952@students.ac.ke
72953,Simon,Okello,simon.okello72953@academy.ac.ke
72954,Faith,Rotich,faith.rotich72954@students.ac.ke
72955,Victor,Kasyoka,victor.kasyoka72955@academy.ac.ke
72956,Adrian,Mwenda,adrian.mwenda72956@academy.ac.ke
72957,Harriet,Owino,harriet.owino72957@college.ac.ke
72958,Naomi,Abdi,naomi.abdi72958@uni.ac.ke
72959,Naomi,Mutai,naomi.mutai72959@college.ac.ke
72960,Gordon,Ngetich,gordon.ngetich72960@school.ac.ke
72961,Julian,Gitonga,julian.gitonga72961@school.ac.ke
72962,Quentin,Khalid,quentin.khalid72962@college.ac.ke
72963,Jacob,Kyalo,jacob.kyalo72963@school.ac.ke
72964,Edwin,Mutisya,edwin.mutisya72964@academy.ac.ke
72965,Edith,Gathoni,edith.gathoni72965@college.ac.ke
72966,Gloria,Ahmed,gloria.ahmed72966@academy.ac.ke
72967,Ruth,Nduku,ruth.nduku72967@college.ac.ke
72968,Moses,Kinyua,moses.kinyua72968@academy.ac.ke
72969,Irene,Musa,irene.musa72969@school.ac.ke
72970,Kevin,Farah,kevin.farah72970@academy.ac.ke
72971,Gladys,Omar,gladys.omar72971@students.ac.ke
72972,Kevin,Mwangi,kevin.mwangi72972@uni.ac.ke
72973,Dorothy,Kiprotich,dorothy.kiprotich72973@uni.ac.ke
72974,Alice,Ruto,alice.ruto72974@uni.ac.ke
72975,Brian,Mumo,brian.mumo72975@school.ac.ke
72976,Daniel,Njoroge,daniel.njoroge72976@school.ac.ke
72977,Gladys,Ibrahim,gladys.ibrahim72977@uni.ac.ke
72978,Joseph,Kasyoka,joseph.kasyoka72978@college.ac.ke
72979,Ruth,Kamau,ruth.kamau72979@students.ac.ke
72980,Henry,Nzomo,henry.nzomo72980@college.ac.ke
72981,Helen,Ahmed,helen.ahmed72981@academy.ac.ke
72982,David,Nduku,david.nduku72982@students.ac.ke
72983,Esther,Ogolla,esther.ogolla72983@uni.ac.ke
72984,Irene,Nduku,irene.nduku72984@school.ac.ke
72985,Thomas,Ruto,thomas.ruto72985@uni.ac.ke
72986,Ivan,Muturi,ivan.muturi72986@school.ac.ke
72987,Noah,Mutai,noah.mutai72987@students.ac.ke
72988,Eric,Njuguna,eric.njuguna72988@uni.ac.ke
72989,Gloria,Ndegwa,gloria.ndegwa72989@academy.ac.ke
72990,Charles,Mutua,charles.mutua72990@academy.ac.ke
72991,Harriet,Kimani,harriet.kimani72991@academy.ac.ke
72992,Grace,Abdi,grace.abdi72992@academy.ac.ke
72993,Joseph,Mwangi,joseph.mwangi72993@uni.ac.ke
72994,Douglas,Njoroge,douglas.njoroge72994@uni.ac.ke
72995,Esther,Maina,esther.maina72995@college.ac.ke
72996,George,Mumo,george.mumo72996@academy.ac.ke
72997,Frances,Onyango,frances.onyango72997@students.ac.ke
72998,Henry,Gitonga,henry.gitonga72998@academy.ac.ke
72999,Faith,Wairimu,faith.wairimu72999@uni.ac.ke
73000,Francis,Bett,francis.bett73000@academy.ac.ke
73001,Robert,Gitau,robert.gitau73001@students.ac.ke
73002,Lydia,Wairimu,lydia.wairimu73002@school.ac.ke
73003,Frances,Chebet,frances.chebet73003@students.ac.ke
73004,Carol,Nzomo,carol.nzomo73004@academy.ac.ke
73005,Ruth,Musyoka,ruth.musyoka73005@school.ac.ke
73006,Carol,Ngetich,carol.ngetich73006@academy.ac.ke
73007,Peter,Wairimu,peter.wairimu73007@academy.ac.ke
73008,Philip,Nduku,philip.nduku73008@academy.ac.ke
73009,Henry,Musyoka,henry.musyoka73009@school.ac.ke
73010,Lewis,Koech,lewis.koech73010@students.ac.ke
73011,Thomas,Mutai,thomas.mutai73011@students.ac.ke
73012,Esther,Ochieng,esther.ochieng73012@students.ac.ke
73013,Samuel,Otieno,samuel.otieno73013@academy.ac.ke
73014,Beatrice,Ibrahim,beatrice.ibrahim73014@academy.ac.ke
73015,Michael,Yusuf,michael.yusuf73015@college.ac.ke
73016,Victor,Kiptoo,victor.kiptoo73016@students.ac.ke
73017,Naomi,Kiprotich,naomi.kiprotich73017@school.ac.ke
73018,Betty,Njoki,betty.njoki73018@school.ac.ke
73019,Gladys,Nduku,gladys.nduku73019@college.ac.ke
73020,Lewis,Gathoni,lewis.gathoni73020@school.ac.ke
73021,Lydia,Bett,lydia.bett73021@school.ac.ke
73022,Quentin,Musyoka,quentin.musyoka73022@school.ac.ke
73023,Victor,Hassan,victor.hassan73023@academy.ac.ke
73024,Joyce,Mumo,joyce.mumo73024@school.ac.ke
73025,George,Ndegwa,george.ndegwa73025@school.ac.ke
73026,Edith,Lagat,edith.lagat73026@school.ac.ke
73027,Carol,Nduku,carol.nduku73027@uni.ac.ke
73028,Harold,Nduku,harold.nduku73028@academy.ac.ke
73029,Noah,Kyalo,noah.kyalo73029@school.ac.ke
73030,Florence,Chebet,florence.chebet73030@academy.ac.ke
73031,John,Abdi,john.abdi73031@uni.ac.ke
73032,Dennis,Lagat,dennis.lagat73032@uni.ac.ke
73033,Harriet,Kimani,harriet.kimani73033@school.ac.ke
73034,Gladys,Mutai,gladys.mutai73034@college.ac.ke
73035,Catherine,Mutai,catherine.mutai73035@school.ac.ke
73036,Philip,Kariuki,philip.kariuki73036@college.ac.ke
73037,Irene,Wanjiku,irene.wanjiku73037@uni.ac.ke
73038,Joseph,Khalid,joseph.khalid73038@college.ac.ke
73039,Frances,Kimani,frances.kimani73039@school.ac.ke
73040,Irene,Kyalo,irene.kyalo73040@uni.ac.ke
73041,Agnes,Mbatha,agnes.mbatha73041@uni.ac.ke
73042,Samuel,Koech,samuel.koech73042@uni.ac.ke
73043,Adrian,Mwangi,adrian.mwangi73043@uni.ac.ke
73044,Diana,Mwenda,diana.mwenda73044@college.ac.ke
73045,Florence,Ndegwa,florence.ndegwa73045@college.ac.ke
73046,George,Musa,george.musa73046@academy.ac.ke
73047,Bernard,Mutua,bernard.mutua73047@uni.ac.ke
73048,William,Akumu,william.akumu73048@students.ac.ke
73049,Edith,Mumo,edith.mumo73049@school.ac.ke
73050,Noah,Chebet,noah.chebet73050@students.ac.ke
73051,Irene,Kimani,irene.kimani73051@school.ac.ke
73052,Simon,Njuguna,simon.njuguna73052@academy.ac.ke
73053,Hope,Gichuki,hope.gichuki73053@uni.ac.ke
73054,Victor,Mwenda,victor.mwenda73054@academy.ac.ke
73055,Helen,Ibrahim,helen.ibrahim73055@school.ac.ke
73056,Lewis,Mutua,lewis.mutua73056@academy.ac.ke
73057,Agnes,Njoroge,agnes.njoroge73057@college.ac.ke
73058,Michael,Waweru,michael.waweru73058@students.ac.ke
73059,Edwin,Omar,edwin.omar73059@students.ac.ke
73060,Frances,Kiprotich,frances.kiprotich73060@uni.ac.ke
73061,Paul,Gathoni,paul.gathoni73061@school.ac.ke
73062,Thomas,Njuguna,thomas.njuguna73062@school.ac.ke
73063,Raymond,Nzomo,raymond.nzomo73063@uni.ac.ke
73064,Henry,Achieng,henry.achieng73064@school.ac.ke
73065,Brian,Kinyua,brian.kinyua73065@school.ac.ke
73066,Irene,Mwangi,irene.mwangi73066@school.ac.ke
73067,Lydia,Gathoni,lydia.gathoni73067@uni.ac.ke
73068,Noah,Waweru,noah.waweru73068@college.ac.ke
73069,Agnes,Mwenda,agnes.mwenda73069@students.ac.ke
73070,Edith,Kamau,edith.kamau73070@school.ac.ke
73071,Michael,Rotich,michael.rotich73071@academy.ac.ke
73072,Peter,Wairimu,peter.wairimu73072@students.ac.ke
73073,Brian,Otieno,brian.otieno73073@college.ac.ke
73074,Charles,Mutua,charles.mutua73074@uni.ac.ke
73075,Raymond,Koech,raymond.koech73075@college.ac.ke
73076,John,Yusuf,john.yusuf73076@school.ac.ke
73077,Betty,Musa,betty.musa73077@students.ac.ke
73078,Gordon,Hassan,gordon.hassan73078@students.ac.ke
73079,Beatrice,Otieno,beatrice.otieno73079@students.ac.ke
73080,Mary,Yusuf,mary.yusuf73080@students.ac.ke
73081,Robert,Kamau,robert.kamau73081@college.ac.ke
73082,Diana,Mutisya,diana.mutisya73082@students.ac.ke
73083,Lewis,Gathoni,lewis.gathoni73083@uni.ac.ke
73084,Robert,Akumu,robert.akumu73084@school.ac.ke
73085,Julian,Gitau,julian.gitau73085@school.ac.ke
73086,Faith,Mutisya,faith.mutisya73086@school.ac.ke
73087,Gloria,Adhiambo,gloria.adhiambo73087@uni.ac.ke
73088,Kenneth,Omondi,kenneth.omondi73088@college.ac.ke
73089,Diana,Waweru,diana.waweru73089@college.ac.ke
73090,George,Owino,george.owino73090@uni.ac.ke
73091,Kevin,Kiptoo,kevin.kiptoo73091@students.ac.ke
73092,Raymond,Wanjiku,raymond.wanjiku73092@students.ac.ke
73093,Adrian,Njoki,adrian.njoki73093@students.ac.ke
73094,Simon,Kyalo,simon.kyalo73094@college.ac.ke
73095,Thomas,Kinyua,thomas.kinyua73095@uni.ac.ke
73096,David,Ngetich,david.ngetich73096@academy.ac.ke
73097,Robert,Odhiambo,robert.odhiambo73097@uni.ac.ke
73098,James,Ahmed,james.ahmed73098@uni.ac.ke
73099,Eric,Mwenda,eric.mwenda73099@uni.ac.ke
73100,Joyce,Njuguna,joyce.njuguna73100@uni.ac.ke
73101,Agnes,Kimani,agnes.kimani73101@school.ac.ke
73102,Esther,Mutua,esther.mutua73102@students.ac.ke
73103,Daniel,Ruto,daniel.ruto73103@academy.ac.ke
73104,Noah,Owino,noah.owino73104@academy.ac.ke
73105,Mary,Otieno,mary.otieno73105@academy.ac.ke
73106,Frances,Kariuki,frances.kariuki73106@college.ac.ke
73107,Faith,Ngetich,faith.ngetich73107@school.ac.ke
73108,Florence,Kamau,florence.kamau73108@college.ac.ke
73109,Gladys,Mutua,gladys.mutua73109@school.ac.ke
73110,Gordon,Rotich,gordon.rotich73110@college.ac.ke
73111,John,Lagat,john.lagat73111@college.ac.ke
73112,Julian,Ngetich,julian.ngetich73112@students.ac.ke
73113,Jacob,Ngetich,jacob.ngetich73113@academy.ac.ke
73114,Raymond,Nzomo,raymond.nzomo73114@college.ac.ke
73115,Carol,Mwangi,carol.mwangi73115@school.ac.ke
73116,Gloria,Njoroge,gloria.njoroge73116@college.ac.ke
73117,Joseph,Ngetich,joseph.ngetich73117@uni.ac.ke
73118,David,Mutisya,david.mutisya73118@academy.ac.ke
73119,William,Omondi,william.omondi73119@school.ac.ke
73120,Moses,Musyoka,moses.musyoka73120@college.ac.ke
73121,Faith,Mutai,faith.mutai73121@academy.ac.ke
73122,Irene,Njoki,irene.njoki73122@school.ac.ke
73123,Beatrice,Awuor,beatrice.awuor73123@academy.ac.ke
73124,Kevin,Waweru,kevin.waweru73124@school.ac.ke
73125,Harriet,Gichuki,harriet.gichuki73125@college.ac.ke
73126,Douglas,Kinyua,douglas.kinyua73126@academy.ac.ke
73127,Adrian,Yusuf,adrian.yusuf73127@academy.ac.ke
73128,Faith,Mutai,faith.mutai73128@uni.ac.ke
73129,Adrian,Mwangi,adrian.mwangi73129@students.ac.ke
73130,Quentin,Njoki,quentin.njoki73130@uni.ac.ke
73131,Harold,Achieng,harold.achieng73131@college.ac.ke
73132,Joseph,Ruto,joseph.ruto73132@academy.ac.ke
73133,Gloria,Mutai,gloria.mutai73133@school.ac.ke
73134,Frances,Musyoka,frances.musyoka73134@uni.ac.ke
73135,Noah,Muturi,noah.muturi73135@uni.ac.ke
73136,Irene,Mumo,irene.mumo73136@students.ac.ke
73137,Francis,Kasyoka,francis.kasyoka73137@students.ac.ke
73138,Beatrice,Ochieng,beatrice.ochieng73138@students.ac.ke
73139,Carol,Waweru,carol.waweru73139@academy.ac.ke
73140,Helen,Kariuki,helen.kariuki73140@uni.ac.ke
73141,Betty,Kyalo,betty.kyalo73141@college.ac.ke
73142,Isaac,Wairimu,isaac.wairimu73142@school.ac.ke
73143,Harold,Onyango,harold.onyango73143@academy.ac.ke
73144,Robert,Mumo,robert.mumo73144@college.ac.ke
73145,Raymond,Khalid,raymond.khalid73145@students.ac.ke
73146,Michael,Kasyoka,michael.kasyoka73146@academy.ac.ke
73147,Diana,Njuguna,diana.njuguna73147@academy.ac.ke
73148,James,Abdi,james.abdi73148@students.ac.ke
73149,Bernard,Nzomo,bernard.nzomo73149@students.ac.ke
73150,Janet,Muturi,janet.muturi73150@college.ac.ke
73151,Kevin,Juma,kevin.juma73151@college.ac.ke
73152,Harold,Waweru,harold.waweru73152@students.ac.ke
73153,Helen,Kasyoka,helen.kasyoka73153@school.ac.ke
73154,Faith,Mutua,faith.mutua73154@academy.ac.ke
73155,William,Njoki,william.njoki73155@academy.ac.ke
73156,Lewis,Ndegwa,lewis.ndegwa73156@college.ac.ke
73157,Esther,Ochieng,esther.ochieng73157@uni.ac.ke
73158,Peter,Gathoni,peter.gathoni73158@uni.ac.ke
73159,Eric,Adhiambo,eric.adhiambo73159@academy.ac.ke
73160,James,Ahmed,james.ahmed73160@students.ac.ke
73161,Quentin,Owino,quentin.owino73161@students.ac.ke
73162,George,Mwenda,george.mwenda73162@school.ac.ke
73163,Joy,Gitonga,joy.gitonga73163@academy.ac.ke
73164,Julian,Maina,julian.maina73164@uni.ac.ke
73165,Ivan,Ibrahim,ivan.ibrahim73165@students.ac.ke
73166,Simon,Okello,simon.okello73166@college.ac.ke
73167,Agnes,Rotich,agnes.rotich73167@uni.ac.ke
73168,Carol,Omar,carol.omar73168@students.ac.ke
73169,Eric,Njoki,eric.njoki73169@college.ac.ke
73170,Hannah,Yusuf,hannah.yusuf73170@students.ac.ke
73171,Gloria,Kiptoo,gloria.kiptoo73171@students.ac.ke
73172,Raymond,Nduku,raymond.nduku73172@uni.ac.ke
73173,Hope,Okello,hope.okello73173@school.ac.ke
73174,Thomas,Njoki,thomas.njoki73174@college.ac.ke
73175,Moses,Njoki,moses.njoki73175@students.ac.ke
73176,Edith,Ogolla,edith.ogolla73176@uni.ac.ke
73177,Eric,Mumo,eric.mumo73177@uni.ac.ke
73178,Michael,Onyango,michael.onyango73178@students.ac.ke
73179,Joy,Ochieng,joy.ochieng73179@college.ac.ke
73180,Peter,Gathoni,peter.gathoni73180@school.ac.ke
73181,Mary,Mutua,mary.mutua73181@uni.ac.ke
73182,Harriet,Mumo,harriet.mumo73182@students.ac.ke
73183,Daniel,Akumu,daniel.akumu73183@uni.ac.ke
73184,Brian,Mutisya,brian.mutisya73184@academy.ac.ke
73185,Gordon,Ochieng,gordon.ochieng73185@academy.ac.ke
73186,Esther,Otieno,esther.otieno73186@uni.ac.ke
73187,Henry,Onyango,henry.onyango73187@students.ac.ke
73188,Gladys,Nzomo,gladys.nzomo73188@students.ac.ke
73189,Irene,Wanjiku,irene.wanjiku73189@uni.ac.ke
73190,Joy,Ochieng,joy.ochieng73190@school.ac.ke
73191,Diana,Wanjiku,diana.wanjiku73191@academy.ac.ke
73192,Faith,Mutua,faith.mutua73192@college.ac.ke
73193,Eric,Kiprotich,eric.kiprotich73193@students.ac.ke
73194,Irene,Lagat,irene.lagat73194@academy.ac.ke
73195,Henry,Ngetich,henry.ngetich73195@uni.ac.ke
73196,Harold,Khalid,harold.khalid73196@students.ac.ke
73197,Agnes,Kiprotich,agnes.kiprotich73197@school.ac.ke
73198,Ivan,Kiptoo,ivan.kiptoo73198@school.ac.ke
73199,Jacob,Ngetich,jacob.ngetich73199@students.ac.ke
73200,Eleanor,Ahmed,eleanor.ahmed73200@college.ac.ke
73201,Carol,Njoki,carol.njoki73201@uni.ac.ke
73202,William,Kimani,william.kimani73202@uni.ac.ke
73203,John,Khalid,john.khalid73203@uni.ac.ke
73204,Kevin,Waweru,kevin.waweru73204@college.ac.ke
73205,Diana,Mwenda,diana.mwenda73205@academy.ac.ke
73206,Carol,Ochieng,carol.ochieng73206@school.ac.ke
73207,Bernard,Mutua,bernard.mutua73207@school.ac.ke
73208,Grace,Gitau,grace.gitau73208@students.ac.ke
73209,Harold,Adhiambo,harold.adhiambo73209@college.ac.ke
73210,Julian,Musyoka,julian.musyoka73210@school.ac.ke
73211,James,Wairimu,james.wairimu73211@college.ac.ke
73212,Henry,Kinyua,henry.kinyua73212@school.ac.ke
73213,Samuel,Gichuki,samuel.gichuki73213@school.ac.ke
73214,Francis,Rotich,francis.rotich73214@uni.ac.ke
73215,Joyce,Kiptoo,joyce.kiptoo73215@academy.ac.ke
73216,Grace,Otieno,grace.otieno73216@college.ac.ke
73217,Peter,Kiprotich,peter.kiprotich73217@academy.ac.ke
73218,Eric,Owino,eric.owino73218@uni.ac.ke
73219,Kevin,Njuguna,kevin.njuguna73219@school.ac.ke
73220,Joy,Omondi,joy.omondi73220@uni.ac.ke
73221,Mary,Chebet,mary.chebet73221@students.ac.ke
73222,Joy,Ahmed,joy.ahmed73222@college.ac.ke
73223,Adrian,Maina,adrian.maina73223@school.ac.ke
73224,Henry,Kinyua,henry.kinyua73224@school.ac.ke
73225,Eleanor,Akumu,eleanor.akumu73225@school.ac.ke
73226,Gloria,Kimani,gloria.kimani73226@students.ac.ke
73227,Mary,Gichuki,mary.gichuki73227@students.ac.ke
73228,Naomi,Kimani,naomi.kimani73228@students.ac.ke
73229,Florence,Musa,florence.musa73229@academy.ac.ke
73230,Grace,Achieng,grace.achieng73230@school.ac.ke
73231,Diana,Njuguna,diana.njuguna73231@academy.ac.ke
73232,Janet,Njoroge,janet.njoroge73232@school.ac.ke
73233,Naomi,Musyoka,naomi.musyoka73233@school.ac.ke
73234,Oscar,Bett,oscar.bett73234@academy.ac.ke
73235,Noah,Waweru,noah.waweru73235@uni.ac.ke
73236,Kevin,Maina,kevin.maina73236@uni.ac.ke
73237,Charles,Achieng,charles.achieng73237@students.ac.ke
73238,William,Musa,william.musa73238@school.ac.ke
73239,Edith,Mutisya,edith.mutisya73239@college.ac.ke
73240,James,Mwenda,james.mwenda73240@college.ac.ke
73241,George,Omar,george.omar73241@uni.ac.ke
73242,Brian,Bett,brian.bett73242@academy.ac.ke
73243,Janet,Musyoka,janet.musyoka73243@college.ac.ke
73244,Lydia,Mwenda,lydia.mwenda73244@academy.ac.ke
73245,Thomas,Ngetich,thomas.ngetich73245@uni.ac.ke
73246,Douglas,Achieng,douglas.achieng73246@students.ac.ke
73247,Agnes,Ogolla,agnes.ogolla73247@students.ac.ke
73248,Charles,Omondi,charles.omondi73248@college.ac.ke
73249,Naomi,Mutai,naomi.mutai73249@students.ac.ke
73250,Mary,Hassan,mary.hassan73250@academy.ac.ke
73251,Kevin,Mwangi,kevin.mwangi73251@school.ac.ke
73252,Esther,Kyalo,esther.kyalo73252@school.ac.ke
73253,Michael,Chebet,michael.chebet73253@college.ac.ke
73254,Samuel,Kamau,samuel.kamau73254@students.ac.ke
73255,Victor,Kamau,victor.kamau73255@uni.ac.ke
73256,Ivan,Kiptoo,ivan.kiptoo73256@uni.ac.ke
73257,David,Mwangi,david.mwangi73257@school.ac.ke
73258,Noah,Ngetich,noah.ngetich73258@school.ac.ke
73259,Eric,Abdi,eric.abdi73259@school.ac.ke
73260,Faith,Kamau,faith.kamau73260@school.ac.ke
73261,Raymond,Njuguna,raymond.njuguna73261@uni.ac.ke
73262,Faith,Nduku,faith.nduku73262@students.ac.ke
73263,Dorothy,Muturi,dorothy.muturi73263@academy.ac.ke
73264,Thomas,Mwenda,thomas.mwenda73264@students.ac.ke
73265,Thomas,Akumu,thomas.akumu73265@academy.ac.ke
73266,Ivan,Gathoni,ivan.gathoni73266@school.ac.ke
73267,David,Ndegwa,david.ndegwa73267@academy.ac.ke
73268,Helen,Okello,helen.okello73268@students.ac.ke
73269,James,Njoki,james.njoki73269@academy.ac.ke
73270,Edith,Mwenda,edith.mwenda73270@students.ac.ke
73271,Brian,Koech,brian.koech73271@school.ac.ke
73272,Julian,Owino,julian.owino73272@college.ac.ke
73273,Joseph,Onyango,joseph.onyango73273@college.ac.ke
73274,James,Ogolla,james.ogolla73274@college.ac.ke
73275,Oscar,Maina,oscar.maina73275@academy.ac.ke
73276,Oscar,Kiptoo,oscar.kiptoo73276@academy.ac.ke
73277,Dorothy,Mwangi,dorothy.mwangi73277@academy.ac.ke
73278,Harold,Kimani,harold.kimani73278@students.ac.ke
73279,Edith,Musa,edith.musa73279@academy.ac.ke
73280,Catherine,Kasyoka,catherine.kasyoka73280@academy.ac.ke
73281,Gladys,Gitau,gladys.gitau73281@academy.ac.ke
73282,George,Gathoni,george.gathoni73282@school.ac.ke
73283,Raymond,Kyalo,raymond.kyalo73283@students.ac.ke
73284,Peter,Kariuki,peter.kariuki73284@college.ac.ke
73285,Thomas,Kariuki,thomas.kariuki73285@students.ac.ke
73286,Peter,Waweru,peter.waweru73286@college.ac.ke
73287,Ruth,Njoki,ruth.njoki73287@academy.ac.ke
73288,Ruth,Ochieng,ruth.ochieng73288@uni.ac.ke
73289,Moses,Lagat,moses.lagat73289@uni.ac.ke
73290,Edwin,Ngetich,edwin.ngetich73290@students.ac.ke
73291,Quentin,Gitonga,quentin.gitonga73291@uni.ac.ke
73292,Noah,Mwenda,noah.mwenda73292@school.ac.ke
73293,Harriet,Ogolla,harriet.ogolla73293@school.ac.ke
73294,Lydia,Kiptoo,lydia.kiptoo73294@school.ac.ke
73295,Gordon,Kasyoka,gordon.kasyoka73295@college.ac.ke
73296,Isaac,Kasyoka,isaac.kasyoka73296@students.ac.ke
73297,Victor,Kamau,victor.kamau73297@academy.ac.ke
73298,Adrian,Awuor,adrian.awuor73298@students.ac.ke
73299,Raymond,Kasyoka,raymond.kasyoka73299@students.ac.ke
73300,Betty,Kasyoka,betty.kasyoka73300@college.ac.ke
73301,Moses,Otieno,moses.otieno73301@college.ac.ke
73302,Charles,Kiptoo,charles.kiptoo73302@students.ac.ke
73303,Thomas,Ochieng,thomas.ochieng73303@uni.ac.ke
73304,Ruth,Hassan,ruth.hassan73304@school.ac.ke
73305,Janet,Akumu,janet.akumu73305@students.ac.ke
73306,Florence,Kiptoo,florence.kiptoo73306@college.ac.ke
73307,Joyce,Farah,joyce.farah73307@school.ac.ke
73308,Noah,Odhiambo,noah.odhiambo73308@school.ac.ke
73309,Philip,Wairimu,philip.wairimu73309@academy.ac.ke
73310,Isaac,Kasyoka,isaac.kasyoka73310@academy.ac.ke
73311,Raymond,Mutisya,raymond.mutisya73311@school.ac.ke
73312,Isaac,Njoki,isaac.njoki73312@school.ac.ke
73313,Joy,Otieno,joy.otieno73313@students.ac.ke
73314,Lewis,Ahmed,lewis.ahmed73314@school.ac.ke
73315,Samuel,Kiprotich,samuel.kiprotich73315@college.ac.ke
73316,Lydia,Maina,lydia.maina73316@uni.ac.ke
73317,Irene,Ngetich,irene.ngetich73317@students.ac.ke
73318,Simon,Kinyua,simon.kinyua73318@students.ac.ke
73319,James,Akumu,james.akumu73319@students.ac.ke
73320,Irene,Ahmed,irene.ahmed73320@college.ac.ke
73321,Alice,Yusuf,alice.yusuf73321@school.ac.ke
73322,Irene,Farah,irene.farah73322@uni.ac.ke
73323,Catherine,Otieno,catherine.otieno73323@college.ac.ke
73324,Harriet,Njoroge,harriet.njoroge73324@academy.ac.ke
73325,Faith,Ngetich,faith.ngetich73325@students.ac.ke
73326,Esther,Muturi,esther.muturi73326@uni.ac.ke
73327,Peter,Njoki,peter.njoki73327@college.ac.ke
73328,Frances,Achieng,frances.achieng73328@students.ac.ke
73329,Gordon,Ahmed,gordon.ahmed73329@college.ac.ke
73330,William,Rotich,william.rotich73330@uni.ac.ke
73331,George,Njoroge,george.njoroge73331@school.ac.ke
73332,Esther,Musa,esther.musa73332@school.ac.ke
73333,Ruth,Lagat,ruth.lagat73333@college.ac.ke
73334,Charles,Wanjiku,charles.wanjiku73334@college.ac.ke
73335,Kevin,Mwenda,kevin.mwenda73335@academy.ac.ke
73336,Gloria,Lagat,gloria.lagat73336@college.ac.ke
73337,Edith,Kinyua,edith.kinyua73337@students.ac.ke
73338,David,Gichuki,david.gichuki73338@uni.ac.ke
73339,Agnes,Musa,agnes.musa73339@school.ac.ke
73340,Dorothy,Mutai,dorothy.mutai73340@school.ac.ke
73341,Edwin,Ibrahim,edwin.ibrahim73341@college.ac.ke
73342,Dennis,Abdi,dennis.abdi73342@school.ac.ke
73343,Dorothy,Farah,dorothy.farah73343@uni.ac.ke
73344,Agnes,Omondi,agnes.omondi73344@school.ac.ke
73345,Grace,Farah,grace.farah73345@uni.ac.ke
73346,Joy,Rotich,joy.rotich73346@school.ac.ke
73347,Philip,Okello,philip.okello73347@uni.ac.ke
73348,Eric,Onyango,eric.onyango73348@uni.ac.ke
73349,Ivan,Awuor,ivan.awuor73349@uni.ac.ke
73350,Julian,Owino,julian.owino73350@college.ac.ke
73351,Victor,Njoroge,victor.njoroge73351@school.ac.ke
73352,Gordon,Koech,gordon.koech73352@college.ac.ke
73353,Frances,Onyango,frances.onyango73353@academy.ac.ke
73354,Julian,Ngetich,julian.ngetich73354@students.ac.ke
73355,Henry,Nduku,henry.nduku73355@school.ac.ke
73356,Daniel,Ruto,daniel.ruto73356@uni.ac.ke
73357,Edwin,Hassan,edwin.hassan73357@college.ac.ke
73358,Alice,Omondi,alice.omondi73358@students.ac.ke
73359,Quentin,Okello,quentin.okello73359@academy.ac.ke
73360,Eric,Gathoni,eric.gathoni73360@school.ac.ke
73361,Irene,Ahmed,irene.ahmed73361@college.ac.ke
73362,Kenneth,Gathoni,kenneth.gathoni73362@students.ac.ke
73363,Gloria,Musyoka,gloria.musyoka73363@college.ac.ke
73364,Gloria,Ndegwa,gloria.ndegwa73364@academy.ac.ke
73365,William,Achieng,william.achieng73365@academy.ac.ke
73366,Gladys,Ruto,gladys.ruto73366@school.ac.ke
73367,Frances,Musyoka,frances.musyoka73367@students.ac.ke
73368,Carol,Koech,carol.koech73368@academy.ac.ke
73369,Hope,Adhiambo,hope.adhiambo73369@uni.ac.ke
73370,Gordon,Ngetich,gordon.ngetich73370@students.ac.ke
73371,Brian,Bett,brian.bett73371@uni.ac.ke
73372,George,Wairimu,george.wairimu73372@school.ac.ke
73373,Edith,Kimani,edith.kimani73373@academy.ac.ke
73374,Noah,Maina,noah.maina73374@uni.ac.ke
73375,George,Muturi,george.muturi73375@academy.ac.ke
73376,Victor,Kasyoka,victor.kasyoka73376@uni.ac.ke
73377,Harriet,Ndegwa,harriet.ndegwa73377@school.ac.ke
73378,John,Ngetich,john.ngetich73378@students.ac.ke
73379,Harriet,Wanjiku,harriet.wanjiku73379@uni.ac.ke
73380,Isaac,Awuor,isaac.awuor73380@college.ac.ke
73381,Isaac,Ahmed,isaac.ahmed73381@academy.ac.ke
73382,John,Gitonga,john.gitonga73382@uni.ac.ke
73383,Isaac,Lagat,isaac.lagat73383@school.ac.ke
73384,Joy,Kiptoo,joy.kiptoo73384@college.ac.ke
73385,Samuel,Farah,samuel.farah73385@students.ac.ke
73386,Irene,Kimani,irene.kimani73386@college.ac.ke
73387,Harriet,Kiprotich,harriet.kiprotich73387@uni.ac.ke
73388,Edwin,Waweru,edwin.waweru73388@academy.ac.ke
73389,Robert,Farah,robert.farah73389@school.ac.ke
73390,Joseph,Awuor,joseph.awuor73390@college.ac.ke
73391,Julian,Kimani,julian.kimani73391@uni.ac.ke
73392,Lewis,Okello,lewis.okello73392@academy.ac.ke
73393,Philip,Gitonga,philip.gitonga73393@students.ac.ke
73394,Bernard,Koech,bernard.koech73394@academy.ac.ke
73395,Jacob,Kiprotich,jacob.kiprotich73395@students.ac.ke
73396,Lydia,Kamau,lydia.kamau73396@students.ac.ke
73397,Helen,Odhiambo,helen.odhiambo73397@academy.ac.ke
73398,Dorothy,Abdi,dorothy.abdi73398@school.ac.ke
73399,Harold,Nzomo,harold.nzomo73399@college.ac.ke
73400,Janet,Koech,janet.koech73400@uni.ac.ke
73401,Faith,Njoki,faith.njoki73401@academy.ac.ke
73402,Esther,Yusuf,esther.yusuf73402@uni.ac.ke
73403,Joseph,Onyango,joseph.onyango73403@students.ac.ke
73404,Florence,Mutai,florence.mutai73404@students.ac.ke
73405,Peter,Awuor,peter.awuor73405@school.ac.ke
73406,Edwin,Mumo,edwin.mumo73406@students.ac.ke
73407,Diana,Mbatha,diana.mbatha73407@school.ac.ke
73408,Dorothy,Gathoni,dorothy.gathoni73408@college.ac.ke
73409,Irene,Onyango,irene.onyango73409@college.ac.ke
73410,Betty,Rotich,betty.rotich73410@college.ac.ke
73411,Adrian,Lagat,adrian.lagat73411@uni.ac.ke
73412,Janet,Nzomo,janet.nzomo73412@school.ac.ke
73413,Hannah,Gitonga,hannah.gitonga73413@academy.ac.ke
73414,Bernard,Mutisya,bernard.mutisya73414@students.ac.ke
73415,Charles,Chebet,charles.chebet73415@college.ac.ke
73416,Edith,Awuor,edith.awuor73416@students.ac.ke
73417,Philip,Nzomo,philip.nzomo73417@uni.ac.ke
73418,Beatrice,Lagat,beatrice.lagat73418@school.ac.ke
73419,Catherine,Awuor,catherine.awuor73419@students.ac.ke
73420,Diana,Musyoka,diana.musyoka73420@college.ac.ke
73421,Edith,Onyango,edith.onyango73421@college.ac.ke
73422,Harriet,Mutua,harriet.mutua73422@uni.ac.ke
73423,Joyce,Chebet,joyce.chebet73423@college.ac.ke
73424,Oscar,Musa,oscar.musa73424@school.ac.ke
73425,Simon,Ahmed,simon.ahmed73425@school.ac.ke
73426,Gordon,Njuguna,gordon.njuguna73426@academy.ac.ke
73427,Kenneth,Otieno,kenneth.otieno73427@school.ac.ke
73428,Thomas,Kyalo,thomas.kyalo73428@school.ac.ke
73429,Kevin,Waweru,kevin.waweru73429@students.ac.ke
73430,Michael,Ahmed,michael.ahmed73430@academy.ac.ke
73431,Robert,Owino,robert.owino73431@uni.ac.ke
73432,Eric,Ndegwa,eric.ndegwa73432@students.ac.ke
73433,Jacob,Mutai,jacob.mutai73433@uni.ac.ke
73434,Joyce,Adhiambo,joyce.adhiambo73434@academy.ac.ke
73435,Hope,Njuguna,hope.njuguna73435@school.ac.ke
73436,Simon,Nduku,simon.nduku73436@academy.ac.ke
73437,Betty,Yusuf,betty.yusuf73437@uni.ac.ke
73438,Edith,Okello,edith.okello73438@college.ac.ke
73439,Adrian,Mumo,adrian.mumo73439@academy.ac.ke
73440,Mary,Kasyoka,mary.kasyoka73440@uni.ac.ke
73441,Paul,Adhiambo,paul.adhiambo73441@school.ac.ke
73442,Betty,Akumu,betty.akumu73442@college.ac.ke
73443,Edith,Kamau,edith.kamau73443@students.ac.ke
73444,Paul,Gathoni,paul.gathoni73444@uni.ac.ke
73445,Thomas,Koech,thomas.koech73445@academy.ac.ke
73446,Carol,Wanjiku,carol.wanjiku73446@uni.ac.ke
73447,Lewis,Wanjiku,lewis.wanjiku73447@school.ac.ke
73448,Alice,Kariuki,alice.kariuki73448@school.ac.ke
73449,Samuel,Gathoni,samuel.gathoni73449@college.ac.ke
73450,Jacob,Adhiambo,jacob.adhiambo73450@students.ac.ke
73451,Simon,Ibrahim,simon.ibrahim73451@college.ac.ke
73452,Bernard,Wairimu,bernard.wairimu73452@uni.ac.ke
73453,Frances,Omondi,frances.omondi73453@students.ac.ke
73454,Harriet,Gitonga,harriet.gitonga73454@academy.ac.ke
73455,Gloria,Khalid,gloria.khalid73455@students.ac.ke
73456,Gloria,Kimani,gloria.kimani73456@school.ac.ke
73457,Adrian,Kiptoo,adrian.kiptoo73457@academy.ac.ke
73458,Betty,Gitonga,betty.gitonga73458@school.ac.ke
73459,Alice,Nduku,alice.nduku73459@uni.ac.ke
73460,James,Juma,james.juma73460@uni.ac.ke
73461,Eleanor,Yusuf,eleanor.yusuf73461@academy.ac.ke
73462,Lydia,Kamau,lydia.kamau73462@students.ac.ke
73463,Janet,Gathoni,janet.gathoni73463@academy.ac.ke
73464,Kenneth,Mwangi,kenneth.mwangi73464@college.ac.ke
73465,Helen,Adhiambo,helen.adhiambo73465@school.ac.ke
73466,Bernard,Gitau,bernard.gitau73466@students.ac.ke
73467,John,Koech,john.koech73467@students.ac.ke
73468,Esther,Njuguna,esther.njuguna73468@school.ac.ke
73469,John,Mutua,john.mutua73469@school.ac.ke
73470,William,Kimani,william.kimani73470@academy.ac.ke
73471,Philip,Wairimu,philip.wairimu73471@uni.ac.ke
73472,Oscar,Kasyoka,oscar.kasyoka73472@students.ac.ke
73473,Helen,Muturi,helen.muturi73473@uni.ac.ke
73474,Harold,Bett,harold.bett73474@college.ac.ke
73475,Dennis,Maina,dennis.maina73475@school.ac.ke
73476,Esther,Khalid,esther.khalid73476@academy.ac.ke
73477,Joyce,Gichuki,joyce.gichuki73477@uni.ac.ke
73478,Robert,Gitau,robert.gitau73478@uni.ac.ke
73479,Ruth,Onyango,ruth.onyango73479@uni.ac.ke
73480,Florence,Juma,florence.juma73480@uni.ac.ke
73481,Ivan,Chebet,ivan.chebet73481@college.ac.ke
73482,Joyce,Muturi,joyce.muturi73482@college.ac.ke
73483,Edwin,Lagat,edwin.lagat73483@academy.ac.ke
73484,Irene,Waweru,irene.waweru73484@school.ac.ke
73485,George,Njuguna,george.njuguna73485@uni.ac.ke
73486,Paul,Farah,paul.farah73486@students.ac.ke
73487,Raymond,Hassan,raymond.hassan73487@academy.ac.ke
73488,Beatrice,Otieno,beatrice.otieno73488@school.ac.ke
73489,Kenneth,Gathoni,kenneth.gathoni73489@uni.ac.ke
73490,Hannah,Adhiambo,hannah.adhiambo73490@academy.ac.ke
73491,Philip,Hassan,philip.hassan73491@college.ac.ke
73492,David,Owino,david.owino73492@students.ac.ke
73493,Adrian,Rotich,adrian.rotich73493@college.ac.ke
73494,Carol,Kiprotich,carol.kiprotich73494@academy.ac.ke
73495,Helen,Okello,helen.okello73495@students.ac.ke
73496,Harriet,Njoki,harriet.njoki73496@school.ac.ke
73497,Julian,Kimani,julian.kimani73497@academy.ac.ke
73498,Victor,Ochieng,victor.ochieng73498@academy.ac.ke
73499,Henry,Bett,henry.bett73499@academy.ac.ke
73500,Mary,Omondi,mary.omondi73500@academy.ac.ke
73501,Simon,Onyango,simon.onyango73501@college.ac.ke
73502,Kenneth,Kamau,kenneth.kamau73502@academy.ac.ke
73503,Janet,Mutai,janet.mutai73503@school.ac.ke
73504,Peter,Rotich,peter.rotich73504@students.ac.ke
73505,Harriet,Yusuf,harriet.yusuf73505@uni.ac.ke
73506,Lydia,Kiprotich,lydia.kiprotich73506@academy.ac.ke
73507,Helen,Owino,helen.owino73507@college.ac.ke
73508,Eric,Kinyua,eric.kinyua73508@uni.ac.ke
73509,Beatrice,Juma,beatrice.juma73509@students.ac.ke
73510,Frances,Maina,frances.maina73510@academy.ac.ke
73511,Isaac,Gitau,isaac.gitau73511@uni.ac.ke
73512,Quentin,Otieno,quentin.otieno73512@college.ac.ke
73513,Douglas,Omondi,douglas.omondi73513@academy.ac.ke
73514,Kevin,Kasyoka,kevin.kasyoka73514@school.ac.ke
73515,Quentin,Yusuf,quentin.yusuf73515@uni.ac.ke
73516,Alice,Kiprotich,alice.kiprotich73516@college.ac.ke
73517,Paul,Kimani,paul.kimani73517@uni.ac.ke
73518,Brian,Njoki,brian.njoki73518@academy.ac.ke
73519,Carol,Mutai,carol.mutai73519@students.ac.ke
73520,Joseph,Mwenda,joseph.mwenda73520@school.ac.ke
73521,Charles,Juma,charles.juma73521@school.ac.ke
73522,Janet,Njuguna,janet.njuguna73522@students.ac.ke
73523,Kenneth,Rotich,kenneth.rotich73523@college.ac.ke
73524,Kevin,Ndegwa,kevin.ndegwa73524@academy.ac.ke
73525,Carol,Njoroge,carol.njoroge73525@uni.ac.ke
73526,Janet,Ogolla,janet.ogolla73526@students.ac.ke
73527,Catherine,Omar,catherine.omar73527@uni.ac.ke
73528,Gordon,Akumu,gordon.akumu73528@school.ac.ke
73529,Kenneth,Kinyua,kenneth.kinyua73529@school.ac.ke
73530,Eleanor,Ogolla,eleanor.ogolla73530@students.ac.ke
73531,Joseph,Abdi,joseph.abdi73531@uni.ac.ke
73532,Lydia,Ogolla,lydia.ogolla73532@college.ac.ke
73533,Carol,Gitonga,carol.gitonga73533@uni.ac.ke
73534,Hope,Abdi,hope.abdi73534@academy.ac.ke
73535,Betty,Ibrahim,betty.ibrahim73535@uni.ac.ke
73536,Kevin,Kiprotich,kevin.kiprotich73536@uni.ac.ke
73537,Charles,Okello,charles.okello73537@academy.ac.ke
73538,Agnes,Adhiambo,agnes.adhiambo73538@uni.ac.ke
73539,Catherine,Kyalo,catherine.kyalo73539@students.ac.ke
73540,Irene,Mumo,irene.mumo73540@school.ac.ke
73541,Edwin,Bett,edwin.bett73541@school.ac.ke
73542,Janet,Ochieng,janet.ochieng73542@college.ac.ke
73543,Catherine,Ahmed,catherine.ahmed73543@students.ac.ke
73544,Quentin,Gitau,quentin.gitau73544@academy.ac.ke
73545,Alice,Wairimu,alice.wairimu73545@students.ac.ke
73546,Hannah,Otieno,hannah.otieno73546@college.ac.ke
73547,Joyce,Yusuf,joyce.yusuf73547@school.ac.ke
73548,Lydia,Abdi,lydia.abdi73548@uni.ac.ke
73549,Catherine,Kinyua,catherine.kinyua73549@students.ac.ke
73550,Oscar,Onyango,oscar.onyango73550@academy.ac.ke
73551,Lydia,Mwangi,lydia.mwangi73551@uni.ac.ke
73552,Harold,Omondi,harold.omondi73552@college.ac.ke
73553,Naomi,Juma,naomi.juma73553@uni.ac.ke
73554,Thomas,Omar,thomas.omar73554@students.ac.ke
73555,Irene,Kasyoka,irene.kasyoka73555@uni.ac.ke
73556,Frances,Otieno,frances.otieno73556@uni.ac.ke
73557,Esther,Ngetich,esther.ngetich73557@college.ac.ke
73558,Beatrice,Khalid,beatrice.khalid73558@college.ac.ke
73559,Gordon,Waweru,gordon.waweru73559@students.ac.ke
73560,Paul,Owino,paul.owino73560@students.ac.ke
73561,Hannah,Chebet,hannah.chebet73561@uni.ac.ke
73562,Florence,Gitau,florence.gitau73562@uni.ac.ke
73563,Henry,Gichuki,henry.gichuki73563@school.ac.ke
73564,Grace,Mwangi,grace.mwangi73564@academy.ac.ke
73565,Gladys,Onyango,gladys.onyango73565@academy.ac.ke
73566,Joyce,Ogolla,joyce.ogolla73566@uni.ac.ke
73567,Eleanor,Ibrahim,eleanor.ibrahim73567@students.ac.ke
73568,Francis,Awuor,francis.awuor73568@college.ac.ke
73569,Florence,Ogolla,florence.ogolla73569@school.ac.ke
73570,William,Gichuki,william.gichuki73570@school.ac.ke
73571,Hope,Gathoni,hope.gathoni73571@students.ac.ke
73572,Brian,Mutai,brian.mutai73572@school.ac.ke
73573,Catherine,Omar,catherine.omar73573@college.ac.ke
73574,Charles,Adhiambo,charles.adhiambo73574@students.ac.ke
73575,Moses,Owino,moses.owino73575@academy.ac.ke
73576,George,Ngetich,george.ngetich73576@academy.ac.ke
73577,James,Akumu,james.akumu73577@uni.ac.ke
73578,James,Omar,james.omar73578@school.ac.ke
73579,Quentin,Abdi,quentin.abdi73579@college.ac.ke
73580,Dennis,Bett,dennis.bett73580@academy.ac.ke
73581,Irene,Adhiambo,irene.adhiambo73581@academy.ac.ke
73582,Samuel,Owino,samuel.owino73582@students.ac.ke
73583,Gordon,Nduku,gordon.nduku73583@college.ac.ke
73584,John,Mutisya,john.mutisya73584@college.ac.ke
73585,Hope,Wanjiku,hope.wanjiku73585@academy.ac.ke
73586,Michael,Kimani,michael.kimani73586@students.ac.ke
73587,Hannah,Otieno,hannah.otieno73587@school.ac.ke
73588,Robert,Nduku,robert.nduku73588@college.ac.ke
73589,James,Ndegwa,james.ndegwa73589@students.ac.ke
73590,Betty,Mutua,betty.mutua73590@academy.ac.ke
73591,Eleanor,Otieno,eleanor.otieno73591@uni.ac.ke
73592,Eric,Kamau,eric.kamau73592@students.ac.ke
73593,Catherine,Omar,catherine.omar73593@uni.ac.ke
73594,Charles,Kariuki,charles.kariuki73594@academy.ac.ke
73595,Eric,Mutai,eric.mutai73595@uni.ac.ke
73596,Julian,Kinyua,julian.kinyua73596@school.ac.ke
73597,Florence,Kamau,florence.kamau73597@students.ac.ke
73598,Gordon,Mutisya,gordon.mutisya73598@school.ac.ke
73599,Quentin,Koech,quentin.koech73599@students.ac.ke
73600,Betty,Kariuki,betty.kariuki73600@uni.ac.ke
73601,Michael,Njoroge,michael.njoroge73601@college.ac.ke
73602,Paul,Nzomo,paul.nzomo73602@students.ac.ke
73603,Catherine,Ahmed,catherine.ahmed73603@school.ac.ke
73604,Thomas,Ibrahim,thomas.ibrahim73604@uni.ac.ke
73605,Joy,Omondi,joy.omondi73605@school.ac.ke
73606,Irene,Rotich,irene.rotich73606@students.ac.ke
73607,Alice,Gathoni,alice.gathoni73607@academy.ac.ke
73608,John,Njuguna,john.njuguna73608@uni.ac.ke
73609,Grace,Khalid,grace.khalid73609@academy.ac.ke
73610,Charles,Abdi,charles.abdi73610@school.ac.ke
73611,Faith,Odhiambo,faith.odhiambo73611@college.ac.ke
73612,Samuel,Musa,samuel.musa73612@academy.ac.ke
73613,Charles,Wanjiku,charles.wanjiku73613@college.ac.ke
73614,Kenneth,Yusuf,kenneth.yusuf73614@college.ac.ke
73615,Henry,Juma,henry.juma73615@students.ac.ke
73616,Gladys,Kimani,gladys.kimani73616@school.ac.ke
73617,Victor,Kiprotich,victor.kiprotich73617@uni.ac.ke
73618,Samuel,Otieno,samuel.otieno73618@college.ac.ke
73619,Kevin,Gichuki,kevin.gichuki73619@students.ac.ke
73620,Irene,Kiptoo,irene.kiptoo73620@uni.ac.ke
73621,Samuel,Ochieng,samuel.ochieng73621@college.ac.ke
73622,Ruth,Waweru,ruth.waweru73622@academy.ac.ke
73623,Esther,Ndegwa,esther.ndegwa73623@school.ac.ke
73624,Harold,Gitau,harold.gitau73624@school.ac.ke
73625,George,Bett,george.bett73625@academy.ac.ke
73626,Victor,Ndegwa,victor.ndegwa73626@school.ac.ke
73627,Diana,Mumo,diana.mumo73627@students.ac.ke
73628,James,Kinyua,james.kinyua73628@academy.ac.ke
73629,Daniel,Ahmed,daniel.ahmed73629@academy.ac.ke
73630,Brian,Bett,brian.bett73630@academy.ac.ke
73631,Gloria,Muturi,gloria.muturi73631@school.ac.ke
73632,Dennis,Achieng,dennis.achieng73632@academy.ac.ke
73633,Carol,Kamau,carol.kamau73633@school.ac.ke
73634,Catherine,Rotich,catherine.rotich73634@academy.ac.ke
73635,Diana,Kinyua,diana.kinyua73635@students.ac.ke
73636,Eric,Wairimu,eric.wairimu73636@academy.ac.ke
73637,Raymond,Kariuki,raymond.kariuki73637@students.ac.ke
73638,Brian,Muturi,brian.muturi73638@students.ac.ke
73639,Lewis,Mutai,lewis.mutai73639@uni.ac.ke
73640,Thomas,Waweru,thomas.waweru73640@students.ac.ke
73641,Diana,Mwangi,diana.mwangi73641@school.ac.ke
73642,Ruth,Nzomo,ruth.nzomo73642@uni.ac.ke
73643,Julian,Bett,julian.bett73643@school.ac.ke
73644,Grace,Ngetich,grace.ngetich73644@school.ac.ke
73645,Harriet,Kinyua,harriet.kinyua73645@college.ac.ke
73646,Eric,Kiprotich,eric.kiprotich73646@college.ac.ke
73647,Hope,Ahmed,hope.ahmed73647@college.ac.ke
73648,Grace,Mwangi,grace.mwangi73648@school.ac.ke
73649,Edith,Onyango,edith.onyango73649@college.ac.ke
73650,Jacob,Nzomo,jacob.nzomo73650@academy.ac.ke
73651,Esther,Gathoni,esther.gathoni73651@students.ac.ke
73652,Irene,Kimani,irene.kimani73652@students.ac.ke
73653,Jacob,Mwenda,jacob.mwenda73653@school.ac.ke
73654,Eleanor,Njoki,eleanor.njoki73654@students.ac.ke
73655,Kevin,Kariuki,kevin.kariuki73655@school.ac.ke
73656,Ivan,Wairimu,ivan.wairimu73656@college.ac.ke
73657,Beatrice,Kiprotich,beatrice.kiprotich73657@uni.ac.ke
73658,Janet,Kiprotich,janet.kiprotich73658@uni.ac.ke
73659,Lewis,Koech,lewis.koech73659@academy.ac.ke
73660,Oscar,Njoroge,oscar.njoroge73660@uni.ac.ke
73661,Raymond,Abdi,raymond.abdi73661@academy.ac.ke
73662,Ivan,Njoki,ivan.njoki73662@uni.ac.ke
73663,Beatrice,Ahmed,beatrice.ahmed73663@academy.ac.ke
73664,Brian,Owino,brian.owino73664@school.ac.ke
73665,Simon,Kimani,simon.kimani73665@school.ac.ke
73666,Edith,Musyoka,edith.musyoka73666@students.ac.ke
73667,Helen,Kasyoka,helen.kasyoka73667@school.ac.ke
73668,Edwin,Gitau,edwin.gitau73668@college.ac.ke
73669,Dorothy,Yusuf,dorothy.yusuf73669@college.ac.ke
73670,Eleanor,Omondi,eleanor.omondi73670@academy.ac.ke
73671,James,Farah,james.farah73671@uni.ac.ke
73672,Charles,Hassan,charles.hassan73672@college.ac.ke
73673,Frances,Kyalo,frances.kyalo73673@uni.ac.ke
73674,Joseph,Mwenda,joseph.mwenda73674@academy.ac.ke
73675,Naomi,Kyalo,naomi.kyalo73675@students.ac.ke
73676,Edwin,Abdi,edwin.abdi73676@academy.ac.ke
73677,Edith,Ogolla,edith.ogolla73677@school.ac.ke
73678,Henry,Mwangi,henry.mwangi73678@students.ac.ke
73679,Douglas,Akumu,douglas.akumu73679@academy.ac.ke
73680,Dorothy,Kamau,dorothy.kamau73680@students.ac.ke
73681,Eleanor,Ruto,eleanor.ruto73681@college.ac.ke
73682,Catherine,Kasyoka,catherine.kasyoka73682@college.ac.ke
73683,Beatrice,Khalid,beatrice.khalid73683@school.ac.ke
73684,Joseph,Mwenda,joseph.mwenda73684@students.ac.ke
73685,Dennis,Ogolla,dennis.ogolla73685@school.ac.ke
73686,Douglas,Otieno,douglas.otieno73686@school.ac.ke
73687,Faith,Ngetich,faith.ngetich73687@uni.ac.ke
73688,Bernard,Juma,bernard.juma73688@college.ac.ke
73689,Hannah,Rotich,hannah.rotich73689@college.ac.ke
73690,Edwin,Musyoka,edwin.musyoka73690@college.ac.ke
73691,Victor,Abdi,victor.abdi73691@academy.ac.ke
73692,Irene,Mutua,irene.mutua73692@students.ac.ke
73693,Adrian,Ndegwa,adrian.ndegwa73693@academy.ac.ke
73694,Irene,Lagat,irene.lagat73694@college.ac.ke
73695,Esther,Juma,esther.juma73695@college.ac.ke
73696,Eleanor,Hassan,eleanor.hassan73696@college.ac.ke
73697,Bernard,Odhiambo,bernard.odhiambo73697@academy.ac.ke
73698,Thomas,Kasyoka,thomas.kasyoka73698@uni.ac.ke
73699,Faith,Nzomo,faith.nzomo73699@school.ac.ke
73700,Quentin,Gichuki,quentin.gichuki73700@academy.ac.ke
73701,Edith,Waweru,edith.waweru73701@academy.ac.ke
73702,Betty,Ahmed,betty.ahmed73702@school.ac.ke
73703,Irene,Njoki,irene.njoki73703@students.ac.ke
73704,Joyce,Ndegwa,joyce.ndegwa73704@uni.ac.ke
73705,Irene,Ngetich,irene.ngetich73705@uni.ac.ke
73706,Alice,Nzomo,alice.nzomo73706@students.ac.ke
73707,Daniel,Khalid,daniel.khalid73707@academy.ac.ke
73708,Helen,Omar,helen.omar73708@college.ac.ke
73709,Thomas,Maina,thomas.maina73709@school.ac.ke
73710,Agnes,Wanjiku,agnes.wanjiku73710@students.ac.ke
73711,Harold,Wanjiku,harold.wanjiku73711@uni.ac.ke
73712,Thomas,Adhiambo,thomas.adhiambo73712@students.ac.ke
73713,Douglas,Muturi,douglas.muturi73713@uni.ac.ke
73714,Betty,Ngetich,betty.ngetich73714@students.ac.ke
73715,Irene,Njoki,irene.njoki73715@uni.ac.ke
73716,Edwin,Ruto,edwin.ruto73716@academy.ac.ke
73717,James,Kiprotich,james.kiprotich73717@college.ac.ke
73718,Julian,Ndegwa,julian.ndegwa73718@school.ac.ke
73719,Frances,Achieng,frances.achieng73719@college.ac.ke
73720,Hannah,Mutisya,hannah.mutisya73720@academy.ac.ke
73721,Samuel,Njoroge,samuel.njoroge73721@uni.ac.ke
73722,Thomas,Bett,thomas.bett73722@uni.ac.ke
73723,William,Chebet,william.chebet73723@students.ac.ke
73724,Janet,Njoki,janet.njoki73724@school.ac.ke
73725,Kenneth,Muturi,kenneth.muturi73725@uni.ac.ke
73726,Robert,Khalid,robert.khalid73726@academy.ac.ke
73727,Brian,Musyoka,brian.musyoka73727@school.ac.ke
73728,Jacob,Farah,jacob.farah73728@school.ac.ke
73729,Edwin,Bett,edwin.bett73729@uni.ac.ke
73730,Irene,Ahmed,irene.ahmed73730@academy.ac.ke
73731,Bernard,Njuguna,bernard.njuguna73731@school.ac.ke
73732,Peter,Kasyoka,peter.kasyoka73732@school.ac.ke
73733,Beatrice,Musa,beatrice.musa73733@college.ac.ke
73734,Janet,Rotich,janet.rotich73734@college.ac.ke
73735,Jacob,Mutisya,jacob.mutisya73735@academy.ac.ke
73736,Eleanor,Yusuf,eleanor.yusuf73736@school.ac.ke
73737,Agnes,Maina,agnes.maina73737@college.ac.ke
73738,Kenneth,Adhiambo,kenneth.adhiambo73738@academy.ac.ke
73739,Beatrice,Lagat,beatrice.lagat73739@students.ac.ke
73740,Frances,Kiptoo,frances.kiptoo73740@uni.ac.ke
73741,Irene,Achieng,irene.achieng73741@academy.ac.ke
73742,Douglas,Kyalo,douglas.kyalo73742@students.ac.ke
73743,Agnes,Nzomo,agnes.nzomo73743@students.ac.ke
73744,Gloria,Gitonga,gloria.gitonga73744@uni.ac.ke
73745,Harriet,Owino,harriet.owino73745@academy.ac.ke
73746,Douglas,Gitonga,douglas.gitonga73746@uni.ac.ke
73747,Joyce,Kinyua,joyce.kinyua73747@academy.ac.ke
73748,Joy,Njoroge,joy.njoroge73748@college.ac.ke
73749,Ruth,Musa,ruth.musa73749@school.ac.ke
73750,Joseph,Nzomo,joseph.nzomo73750@academy.ac.ke
73751,Julian,Gathoni,julian.gathoni73751@school.ac.ke
73752,Thomas,Gitonga,thomas.gitonga73752@college.ac.ke
73753,Helen,Ngetich,helen.ngetich73753@school.ac.ke
73754,Henry,Gichuki,henry.gichuki73754@uni.ac.ke
73755,Robert,Okello,robert.okello73755@school.ac.ke
73756,Gordon,Njoroge,gordon.njoroge73756@students.ac.ke
73757,Eric,Ahmed,eric.ahmed73757@students.ac.ke
73758,Peter,Omondi,peter.omondi73758@students.ac.ke
73759,Harold,Yusuf,harold.yusuf73759@school.ac.ke
73760,Philip,Kiptoo,philip.kiptoo73760@college.ac.ke
73761,Robert,Yusuf,robert.yusuf73761@uni.ac.ke
73762,Douglas,Hassan,douglas.hassan73762@uni.ac.ke
73763,Douglas,Ruto,douglas.ruto73763@college.ac.ke
73764,Oscar,Kiptoo,oscar.kiptoo73764@academy.ac.ke
73765,Kevin,Ochieng,kevin.ochieng73765@academy.ac.ke
73766,Jacob,Mutai,jacob.mutai73766@school.ac.ke
73767,Daniel,Awuor,daniel.awuor73767@uni.ac.ke
73768,Edith,Koech,edith.koech73768@college.ac.ke
73769,Harold,Adhiambo,harold.adhiambo73769@students.ac.ke
73770,Michael,Ibrahim,michael.ibrahim73770@students.ac.ke
73771,Kevin,Lagat,kevin.lagat73771@academy.ac.ke
73772,Edwin,Wairimu,edwin.wairimu73772@academy.ac.ke
73773,Simon,Ibrahim,simon.ibrahim73773@academy.ac.ke
73774,Oscar,Waweru,oscar.waweru73774@school.ac.ke
73775,Irene,Kiprotich,irene.kiprotich73775@students.ac.ke
73776,Peter,Musyoka,peter.musyoka73776@school.ac.ke
73777,Raymond,Kamau,raymond.kamau73777@students.ac.ke
73778,Harold,Mwenda,harold.mwenda73778@college.ac.ke
73779,James,Koech,james.koech73779@school.ac.ke
73780,David,Mutisya,david.mutisya73780@academy.ac.ke
73781,Irene,Nduku,irene.nduku73781@school.ac.ke
73782,Quentin,Gichuki,quentin.gichuki73782@academy.ac.ke
73783,Noah,Onyango,noah.onyango73783@students.ac.ke
73784,Simon,Mutai,simon.mutai73784@students.ac.ke
73785,Victor,Maina,victor.maina73785@students.ac.ke
73786,Gordon,Otieno,gordon.otieno73786@academy.ac.ke
73787,Beatrice,Njoki,beatrice.njoki73787@academy.ac.ke
73788,Hope,Mbatha,hope.mbatha73788@uni.ac.ke
73789,Harold,Ngetich,harold.ngetich73789@students.ac.ke
73790,Gloria,Khalid,gloria.khalid73790@students.ac.ke
73791,Quentin,Kyalo,quentin.kyalo73791@uni.ac.ke
73792,Samuel,Lagat,samuel.lagat73792@college.ac.ke
73793,Raymond,Mutai,raymond.mutai73793@school.ac.ke
73794,Eleanor,Rotich,eleanor.rotich73794@students.ac.ke
73795,Jacob,Njuguna,jacob.njuguna73795@school.ac.ke
73796,Thomas,Kinyua,thomas.kinyua73796@students.ac.ke
73797,Dennis,Maina,dennis.maina73797@college.ac.ke
73798,Charles,Mwenda,charles.mwenda73798@students.ac.ke
73799,Peter,Njuguna,peter.njuguna73799@students.ac.ke
73800,Faith,Njoki,faith.njoki73800@college.ac.ke
73801,Diana,Mbatha,diana.mbatha73801@students.ac.ke
73802,Diana,Otieno,diana.otieno73802@students.ac.ke
73803,Hannah,Musyoka,hannah.musyoka73803@college.ac.ke
73804,Harriet,Omar,harriet.omar73804@students.ac.ke
73805,Moses,Mutua,moses.mutua73805@college.ac.ke
73806,Mary,Musa,mary.musa73806@school.ac.ke
73807,David,Mutisya,david.mutisya73807@students.ac.ke
73808,Joy,Khalid,joy.khalid73808@college.ac.ke
73809,George,Ndegwa,george.ndegwa73809@uni.ac.ke
73810,Carol,Owino,carol.owino73810@uni.ac.ke
73811,Agnes,Wanjiku,agnes.wanjiku73811@academy.ac.ke
73812,Philip,Mutai,philip.mutai73812@uni.ac.ke
73813,Edith,Maina,edith.maina73813@uni.ac.ke
73814,Gordon,Kinyua,gordon.kinyua73814@students.ac.ke
73815,Diana,Kiptoo,diana.kiptoo73815@college.ac.ke
73816,Quentin,Ochieng,quentin.ochieng73816@school.ac.ke
73817,Julian,Wairimu,julian.wairimu73817@uni.ac.ke
73818,Hope,Koech,hope.koech73818@college.ac.ke
73819,Douglas,Onyango,douglas.onyango73819@students.ac.ke
73820,Simon,Farah,simon.farah73820@school.ac.ke
73821,Hope,Ndegwa,hope.ndegwa73821@uni.ac.ke
73822,Catherine,Awuor,catherine.awuor73822@students.ac.ke
73823,Thomas,Chebet,thomas.chebet73823@school.ac.ke
73824,Douglas,Nduku,douglas.nduku73824@academy.ac.ke
73825,Julian,Rotich,julian.rotich73825@academy.ac.ke
73826,Carol,Rotich,carol.rotich73826@students.ac.ke
73827,Agnes,Chebet,agnes.chebet73827@students.ac.ke
73828,Dennis,Abdi,dennis.abdi73828@students.ac.ke
73829,Alice,Awuor,alice.awuor73829@uni.ac.ke
73830,Julian,Musyoka,julian.musyoka73830@students.ac.ke
73831,Thomas,Muturi,thomas.muturi73831@students.ac.ke
73832,Victor,Achieng,victor.achieng73832@college.ac.ke
73833,Hannah,Achieng,hannah.achieng73833@school.ac.ke
73834,Simon,Yusuf,simon.yusuf73834@academy.ac.ke
73835,Grace,Mutisya,grace.mutisya73835@students.ac.ke
73836,Gordon,Chebet,gordon.chebet73836@academy.ac.ke
73837,Diana,Mutisya,diana.mutisya73837@academy.ac.ke
73838,Edwin,Waweru,edwin.waweru73838@academy.ac.ke
73839,Ivan,Muturi,ivan.muturi73839@academy.ac.ke
73840,Julian,Gitonga,julian.gitonga73840@students.ac.ke
73841,Edwin,Ruto,edwin.ruto73841@academy.ac.ke
73842,Hope,Onyango,hope.onyango73842@academy.ac.ke
73843,Thomas,Kariuki,thomas.kariuki73843@academy.ac.ke
73844,Joyce,Ngetich,joyce.ngetich73844@school.ac.ke
73845,Henry,Mutai,henry.mutai73845@college.ac.ke
73846,Robert,Koech,robert.koech73846@college.ac.ke
73847,Eleanor,Njoki,eleanor.njoki73847@academy.ac.ke
73848,Charles,Ndegwa,charles.ndegwa73848@uni.ac.ke
73849,Bernard,Farah,bernard.farah73849@academy.ac.ke
73850,Michael,Mumo,michael.mumo73850@school.ac.ke
73851,Dennis,Ochieng,dennis.ochieng73851@uni.ac.ke
73852,Betty,Juma,betty.juma73852@students.ac.ke
73853,Hope,Juma,hope.juma73853@uni.ac.ke
73854,Irene,Waweru,irene.waweru73854@college.ac.ke
73855,Irene,Mutua,irene.mutua73855@college.ac.ke
73856,Moses,Ahmed,moses.ahmed73856@college.ac.ke
73857,Gladys,Wairimu,gladys.wairimu73857@academy.ac.ke
73858,Faith,Muturi,faith.muturi73858@college.ac.ke
73859,Alice,Mutai,alice.mutai73859@uni.ac.ke
73860,Hannah,Otieno,hannah.otieno73860@students.ac.ke
73861,Agnes,Lagat,agnes.lagat73861@students.ac.ke
73862,Gloria,Bett,gloria.bett73862@students.ac.ke
73863,Daniel,Rotich,daniel.rotich73863@uni.ac.ke
73864,Florence,Chebet,florence.chebet73864@uni.ac.ke
73865,Bernard,Musa,bernard.musa73865@academy.ac.ke
73866,James,Kimani,james.kimani73866@college.ac.ke
73867,Philip,Koech,philip.koech73867@uni.ac.ke
73868,Thomas,Otieno,thomas.otieno73868@academy.ac.ke
73869,Joseph,Muturi,joseph.muturi73869@uni.ac.ke
73870,Faith,Wanjiku,faith.wanjiku73870@uni.ac.ke
73871,Irene,Kasyoka,irene.kasyoka73871@academy.ac.ke
73872,Julian,Kiptoo,julian.kiptoo73872@college.ac.ke
73873,George,Ahmed,george.ahmed73873@academy.ac.ke
73874,Bernard,Nzomo,bernard.nzomo73874@school.ac.ke
73875,Edith,Kinyua,edith.kinyua73875@college.ac.ke
73876,Harriet,Kariuki,harriet.kariuki73876@school.ac.ke
73877,Francis,Omar,francis.omar73877@students.ac.ke
73878,James,Gitonga,james.gitonga73878@students.ac.ke
73879,Gloria,Gitonga,gloria.gitonga73879@students.ac.ke
73880,Dennis,Khalid,dennis.khalid73880@college.ac.ke
73881,Janet,Bett,janet.bett73881@academy.ac.ke
73882,Gladys,Wairimu,gladys.wairimu73882@uni.ac.ke
73883,Robert,Yusuf,robert.yusuf73883@uni.ac.ke
73884,Moses,Odhiambo,moses.odhiambo73884@academy.ac.ke
73885,Harold,Ngetich,harold.ngetich73885@students.ac.ke
73886,Thomas,Okello,thomas.okello73886@college.ac.ke
73887,Gladys,Wairimu,gladys.wairimu73887@school.ac.ke
73888,Edith,Ogolla,edith.ogolla73888@school.ac.ke
73889,Joyce,Maina,joyce.maina73889@college.ac.ke
73890,Jacob,Gitau,jacob.gitau73890@college.ac.ke
73891,Thomas,Kyalo,thomas.kyalo73891@academy.ac.ke
73892,Beatrice,Gitau,beatrice.gitau73892@school.ac.ke
73893,Edith,Odhiambo,edith.odhiambo73893@school.ac.ke
73894,Isaac,Gitonga,isaac.gitonga73894@uni.ac.ke
73895,Betty,Khalid,betty.khalid73895@college.ac.ke
73896,Samuel,Muturi,samuel.muturi73896@academy.ac.ke
73897,Gladys,Adhiambo,gladys.adhiambo73897@uni.ac.ke
73898,Raymond,Mwangi,raymond.mwangi73898@academy.ac.ke
73899,Esther,Mwangi,esther.mwangi73899@school.ac.ke
73900,Dorothy,Ibrahim,dorothy.ibrahim73900@uni.ac.ke
73901,Dennis,Waweru,dennis.waweru73901@students.ac.ke
73902,Irene,Wairimu,irene.wairimu73902@school.ac.ke
73903,Dorothy,Chebet,dorothy.chebet73903@school.ac.ke
73904,Edith,Kiprotich,edith.kiprotich73904@college.ac.ke
73905,Kenneth,Maina,kenneth.maina73905@academy.ac.ke
73906,Naomi,Musa,naomi.musa73906@academy.ac.ke
73907,Henry,Kasyoka,henry.kasyoka73907@students.ac.ke
73908,Peter,Juma,peter.juma73908@academy.ac.ke
73909,Robert,Ibrahim,robert.ibrahim73909@college.ac.ke
73910,Ivan,Juma,ivan.juma73910@uni.ac.ke
73911,Hope,Juma,hope.juma73911@academy.ac.ke
73912,Joy,Mutisya,joy.mutisya73912@academy.ac.ke
73913,Kenneth,Bett,kenneth.bett73913@academy.ac.ke
73914,Lewis,Gathoni,lewis.gathoni73914@academy.ac.ke
73915,Brian,Gitau,brian.gitau73915@school.ac.ke
73916,Betty,Abdi,betty.abdi73916@students.ac.ke
73917,Eleanor,Ochieng,eleanor.ochieng73917@uni.ac.ke
73918,Frances,Waweru,frances.waweru73918@uni.ac.ke
73919,Samuel,Wairimu,samuel.wairimu73919@college.ac.ke
73920,Gordon,Nzomo,gordon.nzomo73920@uni.ac.ke
73921,George,Abdi,george.abdi73921@school.ac.ke
73922,Florence,Hassan,florence.hassan73922@students.ac.ke
73923,Francis,Chebet,francis.chebet73923@students.ac.ke
73924,Harriet,Kasyoka,harriet.kasyoka73924@students.ac.ke
73925,Dennis,Nzomo,dennis.nzomo73925@college.ac.ke
73926,Samuel,Omondi,samuel.omondi73926@uni.ac.ke
73927,Julian,Kamau,julian.kamau73927@uni.ac.ke
73928,Hannah,Onyango,hannah.onyango73928@academy.ac.ke
73929,Alice,Kimani,alice.kimani73929@students.ac.ke
73930,Florence,Abdi,florence.abdi73930@college.ac.ke
73931,Gordon,Akumu,gordon.akumu73931@academy.ac.ke
73932,Joseph,Musyoka,joseph.musyoka73932@uni.ac.ke
73933,Janet,Chebet,janet.chebet73933@uni.ac.ke
73934,George,Ogolla,george.ogolla73934@uni.ac.ke
73935,Alice,Gathoni,alice.gathoni73935@uni.ac.ke
73936,Gordon,Njoroge,gordon.njoroge73936@college.ac.ke
73937,Paul,Lagat,paul.lagat73937@school.ac.ke
73938,David,Wanjiku,david.wanjiku73938@college.ac.ke
73939,Joyce,Kyalo,joyce.kyalo73939@uni.ac.ke
73940,Samuel,Otieno,samuel.otieno73940@college.ac.ke
73941,William,Musyoka,william.musyoka73941@uni.ac.ke
73942,Isaac,Ahmed,isaac.ahmed73942@uni.ac.ke
73943,Victor,Lagat,victor.lagat73943@academy.ac.ke
73944,Victor,Yusuf,victor.yusuf73944@college.ac.ke
73945,Irene,Otieno,irene.otieno73945@uni.ac.ke
73946,Quentin,Chebet,quentin.chebet73946@students.ac.ke
73947,Paul,Kimani,paul.kimani73947@uni.ac.ke
73948,Kenneth,Farah,kenneth.farah73948@college.ac.ke
73949,Diana,Awuor,diana.awuor73949@academy.ac.ke
73950,Harold,Akumu,harold.akumu73950@academy.ac.ke
73951,Henry,Musa,henry.musa73951@students.ac.ke
73952,Diana,Ogolla,diana.ogolla73952@academy.ac.ke
73953,Alice,Muturi,alice.muturi73953@students.ac.ke
73954,Betty,Akumu,betty.akumu73954@school.ac.ke
73955,Edith,Ogolla,edith.ogolla73955@college.ac.ke
73956,Naomi,Gichuki,naomi.gichuki73956@college.ac.ke
73957,Catherine,Ochieng,catherine.ochieng73957@students.ac.ke
73958,David,Ngetich,david.ngetich73958@academy.ac.ke
73959,James,Gathoni,james.gathoni73959@academy.ac.ke
73960,Carol,Gichuki,carol.gichuki73960@school.ac.ke
73961,Naomi,Mbatha,naomi.mbatha73961@academy.ac.ke
73962,Douglas,Waweru,douglas.waweru73962@school.ac.ke
73963,Hannah,Njoroge,hannah.njoroge73963@school.ac.ke
73964,Esther,Ndegwa,esther.ndegwa73964@uni.ac.ke
73965,Oscar,Musa,oscar.musa73965@academy.ac.ke
73966,Edith,Muturi,edith.muturi73966@school.ac.ke
73967,Florence,Okello,florence.okello73967@uni.ac.ke
73968,Eric,Wairimu,eric.wairimu73968@school.ac.ke
73969,Alice,Ochieng,alice.ochieng73969@college.ac.ke
73970,Charles,Wairimu,charles.wairimu73970@academy.ac.ke
73971,Douglas,Adhiambo,douglas.adhiambo73971@uni.ac.ke
73972,Charles,Kasyoka,charles.kasyoka73972@students.ac.ke
73973,David,Mwenda,david.mwenda73973@uni.ac.ke
73974,Francis,Kinyua,francis.kinyua73974@college.ac.ke
73975,Raymond,Khalid,raymond.khalid73975@academy.ac.ke
73976,Irene,Mutai,irene.mutai73976@academy.ac.ke
73977,Naomi,Wanjiku,naomi.wanjiku73977@academy.ac.ke
73978,Harriet,Kimani,harriet.kimani73978@students.ac.ke
73979,Michael,Mutisya,michael.mutisya73979@school.ac.ke
73980,Robert,Wairimu,robert.wairimu73980@uni.ac.ke
73981,Isaac,Musyoka,isaac.musyoka73981@uni.ac.ke
73982,Florence,Okello,florence.okello73982@school.ac.ke
73983,Harold,Kamau,harold.kamau73983@students.ac.ke
73984,Dorothy,Kamau,dorothy.kamau73984@students.ac.ke
73985,Edwin,Rotich,edwin.rotich73985@students.ac.ke
73986,Harriet,Mwenda,harriet.mwenda73986@school.ac.ke
73987,Ruth,Kinyua,ruth.kinyua73987@students.ac.ke
73988,Eleanor,Muturi,eleanor.muturi73988@students.ac.ke
73989,Charles,Omondi,charles.omondi73989@academy.ac.ke
73990,Simon,Farah,simon.farah73990@academy.ac.ke
73991,Ruth,Wanjiku,ruth.wanjiku73991@academy.ac.ke
73992,Irene,Maina,irene.maina73992@school.ac.ke
73993,Noah,Mwangi,noah.mwangi73993@school.ac.ke
73994,Irene,Waweru,irene.waweru73994@college.ac.ke
73995,Oscar,Ibrahim,oscar.ibrahim73995@school.ac.ke
73996,Joyce,Otieno,joyce.otieno73996@uni.ac.ke
73997,Isaac,Wairimu,isaac.wairimu73997@college.ac.ke
73998,John,Onyango,john.onyango73998@school.ac.ke
73999,Julian,Odhiambo,julian.odhiambo73999@uni.ac.ke
74000,Jacob,Hassan,jacob.hassan74000@uni.ac.ke
74001,Harriet,Omondi,harriet.omondi74001@academy.ac.ke
74002,George,Omar,george.omar74002@college.ac.ke
74003,Robert,Chebet,robert.chebet74003@students.ac.ke
74004,Grace,Mumo,grace.mumo74004@students.ac.ke
74005,Gordon,Kyalo,gordon.kyalo74005@students.ac.ke
74006,Robert,Akumu,robert.akumu74006@students.ac.ke
74007,Simon,Omar,simon.omar74007@academy.ac.ke
74008,Julian,Khalid,julian.khalid74008@uni.ac.ke
74009,James,Onyango,james.onyango74009@academy.ac.ke
74010,Thomas,Ibrahim,thomas.ibrahim74010@academy.ac.ke
74011,Jacob,Abdi,jacob.abdi74011@college.ac.ke
74012,Quentin,Ndegwa,quentin.ndegwa74012@uni.ac.ke
74013,Diana,Mwenda,diana.mwenda74013@academy.ac.ke
74014,Naomi,Adhiambo,naomi.adhiambo74014@academy.ac.ke
74015,Douglas,Kimani,douglas.kimani74015@school.ac.ke
74016,Ruth,Mutai,ruth.mutai74016@students.ac.ke
74017,James,Ahmed,james.ahmed74017@academy.ac.ke
74018,Ivan,Lagat,ivan.lagat74018@students.ac.ke
74019,Gladys,Maina,gladys.maina74019@uni.ac.ke
74020,Naomi,Wanjiku,naomi.wanjiku74020@academy.ac.ke
74021,Irene,Ruto,irene.ruto74021@academy.ac.ke
74022,Douglas,Omar,douglas.omar74022@students.ac.ke
74023,Jacob,Njuguna,jacob.njuguna74023@school.ac.ke
74024,Thomas,Maina,thomas.maina74024@school.ac.ke
74025,Janet,Ngetich,janet.ngetich74025@academy.ac.ke
74026,Lydia,Kinyua,lydia.kinyua74026@school.ac.ke
74027,Joseph,Nzomo,joseph.nzomo74027@school.ac.ke
74028,Douglas,Kiprotich,douglas.kiprotich74028@students.ac.ke
74029,Alice,Onyango,alice.onyango74029@college.ac.ke
74030,Esther,Koech,esther.koech74030@uni.ac.ke
74031,Charles,Farah,charles.farah74031@academy.ac.ke
74032,Harriet,Kyalo,harriet.kyalo74032@college.ac.ke
74033,Isaac,Mutai,isaac.mutai74033@students.ac.ke
74034,Victor,Farah,victor.farah74034@college.ac.ke
74035,Mary,Bett,mary.bett74035@college.ac.ke
74036,Eric,Mutai,eric.mutai74036@students.ac.ke
74037,Charles,Gitonga,charles.gitonga74037@school.ac.ke
74038,Douglas,Akumu,douglas.akumu74038@academy.ac.ke
74039,Joy,Kimani,joy.kimani74039@uni.ac.ke
74040,Joy,Bett,joy.bett74040@students.ac.ke
74041,Hannah,Mumo,hannah.mumo74041@uni.ac.ke
74042,Moses,Kinyua,moses.kinyua74042@students.ac.ke
74043,Gladys,Muturi,gladys.muturi74043@academy.ac.ke
74044,Francis,Yusuf,francis.yusuf74044@school.ac.ke
74045,Kenneth,Mwangi,kenneth.mwangi74045@college.ac.ke
74046,Simon,Mwenda,simon.mwenda74046@college.ac.ke
74047,Joyce,Hassan,joyce.hassan74047@college.ac.ke
74048,Kevin,Kiprotich,kevin.kiprotich74048@college.ac.ke
74049,Kevin,Musa,kevin.musa74049@uni.ac.ke
74050,Catherine,Akumu,catherine.akumu74050@school.ac.ke
74051,Esther,Mutua,esther.mutua74051@students.ac.ke
74052,Samuel,Kasyoka,samuel.kasyoka74052@college.ac.ke
74053,Jacob,Ruto,jacob.ruto74053@students.ac.ke
74054,Samuel,Kyalo,samuel.kyalo74054@college.ac.ke
74055,Noah,Khalid,noah.khalid74055@college.ac.ke
74056,Oscar,Akumu,oscar.akumu74056@academy.ac.ke
74057,Harold,Rotich,harold.rotich74057@students.ac.ke
74058,George,Mumo,george.mumo74058@students.ac.ke
74059,Kevin,Kinyua,kevin.kinyua74059@uni.ac.ke
74060,Noah,Njoroge,noah.njoroge74060@uni.ac.ke
74061,John,Nduku,john.nduku74061@academy.ac.ke
74062,Lydia,Kiptoo,lydia.kiptoo74062@students.ac.ke
74063,Irene,Omondi,irene.omondi74063@college.ac.ke
74064,Thomas,Ngetich,thomas.ngetich74064@school.ac.ke
74065,Eleanor,Musa,eleanor.musa74065@school.ac.ke
74066,Raymond,Chebet,raymond.chebet74066@school.ac.ke
74067,Henry,Gichuki,henry.gichuki74067@uni.ac.ke
74068,Julian,Ogolla,julian.ogolla74068@students.ac.ke
74069,Gordon,Wairimu,gordon.wairimu74069@uni.ac.ke
74070,Faith,Musa,faith.musa74070@school.ac.ke
74071,Daniel,Juma,daniel.juma74071@uni.ac.ke
74072,Raymond,Farah,raymond.farah74072@academy.ac.ke
74073,Harriet,Ahmed,harriet.ahmed74073@school.ac.ke
74074,Lydia,Maina,lydia.maina74074@academy.ac.ke
74075,Gordon,Omar,gordon.omar74075@academy.ac.ke
74076,Edwin,Nzomo,edwin.nzomo74076@school.ac.ke
74077,Bernard,Farah,bernard.farah74077@college.ac.ke
74078,Charles,Kamau,charles.kamau74078@uni.ac.ke
74079,Michael,Mutisya,michael.mutisya74079@college.ac.ke
74080,Ruth,Akumu,ruth.akumu74080@college.ac.ke
74081,Simon,Ogolla,simon.ogolla74081@college.ac.ke
74082,Quentin,Mbatha,quentin.mbatha74082@college.ac.ke
74083,Eleanor,Mbatha,eleanor.mbatha74083@college.ac.ke
74084,Harold,Farah,harold.farah74084@uni.ac.ke
74085,Beatrice,Omar,beatrice.omar74085@academy.ac.ke
74086,Hannah,Lagat,hannah.lagat74086@academy.ac.ke
74087,Victor,Njoki,victor.njoki74087@uni.ac.ke
74088,Joy,Otieno,joy.otieno74088@school.ac.ke
74089,Alice,Kinyua,alice.kinyua74089@uni.ac.ke
74090,Helen,Khalid,helen.khalid74090@academy.ac.ke
74091,Joy,Kariuki,joy.kariuki74091@uni.ac.ke
74092,Carol,Awuor,carol.awuor74092@uni.ac.ke
74093,Moses,Lagat,moses.lagat74093@school.ac.ke
74094,Henry,Chebet,henry.chebet74094@students.ac.ke
74095,Douglas,Wairimu,douglas.wairimu74095@college.ac.ke
74096,Jacob,Omondi,jacob.omondi74096@college.ac.ke
74097,Adrian,Wairimu,adrian.wairimu74097@academy.ac.ke
74098,Daniel,Ibrahim,daniel.ibrahim74098@academy.ac.ke
74099,John,Yusuf,john.yusuf74099@uni.ac.ke
74100,Edith,Njoki,edith.njoki74100@academy.ac.ke
74101,Hope,Gitau,hope.gitau74101@academy.ac.ke
74102,Diana,Kasyoka,diana.kasyoka74102@college.ac.ke
74103,Raymond,Awuor,raymond.awuor74103@school.ac.ke
74104,Harriet,Mutua,harriet.mutua74104@academy.ac.ke
74105,Philip,Njoroge,philip.njoroge74105@students.ac.ke
74106,Peter,Muturi,peter.muturi74106@students.ac.ke
74107,Beatrice,Nduku,beatrice.nduku74107@school.ac.ke
74108,Moses,Chebet,moses.chebet74108@students.ac.ke
74109,Faith,Kimani,faith.kimani74109@students.ac.ke
74110,Douglas,Lagat,douglas.lagat74110@college.ac.ke
74111,Esther,Mwangi,esther.mwangi74111@school.ac.ke
74112,Beatrice,Gitonga,beatrice.gitonga74112@college.ac.ke
74113,Kevin,Mumo,kevin.mumo74113@school.ac.ke
74114,Eric,Maina,eric.maina74114@college.ac.ke
74115,Ivan,Hassan,ivan.hassan74115@uni.ac.ke
74116,Edith,Nzomo,edith.nzomo74116@college.ac.ke
74117,Joyce,Owino,joyce.owino74117@school.ac.ke
74118,Esther,Yusuf,esther.yusuf74118@academy.ac.ke
74119,Oscar,Musyoka,oscar.musyoka74119@uni.ac.ke
74120,Diana,Ruto,diana.ruto74120@college.ac.ke
74121,Alice,Musyoka,alice.musyoka74121@school.ac.ke
74122,Bernard,Kiptoo,bernard.kiptoo74122@school.ac.ke
74123,Samuel,Njoroge,samuel.njoroge74123@school.ac.ke
74124,Frances,Gitau,frances.gitau74124@school.ac.ke
74125,Julian,Omondi,julian.omondi74125@academy.ac.ke
74126,Michael,Ogolla,michael.ogolla74126@college.ac.ke
74127,Isaac,Omar,isaac.omar74127@school.ac.ke
74128,Henry,Kamau,henry.kamau74128@college.ac.ke
74129,Mary,Adhiambo,mary.adhiambo74129@uni.ac.ke
74130,Noah,Wanjiku,noah.wanjiku74130@college.ac.ke
74131,Adrian,Kamau,adrian.kamau74131@college.ac.ke
74132,Edith,Koech,edith.koech74132@school.ac.ke
74133,Beatrice,Odhiambo,beatrice.odhiambo74133@school.ac.ke
74134,Harriet,Otieno,harriet.otieno74134@students.ac.ke
74135,Harold,Muturi,harold.muturi74135@school.ac.ke
74136,Gordon,Omondi,gordon.omondi74136@college.ac.ke
74137,Edith,Mutai,edith.mutai74137@school.ac.ke
74138,Hannah,Onyango,hannah.onyango74138@uni.ac.ke
74139,Adrian,Kiprotich,adrian.kiprotich74139@college.ac.ke
74140,Alice,Mumo,alice.mumo74140@academy.ac.ke
74141,Diana,Kiprotich,diana.kiprotich74141@school.ac.ke
74142,Frances,Adhiambo,frances.adhiambo74142@college.ac.ke
74143,Brian,Njuguna,brian.njuguna74143@academy.ac.ke
74144,Gloria,Kiprotich,gloria.kiprotich74144@academy.ac.ke
74145,Alice,Waweru,alice.waweru74145@uni.ac.ke
74146,Peter,Awuor,peter.awuor74146@college.ac.ke
74147,Joyce,Kimani,joyce.kimani74147@students.ac.ke
74148,Florence,Mwenda,florence.mwenda74148@college.ac.ke
74149,Irene,Kinyua,irene.kinyua74149@students.ac.ke
74150,Gladys,Gitonga,gladys.gitonga74150@students.ac.ke
74151,Esther,Otieno,esther.otieno74151@school.ac.ke
74152,Paul,Mutai,paul.mutai74152@school.ac.ke
74153,George,Wanjiku,george.wanjiku74153@school.ac.ke
74154,Grace,Ruto,grace.ruto74154@uni.ac.ke
74155,Naomi,Kinyua,naomi.kinyua74155@school.ac.ke
74156,John,Ogolla,john.ogolla74156@academy.ac.ke
74157,Diana,Kariuki,diana.kariuki74157@uni.ac.ke
74158,Daniel,Gathoni,daniel.gathoni74158@students.ac.ke
74159,Helen,Chebet,helen.chebet74159@school.ac.ke
74160,Thomas,Musa,thomas.musa74160@uni.ac.ke
74161,Gloria,Onyango,gloria.onyango74161@college.ac.ke
74162,Kevin,Rotich,kevin.rotich74162@academy.ac.ke
74163,Kenneth,Okello,kenneth.okello74163@students.ac.ke
74164,Betty,Ruto,betty.ruto74164@school.ac.ke
74165,David,Gathoni,david.gathoni74165@students.ac.ke
74166,Helen,Okello,helen.okello74166@students.ac.ke
74167,Harold,Okello,harold.okello74167@students.ac.ke
74168,Noah,Omondi,noah.omondi74168@students.ac.ke
74169,Lydia,Wairimu,lydia.wairimu74169@uni.ac.ke
74170,Peter,Yusuf,peter.yusuf74170@academy.ac.ke
74171,Alice,Muturi,alice.muturi74171@college.ac.ke
74172,Mary,Akumu,mary.akumu74172@students.ac.ke
74173,Noah,Gitonga,noah.gitonga74173@academy.ac.ke
74174,Irene,Kariuki,irene.kariuki74174@college.ac.ke
74175,Simon,Ochieng,simon.ochieng74175@academy.ac.ke
74176,Bernard,Okello,bernard.okello74176@uni.ac.ke
74177,Eleanor,Odhiambo,eleanor.odhiambo74177@uni.ac.ke
74178,James,Gitonga,james.gitonga74178@uni.ac.ke
74179,Bernard,Onyango,bernard.onyango74179@academy.ac.ke
74180,Brian,Khalid,brian.khalid74180@students.ac.ke
74181,John,Kimani,john.kimani74181@uni.ac.ke
74182,Esther,Maina,esther.maina74182@academy.ac.ke
74183,Henry,Wairimu,henry.wairimu74183@students.ac.ke
74184,William,Yusuf,william.yusuf74184@students.ac.ke
74185,Hope,Achieng,hope.achieng74185@academy.ac.ke
74186,Betty,Onyango,betty.onyango74186@uni.ac.ke
74187,Isaac,Njoroge,isaac.njoroge74187@students.ac.ke
74188,Henry,Wanjiku,henry.wanjiku74188@uni.ac.ke
74189,Kevin,Waweru,kevin.waweru74189@uni.ac.ke
74190,Robert,Mutua,robert.mutua74190@uni.ac.ke
74191,Carol,Waweru,carol.waweru74191@academy.ac.ke
74192,Mary,Hassan,mary.hassan74192@school.ac.ke
74193,Victor,Nzomo,victor.nzomo74193@college.ac.ke
74194,Kevin,Mumo,kevin.mumo74194@academy.ac.ke
74195,Lydia,Abdi,lydia.abdi74195@uni.ac.ke
74196,Ivan,Kiptoo,ivan.kiptoo74196@students.ac.ke
74197,Catherine,Wanjiku,catherine.wanjiku74197@school.ac.ke
74198,Helen,Bett,helen.bett74198@uni.ac.ke
74199,Daniel,Mutisya,daniel.mutisya74199@academy.ac.ke
74200,Alice,Nzomo,alice.nzomo74200@academy.ac.ke
74201,Naomi,Mutai,naomi.mutai74201@college.ac.ke
74202,Joy,Odhiambo,joy.odhiambo74202@students.ac.ke
74203,Adrian,Kyalo,adrian.kyalo74203@uni.ac.ke
74204,Irene,Njoroge,irene.njoroge74204@uni.ac.ke
74205,Gloria,Kariuki,gloria.kariuki74205@students.ac.ke
74206,Samuel,Ochieng,samuel.ochieng74206@college.ac.ke
74207,William,Njoki,william.njoki74207@school.ac.ke
74208,Kenneth,Bett,kenneth.bett74208@academy.ac.ke
74209,Peter,Kiptoo,peter.kiptoo74209@uni.ac.ke
74210,Douglas,Omondi,douglas.omondi74210@college.ac.ke
74211,Simon,Hassan,simon.hassan74211@academy.ac.ke
74212,Francis,Mwangi,francis.mwangi74212@academy.ac.ke
74213,Faith,Onyango,faith.onyango74213@college.ac.ke
74214,David,Owino,david.owino74214@academy.ac.ke
74215,Paul,Onyango,paul.onyango74215@uni.ac.ke
74216,Harriet,Koech,harriet.koech74216@college.ac.ke
74217,Gladys,Akumu,gladys.akumu74217@college.ac.ke
74218,Lydia,Njuguna,lydia.njuguna74218@school.ac.ke
74219,Betty,Rotich,betty.rotich74219@school.ac.ke
74220,Ivan,Nduku,ivan.nduku74220@school.ac.ke
74221,Hannah,Odhiambo,hannah.odhiambo74221@college.ac.ke
74222,Catherine,Mwenda,catherine.mwenda74222@college.ac.ke
74223,Irene,Gathoni,irene.gathoni74223@college.ac.ke
74224,John,Bett,john.bett74224@academy.ac.ke
74225,Joseph,Njoki,joseph.njoki74225@college.ac.ke
74226,Isaac,Nzomo,isaac.nzomo74226@academy.ac.ke
74227,Joy,Awuor,joy.awuor74227@college.ac.ke
74228,Thomas,Ndegwa,thomas.ndegwa74228@school.ac.ke
74229,Douglas,Maina,douglas.maina74229@students.ac.ke
74230,Grace,Owino,grace.owino74230@school.ac.ke
74231,Victor,Ruto,victor.ruto74231@college.ac.ke
74232,Agnes,Njuguna,agnes.njuguna74232@uni.ac.ke
74233,Henry,Khalid,henry.khalid74233@college.ac.ke
74234,Edwin,Nduku,edwin.nduku74234@college.ac.ke
74235,George,Omar,george.omar74235@students.ac.ke
74236,Catherine,Ochieng,catherine.ochieng74236@uni.ac.ke
74237,Henry,Njoki,henry.njoki74237@academy.ac.ke
74238,David,Gathoni,david.gathoni74238@students.ac.ke
74239,Ivan,Ogolla,ivan.ogolla74239@academy.ac.ke
74240,Edith,Wairimu,edith.wairimu74240@uni.ac.ke
74241,Kevin,Nzomo,kevin.nzomo74241@students.ac.ke
74242,Oscar,Chebet,oscar.chebet74242@students.ac.ke
74243,Naomi,Ruto,naomi.ruto74243@academy.ac.ke
74244,Faith,Omondi,faith.omondi74244@school.ac.ke
74245,Irene,Lagat,irene.lagat74245@academy.ac.ke
74246,Faith,Gathoni,faith.gathoni74246@uni.ac.ke
74247,Joyce,Odhiambo,joyce.odhiambo74247@students.ac.ke
74248,Moses,Akumu,moses.akumu74248@college.ac.ke
74249,Carol,Wanjiku,carol.wanjiku74249@academy.ac.ke
74250,Helen,Mumo,helen.mumo74250@academy.ac.ke
74251,Naomi,Okello,naomi.okello74251@college.ac.ke
74252,Samuel,Kiptoo,samuel.kiptoo74252@school.ac.ke
74253,Moses,Bett,moses.bett74253@school.ac.ke
74254,Quentin,Wairimu,quentin.wairimu74254@students.ac.ke
74255,Harriet,Ibrahim,harriet.ibrahim74255@students.ac.ke
74256,Jacob,Kasyoka,jacob.kasyoka74256@academy.ac.ke
74257,Oscar,Njoroge,oscar.njoroge74257@school.ac.ke
74258,George,Waweru,george.waweru74258@uni.ac.ke
74259,James,Abdi,james.abdi74259@academy.ac.ke
74260,Joyce,Waweru,joyce.waweru74260@uni.ac.ke
74261,Simon,Gathoni,simon.gathoni74261@school.ac.ke
74262,Helen,Akumu,helen.akumu74262@uni.ac.ke
74263,Henry,Ruto,henry.ruto74263@uni.ac.ke
74264,Quentin,Ngetich,quentin.ngetich74264@college.ac.ke
74265,Jacob,Njoki,jacob.njoki74265@school.ac.ke
74266,Gloria,Ibrahim,gloria.ibrahim74266@academy.ac.ke
74267,Noah,Chebet,noah.chebet74267@academy.ac.ke
74268,Gladys,Muturi,gladys.muturi74268@college.ac.ke
74269,Gladys,Kariuki,gladys.kariuki74269@students.ac.ke
74270,Simon,Waweru,simon.waweru74270@school.ac.ke
74271,Bernard,Gathoni,bernard.gathoni74271@uni.ac.ke
74272,Agnes,Omondi,agnes.omondi74272@college.ac.ke
74273,Carol,Kariuki,carol.kariuki74273@academy.ac.ke
74274,Esther,Kariuki,esther.kariuki74274@uni.ac.ke
74275,Paul,Onyango,paul.onyango74275@school.ac.ke
74276,Henry,Gathoni,henry.gathoni74276@school.ac.ke
74277,Gloria,Achieng,gloria.achieng74277@school.ac.ke
74278,Brian,Chebet,brian.chebet74278@students.ac.ke
74279,Edwin,Juma,edwin.juma74279@students.ac.ke
74280,Beatrice,Wanjiku,beatrice.wanjiku74280@students.ac.ke
74281,Victor,Njoki,victor.njoki74281@uni.ac.ke
74282,Gloria,Khalid,gloria.khalid74282@college.ac.ke
74283,Diana,Njoroge,diana.njoroge74283@uni.ac.ke
74284,James,Wanjiku,james.wanjiku74284@uni.ac.ke
74285,William,Kyalo,william.kyalo74285@college.ac.ke
74286,David,Abdi,david.abdi74286@academy.ac.ke
74287,Irene,Gitonga,irene.gitonga74287@college.ac.ke
74288,Esther,Kamau,esther.kamau74288@college.ac.ke
74289,Catherine,Kasyoka,catherine.kasyoka74289@academy.ac.ke
74290,Dennis,Achieng,dennis.achieng74290@uni.ac.ke
74291,Robert,Kasyoka,robert.kasyoka74291@school.ac.ke
74292,Lewis,Ngetich,lewis.ngetich74292@uni.ac.ke
74293,Harold,Omar,harold.omar74293@academy.ac.ke
74294,Janet,Mutisya,janet.mutisya74294@college.ac.ke
74295,William,Kasyoka,william.kasyoka74295@college.ac.ke
74296,Esther,Chebet,esther.chebet74296@students.ac.ke
74297,Hannah,Ndegwa,hannah.ndegwa74297@uni.ac.ke
74298,Dennis,Ngetich,dennis.ngetich74298@students.ac.ke
74299,Lewis,Awuor,lewis.awuor74299@school.ac.ke
74300,Joy,Kimani,joy.kimani74300@college.ac.ke
74301,Jacob,Farah,jacob.farah74301@students.ac.ke
74302,Irene,Muturi,irene.muturi74302@uni.ac.ke
74303,Isaac,Ndegwa,isaac.ndegwa74303@academy.ac.ke
74304,Henry,Gitonga,henry.gitonga74304@school.ac.ke
74305,Naomi,Mumo,naomi.mumo74305@school.ac.ke
74306,William,Bett,william.bett74306@students.ac.ke
74307,Henry,Mwenda,henry.mwenda74307@students.ac.ke
74308,Robert,Musa,robert.musa74308@college.ac.ke
74309,Moses,Mwenda,moses.mwenda74309@school.ac.ke
74310,Janet,Mutisya,janet.mutisya74310@academy.ac.ke
74311,Grace,Kinyua,grace.kinyua74311@uni.ac.ke
74312,Ruth,Mbatha,ruth.mbatha74312@uni.ac.ke
74313,Simon,Adhiambo,simon.adhiambo74313@college.ac.ke
74314,Beatrice,Owino,beatrice.owino74314@uni.ac.ke
74315,Dennis,Ruto,dennis.ruto74315@school.ac.ke
74316,Faith,Mwangi,faith.mwangi74316@uni.ac.ke
74317,Oscar,Okello,oscar.okello74317@college.ac.ke
74318,Mary,Juma,mary.juma74318@school.ac.ke
74319,Helen,Akumu,helen.akumu74319@academy.ac.ke
74320,Brian,Khalid,brian.khalid74320@uni.ac.ke
74321,Bernard,Odhiambo,bernard.odhiambo74321@uni.ac.ke
74322,Betty,Ochieng,betty.ochieng74322@college.ac.ke
74323,Diana,Wairimu,diana.wairimu74323@uni.ac.ke
74324,Francis,Odhiambo,francis.odhiambo74324@students.ac.ke
74325,Ruth,Owino,ruth.owino74325@uni.ac.ke
74326,Dennis,Njuguna,dennis.njuguna74326@students.ac.ke
74327,Beatrice,Kimani,beatrice.kimani74327@students.ac.ke
74328,Gladys,Chebet,gladys.chebet74328@school.ac.ke
74329,Douglas,Gathoni,douglas.gathoni74329@students.ac.ke
74330,Paul,Musyoka,paul.musyoka74330@college.ac.ke
74331,Oscar,Mwenda,oscar.mwenda74331@uni.ac.ke
74332,Samuel,Adhiambo,samuel.adhiambo74332@uni.ac.ke
74333,Philip,Kimani,philip.kimani74333@students.ac.ke
74334,Eleanor,Onyango,eleanor.onyango74334@academy.ac.ke
74335,John,Juma,john.juma74335@academy.ac.ke
74336,Harold,Kiptoo,harold.kiptoo74336@academy.ac.ke
74337,Isaac,Abdi,isaac.abdi74337@students.ac.ke
74338,Frances,Juma,frances.juma74338@academy.ac.ke
74339,Janet,Abdi,janet.abdi74339@uni.ac.ke
74340,Irene,Lagat,irene.lagat74340@students.ac.ke
74341,Frances,Ruto,frances.ruto74341@academy.ac.ke
74342,Quentin,Njoki,quentin.njoki74342@academy.ac.ke
74343,Brian,Musyoka,brian.musyoka74343@college.ac.ke
74344,Jacob,Omondi,jacob.omondi74344@students.ac.ke
74345,Irene,Gichuki,irene.gichuki74345@students.ac.ke
74346,Simon,Lagat,simon.lagat74346@uni.ac.ke
74347,David,Omar,david.omar74347@college.ac.ke
74348,Harriet,Ibrahim,harriet.ibrahim74348@academy.ac.ke
74349,Helen,Juma,helen.juma74349@school.ac.ke
74350,Raymond,Akumu,raymond.akumu74350@school.ac.ke
74351,Isaac,Otieno,isaac.otieno74351@school.ac.ke
74352,Jacob,Mwenda,jacob.mwenda74352@school.ac.ke
74353,Catherine,Ogolla,catherine.ogolla74353@academy.ac.ke
74354,George,Mbatha,george.mbatha74354@uni.ac.ke
74355,Adrian,Mwangi,adrian.mwangi74355@college.ac.ke
74356,Philip,Gichuki,philip.gichuki74356@school.ac.ke
74357,Grace,Mwenda,grace.mwenda74357@college.ac.ke
74358,Samuel,Kamau,samuel.kamau74358@college.ac.ke
74359,Joseph,Farah,joseph.farah74359@school.ac.ke
74360,Simon,Awuor,simon.awuor74360@students.ac.ke
74361,Adrian,Akumu,adrian.akumu74361@uni.ac.ke
74362,Jacob,Mwenda,jacob.mwenda74362@school.ac.ke
74363,Samuel,Njuguna,samuel.njuguna74363@academy.ac.ke
74364,Joy,Koech,joy.koech74364@uni.ac.ke
74365,Joy,Hassan,joy.hassan74365@academy.ac.ke
74366,Ruth,Hassan,ruth.hassan74366@uni.ac.ke
74367,Douglas,Kiptoo,douglas.kiptoo74367@college.ac.ke
74368,Kevin,Achieng,kevin.achieng74368@students.ac.ke
74369,Victor,Okello,victor.okello74369@school.ac.ke
74370,Catherine,Wairimu,catherine.wairimu74370@students.ac.ke
74371,Harriet,Mutai,harriet.mutai74371@uni.ac.ke
74372,Eleanor,Kiprotich,eleanor.kiprotich74372@academy.ac.ke
74373,Eric,Abdi,eric.abdi74373@academy.ac.ke
74374,Mary,Njoki,mary.njoki74374@academy.ac.ke
74375,Catherine,Kariuki,catherine.kariuki74375@students.ac.ke
74376,Gladys,Maina,gladys.maina74376@school.ac.ke
74377,Beatrice,Muturi,beatrice.muturi74377@uni.ac.ke
74378,Gloria,Kasyoka,gloria.kasyoka74378@uni.ac.ke
74379,George,Mutua,george.mutua74379@college.ac.ke
74380,Dorothy,Ndegwa,dorothy.ndegwa74380@college.ac.ke
74381,Oscar,Rotich,oscar.rotich74381@academy.ac.ke
74382,Kevin,Kimani,kevin.kimani74382@school.ac.ke
74383,Lewis,Mutai,lewis.mutai74383@uni.ac.ke
74384,Paul,Gichuki,paul.gichuki74384@college.ac.ke
74385,James,Kyalo,james.kyalo74385@uni.ac.ke
74386,Paul,Kariuki,paul.kariuki74386@college.ac.ke
74387,Francis,Musa,francis.musa74387@students.ac.ke
74388,Dennis,Mbatha,dennis.mbatha74388@school.ac.ke
74389,Harriet,Kimani,harriet.kimani74389@school.ac.ke
74390,Faith,Mutua,faith.mutua74390@uni.ac.ke
74391,Irene,Awuor,irene.awuor74391@college.ac.ke
74392,William,Bett,william.bett74392@uni.ac.ke
74393,Bernard,Okello,bernard.okello74393@academy.ac.ke
74394,Helen,Njoki,helen.njoki74394@school.ac.ke
74395,George,Wairimu,george.wairimu74395@uni.ac.ke
74396,Gordon,Mumo,gordon.mumo74396@uni.ac.ke
74397,Bernard,Ngetich,bernard.ngetich74397@students.ac.ke
74398,Paul,Mutisya,paul.mutisya74398@academy.ac.ke
74399,Catherine,Gichuki,catherine.gichuki74399@college.ac.ke
74400,Hannah,Mwangi,hannah.mwangi74400@school.ac.ke
74401,John,Mutua,john.mutua74401@uni.ac.ke
74402,Paul,Adhiambo,paul.adhiambo74402@academy.ac.ke
74403,Peter,Ruto,peter.ruto74403@uni.ac.ke
74404,Robert,Njoroge,robert.njoroge74404@students.ac.ke
74405,Eleanor,Mbatha,eleanor.mbatha74405@academy.ac.ke
74406,Isaac,Otieno,isaac.otieno74406@school.ac.ke
74407,Irene,Kinyua,irene.kinyua74407@students.ac.ke
74408,Oscar,Ruto,oscar.ruto74408@students.ac.ke
74409,Eleanor,Mwenda,eleanor.mwenda74409@school.ac.ke
74410,Diana,Mwangi,diana.mwangi74410@uni.ac.ke
74411,Grace,Kasyoka,grace.kasyoka74411@students.ac.ke
74412,Helen,Kimani,helen.kimani74412@uni.ac.ke
74413,Joseph,Mumo,joseph.mumo74413@college.ac.ke
74414,Gloria,Gathoni,gloria.gathoni74414@college.ac.ke
74415,Oscar,Musyoka,oscar.musyoka74415@students.ac.ke
74416,Edwin,Musyoka,edwin.musyoka74416@students.ac.ke
74417,Francis,Musyoka,francis.musyoka74417@students.ac.ke
74418,Gloria,Waweru,gloria.waweru74418@college.ac.ke
74419,Ruth,Owino,ruth.owino74419@school.ac.ke
74420,Eric,Abdi,eric.abdi74420@school.ac.ke
74421,Lewis,Nduku,lewis.nduku74421@uni.ac.ke
74422,Diana,Muturi,diana.muturi74422@college.ac.ke
74423,Grace,Adhiambo,grace.adhiambo74423@college.ac.ke
74424,Edwin,Gichuki,edwin.gichuki74424@uni.ac.ke
74425,Raymond,Nzomo,raymond.nzomo74425@students.ac.ke
74426,Noah,Ruto,noah.ruto74426@students.ac.ke
74427,James,Kyalo,james.kyalo74427@students.ac.ke
74428,Ruth,Nzomo,ruth.nzomo74428@academy.ac.ke
74429,William,Odhiambo,william.odhiambo74429@students.ac.ke
74430,Gordon,Maina,gordon.maina74430@uni.ac.ke
74431,Mary,Juma,mary.juma74431@school.ac.ke
74432,Harriet,Rotich,harriet.rotich74432@college.ac.ke
74433,Ruth,Gathoni,ruth.gathoni74433@uni.ac.ke
74434,Hope,Wairimu,hope.wairimu74434@uni.ac.ke
74435,Kenneth,Mutua,kenneth.mutua74435@students.ac.ke
74436,Victor,Kariuki,victor.kariuki74436@college.ac.ke
74437,Paul,Mwangi,paul.mwangi74437@school.ac.ke
74438,Faith,Waweru,faith.waweru74438@academy.ac.ke
74439,Catherine,Bett,catherine.bett74439@college.ac.ke
74440,Thomas,Mwangi,thomas.mwangi74440@school.ac.ke
74441,George,Mumo,george.mumo74441@uni.ac.ke
74442,Eric,Achieng,eric.achieng74442@college.ac.ke
74443,Charles,Bett,charles.bett74443@academy.ac.ke
74444,Joyce,Njoroge,joyce.njoroge74444@school.ac.ke
74445,Brian,Musyoka,brian.musyoka74445@uni.ac.ke
74446,John,Musa,john.musa74446@students.ac.ke
74447,Joy,Khalid,joy.khalid74447@academy.ac.ke
74448,James,Gitonga,james.gitonga74448@academy.ac.ke
74449,James,Nduku,james.nduku74449@academy.ac.ke
74450,Michael,Achieng,michael.achieng74450@college.ac.ke
74451,Hannah,Ruto,hannah.ruto74451@students.ac.ke
74452,Douglas,Njuguna,douglas.njuguna74452@college.ac.ke
74453,Harriet,Abdi,harriet.abdi74453@academy.ac.ke
74454,Isaac,Awuor,isaac.awuor74454@academy.ac.ke
74455,Harold,Wanjiku,harold.wanjiku74455@college.ac.ke
74456,Ruth,Wairimu,ruth.wairimu74456@uni.ac.ke
74457,Thomas,Ruto,thomas.ruto74457@school.ac.ke
74458,Helen,Muturi,helen.muturi74458@uni.ac.ke
74459,Victor,Bett,victor.bett74459@school.ac.ke
74460,Dennis,Mutua,dennis.mutua74460@academy.ac.ke
74461,Daniel,Odhiambo,daniel.odhiambo74461@college.ac.ke
74462,Dennis,Ngetich,dennis.ngetich74462@students.ac.ke
74463,Francis,Waweru,francis.waweru74463@students.ac.ke
74464,Francis,Njoki,francis.njoki74464@academy.ac.ke
74465,Harriet,Ngetich,harriet.ngetich74465@students.ac.ke
74466,Hannah,Mwangi,hannah.mwangi74466@students.ac.ke
74467,Moses,Awuor,moses.awuor74467@college.ac.ke
74468,Esther,Khalid,esther.khalid74468@uni.ac.ke
74469,Henry,Kyalo,henry.kyalo74469@uni.ac.ke
74470,Mary,Omar,mary.omar74470@school.ac.ke
74471,Philip,Awuor,philip.awuor74471@college.ac.ke
74472,John,Omar,john.omar74472@academy.ac.ke
74473,Gladys,Wairimu,gladys.wairimu74473@students.ac.ke
74474,William,Ahmed,william.ahmed74474@school.ac.ke
74475,Harold,Kasyoka,harold.kasyoka74475@college.ac.ke
74476,Quentin,Kariuki,quentin.kariuki74476@students.ac.ke
74477,Thomas,Adhiambo,thomas.adhiambo74477@academy.ac.ke
74478,Kenneth,Njoki,kenneth.njoki74478@college.ac.ke
74479,Douglas,Juma,douglas.juma74479@college.ac.ke
74480,Francis,Njuguna,francis.njuguna74480@school.ac.ke
74481,David,Okello,david.okello74481@uni.ac.ke
74482,Helen,Chebet,helen.chebet74482@uni.ac.ke
74483,Carol,Okello,carol.okello74483@uni.ac.ke
74484,Dennis,Mwangi,dennis.mwangi74484@school.ac.ke
74485,Eric,Kinyua,eric.kinyua74485@academy.ac.ke
74486,Beatrice,Mutisya,beatrice.mutisya74486@school.ac.ke
74487,Paul,Achieng,paul.achieng74487@students.ac.ke
74488,Kevin,Njuguna,kevin.njuguna74488@uni.ac.ke
74489,Eleanor,Mbatha,eleanor.mbatha74489@students.ac.ke
74490,Betty,Njoroge,betty.njoroge74490@college.ac.ke
74491,Noah,Akumu,noah.akumu74491@students.ac.ke
74492,Bernard,Kariuki,bernard.kariuki74492@students.ac.ke
74493,Daniel,Achieng,daniel.achieng74493@students.ac.ke
74494,Francis,Wanjiku,francis.wanjiku74494@students.ac.ke
74495,Moses,Kinyua,moses.kinyua74495@college.ac.ke
74496,William,Njuguna,william.njuguna74496@school.ac.ke
74497,Samuel,Ngetich,samuel.ngetich74497@students.ac.ke
74498,Julian,Odhiambo,julian.odhiambo74498@academy.ac.ke
74499,Betty,Awuor,betty.awuor74499@uni.ac.ke
74500,Moses,Kamau,moses.kamau74500@uni.ac.ke
74501,Harriet,Mbatha,harriet.mbatha74501@students.ac.ke
74502,Samuel,Mutai,samuel.mutai74502@school.ac.ke
74503,Isaac,Ibrahim,isaac.ibrahim74503@students.ac.ke
74504,Henry,Kyalo,henry.kyalo74504@school.ac.ke
74505,Paul,Awuor,paul.awuor74505@uni.ac.ke
74506,Irene,Gichuki,irene.gichuki74506@school.ac.ke
74507,Beatrice,Omondi,beatrice.omondi74507@uni.ac.ke
74508,Dorothy,Owino,dorothy.owino74508@school.ac.ke
74509,John,Achieng,john.achieng74509@school.ac.ke
74510,Agnes,Awuor,agnes.awuor74510@college.ac.ke
74511,Adrian,Musyoka,adrian.musyoka74511@academy.ac.ke
74512,Lewis,Farah,lewis.farah74512@uni.ac.ke
74513,Brian,Gichuki,brian.gichuki74513@academy.ac.ke
74514,Raymond,Kamau,raymond.kamau74514@school.ac.ke
74515,Brian,Khalid,brian.khalid74515@academy.ac.ke
74516,Lewis,Omondi,lewis.omondi74516@academy.ac.ke
74517,Gladys,Gathoni,gladys.gathoni74517@school.ac.ke
74518,Eleanor,Muturi,eleanor.muturi74518@academy.ac.ke
74519,Hope,Kiprotich,hope.kiprotich74519@students.ac.ke
74520,Moses,Wanjiku,moses.wanjiku74520@students.ac.ke
74521,Faith,Ochieng,faith.ochieng74521@academy.ac.ke
74522,Agnes,Gitau,agnes.gitau74522@college.ac.ke
74523,Gordon,Njuguna,gordon.njuguna74523@students.ac.ke
74524,Oscar,Awuor,oscar.awuor74524@school.ac.ke
74525,Thomas,Muturi,thomas.muturi74525@uni.ac.ke
74526,Kenneth,Odhiambo,kenneth.odhiambo74526@students.ac.ke
74527,Bernard,Chebet,bernard.chebet74527@school.ac.ke
74528,Henry,Koech,henry.koech74528@students.ac.ke
74529,Quentin,Gitau,quentin.gitau74529@school.ac.ke
74530,Naomi,Kimani,naomi.kimani74530@school.ac.ke
74531,Eleanor,Gitau,eleanor.gitau74531@college.ac.ke
74532,Alice,Ndegwa,alice.ndegwa74532@college.ac.ke
74533,James,Kamau,james.kamau74533@students.ac.ke
74534,Ivan,Akumu,ivan.akumu74534@school.ac.ke
74535,Raymond,Kasyoka,raymond.kasyoka74535@college.ac.ke
74536,Esther,Muturi,esther.muturi74536@academy.ac.ke
74537,Lydia,Ngetich,lydia.ngetich74537@college.ac.ke
74538,Ruth,Maina,ruth.maina74538@school.ac.ke
74539,Faith,Mumo,faith.mumo74539@uni.ac.ke
74540,Carol,Koech,carol.koech74540@school.ac.ke
74541,Robert,Waweru,robert.waweru74541@academy.ac.ke
74542,Naomi,Akumu,naomi.akumu74542@students.ac.ke
74543,Faith,Kamau,faith.kamau74543@students.ac.ke
74544,Dorothy,Musa,dorothy.musa74544@college.ac.ke
74545,Diana,Kimani,diana.kimani74545@college.ac.ke
74546,Victor,Achieng,victor.achieng74546@uni.ac.ke
74547,Francis,Njuguna,francis.njuguna74547@uni.ac.ke
74548,Alice,Ahmed,alice.ahmed74548@uni.ac.ke
74549,Kevin,Juma,kevin.juma74549@uni.ac.ke
74550,Dennis,Omar,dennis.omar74550@students.ac.ke
74551,Helen,Bett,helen.bett74551@school.ac.ke
74552,Helen,Kariuki,helen.kariuki74552@academy.ac.ke
74553,Bernard,Ogolla,bernard.ogolla74553@school.ac.ke
74554,Bernard,Bett,bernard.bett74554@academy.ac.ke
74555,Dorothy,Gathoni,dorothy.gathoni74555@academy.ac.ke
74556,Adrian,Mutisya,adrian.mutisya74556@students.ac.ke
74557,Brian,Odhiambo,brian.odhiambo74557@uni.ac.ke
74558,Dorothy,Adhiambo,dorothy.adhiambo74558@academy.ac.ke
74559,Henry,Otieno,henry.otieno74559@uni.ac.ke
74560,Lewis,Nzomo,lewis.nzomo74560@school.ac.ke
74561,Harriet,Juma,harriet.juma74561@students.ac.ke
74562,Edwin,Chebet,edwin.chebet74562@academy.ac.ke
74563,Thomas,Bett,thomas.bett74563@uni.ac.ke
74564,Peter,Mwangi,peter.mwangi74564@uni.ac.ke
74565,Alice,Adhiambo,alice.adhiambo74565@school.ac.ke
74566,Edith,Gathoni,edith.gathoni74566@academy.ac.ke
74567,Grace,Mutua,grace.mutua74567@school.ac.ke
74568,Douglas,Koech,douglas.koech74568@students.ac.ke
74569,Florence,Mutua,florence.mutua74569@college.ac.ke
74570,Bernard,Onyango,bernard.onyango74570@students.ac.ke
74571,Janet,Mwenda,janet.mwenda74571@school.ac.ke
74572,Victor,Ndegwa,victor.ndegwa74572@school.ac.ke
74573,Isaac,Mutua,isaac.mutua74573@uni.ac.ke
74574,Joy,Hassan,joy.hassan74574@students.ac.ke
74575,Kenneth,Adhiambo,kenneth.adhiambo74575@school.ac.ke
74576,Alice,Wanjiku,alice.wanjiku74576@students.ac.ke
74577,Ruth,Kimani,ruth.kimani74577@college.ac.ke
74578,Hope,Njoki,hope.njoki74578@school.ac.ke
74579,Lydia,Kinyua,lydia.kinyua74579@students.ac.ke
74580,Peter,Kyalo,peter.kyalo74580@students.ac.ke
74581,Lewis,Ndegwa,lewis.ndegwa74581@college.ac.ke
74582,Harold,Gathoni,harold.gathoni74582@uni.ac.ke
74583,Julian,Achieng,julian.achieng74583@academy.ac.ke
74584,Lydia,Mutai,lydia.mutai74584@students.ac.ke
74585,Carol,Nduku,carol.nduku74585@school.ac.ke
74586,Janet,Kasyoka,janet.kasyoka74586@students.ac.ke
74587,Daniel,Musa,daniel.musa74587@students.ac.ke
74588,Francis,Gichuki,francis.gichuki74588@school.ac.ke
74589,Harold,Ndegwa,harold.ndegwa74589@academy.ac.ke
74590,Betty,Otieno,betty.otieno74590@academy.ac.ke
74591,Francis,Chebet,francis.chebet74591@academy.ac.ke
74592,Simon,Njuguna,simon.njuguna74592@academy.ac.ke
74593,Henry,Ndegwa,henry.ndegwa74593@school.ac.ke
74594,Francis,Mumo,francis.mumo74594@college.ac.ke
74595,Douglas,Awuor,douglas.awuor74595@college.ac.ke
74596,Bernard,Awuor,bernard.awuor74596@uni.ac.ke
74597,James,Wairimu,james.wairimu74597@academy.ac.ke
74598,Lewis,Musa,lewis.musa74598@uni.ac.ke
74599,Joyce,Akumu,joyce.akumu74599@students.ac.ke
74600,Gladys,Rotich,gladys.rotich74600@students.ac.ke
74601,Ruth,Njoroge,ruth.njoroge74601@students.ac.ke
74602,Noah,Maina,noah.maina74602@students.ac.ke
74603,Adrian,Khalid,adrian.khalid74603@uni.ac.ke
74604,Joyce,Mwenda,joyce.mwenda74604@academy.ac.ke
74605,Helen,Nzomo,helen.nzomo74605@uni.ac.ke
74606,Joseph,Muturi,joseph.muturi74606@academy.ac.ke
74607,Noah,Wanjiku,noah.wanjiku74607@academy.ac.ke
74608,Agnes,Koech,agnes.koech74608@students.ac.ke
74609,Diana,Njoroge,diana.njoroge74609@students.ac.ke
74610,Ruth,Njoki,ruth.njoki74610@school.ac.ke
74611,Ivan,Ahmed,ivan.ahmed74611@school.ac.ke
74612,Lydia,Njoki,lydia.njoki74612@uni.ac.ke
74613,Joseph,Ibrahim,joseph.ibrahim74613@college.ac.ke
74614,Hannah,Kinyua,hannah.kinyua74614@school.ac.ke
74615,Agnes,Farah,agnes.farah74615@uni.ac.ke
74616,Grace,Awuor,grace.awuor74616@students.ac.ke
74617,Victor,Kariuki,victor.kariuki74617@uni.ac.ke
74618,Beatrice,Kamau,beatrice.kamau74618@students.ac.ke
74619,Douglas,Kinyua,douglas.kinyua74619@college.ac.ke
74620,Dennis,Mwenda,dennis.mwenda74620@school.ac.ke
74621,Francis,Awuor,francis.awuor74621@academy.ac.ke
74622,Joy,Khalid,joy.khalid74622@academy.ac.ke
74623,Janet,Onyango,janet.onyango74623@students.ac.ke
74624,Quentin,Gitonga,quentin.gitonga74624@academy.ac.ke
74625,Bernard,Mbatha,bernard.mbatha74625@students.ac.ke
74626,Kevin,Omondi,kevin.omondi74626@college.ac.ke
74627,Irene,Yusuf,irene.yusuf74627@school.ac.ke
74628,Francis,Chebet,francis.chebet74628@uni.ac.ke
74629,Joyce,Farah,joyce.farah74629@school.ac.ke
74630,Simon,Kasyoka,simon.kasyoka74630@uni.ac.ke
74631,Bernard,Gichuki,bernard.gichuki74631@academy.ac.ke
74632,Grace,Gichuki,grace.gichuki74632@academy.ac.ke
74633,Lydia,Mutua,lydia.mutua74633@school.ac.ke
74634,Ivan,Muturi,ivan.muturi74634@school.ac.ke
74635,Eric,Kiptoo,eric.kiptoo74635@college.ac.ke
74636,Adrian,Omondi,adrian.omondi74636@students.ac.ke
74637,Harold,Ahmed,harold.ahmed74637@college.ac.ke
74638,Kenneth,Mwenda,kenneth.mwenda74638@students.ac.ke
74639,Ivan,Mutua,ivan.mutua74639@school.ac.ke
74640,Daniel,Juma,daniel.juma74640@uni.ac.ke
74641,Adrian,Achieng,adrian.achieng74641@students.ac.ke
74642,Quentin,Nzomo,quentin.nzomo74642@school.ac.ke
74643,William,Mwangi,william.mwangi74643@uni.ac.ke
74644,Noah,Ruto,noah.ruto74644@school.ac.ke
74645,Isaac,Nduku,isaac.nduku74645@uni.ac.ke
74646,Hope,Wairimu,hope.wairimu74646@uni.ac.ke
74647,Noah,Kinyua,noah.kinyua74647@uni.ac.ke
74648,Kevin,Gichuki,kevin.gichuki74648@uni.ac.ke
74649,Mary,Gitau,mary.gitau74649@school.ac.ke
74650,Charles,Musa,charles.musa74650@school.ac.ke
74651,Thomas,Akumu,thomas.akumu74651@academy.ac.ke
74652,Francis,Juma,francis.juma74652@uni.ac.ke
74653,Isaac,Adhiambo,isaac.adhiambo74653@academy.ac.ke
74654,Helen,Rotich,helen.rotich74654@college.ac.ke
74655,Robert,Awuor,robert.awuor74655@students.ac.ke
74656,Ruth,Ogolla,ruth.ogolla74656@school.ac.ke
74657,Charles,Gitau,charles.gitau74657@college.ac.ke
74658,Paul,Musa,paul.musa74658@uni.ac.ke
74659,Diana,Musyoka,diana.musyoka74659@academy.ac.ke
74660,Douglas,Nduku,douglas.nduku74660@college.ac.ke
74661,Agnes,Lagat,agnes.lagat74661@uni.ac.ke
74662,Edith,Mumo,edith.mumo74662@school.ac.ke
74663,Agnes,Musa,agnes.musa74663@college.ac.ke
74664,Grace,Otieno,grace.otieno74664@uni.ac.ke
74665,Raymond,Maina,raymond.maina74665@college.ac.ke
74666,Moses,Ruto,moses.ruto74666@college.ac.ke
74667,Peter,Kyalo,peter.kyalo74667@academy.ac.ke
74668,Eleanor,Mutai,eleanor.mutai74668@students.ac.ke
74669,Michael,Hassan,michael.hassan74669@academy.ac.ke
74670,Joy,Mumo,joy.mumo74670@students.ac.ke
74671,Daniel,Onyango,daniel.onyango74671@students.ac.ke
74672,Isaac,Kariuki,isaac.kariuki74672@college.ac.ke
74673,Julian,Chebet,julian.chebet74673@students.ac.ke
74674,Janet,Gichuki,janet.gichuki74674@students.ac.ke
74675,Philip,Yusuf,philip.yusuf74675@academy.ac.ke
74676,Edith,Omondi,edith.omondi74676@students.ac.ke
74677,Francis,Mwenda,francis.mwenda74677@students.ac.ke
74678,Gordon,Mutua,gordon.mutua74678@uni.ac.ke
74679,Ruth,Ngetich,ruth.ngetich74679@college.ac.ke
74680,Brian,Awuor,brian.awuor74680@college.ac.ke
74681,William,Farah,william.farah74681@college.ac.ke
74682,Helen,Mwangi,helen.mwangi74682@college.ac.ke
74683,Philip,Ruto,philip.ruto74683@college.ac.ke
74684,James,Musyoka,james.musyoka74684@uni.ac.ke
74685,Oscar,Ogolla,oscar.ogolla74685@school.ac.ke
74686,Jacob,Mutai,jacob.mutai74686@academy.ac.ke
74687,Brian,Kyalo,brian.kyalo74687@college.ac.ke
74688,Douglas,Maina,douglas.maina74688@students.ac.ke
74689,Agnes,Maina,agnes.maina74689@school.ac.ke
74690,Naomi,Waweru,naomi.waweru74690@academy.ac.ke
74691,Peter,Kiprotich,peter.kiprotich74691@students.ac.ke
74692,Diana,Mumo,diana.mumo74692@college.ac.ke
74693,Noah,Omar,noah.omar74693@students.ac.ke
74694,Janet,Mwangi,janet.mwangi74694@students.ac.ke
74695,Diana,Omar,diana.omar74695@students.ac.ke
74696,Ivan,Achieng,ivan.achieng74696@students.ac.ke
74697,Harriet,Njoroge,harriet.njoroge74697@uni.ac.ke
74698,Samuel,Mbatha,samuel.mbatha74698@college.ac.ke
74699,Moses,Kiprotich,moses.kiprotich74699@uni.ac.ke
74700,George,Achieng,george.achieng74700@students.ac.ke
74701,Moses,Nzomo,moses.nzomo74701@school.ac.ke
74702,Joy,Chebet,joy.chebet74702@uni.ac.ke
74703,Betty,Ogolla,betty.ogolla74703@academy.ac.ke
74704,Irene,Otieno,irene.otieno74704@students.ac.ke
74705,Philip,Gitonga,philip.gitonga74705@students.ac.ke
74706,Helen,Mbatha,helen.mbatha74706@school.ac.ke
74707,Eric,Kasyoka,eric.kasyoka74707@students.ac.ke
74708,Quentin,Abdi,quentin.abdi74708@academy.ac.ke
74709,Francis,Owino,francis.owino74709@uni.ac.ke
74710,Kevin,Juma,kevin.juma74710@college.ac.ke
74711,Joyce,Mutai,joyce.mutai74711@students.ac.ke
74712,Philip,Gichuki,philip.gichuki74712@college.ac.ke
74713,Julian,Hassan,julian.hassan74713@school.ac.ke
74714,William,Waweru,william.waweru74714@academy.ac.ke
74715,David,Mutisya,david.mutisya74715@school.ac.ke
74716,Raymond,Kasyoka,raymond.kasyoka74716@school.ac.ke
74717,Mary,Ibrahim,mary.ibrahim74717@academy.ac.ke
74718,Douglas,Ngetich,douglas.ngetich74718@college.ac.ke
74719,Philip,Chebet,philip.chebet74719@college.ac.ke
74720,Alice,Kariuki,alice.kariuki74720@school.ac.ke
74721,Janet,Kinyua,janet.kinyua74721@students.ac.ke
74722,Catherine,Mutisya,catherine.mutisya74722@academy.ac.ke
74723,Alice,Mumo,alice.mumo74723@students.ac.ke
74724,Samuel,Njoki,samuel.njoki74724@school.ac.ke
74725,Lewis,Muturi,lewis.muturi74725@college.ac.ke
74726,Joyce,Maina,joyce.maina74726@college.ac.ke
74727,Eleanor,Bett,eleanor.bett74727@uni.ac.ke
74728,Faith,Ahmed,faith.ahmed74728@school.ac.ke
74729,Joyce,Mbatha,joyce.mbatha74729@academy.ac.ke
74730,Peter,Njoki,peter.njoki74730@academy.ac.ke
74731,Simon,Ochieng,simon.ochieng74731@school.ac.ke
74732,Peter,Mbatha,peter.mbatha74732@college.ac.ke
74733,Thomas,Kiprotich,thomas.kiprotich74733@academy.ac.ke
74734,Victor,Nduku,victor.nduku74734@uni.ac.ke
74735,Eleanor,Kyalo,eleanor.kyalo74735@school.ac.ke
74736,Faith,Kasyoka,faith.kasyoka74736@academy.ac.ke
74737,Florence,Mwangi,florence.mwangi74737@college.ac.ke
74738,Eric,Ahmed,eric.ahmed74738@academy.ac.ke
74739,William,Adhiambo,william.adhiambo74739@uni.ac.ke
74740,Brian,Chebet,brian.chebet74740@school.ac.ke
74741,Dennis,Ruto,dennis.ruto74741@academy.ac.ke
74742,Isaac,Mbatha,isaac.mbatha74742@uni.ac.ke
74743,Mary,Gichuki,mary.gichuki74743@academy.ac.ke
74744,Agnes,Yusuf,agnes.yusuf74744@uni.ac.ke
74745,Quentin,Kiptoo,quentin.kiptoo74745@academy.ac.ke
74746,Noah,Juma,noah.juma74746@school.ac.ke
74747,Oscar,Ochieng,oscar.ochieng74747@college.ac.ke
74748,Bernard,Ibrahim,bernard.ibrahim74748@school.ac.ke
74749,David,Maina,david.maina74749@students.ac.ke
74750,Eleanor,Okello,eleanor.okello74750@uni.ac.ke
74751,David,Okello,david.okello74751@academy.ac.ke
74752,Agnes,Gichuki,agnes.gichuki74752@students.ac.ke
74753,Catherine,Adhiambo,catherine.adhiambo74753@college.ac.ke
74754,Victor,Koech,victor.koech74754@students.ac.ke
74755,Eric,Njoroge,eric.njoroge74755@college.ac.ke
74756,Quentin,Mwenda,quentin.mwenda74756@academy.ac.ke
74757,Gladys,Kimani,gladys.kimani74757@uni.ac.ke
74758,Henry,Awuor,henry.awuor74758@college.ac.ke
74759,Dorothy,Awuor,dorothy.awuor74759@students.ac.ke
74760,Joseph,Bett,joseph.bett74760@academy.ac.ke
74761,Carol,Omar,carol.omar74761@college.ac.ke
74762,Gladys,Odhiambo,gladys.odhiambo74762@students.ac.ke
74763,Mary,Chebet,mary.chebet74763@uni.ac.ke
74764,Thomas,Ochieng,thomas.ochieng74764@academy.ac.ke
74765,Janet,Mutai,janet.mutai74765@uni.ac.ke
74766,Esther,Akumu,esther.akumu74766@academy.ac.ke
74767,Kevin,Ogolla,kevin.ogolla74767@college.ac.ke
74768,Brian,Musyoka,brian.musyoka74768@academy.ac.ke
74769,Noah,Onyango,noah.onyango74769@school.ac.ke
74770,Joyce,Omar,joyce.omar74770@school.ac.ke
74771,Edith,Ahmed,edith.ahmed74771@college.ac.ke
74772,Adrian,Mutua,adrian.mutua74772@college.ac.ke
74773,Catherine,Wairimu,catherine.wairimu74773@students.ac.ke
74774,George,Gichuki,george.gichuki74774@school.ac.ke
74775,Beatrice,Kinyua,beatrice.kinyua74775@college.ac.ke
74776,Harriet,Omar,harriet.omar74776@students.ac.ke
74777,Gladys,Njoki,gladys.njoki74777@students.ac.ke
74778,Francis,Ahmed,francis.ahmed74778@school.ac.ke
74779,Esther,Abdi,esther.abdi74779@students.ac.ke
74780,Kevin,Ngetich,kevin.ngetich74780@school.ac.ke
74781,Charles,Bett,charles.bett74781@school.ac.ke
74782,Eleanor,Kyalo,eleanor.kyalo74782@students.ac.ke
74783,Victor,Lagat,victor.lagat74783@students.ac.ke
74784,Douglas,Juma,douglas.juma74784@uni.ac.ke
74785,Charles,Kimani,charles.kimani74785@uni.ac.ke
74786,Bernard,Gitonga,bernard.gitonga74786@uni.ac.ke
74787,Grace,Kariuki,grace.kariuki74787@students.ac.ke
74788,Frances,Awuor,frances.awuor74788@uni.ac.ke
74789,Kevin,Gitau,kevin.gitau74789@students.ac.ke
74790,Lewis,Njoroge,lewis.njoroge74790@school.ac.ke
74791,Joseph,Kyalo,joseph.kyalo74791@college.ac.ke
74792,Samuel,Farah,samuel.farah74792@uni.ac.ke
74793,Gladys,Lagat,gladys.lagat74793@students.ac.ke
74794,Faith,Wairimu,faith.wairimu74794@students.ac.ke
74795,Paul,Gitonga,paul.gitonga74795@school.ac.ke
74796,Hannah,Okello,hannah.okello74796@school.ac.ke
74797,Eleanor,Khalid,eleanor.khalid74797@school.ac.ke
74798,Joyce,Otieno,joyce.otieno74798@academy.ac.ke
74799,Edith,Omondi,edith.omondi74799@school.ac.ke
74800,Joseph,Rotich,joseph.rotich74800@school.ac.ke
74801,Henry,Maina,henry.maina74801@students.ac.ke
74802,Gloria,Ndegwa,gloria.ndegwa74802@uni.ac.ke
74803,Moses,Awuor,moses.awuor74803@students.ac.ke
74804,Gladys,Nduku,gladys.nduku74804@college.ac.ke
74805,Eric,Juma,eric.juma74805@college.ac.ke
74806,Eleanor,Njuguna,eleanor.njuguna74806@college.ac.ke
74807,Moses,Gitau,moses.gitau74807@students.ac.ke
74808,Gloria,Njoroge,gloria.njoroge74808@students.ac.ke
74809,Diana,Adhiambo,diana.adhiambo74809@school.ac.ke
74810,Naomi,Ndegwa,naomi.ndegwa74810@school.ac.ke
74811,Catherine,Omar,catherine.omar74811@school.ac.ke
74812,Joseph,Koech,joseph.koech74812@school.ac.ke
74813,Peter,Njoki,peter.njoki74813@uni.ac.ke
74814,Frances,Lagat,frances.lagat74814@students.ac.ke
74815,Agnes,Mumo,agnes.mumo74815@academy.ac.ke
74816,Irene,Hassan,irene.hassan74816@uni.ac.ke
74817,Julian,Gathoni,julian.gathoni74817@students.ac.ke
74818,Bernard,Mumo,bernard.mumo74818@students.ac.ke
74819,Janet,Chebet,janet.chebet74819@college.ac.ke
74820,Gordon,Otieno,gordon.otieno74820@uni.ac.ke
74821,Brian,Gitau,brian.gitau74821@students.ac.ke
74822,Naomi,Kimani,naomi.kimani74822@school.ac.ke
74823,Gladys,Njoroge,gladys.njoroge74823@school.ac.ke
74824,Helen,Onyango,helen.onyango74824@students.ac.ke
74825,David,Kyalo,david.kyalo74825@college.ac.ke
74826,Eleanor,Kasyoka,eleanor.kasyoka74826@academy.ac.ke
74827,Robert,Ibrahim,robert.ibrahim74827@academy.ac.ke
74828,Victor,Farah,victor.farah74828@academy.ac.ke
74829,Helen,Kasyoka,helen.kasyoka74829@college.ac.ke
74830,James,Gichuki,james.gichuki74830@college.ac.ke
74831,Frances,Chebet,frances.chebet74831@school.ac.ke
74832,James,Wairimu,james.wairimu74832@academy.ac.ke
74833,Lewis,Mumo,lewis.mumo74833@school.ac.ke
74834,Francis,Khalid,francis.khalid74834@uni.ac.ke
74835,Diana,Muturi,diana.muturi74835@students.ac.ke
74836,Betty,Ochieng,betty.ochieng74836@school.ac.ke
74837,Kenneth,Kiprotich,kenneth.kiprotich74837@school.ac.ke
74838,Betty,Ngetich,betty.ngetich74838@college.ac.ke
74839,Frances,Lagat,frances.lagat74839@school.ac.ke
74840,Lydia,Khalid,lydia.khalid74840@uni.ac.ke
74841,Francis,Koech,francis.koech74841@school.ac.ke
74842,Adrian,Ibrahim,adrian.ibrahim74842@uni.ac.ke
74843,Philip,Onyango,philip.onyango74843@college.ac.ke
74844,Alice,Otieno,alice.otieno74844@students.ac.ke
74845,Moses,Lagat,moses.lagat74845@uni.ac.ke
74846,Adrian,Juma,adrian.juma74846@students.ac.ke
74847,Helen,Kamau,helen.kamau74847@academy.ac.ke
74848,Philip,Ngetich,philip.ngetich74848@students.ac.ke
74849,Victor,Odhiambo,victor.odhiambo74849@college.ac.ke
74850,George,Koech,george.koech74850@uni.ac.ke
74851,Douglas,Adhiambo,douglas.adhiambo74851@college.ac.ke
74852,Edith,Owino,edith.owino74852@academy.ac.ke
74853,David,Ahmed,david.ahmed74853@academy.ac.ke
74854,Paul,Khalid,paul.khalid74854@academy.ac.ke
74855,Ivan,Omondi,ivan.omondi74855@academy.ac.ke
74856,Beatrice,Kimani,beatrice.kimani74856@academy.ac.ke
74857,David,Mumo,david.mumo74857@uni.ac.ke
74858,Harriet,Kamau,harriet.kamau74858@uni.ac.ke
74859,Noah,Adhiambo,noah.adhiambo74859@college.ac.ke
74860,Paul,Njoroge,paul.njoroge74860@school.ac.ke
74861,Adrian,Wairimu,adrian.wairimu74861@academy.ac.ke
74862,Naomi,Nduku,naomi.nduku74862@academy.ac.ke
74863,Robert,Awuor,robert.awuor74863@college.ac.ke
74864,Ivan,Onyango,ivan.onyango74864@academy.ac.ke
74865,Henry,Yusuf,henry.yusuf74865@college.ac.ke
74866,Douglas,Otieno,douglas.otieno74866@college.ac.ke
74867,Joseph,Nduku,joseph.nduku74867@academy.ac.ke
74868,Gordon,Ogolla,gordon.ogolla74868@school.ac.ke
74869,Lewis,Wairimu,lewis.wairimu74869@academy.ac.ke
74870,Bernard,Mumo,bernard.mumo74870@school.ac.ke
74871,Ruth,Wairimu,ruth.wairimu74871@school.ac.ke
74872,Gordon,Njoroge,gordon.njoroge74872@school.ac.ke
74873,Janet,Rotich,janet.rotich74873@school.ac.ke
74874,Raymond,Ibrahim,raymond.ibrahim74874@academy.ac.ke
74875,Joyce,Wairimu,joyce.wairimu74875@college.ac.ke
74876,Philip,Kiptoo,philip.kiptoo74876@academy.ac.ke
74877,Bernard,Kyalo,bernard.kyalo74877@academy.ac.ke
74878,Gloria,Mutua,gloria.mutua74878@school.ac.ke
74879,William,Odhiambo,william.odhiambo74879@uni.ac.ke
74880,Bernard,Onyango,bernard.onyango74880@uni.ac.ke
74881,Dorothy,Hassan,dorothy.hassan74881@college.ac.ke
74882,Joyce,Lagat,joyce.lagat74882@school.ac.ke
74883,Paul,Musyoka,paul.musyoka74883@school.ac.ke
74884,Ruth,Akumu,ruth.akumu74884@students.ac.ke
74885,Jacob,Wanjiku,jacob.wanjiku74885@academy.ac.ke
74886,Raymond,Gitonga,raymond.gitonga74886@college.ac.ke
74887,Moses,Gitonga,moses.gitonga74887@college.ac.ke
74888,Kenneth,Omar,kenneth.omar74888@school.ac.ke
74889,Victor,Farah,victor.farah74889@students.ac.ke
74890,Thomas,Ahmed,thomas.ahmed74890@uni.ac.ke
74891,Irene,Abdi,irene.abdi74891@students.ac.ke
74892,Noah,Mwangi,noah.mwangi74892@college.ac.ke
74893,Julian,Lagat,julian.lagat74893@college.ac.ke
74894,Joy,Njoroge,joy.njoroge74894@students.ac.ke
74895,Diana,Kiprotich,diana.kiprotich74895@college.ac.ke
74896,Moses,Gathoni,moses.gathoni74896@school.ac.ke
74897,Henry,Mutisya,henry.mutisya74897@college.ac.ke
74898,Jacob,Hassan,jacob.hassan74898@school.ac.ke
74899,Quentin,Onyango,quentin.onyango74899@students.ac.ke
74900,Lewis,Mutua,lewis.mutua74900@students.ac.ke
74901,Harold,Waweru,harold.waweru74901@uni.ac.ke
74902,Irene,Gichuki,irene.gichuki74902@uni.ac.ke
74903,Dorothy,Maina,dorothy.maina74903@academy.ac.ke
74904,Adrian,Yusuf,adrian.yusuf74904@college.ac.ke
74905,Hannah,Ngetich,hannah.ngetich74905@school.ac.ke
74906,Isaac,Owino,isaac.owino74906@school.ac.ke
74907,Agnes,Kariuki,agnes.kariuki74907@uni.ac.ke
74908,Simon,Mutua,simon.mutua74908@school.ac.ke
74909,Simon,Farah,simon.farah74909@students.ac.ke
74910,Peter,Awuor,peter.awuor74910@uni.ac.ke
74911,Joy,Mumo,joy.mumo74911@students.ac.ke
74912,Douglas,Yusuf,douglas.yusuf74912@students.ac.ke
74913,Beatrice,Hassan,beatrice.hassan74913@college.ac.ke
74914,Hannah,Ogolla,hannah.ogolla74914@uni.ac.ke
74915,Lewis,Wairimu,lewis.wairimu74915@uni.ac.ke
74916,Harriet,Nzomo,harriet.nzomo74916@college.ac.ke
74917,Harold,Gitau,harold.gitau74917@school.ac.ke
74918,Naomi,Kariuki,naomi.kariuki74918@school.ac.ke
74919,Gladys,Odhiambo,gladys.odhiambo74919@students.ac.ke
74920,Dennis,Ibrahim,dennis.ibrahim74920@academy.ac.ke
74921,Joseph,Musyoka,joseph.musyoka74921@students.ac.ke
74922,Jacob,Ndegwa,jacob.ndegwa74922@school.ac.ke
74923,Lewis,Waweru,lewis.waweru74923@school.ac.ke
74924,George,Akumu,george.akumu74924@school.ac.ke
74925,Samuel,Maina,samuel.maina74925@academy.ac.ke
74926,Raymond,Ibrahim,raymond.ibrahim74926@students.ac.ke
74927,Eric,Mumo,eric.mumo74927@school.ac.ke
74928,Edwin,Ndegwa,edwin.ndegwa74928@academy.ac.ke
74929,Harriet,Hassan,harriet.hassan74929@college.ac.ke
74930,Catherine,Kamau,catherine.kamau74930@students.ac.ke
74931,Charles,Chebet,charles.chebet74931@students.ac.ke
74932,Ruth,Muturi,ruth.muturi74932@uni.ac.ke
74933,Alice,Mumo,alice.mumo74933@uni.ac.ke
74934,Michael,Waweru,michael.waweru74934@school.ac.ke
74935,Dennis,Akumu,dennis.akumu74935@school.ac.ke
74936,Peter,Mbatha,peter.mbatha74936@students.ac.ke
74937,Frances,Mwangi,frances.mwangi74937@academy.ac.ke
74938,Harriet,Kiprotich,harriet.kiprotich74938@uni.ac.ke
74939,William,Waweru,william.waweru74939@school.ac.ke
74940,Hope,Otieno,hope.otieno74940@school.ac.ke
74941,Kevin,Akumu,kevin.akumu74941@school.ac.ke
74942,Isaac,Kinyua,isaac.kinyua74942@students.ac.ke
74943,Kevin,Ngetich,kevin.ngetich74943@academy.ac.ke
74944,Jacob,Kariuki,jacob.kariuki74944@academy.ac.ke
74945,Grace,Awuor,grace.awuor74945@school.ac.ke
74946,Florence,Gathoni,florence.gathoni74946@school.ac.ke
74947,Philip,Ochieng,philip.ochieng74947@college.ac.ke
74948,Edwin,Hassan,edwin.hassan74948@college.ac.ke
74949,Robert,Musa,robert.musa74949@uni.ac.ke
74950,Peter,Njuguna,peter.njuguna74950@academy.ac.ke
74951,William,Ruto,william.ruto74951@academy.ac.ke
74952,Joseph,Omar,joseph.omar74952@students.ac.ke
74953,Isaac,Maina,isaac.maina74953@students.ac.ke
74954,Naomi,Gitonga,naomi.gitonga74954@students.ac.ke
74955,Catherine,Awuor,catherine.awuor74955@academy.ac.ke
74956,Noah,Yusuf,noah.yusuf74956@college.ac.ke
74957,Kenneth,Gichuki,kenneth.gichuki74957@students.ac.ke
74958,Hope,Gitonga,hope.gitonga74958@academy.ac.ke
74959,Lydia,Mumo,lydia.mumo74959@school.ac.ke
74960,Gloria,Awuor,gloria.awuor74960@uni.ac.ke
74961,Edith,Mutua,edith.mutua74961@students.ac.ke
74962,David,Otieno,david.otieno74962@school.ac.ke
74963,Gordon,Kasyoka,gordon.kasyoka74963@college.ac.ke
74964,George,Wairimu,george.wairimu74964@students.ac.ke
74965,William,Wairimu,william.wairimu74965@academy.ac.ke
74966,Charles,Mwenda,charles.mwenda74966@school.ac.ke
74967,Gladys,Gathoni,gladys.gathoni74967@college.ac.ke
74968,Joyce,Juma,joyce.juma74968@students.ac.ke
74969,Paul,Mwangi,paul.mwangi74969@students.ac.ke
74970,John,Gathoni,john.gathoni74970@academy.ac.ke
74971,Daniel,Kasyoka,daniel.kasyoka74971@academy.ac.ke
74972,Lewis,Lagat,lewis.lagat74972@school.ac.ke
74973,Gladys,Odhiambo,gladys.odhiambo74973@school.ac.ke
74974,Thomas,Ochieng,thomas.ochieng74974@school.ac.ke
74975,Irene,Omar,irene.omar74975@college.ac.ke
74976,Janet,Njoki,janet.njoki74976@academy.ac.ke
74977,Irene,Muturi,irene.muturi74977@school.ac.ke
74978,Daniel,Akumu,daniel.akumu74978@college.ac.ke
74979,Gordon,Kyalo,gordon.kyalo74979@school.ac.ke
74980,Faith,Farah,faith.farah74980@academy.ac.ke
74981,Michael,Mumo,michael.mumo74981@college.ac.ke
74982,Peter,Maina,peter.maina74982@uni.ac.ke
74983,Douglas,Chebet,douglas.chebet74983@school.ac.ke
74984,Bernard,Waweru,bernard.waweru74984@school.ac.ke
74985,Ivan,Musyoka,ivan.musyoka74985@school.ac.ke
74986,Beatrice,Mwenda,beatrice.mwenda74986@academy.ac.ke
74987,Victor,Owino,victor.owino74987@students.ac.ke
74988,Victor,Njoroge,victor.njoroge74988@students.ac.ke
74989,Jacob,Mutisya,jacob.mutisya74989@students.ac.ke
74990,Gordon,Owino,gordon.owino74990@school.ac.ke
74991,Harold,Nduku,harold.nduku74991@school.ac.ke
74992,Carol,Hassan,carol.hassan74992@students.ac.ke
74993,Harold,Bett,harold.bett74993@academy.ac.ke
74994,Kevin,Kasyoka,kevin.kasyoka74994@school.ac.ke
74995,John,Waweru,john.waweru74995@students.ac.ke
74996,Douglas,Abdi,douglas.abdi74996@uni.ac.ke
74997,Irene,Ngetich,irene.ngetich74997@school.ac.ke
74998,Edwin,Mutua,edwin.mutua74998@college.ac.ke
74999,Jacob,Awuor,jacob.awuor74999@school.ac.ke
75000,Henry,Achieng,henry.achieng75000@academy.ac.ke
75001,Lewis,Gathoni,lewis.gathoni75001@students.ac.ke
75002,Esther,Awuor,esther.awuor75002@students.ac.ke
75003,James,Chebet,james.chebet75003@academy.ac.ke
75004,Frances,Chebet,frances.chebet75004@students.ac.ke
75005,Eric,Mwangi,eric.mwangi75005@students.ac.ke
75006,Gladys,Kyalo,gladys.kyalo75006@students.ac.ke
75007,James,Ahmed,james.ahmed75007@uni.ac.ke
75008,Lydia,Achieng,lydia.achieng75008@students.ac.ke
75009,Hannah,Wanjiku,hannah.wanjiku75009@students.ac.ke
75010,Diana,Kasyoka,diana.kasyoka75010@academy.ac.ke
75011,Robert,Nduku,robert.nduku75011@college.ac.ke
75012,Raymond,Ngetich,raymond.ngetich75012@school.ac.ke
75013,Noah,Abdi,noah.abdi75013@academy.ac.ke
75014,Adrian,Bett,adrian.bett75014@college.ac.ke
75015,Francis,Kamau,francis.kamau75015@school.ac.ke
75016,Gordon,Waweru,gordon.waweru75016@school.ac.ke
75017,Kevin,Hassan,kevin.hassan75017@school.ac.ke
75018,Moses,Okello,moses.okello75018@academy.ac.ke
75019,Grace,Akumu,grace.akumu75019@school.ac.ke
75020,Bernard,Omondi,bernard.omondi75020@students.ac.ke
75021,Eleanor,Kinyua,eleanor.kinyua75021@uni.ac.ke
75022,Adrian,Ngetich,adrian.ngetich75022@academy.ac.ke
75023,Eric,Mbatha,eric.mbatha75023@school.ac.ke
75024,Hannah,Musyoka,hannah.musyoka75024@uni.ac.ke
75025,Gloria,Akumu,gloria.akumu75025@uni.ac.ke
75026,Eleanor,Koech,eleanor.koech75026@academy.ac.ke
75027,Edwin,Khalid,edwin.khalid75027@college.ac.ke
75028,Catherine,Wanjiku,catherine.wanjiku75028@school.ac.ke
75029,Dennis,Gitonga,dennis.gitonga75029@college.ac.ke
75030,Esther,Koech,esther.koech75030@academy.ac.ke
75031,Samuel,Nzomo,samuel.nzomo75031@college.ac.ke
75032,Mary,Owino,mary.owino75032@uni.ac.ke
75033,Robert,Yusuf,robert.yusuf75033@academy.ac.ke
75034,Esther,Ogolla,esther.ogolla75034@academy.ac.ke
75035,Kenneth,Okello,kenneth.okello75035@academy.ac.ke
75036,Betty,Nzomo,betty.nzomo75036@academy.ac.ke
75037,Esther,Juma,esther.juma75037@academy.ac.ke
75038,Moses,Lagat,moses.lagat75038@uni.ac.ke
75039,Thomas,Abdi,thomas.abdi75039@academy.ac.ke
75040,Joyce,Mutisya,joyce.mutisya75040@college.ac.ke
75041,Faith,Kinyua,faith.kinyua75041@college.ac.ke
75042,Peter,Omar,peter.omar75042@uni.ac.ke
75043,Bernard,Omar,bernard.omar75043@students.ac.ke
75044,Dorothy,Mutisya,dorothy.mutisya75044@college.ac.ke
75045,Ruth,Kiprotich,ruth.kiprotich75045@students.ac.ke
75046,Daniel,Wairimu,daniel.wairimu75046@school.ac.ke
75047,Thomas,Mutisya,thomas.mutisya75047@students.ac.ke
75048,Lydia,Kyalo,lydia.kyalo75048@students.ac.ke
75049,Michael,Gichuki,michael.gichuki75049@students.ac.ke
75050,Beatrice,Ibrahim,beatrice.ibrahim75050@students.ac.ke
75051,Beatrice,Kimani,beatrice.kimani75051@students.ac.ke
75052,Naomi,Juma,naomi.juma75052@uni.ac.ke
75053,Alice,Gitau,alice.gitau75053@students.ac.ke
75054,Robert,Wairimu,robert.wairimu75054@academy.ac.ke
75055,Kenneth,Mbatha,kenneth.mbatha75055@academy.ac.ke
75056,Betty,Wanjiku,betty.wanjiku75056@school.ac.ke
75057,Isaac,Waweru,isaac.waweru75057@college.ac.ke
75058,Daniel,Odhiambo,daniel.odhiambo75058@school.ac.ke
75059,Harriet,Odhiambo,harriet.odhiambo75059@school.ac.ke
75060,Joy,Gathoni,joy.gathoni75060@school.ac.ke
75061,Helen,Njoroge,helen.njoroge75061@school.ac.ke
75062,Irene,Onyango,irene.onyango75062@school.ac.ke
75063,Naomi,Koech,naomi.koech75063@academy.ac.ke
75064,Edith,Kinyua,edith.kinyua75064@college.ac.ke
75065,Joy,Gichuki,joy.gichuki75065@students.ac.ke
75066,Harriet,Chebet,harriet.chebet75066@school.ac.ke
75067,Jacob,Otieno,jacob.otieno75067@uni.ac.ke
75068,Irene,Wanjiku,irene.wanjiku75068@college.ac.ke
75069,Kenneth,Kimani,kenneth.kimani75069@college.ac.ke
75070,Douglas,Ruto,douglas.ruto75070@uni.ac.ke
75071,Kevin,Kamau,kevin.kamau75071@academy.ac.ke
75072,Philip,Ngetich,philip.ngetich75072@students.ac.ke
75073,Jacob,Abdi,jacob.abdi75073@academy.ac.ke
75074,Kenneth,Mumo,kenneth.mumo75074@uni.ac.ke
75075,Florence,Kamau,florence.kamau75075@uni.ac.ke
75076,Lydia,Owino,lydia.owino75076@college.ac.ke
75077,Daniel,Nduku,daniel.nduku75077@uni.ac.ke
75078,Ivan,Wairimu,ivan.wairimu75078@uni.ac.ke
75079,Peter,Ruto,peter.ruto75079@students.ac.ke
75080,Raymond,Gitonga,raymond.gitonga75080@academy.ac.ke
75081,Robert,Kiptoo,robert.kiptoo75081@academy.ac.ke
75082,Lydia,Wairimu,lydia.wairimu75082@students.ac.ke
75083,Faith,Musyoka,faith.musyoka75083@students.ac.ke
75084,Betty,Bett,betty.bett75084@students.ac.ke
75085,James,Ahmed,james.ahmed75085@academy.ac.ke
75086,Isaac,Mutisya,isaac.mutisya75086@academy.ac.ke
75087,Joyce,Muturi,joyce.muturi75087@school.ac.ke
75088,Raymond,Waweru,raymond.waweru75088@students.ac.ke
75089,Samuel,Farah,samuel.farah75089@uni.ac.ke
75090,Lydia,Wanjiku,lydia.wanjiku75090@school.ac.ke
75091,Diana,Odhiambo,diana.odhiambo75091@uni.ac.ke
75092,Irene,Kinyua,irene.kinyua75092@students.ac.ke
75093,Joy,Achieng,joy.achieng75093@college.ac.ke
75094,Gladys,Waweru,gladys.waweru75094@school.ac.ke
75095,Betty,Akumu,betty.akumu75095@college.ac.ke
75096,Frances,Awuor,frances.awuor75096@school.ac.ke
75097,Adrian,Adhiambo,adrian.adhiambo75097@college.ac.ke
75098,Robert,Ahmed,robert.ahmed75098@school.ac.ke
75099,Thomas,Bett,thomas.bett75099@college.ac.ke
75100,Kenneth,Odhiambo,kenneth.odhiambo75100@school.ac.ke
75101,Victor,Juma,victor.juma75101@college.ac.ke
75102,Lewis,Odhiambo,lewis.odhiambo75102@school.ac.ke
75103,Esther,Lagat,esther.lagat75103@academy.ac.ke
75104,Gloria,Musa,gloria.musa75104@students.ac.ke
75105,George,Gitonga,george.gitonga75105@uni.ac.ke
75106,Gloria,Farah,gloria.farah75106@academy.ac.ke
75107,Gordon,Adhiambo,gordon.adhiambo75107@students.ac.ke
75108,Irene,Musyoka,irene.musyoka75108@college.ac.ke
75109,Alice,Achieng,alice.achieng75109@students.ac.ke
75110,David,Kasyoka,david.kasyoka75110@academy.ac.ke
75111,Michael,Kyalo,michael.kyalo75111@uni.ac.ke
75112,Esther,Omondi,esther.omondi75112@uni.ac.ke
75113,Joy,Mutisya,joy.mutisya75113@college.ac.ke
75114,Daniel,Gitonga,daniel.gitonga75114@academy.ac.ke
75115,Henry,Wairimu,henry.wairimu75115@uni.ac.ke
75116,Kevin,Yusuf,kevin.yusuf75116@academy.ac.ke
75117,Hope,Awuor,hope.awuor75117@academy.ac.ke
75118,John,Ochieng,john.ochieng75118@uni.ac.ke
75119,Edwin,Mwangi,edwin.mwangi75119@school.ac.ke
75120,Naomi,Kinyua,naomi.kinyua75120@school.ac.ke
75121,Carol,Mumo,carol.mumo75121@students.ac.ke
75122,Quentin,Yusuf,quentin.yusuf75122@academy.ac.ke
75123,Isaac,Otieno,isaac.otieno75123@academy.ac.ke
75124,Isaac,Ahmed,isaac.ahmed75124@academy.ac.ke
75125,Kenneth,Wanjiku,kenneth.wanjiku75125@students.ac.ke
75126,Esther,Mwenda,esther.mwenda75126@college.ac.ke
75127,Gordon,Kamau,gordon.kamau75127@school.ac.ke
75128,Brian,Gitonga,brian.gitonga75128@school.ac.ke
75129,Gladys,Ngetich,gladys.ngetich75129@college.ac.ke
75130,Grace,Njoki,grace.njoki75130@school.ac.ke
75131,Ivan,Wairimu,ivan.wairimu75131@uni.ac.ke
75132,Beatrice,Abdi,beatrice.abdi75132@uni.ac.ke
75133,Robert,Kiptoo,robert.kiptoo75133@college.ac.ke
75134,Joyce,Kiprotich,joyce.kiprotich75134@school.ac.ke
75135,Hope,Njoroge,hope.njoroge75135@uni.ac.ke
75136,Florence,Abdi,florence.abdi75136@uni.ac.ke
75137,Michael,Ogolla,michael.ogolla75137@college.ac.ke
75138,Carol,Mumo,carol.mumo75138@uni.ac.ke
75139,Dennis,Mwenda,dennis.mwenda75139@school.ac.ke
75140,Hope,Maina,hope.maina75140@school.ac.ke
75141,Lydia,Mutua,lydia.mutua75141@academy.ac.ke
75142,Gladys,Ruto,gladys.ruto75142@college.ac.ke
75143,Charles,Mutua,charles.mutua75143@college.ac.ke
75144,Naomi,Gitau,naomi.gitau75144@academy.ac.ke
75145,Douglas,Muturi,douglas.muturi75145@school.ac.ke
75146,Ivan,Odhiambo,ivan.odhiambo75146@uni.ac.ke
75147,Joyce,Mwenda,joyce.mwenda75147@uni.ac.ke
75148,James,Lagat,james.lagat75148@school.ac.ke
75149,Michael,Adhiambo,michael.adhiambo75149@school.ac.ke
75150,Oscar,Ahmed,oscar.ahmed75150@uni.ac.ke
75151,Ruth,Mwenda,ruth.mwenda75151@college.ac.ke
75152,Brian,Ochieng,brian.ochieng75152@college.ac.ke
75153,Isaac,Maina,isaac.maina75153@school.ac.ke
75154,Joseph,Ndegwa,joseph.ndegwa75154@students.ac.ke
75155,John,Odhiambo,john.odhiambo75155@academy.ac.ke
75156,Mary,Mbatha,mary.mbatha75156@college.ac.ke
75157,Robert,Kasyoka,robert.kasyoka75157@college.ac.ke
75158,Edwin,Ochieng,edwin.ochieng75158@students.ac.ke
75159,John,Njoki,john.njoki75159@school.ac.ke
75160,Harold,Rotich,harold.rotich75160@students.ac.ke
75161,Harold,Gitonga,harold.gitonga75161@uni.ac.ke
75162,David,Okello,david.okello75162@students.ac.ke
75163,Oscar,Gitonga,oscar.gitonga75163@students.ac.ke
75164,Gordon,Okello,gordon.okello75164@academy.ac.ke
75165,Joseph,Njoki,joseph.njoki75165@academy.ac.ke
75166,Naomi,Chebet,naomi.chebet75166@students.ac.ke
75167,Noah,Waweru,noah.waweru75167@academy.ac.ke
75168,Quentin,Owino,quentin.owino75168@college.ac.ke
75169,Jacob,Ruto,jacob.ruto75169@students.ac.ke
75170,Philip,Ahmed,philip.ahmed75170@college.ac.ke
75171,Paul,Mutai,paul.mutai75171@students.ac.ke
75172,Kenneth,Njuguna,kenneth.njuguna75172@uni.ac.ke
75173,Grace,Nduku,grace.nduku75173@uni.ac.ke
75174,Edith,Juma,edith.juma75174@school.ac.ke
75175,Quentin,Ibrahim,quentin.ibrahim75175@students.ac.ke
75176,Hope,Koech,hope.koech75176@academy.ac.ke
75177,George,Nduku,george.nduku75177@school.ac.ke
75178,Grace,Njoki,grace.njoki75178@students.ac.ke
75179,Mary,Kariuki,mary.kariuki75179@college.ac.ke
75180,Irene,Waweru,irene.waweru75180@school.ac.ke
75181,Edith,Abdi,edith.abdi75181@college.ac.ke
75182,Carol,Mutisya,carol.mutisya75182@uni.ac.ke
75183,Edith,Otieno,edith.otieno75183@academy.ac.ke
75184,George,Waweru,george.waweru75184@school.ac.ke
75185,Noah,Gichuki,noah.gichuki75185@college.ac.ke
75186,Henry,Njoki,henry.njoki75186@students.ac.ke
75187,Harold,Wairimu,harold.wairimu75187@academy.ac.ke
75188,Dennis,Kariuki,dennis.kariuki75188@school.ac.ke
75189,Quentin,Mwangi,quentin.mwangi75189@college.ac.ke
75190,Ivan,Mwenda,ivan.mwenda75190@school.ac.ke
75191,Raymond,Ogolla,raymond.ogolla75191@college.ac.ke
75192,Julian,Gichuki,julian.gichuki75192@college.ac.ke
75193,Ivan,Adhiambo,ivan.adhiambo75193@students.ac.ke
75194,Quentin,Musa,quentin.musa75194@college.ac.ke
75195,Harold,Musa,harold.musa75195@academy.ac.ke
75196,Dennis,Ndegwa,dennis.ndegwa75196@college.ac.ke
75197,Paul,Mutisya,paul.mutisya75197@students.ac.ke
75198,Janet,Achieng,janet.achieng75198@academy.ac.ke
75199,Beatrice,Rotich,beatrice.rotich75199@uni.ac.ke
75200,Betty,Kinyua,betty.kinyua75200@school.ac.ke
75201,John,Kiptoo,john.kiptoo75201@school.ac.ke
75202,Isaac,Kiptoo,isaac.kiptoo75202@students.ac.ke
75203,Eleanor,Hassan,eleanor.hassan75203@students.ac.ke
75204,Eric,Maina,eric.maina75204@academy.ac.ke
75205,Diana,Abdi,diana.abdi75205@school.ac.ke
75206,Edith,Gichuki,edith.gichuki75206@students.ac.ke
75207,Bernard,Musa,bernard.musa75207@uni.ac.ke
75208,Philip,Maina,philip.maina75208@college.ac.ke
75209,Paul,Mutisya,paul.mutisya75209@students.ac.ke
75210,Thomas,Musa,thomas.musa75210@students.ac.ke
75211,Eric,Khalid,eric.khalid75211@students.ac.ke
75212,Diana,Kinyua,diana.kinyua75212@school.ac.ke
75213,Gladys,Mutua,gladys.mutua75213@school.ac.ke
75214,Kevin,Kinyua,kevin.kinyua75214@uni.ac.ke
75215,Faith,Musyoka,faith.musyoka75215@school.ac.ke
75216,Diana,Kasyoka,diana.kasyoka75216@school.ac.ke
75217,Janet,Mwenda,janet.mwenda75217@academy.ac.ke
75218,Joyce,Chebet,joyce.chebet75218@uni.ac.ke
75219,Lewis,Okello,lewis.okello75219@school.ac.ke
75220,Charles,Kyalo,charles.kyalo75220@students.ac.ke
75221,Carol,Waweru,carol.waweru75221@academy.ac.ke
75222,Florence,Gitonga,florence.gitonga75222@academy.ac.ke
75223,Thomas,Omondi,thomas.omondi75223@school.ac.ke
75224,Edith,Odhiambo,edith.odhiambo75224@college.ac.ke
75225,Naomi,Mumo,naomi.mumo75225@uni.ac.ke
75226,Irene,Mutua,irene.mutua75226@uni.ac.ke
75227,Dennis,Gathoni,dennis.gathoni75227@uni.ac.ke
75228,Edwin,Wairimu,edwin.wairimu75228@students.ac.ke
75229,Esther,Otieno,esther.otieno75229@academy.ac.ke
75230,Harold,Kariuki,harold.kariuki75230@students.ac.ke
75231,Joyce,Nzomo,joyce.nzomo75231@academy.ac.ke
75232,Bernard,Lagat,bernard.lagat75232@school.ac.ke
75233,Henry,Mutisya,henry.mutisya75233@academy.ac.ke
75234,Dorothy,Lagat,dorothy.lagat75234@college.ac.ke
75235,Alice,Kariuki,alice.kariuki75235@school.ac.ke
75236,Edith,Odhiambo,edith.odhiambo75236@school.ac.ke
75237,Victor,Ibrahim,victor.ibrahim75237@uni.ac.ke
75238,Ruth,Mutua,ruth.mutua75238@uni.ac.ke
75239,Lewis,Musyoka,lewis.musyoka75239@school.ac.ke
75240,Thomas,Kinyua,thomas.kinyua75240@academy.ac.ke
75241,Julian,Njoki,julian.njoki75241@academy.ac.ke
75242,Noah,Rotich,noah.rotich75242@uni.ac.ke
75243,Raymond,Kamau,raymond.kamau75243@academy.ac.ke
75244,Raymond,Ngetich,raymond.ngetich75244@school.ac.ke
75245,Grace,Ngetich,grace.ngetich75245@students.ac.ke
75246,Thomas,Okello,thomas.okello75246@academy.ac.ke
75247,James,Adhiambo,james.adhiambo75247@academy.ac.ke
75248,Michael,Gitau,michael.gitau75248@uni.ac.ke
75249,Lydia,Ngetich,lydia.ngetich75249@uni.ac.ke
75250,Gladys,Mbatha,gladys.mbatha75250@uni.ac.ke
75251,Philip,Muturi,philip.muturi75251@school.ac.ke
75252,Bernard,Omondi,bernard.omondi75252@uni.ac.ke
75253,Faith,Maina,faith.maina75253@uni.ac.ke
75254,Hope,Abdi,hope.abdi75254@college.ac.ke
75255,Harriet,Mutua,harriet.mutua75255@students.ac.ke
75256,Douglas,Abdi,douglas.abdi75256@uni.ac.ke
75257,Peter,Mutai,peter.mutai75257@academy.ac.ke
75258,Mary,Odhiambo,mary.odhiambo75258@school.ac.ke
75259,Paul,Chebet,paul.chebet75259@college.ac.ke
75260,Kevin,Ndegwa,kevin.ndegwa75260@college.ac.ke
75261,George,Akumu,george.akumu75261@students.ac.ke
75262,Joy,Waweru,joy.waweru75262@uni.ac.ke
75263,Kevin,Achieng,kevin.achieng75263@school.ac.ke
75264,Joseph,Nduku,joseph.nduku75264@college.ac.ke
75265,James,Adhiambo,james.adhiambo75265@uni.ac.ke
75266,Robert,Kamau,robert.kamau75266@students.ac.ke
75267,Harriet,Farah,harriet.farah75267@academy.ac.ke
75268,Gordon,Musyoka,gordon.musyoka75268@academy.ac.ke
75269,Lydia,Mbatha,lydia.mbatha75269@school.ac.ke
75270,Florence,Koech,florence.koech75270@college.ac.ke
75271,Gordon,Njuguna,gordon.njuguna75271@school.ac.ke
75272,Betty,Nzomo,betty.nzomo75272@students.ac.ke
75273,Lydia,Kyalo,lydia.kyalo75273@school.ac.ke
75274,Raymond,Musa,raymond.musa75274@students.ac.ke
75275,Brian,Ngetich,brian.ngetich75275@students.ac.ke
75276,Gloria,Omar,gloria.omar75276@college.ac.ke
75277,Quentin,Maina,quentin.maina75277@school.ac.ke
75278,Diana,Gathoni,diana.gathoni75278@school.ac.ke
75279,Isaac,Akumu,isaac.akumu75279@academy.ac.ke
75280,Harriet,Okello,harriet.okello75280@college.ac.ke
75281,Florence,Wairimu,florence.wairimu75281@students.ac.ke
75282,Edwin,Mutua,edwin.mutua75282@school.ac.ke
75283,Charles,Ibrahim,charles.ibrahim75283@college.ac.ke
75284,Ivan,Bett,ivan.bett75284@school.ac.ke
75285,Edith,Mumo,edith.mumo75285@uni.ac.ke
75286,Eric,Gathoni,eric.gathoni75286@school.ac.ke
75287,Dennis,Farah,dennis.farah75287@academy.ac.ke
75288,Lewis,Akumu,lewis.akumu75288@college.ac.ke
75289,Isaac,Kariuki,isaac.kariuki75289@uni.ac.ke
75290,Catherine,Kimani,catherine.kimani75290@college.ac.ke
75291,Harold,Akumu,harold.akumu75291@uni.ac.ke
75292,Bernard,Chebet,bernard.chebet75292@school.ac.ke
75293,Janet,Mwangi,janet.mwangi75293@academy.ac.ke
75294,Gordon,Mutua,gordon.mutua75294@academy.ac.ke
75295,Carol,Adhiambo,carol.adhiambo75295@uni.ac.ke
75296,Hannah,Owino,hannah.owino75296@college.ac.ke
75297,Carol,Musyoka,carol.musyoka75297@college.ac.ke
75298,David,Odhiambo,david.odhiambo75298@college.ac.ke
75299,Florence,Abdi,florence.abdi75299@students.ac.ke
75300,Irene,Nduku,irene.nduku75300@students.ac.ke
75301,Paul,Kasyoka,paul.kasyoka75301@students.ac.ke
75302,Kevin,Khalid,kevin.khalid75302@uni.ac.ke
75303,Irene,Juma,irene.juma75303@uni.ac.ke
75304,Simon,Musa,simon.musa75304@uni.ac.ke
75305,Daniel,Gitau,daniel.gitau75305@college.ac.ke
75306,Oscar,Kamau,oscar.kamau75306@school.ac.ke
75307,Catherine,Nduku,catherine.nduku75307@academy.ac.ke
75308,Esther,Wanjiku,esther.wanjiku75308@students.ac.ke
75309,Lydia,Ndegwa,lydia.ndegwa75309@academy.ac.ke
75310,Daniel,Onyango,daniel.onyango75310@uni.ac.ke
75311,Irene,Abdi,irene.abdi75311@academy.ac.ke
75312,Kenneth,Nduku,kenneth.nduku75312@academy.ac.ke
75313,Joy,Gitonga,joy.gitonga75313@students.ac.ke
75314,Eleanor,Gitonga,eleanor.gitonga75314@uni.ac.ke
75315,Gloria,Mutai,gloria.mutai75315@academy.ac.ke
75316,Edith,Waweru,edith.waweru75316@college.ac.ke
75317,Philip,Ogolla,philip.ogolla75317@students.ac.ke
75318,Samuel,Koech,samuel.koech75318@school.ac.ke
75319,Irene,Juma,irene.juma75319@college.ac.ke
75320,Ivan,Omondi,ivan.omondi75320@uni.ac.ke
75321,Lewis,Lagat,lewis.lagat75321@uni.ac.ke
75322,Victor,Okello,victor.okello75322@students.ac.ke
75323,Gordon,Ngetich,gordon.ngetich75323@students.ac.ke
75324,Robert,Musyoka,robert.musyoka75324@college.ac.ke
75325,Joseph,Juma,joseph.juma75325@academy.ac.ke
75326,Irene,Mumo,irene.mumo75326@academy.ac.ke
75327,Dennis,Kamau,dennis.kamau75327@college.ac.ke
75328,Isaac,Odhiambo,isaac.odhiambo75328@students.ac.ke
75329,Harold,Akumu,harold.akumu75329@academy.ac.ke
75330,Lydia,Muturi,lydia.muturi75330@school.ac.ke
75331,Esther,Farah,esther.farah75331@students.ac.ke
75332,Raymond,Hassan,raymond.hassan75332@students.ac.ke
75333,Adrian,Farah,adrian.farah75333@school.ac.ke
75334,Faith,Kinyua,faith.kinyua75334@college.ac.ke
75335,Beatrice,Wanjiku,beatrice.wanjiku75335@school.ac.ke
75336,Francis,Farah,francis.farah75336@academy.ac.ke
75337,Harriet,Musyoka,harriet.musyoka75337@academy.ac.ke
75338,Alice,Mwangi,alice.mwangi75338@students.ac.ke
75339,Gladys,Kimani,gladys.kimani75339@academy.ac.ke
75340,Paul,Mbatha,paul.mbatha75340@students.ac.ke
75341,Grace,Okello,grace.okello75341@college.ac.ke
75342,Faith,Ibrahim,faith.ibrahim75342@school.ac.ke
75343,George,Juma,george.juma75343@uni.ac.ke
75344,Gloria,Mutai,gloria.mutai75344@school.ac.ke
75345,Paul,Gathoni,paul.gathoni75345@school.ac.ke
75346,Paul,Kyalo,paul.kyalo75346@uni.ac.ke
75347,Faith,Gathoni,faith.gathoni75347@academy.ac.ke
75348,Raymond,Farah,raymond.farah75348@academy.ac.ke
75349,Thomas,Njoki,thomas.njoki75349@college.ac.ke
75350,Lewis,Musa,lewis.musa75350@students.ac.ke
75351,Ruth,Koech,ruth.koech75351@students.ac.ke
75352,George,Lagat,george.lagat75352@students.ac.ke
75353,Helen,Hassan,helen.hassan75353@school.ac.ke
75354,Oscar,Mwenda,oscar.mwenda75354@academy.ac.ke
75355,Alice,Juma,alice.juma75355@students.ac.ke
75356,Janet,Awuor,janet.awuor75356@academy.ac.ke
75357,Noah,Ruto,noah.ruto75357@uni.ac.ke
75358,Robert,Kariuki,robert.kariuki75358@students.ac.ke
75359,Robert,Kiptoo,robert.kiptoo75359@academy.ac.ke
75360,Dorothy,Akumu,dorothy.akumu75360@students.ac.ke
75361,Naomi,Onyango,naomi.onyango75361@school.ac.ke
75362,Robert,Mbatha,robert.mbatha75362@school.ac.ke
75363,Grace,Njoki,grace.njoki75363@uni.ac.ke
75364,Janet,Akumu,janet.akumu75364@uni.ac.ke
75365,Dorothy,Nduku,dorothy.nduku75365@students.ac.ke
75366,Samuel,Mumo,samuel.mumo75366@academy.ac.ke
75367,Thomas,Ruto,thomas.ruto75367@college.ac.ke
75368,Daniel,Mutua,daniel.mutua75368@academy.ac.ke
75369,Carol,Mumo,carol.mumo75369@uni.ac.ke
75370,Dorothy,Ibrahim,dorothy.ibrahim75370@school.ac.ke
75371,David,Ochieng,david.ochieng75371@academy.ac.ke
75372,Ruth,Odhiambo,ruth.odhiambo75372@school.ac.ke
75373,Kenneth,Njoki,kenneth.njoki75373@uni.ac.ke
75374,Faith,Ruto,faith.ruto75374@students.ac.ke
75375,Raymond,Wanjiku,raymond.wanjiku75375@students.ac.ke
75376,John,Achieng,john.achieng75376@school.ac.ke
75377,Alice,Wairimu,alice.wairimu75377@uni.ac.ke
75378,Gloria,Okello,gloria.okello75378@school.ac.ke
75379,Victor,Waweru,victor.waweru75379@uni.ac.ke
75380,Paul,Njuguna,paul.njuguna75380@uni.ac.ke
75381,Ruth,Kinyua,ruth.kinyua75381@school.ac.ke
75382,Esther,Mutua,esther.mutua75382@uni.ac.ke
75383,Joy,Adhiambo,joy.adhiambo75383@academy.ac.ke
75384,Francis,Ogolla,francis.ogolla75384@students.ac.ke
75385,Philip,Kasyoka,philip.kasyoka75385@school.ac.ke
75386,Noah,Maina,noah.maina75386@uni.ac.ke
75387,Diana,Rotich,diana.rotich75387@uni.ac.ke
75388,Oscar,Muturi,oscar.muturi75388@academy.ac.ke
75389,Brian,Kimani,brian.kimani75389@uni.ac.ke
75390,Eleanor,Ngetich,eleanor.ngetich75390@uni.ac.ke
75391,Catherine,Adhiambo,catherine.adhiambo75391@academy.ac.ke
75392,John,Owino,john.owino75392@students.ac.ke
75393,Noah,Ibrahim,noah.ibrahim75393@students.ac.ke
75394,Simon,Gathoni,simon.gathoni75394@uni.ac.ke
75395,Harold,Kyalo,harold.kyalo75395@school.ac.ke
75396,Isaac,Odhiambo,isaac.odhiambo75396@academy.ac.ke
75397,Charles,Akumu,charles.akumu75397@academy.ac.ke
75398,Jacob,Awuor,jacob.awuor75398@uni.ac.ke
75399,Eleanor,Nzomo,eleanor.nzomo75399@academy.ac.ke
75400,Janet,Ngetich,janet.ngetich75400@uni.ac.ke
75401,James,Bett,james.bett75401@academy.ac.ke
75402,Irene,Yusuf,irene.yusuf75402@academy.ac.ke
75403,Helen,Ochieng,helen.ochieng75403@college.ac.ke
75404,Quentin,Njoki,quentin.njoki75404@academy.ac.ke
75405,Francis,Mutai,francis.mutai75405@school.ac.ke
75406,John,Muturi,john.muturi75406@academy.ac.ke
75407,Samuel,Mwangi,samuel.mwangi75407@school.ac.ke
75408,Irene,Yusuf,irene.yusuf75408@college.ac.ke
75409,Charles,Farah,charles.farah75409@uni.ac.ke
75410,Gladys,Mumo,gladys.mumo75410@school.ac.ke
75411,Lewis,Onyango,lewis.onyango75411@academy.ac.ke
75412,William,Maina,william.maina75412@uni.ac.ke
75413,Harold,Gitonga,harold.gitonga75413@college.ac.ke
75414,Gordon,Ahmed,gordon.ahmed75414@school.ac.ke
75415,Dennis,Abdi,dennis.abdi75415@school.ac.ke
75416,Victor,Owino,victor.owino75416@academy.ac.ke
75417,Dennis,Achieng,dennis.achieng75417@school.ac.ke
75418,James,Kasyoka,james.kasyoka75418@academy.ac.ke
75419,Janet,Okello,janet.okello75419@academy.ac.ke
75420,Daniel,Gitonga,daniel.gitonga75420@college.ac.ke
75421,Ivan,Chebet,ivan.chebet75421@uni.ac.ke
75422,Douglas,Kinyua,douglas.kinyua75422@school.ac.ke
75423,Diana,Yusuf,diana.yusuf75423@school.ac.ke
75424,Douglas,Otieno,douglas.otieno75424@academy.ac.ke
75425,Hannah,Nduku,hannah.nduku75425@college.ac.ke
75426,Irene,Muturi,irene.muturi75426@school.ac.ke
75427,Mary,Ochieng,mary.ochieng75427@school.ac.ke
75428,Gladys,Lagat,gladys.lagat75428@academy.ac.ke
75429,John,Mwenda,john.mwenda75429@school.ac.ke
75430,Lewis,Chebet,lewis.chebet75430@uni.ac.ke
75431,Diana,Gathoni,diana.gathoni75431@students.ac.ke
75432,Janet,Mumo,janet.mumo75432@school.ac.ke
75433,Gordon,Ahmed,gordon.ahmed75433@college.ac.ke
75434,Robert,Bett,robert.bett75434@college.ac.ke
75435,Harriet,Kinyua,harriet.kinyua75435@students.ac.ke
75436,Eleanor,Odhiambo,eleanor.odhiambo75436@students.ac.ke
75437,Brian,Ngetich,brian.ngetich75437@students.ac.ke
75438,Beatrice,Wanjiku,beatrice.wanjiku75438@college.ac.ke
75439,Jacob,Njoki,jacob.njoki75439@school.ac.ke
75440,Frances,Mutisya,frances.mutisya75440@academy.ac.ke
75441,Michael,Kinyua,michael.kinyua75441@college.ac.ke
75442,Diana,Yusuf,diana.yusuf75442@uni.ac.ke
75443,Grace,Kasyoka,grace.kasyoka75443@college.ac.ke
75444,Henry,Hassan,henry.hassan75444@academy.ac.ke
75445,Philip,Ngetich,philip.ngetich75445@uni.ac.ke
75446,Lewis,Ngetich,lewis.ngetich75446@students.ac.ke
75447,Hannah,Mutua,hannah.mutua75447@uni.ac.ke
75448,Dorothy,Mwenda,dorothy.mwenda75448@students.ac.ke
75449,Joyce,Mutai,joyce.mutai75449@school.ac.ke
75450,Noah,Yusuf,noah.yusuf75450@uni.ac.ke
75451,Oscar,Mumo,oscar.mumo75451@students.ac.ke
75452,Dorothy,Njoroge,dorothy.njoroge75452@college.ac.ke
75453,Carol,Ahmed,carol.ahmed75453@academy.ac.ke
75454,Kevin,Ngetich,kevin.ngetich75454@academy.ac.ke
75455,Diana,Ahmed,diana.ahmed75455@school.ac.ke
75456,Gordon,Ochieng,gordon.ochieng75456@students.ac.ke
75457,Gladys,Mbatha,gladys.mbatha75457@academy.ac.ke
75458,George,Hassan,george.hassan75458@school.ac.ke
75459,Ruth,Ibrahim,ruth.ibrahim75459@uni.ac.ke
75460,Alice,Njoki,alice.njoki75460@students.ac.ke
75461,Joseph,Okello,joseph.okello75461@college.ac.ke
75462,Robert,Achieng,robert.achieng75462@students.ac.ke
75463,Catherine,Mutai,catherine.mutai75463@academy.ac.ke
75464,Paul,Kariuki,paul.kariuki75464@uni.ac.ke
75465,Jacob,Ogolla,jacob.ogolla75465@academy.ac.ke
75466,Henry,Koech,henry.koech75466@academy.ac.ke
75467,Victor,Ngetich,victor.ngetich75467@academy.ac.ke
75468,Gladys,Musa,gladys.musa75468@uni.ac.ke
75469,Isaac,Khalid,isaac.khalid75469@students.ac.ke
75470,Dorothy,Mutisya,dorothy.mutisya75470@school.ac.ke
75471,Isaac,Koech,isaac.koech75471@college.ac.ke
75472,Janet,Yusuf,janet.yusuf75472@school.ac.ke
75473,John,Gitau,john.gitau75473@school.ac.ke
75474,Helen,Hassan,helen.hassan75474@uni.ac.ke
75475,John,Gathoni,john.gathoni75475@academy.ac.ke
75476,Bernard,Kiptoo,bernard.kiptoo75476@academy.ac.ke
75477,Faith,Kyalo,faith.kyalo75477@college.ac.ke
75478,Alice,Ogolla,alice.ogolla75478@uni.ac.ke
75479,Victor,Okello,victor.okello75479@academy.ac.ke
75480,Michael,Gitau,michael.gitau75480@college.ac.ke
75481,Daniel,Ogolla,daniel.ogolla75481@students.ac.ke
75482,Mary,Gathoni,mary.gathoni75482@students.ac.ke
75483,Gordon,Kasyoka,gordon.kasyoka75483@school.ac.ke
75484,Betty,Akumu,betty.akumu75484@academy.ac.ke
75485,Adrian,Mwenda,adrian.mwenda75485@uni.ac.ke
75486,Isaac,Kasyoka,isaac.kasyoka75486@uni.ac.ke
75487,Moses,Chebet,moses.chebet75487@students.ac.ke
75488,Mary,Gathoni,mary.gathoni75488@school.ac.ke
75489,Paul,Bett,paul.bett75489@uni.ac.ke
75490,Helen,Ndegwa,helen.ndegwa75490@academy.ac.ke
75491,Harriet,Abdi,harriet.abdi75491@academy.ac.ke
75492,Moses,Musyoka,moses.musyoka75492@uni.ac.ke
75493,Naomi,Nduku,naomi.nduku75493@uni.ac.ke
75494,Simon,Gitonga,simon.gitonga75494@students.ac.ke
75495,Simon,Lagat,simon.lagat75495@students.ac.ke
75496,Bernard,Awuor,bernard.awuor75496@college.ac.ke
75497,Catherine,Mutua,catherine.mutua75497@students.ac.ke
75498,Julian,Mwangi,julian.mwangi75498@college.ac.ke
75499,Agnes,Mbatha,agnes.mbatha75499@college.ac.ke
75500,Simon,Abdi,simon.abdi75500@school.ac.ke
75501,Faith,Kinyua,faith.kinyua75501@students.ac.ke
75502,Noah,Ogolla,noah.ogolla75502@students.ac.ke
75503,Helen,Ruto,helen.ruto75503@school.ac.ke
75504,Isaac,Ngetich,isaac.ngetich75504@college.ac.ke
75505,Esther,Omar,esther.omar75505@students.ac.ke
75506,Michael,Juma,michael.juma75506@students.ac.ke
75507,George,Lagat,george.lagat75507@school.ac.ke
75508,Irene,Owino,irene.owino75508@school.ac.ke
75509,Daniel,Gichuki,daniel.gichuki75509@college.ac.ke
75510,Esther,Khalid,esther.khalid75510@academy.ac.ke
75511,Brian,Omar,brian.omar75511@academy.ac.ke
75512,Diana,Awuor,diana.awuor75512@uni.ac.ke
75513,Eleanor,Odhiambo,eleanor.odhiambo75513@school.ac.ke
75514,Thomas,Njoroge,thomas.njoroge75514@academy.ac.ke
75515,Simon,Achieng,simon.achieng75515@students.ac.ke
75516,Hannah,Mwangi,hannah.mwangi75516@students.ac.ke
75517,Grace,Ngetich,grace.ngetich75517@college.ac.ke
75518,Philip,Kinyua,philip.kinyua75518@school.ac.ke
75519,Isaac,Kinyua,isaac.kinyua75519@students.ac.ke
75520,Philip,Njoroge,philip.njoroge75520@college.ac.ke
75521,Philip,Kinyua,philip.kinyua75521@school.ac.ke
75522,Gloria,Ngetich,gloria.ngetich75522@students.ac.ke
75523,Catherine,Mwangi,catherine.mwangi75523@college.ac.ke
75524,Samuel,Chebet,samuel.chebet75524@academy.ac.ke
75525,Brian,Kyalo,brian.kyalo75525@students.ac.ke
75526,Helen,Juma,helen.juma75526@students.ac.ke
75527,Michael,Musyoka,michael.musyoka75527@college.ac.ke
75528,Harold,Kariuki,harold.kariuki75528@students.ac.ke
75529,Carol,Ndegwa,carol.ndegwa75529@academy.ac.ke
75530,Harold,Kiprotich,harold.kiprotich75530@college.ac.ke
75531,Robert,Gathoni,robert.gathoni75531@academy.ac.ke
75532,Edith,Wairimu,edith.wairimu75532@school.ac.ke
75533,Jacob,Gitonga,jacob.gitonga75533@college.ac.ke
75534,Moses,Waweru,moses.waweru75534@academy.ac.ke
75535,Ivan,Ahmed,ivan.ahmed75535@uni.ac.ke
75536,Oscar,Wairimu,oscar.wairimu75536@academy.ac.ke
75537,Betty,Achieng,betty.achieng75537@school.ac.ke
75538,Oscar,Mutai,oscar.mutai75538@school.ac.ke
75539,Kevin,Musa,kevin.musa75539@college.ac.ke
75540,Joseph,Wairimu,joseph.wairimu75540@college.ac.ke
75541,Harold,Njuguna,harold.njuguna75541@uni.ac.ke
75542,Noah,Akumu,noah.akumu75542@school.ac.ke
75543,Dorothy,Mutisya,dorothy.mutisya75543@college.ac.ke
75544,Dorothy,Rotich,dorothy.rotich75544@academy.ac.ke
75545,Harriet,Gitau,harriet.gitau75545@uni.ac.ke
75546,Harriet,Ogolla,harriet.ogolla75546@students.ac.ke
75547,Raymond,Musa,raymond.musa75547@school.ac.ke
75548,Diana,Njuguna,diana.njuguna75548@students.ac.ke
75549,Naomi,Ogolla,naomi.ogolla75549@college.ac.ke
75550,Victor,Mutai,victor.mutai75550@academy.ac.ke
75551,Francis,Maina,francis.maina75551@college.ac.ke
75552,Dennis,Kariuki,dennis.kariuki75552@uni.ac.ke
75553,Paul,Gichuki,paul.gichuki75553@uni.ac.ke
75554,Esther,Gitau,esther.gitau75554@students.ac.ke
75555,Mary,Rotich,mary.rotich75555@uni.ac.ke
75556,Hope,Gichuki,hope.gichuki75556@college.ac.ke
75557,Brian,Hassan,brian.hassan75557@uni.ac.ke
75558,Julian,Onyango,julian.onyango75558@students.ac.ke
75559,Betty,Otieno,betty.otieno75559@uni.ac.ke
75560,Douglas,Kiprotich,douglas.kiprotich75560@students.ac.ke
75561,Gloria,Koech,gloria.koech75561@uni.ac.ke
75562,Noah,Ochieng,noah.ochieng75562@students.ac.ke
75563,Joseph,Lagat,joseph.lagat75563@uni.ac.ke
75564,Samuel,Musyoka,samuel.musyoka75564@school.ac.ke
75565,Robert,Owino,robert.owino75565@academy.ac.ke
75566,Naomi,Waweru,naomi.waweru75566@uni.ac.ke
75567,Hannah,Chebet,hannah.chebet75567@students.ac.ke
75568,Philip,Owino,philip.owino75568@college.ac.ke
75569,Ruth,Hassan,ruth.hassan75569@academy.ac.ke
75570,Hannah,Wanjiku,hannah.wanjiku75570@students.ac.ke
75571,Joseph,Okello,joseph.okello75571@school.ac.ke
75572,Frances,Kamau,frances.kamau75572@school.ac.ke
75573,John,Waweru,john.waweru75573@academy.ac.ke
75574,Gordon,Ruto,gordon.ruto75574@school.ac.ke
75575,Noah,Mutua,noah.mutua75575@school.ac.ke
75576,Kenneth,Lagat,kenneth.lagat75576@students.ac.ke
75577,Lewis,Chebet,lewis.chebet75577@college.ac.ke
75578,Dorothy,Gathoni,dorothy.gathoni75578@academy.ac.ke
75579,Victor,Njoroge,victor.njoroge75579@school.ac.ke
75580,Joseph,Kamau,joseph.kamau75580@uni.ac.ke
75581,Adrian,Awuor,adrian.awuor75581@college.ac.ke
75582,Joseph,Kinyua,joseph.kinyua75582@academy.ac.ke
75583,Michael,Omondi,michael.omondi75583@students.ac.ke
75584,Robert,Abdi,robert.abdi75584@students.ac.ke
75585,Noah,Otieno,noah.otieno75585@students.ac.ke
75586,Faith,Ahmed,faith.ahmed75586@uni.ac.ke
75587,Joseph,Mutisya,joseph.mutisya75587@college.ac.ke
75588,Samuel,Khalid,samuel.khalid75588@college.ac.ke
75589,Gordon,Kimani,gordon.kimani75589@academy.ac.ke
75590,George,Yusuf,george.yusuf75590@uni.ac.ke
75591,Philip,Mwenda,philip.mwenda75591@academy.ac.ke
75592,Harriet,Kiptoo,harriet.kiptoo75592@uni.ac.ke
75593,Jacob,Kimani,jacob.kimani75593@academy.ac.ke
75594,Janet,Njoroge,janet.njoroge75594@school.ac.ke
75595,Eleanor,Maina,eleanor.maina75595@school.ac.ke
75596,Irene,Mbatha,irene.mbatha75596@college.ac.ke
75597,Thomas,Farah,thomas.farah75597@college.ac.ke
75598,William,Awuor,william.awuor75598@students.ac.ke
75599,Edwin,Ndegwa,edwin.ndegwa75599@school.ac.ke
75600,Jacob,Farah,jacob.farah75600@students.ac.ke
75601,Joy,Kyalo,joy.kyalo75601@academy.ac.ke
75602,Kenneth,Kiptoo,kenneth.kiptoo75602@school.ac.ke
75603,James,Kimani,james.kimani75603@school.ac.ke
75604,Robert,Nzomo,robert.nzomo75604@students.ac.ke
75605,Brian,Nzomo,brian.nzomo75605@uni.ac.ke
75606,Janet,Gathoni,janet.gathoni75606@students.ac.ke
75607,Kevin,Mbatha,kevin.mbatha75607@academy.ac.ke
75608,Ivan,Achieng,ivan.achieng75608@academy.ac.ke
75609,Raymond,Awuor,raymond.awuor75609@students.ac.ke
75610,Paul,Mutisya,paul.mutisya75610@school.ac.ke
75611,Joseph,Omondi,joseph.omondi75611@academy.ac.ke
75612,Alice,Ogolla,alice.ogolla75612@school.ac.ke
75613,Adrian,Yusuf,adrian.yusuf75613@uni.ac.ke
75614,Agnes,Ahmed,agnes.ahmed75614@academy.ac.ke
75615,Robert,Koech,robert.koech75615@school.ac.ke
75616,Oscar,Njuguna,oscar.njuguna75616@school.ac.ke
75617,James,Musyoka,james.musyoka75617@academy.ac.ke
75618,Henry,Omar,henry.omar75618@students.ac.ke
75619,Gladys,Chebet,gladys.chebet75619@college.ac.ke
75620,Florence,Njoki,florence.njoki75620@college.ac.ke
75621,Joyce,Onyango,joyce.onyango75621@students.ac.ke
75622,Jacob,Waweru,jacob.waweru75622@school.ac.ke
75623,Michael,Awuor,michael.awuor75623@students.ac.ke
75624,Diana,Mumo,diana.mumo75624@academy.ac.ke
75625,David,Wanjiku,david.wanjiku75625@students.ac.ke
75626,Douglas,Maina,douglas.maina75626@students.ac.ke
75627,Victor,Kasyoka,victor.kasyoka75627@uni.ac.ke
75628,Raymond,Kimani,raymond.kimani75628@college.ac.ke
75629,Dennis,Onyango,dennis.onyango75629@students.ac.ke
75630,Jacob,Waweru,jacob.waweru75630@school.ac.ke
75631,Samuel,Maina,samuel.maina75631@school.ac.ke
75632,Moses,Onyango,moses.onyango75632@college.ac.ke
75633,Lewis,Waweru,lewis.waweru75633@school.ac.ke
75634,Francis,Gitau,francis.gitau75634@school.ac.ke
75635,Diana,Gichuki,diana.gichuki75635@uni.ac.ke
75636,Dorothy,Kimani,dorothy.kimani75636@college.ac.ke
75637,Irene,Okello,irene.okello75637@students.ac.ke
75638,Beatrice,Odhiambo,beatrice.odhiambo75638@school.ac.ke
75639,Peter,Njoroge,peter.njoroge75639@uni.ac.ke
75640,Lydia,Farah,lydia.farah75640@students.ac.ke
75641,Noah,Hassan,noah.hassan75641@college.ac.ke
75642,Joseph,Kariuki,joseph.kariuki75642@uni.ac.ke
75643,Faith,Akumu,faith.akumu75643@academy.ac.ke
75644,John,Maina,john.maina75644@uni.ac.ke
75645,Joy,Onyango,joy.onyango75645@college.ac.ke
75646,Florence,Owino,florence.owino75646@academy.ac.ke
75647,Kevin,Okello,kevin.okello75647@uni.ac.ke
75648,Grace,Kamau,grace.kamau75648@uni.ac.ke
75649,Irene,Mbatha,irene.mbatha75649@uni.ac.ke
75650,Irene,Njoroge,irene.njoroge75650@college.ac.ke
75651,Harriet,Nduku,harriet.nduku75651@students.ac.ke
75652,Agnes,Ndegwa,agnes.ndegwa75652@academy.ac.ke
75653,Catherine,Njoki,catherine.njoki75653@students.ac.ke
75654,David,Omar,david.omar75654@uni.ac.ke
75655,Isaac,Farah,isaac.farah75655@college.ac.ke
75656,Esther,Kamau,esther.kamau75656@college.ac.ke
75657,Quentin,Mwenda,quentin.mwenda75657@college.ac.ke
75658,Grace,Gichuki,grace.gichuki75658@students.ac.ke
75659,Brian,Khalid,brian.khalid75659@academy.ac.ke
75660,Joyce,Mutisya,joyce.mutisya75660@uni.ac.ke
75661,Harriet,Yusuf,harriet.yusuf75661@academy.ac.ke
75662,Bernard,Juma,bernard.juma75662@school.ac.ke
75663,Victor,Bett,victor.bett75663@students.ac.ke
75664,Gordon,Wanjiku,gordon.wanjiku75664@school.ac.ke
75665,Charles,Mutua,charles.mutua75665@school.ac.ke
75666,Frances,Ibrahim,frances.ibrahim75666@college.ac.ke
75667,Michael,Mbatha,michael.mbatha75667@school.ac.ke
75668,Joseph,Wanjiku,joseph.wanjiku75668@students.ac.ke
75669,Alice,Ahmed,alice.ahmed75669@students.ac.ke
75670,Ruth,Musa,ruth.musa75670@students.ac.ke
75671,Grace,Kasyoka,grace.kasyoka75671@uni.ac.ke
75672,Carol,Rotich,carol.rotich75672@uni.ac.ke
75673,Robert,Ogolla,robert.ogolla75673@uni.ac.ke
75674,Lewis,Omondi,lewis.omondi75674@academy.ac.ke
75675,James,Abdi,james.abdi75675@school.ac.ke
75676,William,Wairimu,william.wairimu75676@uni.ac.ke
75677,Charles,Nzomo,charles.nzomo75677@students.ac.ke
75678,Beatrice,Odhiambo,beatrice.odhiambo75678@college.ac.ke
75679,Robert,Ngetich,robert.ngetich75679@students.ac.ke
75680,Bernard,Adhiambo,bernard.adhiambo75680@uni.ac.ke
75681,Brian,Okello,brian.okello75681@school.ac.ke
75682,Naomi,Ngetich,naomi.ngetich75682@college.ac.ke
75683,Gloria,Gitonga,gloria.gitonga75683@academy.ac.ke
75684,Harriet,Omar,harriet.omar75684@college.ac.ke
75685,Harold,Musyoka,harold.musyoka75685@students.ac.ke
75686,George,Kinyua,george.kinyua75686@school.ac.ke
75687,Brian,Okello,brian.okello75687@students.ac.ke
75688,Gordon,Akumu,gordon.akumu75688@school.ac.ke
75689,Kenneth,Akumu,kenneth.akumu75689@students.ac.ke
75690,Noah,Nzomo,noah.nzomo75690@school.ac.ke
75691,James,Omondi,james.omondi75691@college.ac.ke
75692,Mary,Lagat,mary.lagat75692@uni.ac.ke
75693,Charles,Achieng,charles.achieng75693@students.ac.ke
75694,Thomas,Gathoni,thomas.gathoni75694@uni.ac.ke
75695,Frances,Mumo,frances.mumo75695@school.ac.ke
75696,Jacob,Maina,jacob.maina75696@students.ac.ke
75697,Diana,Mwenda,diana.mwenda75697@uni.ac.ke
75698,Quentin,Kinyua,quentin.kinyua75698@school.ac.ke
75699,Raymond,Mutua,raymond.mutua75699@students.ac.ke
75700,Irene,Wanjiku,irene.wanjiku75700@college.ac.ke
75701,Dorothy,Gathoni,dorothy.gathoni75701@uni.ac.ke
75702,Joy,Adhiambo,joy.adhiambo75702@academy.ac.ke
75703,Joy,Njoki,joy.njoki75703@college.ac.ke
75704,Thomas,Gathoni,thomas.gathoni75704@students.ac.ke
75705,Eleanor,Koech,eleanor.koech75705@school.ac.ke
75706,Irene,Musyoka,irene.musyoka75706@college.ac.ke
75707,Faith,Mwangi,faith.mwangi75707@uni.ac.ke
75708,Betty,Kiprotich,betty.kiprotich75708@college.ac.ke
75709,Oscar,Ruto,oscar.ruto75709@uni.ac.ke
75710,Alice,Njuguna,alice.njuguna75710@college.ac.ke
75711,Joyce,Koech,joyce.koech75711@school.ac.ke
75712,Irene,Omar,irene.omar75712@academy.ac.ke
75713,Daniel,Juma,daniel.juma75713@students.ac.ke
75714,Naomi,Kinyua,naomi.kinyua75714@students.ac.ke
75715,Paul,Ochieng,paul.ochieng75715@uni.ac.ke
75716,Gloria,Musyoka,gloria.musyoka75716@college.ac.ke
75717,Victor,Ruto,victor.ruto75717@school.ac.ke
75718,Peter,Ruto,peter.ruto75718@academy.ac.ke
75719,Hope,Nduku,hope.nduku75719@academy.ac.ke
75720,Brian,Kariuki,brian.kariuki75720@college.ac.ke
75721,Dorothy,Ngetich,dorothy.ngetich75721@school.ac.ke
75722,Dorothy,Ibrahim,dorothy.ibrahim75722@uni.ac.ke
75723,David,Kyalo,david.kyalo75723@academy.ac.ke
75724,Helen,Waweru,helen.waweru75724@students.ac.ke
75725,Noah,Omondi,noah.omondi75725@students.ac.ke
75726,Ruth,Musa,ruth.musa75726@college.ac.ke
75727,Betty,Adhiambo,betty.adhiambo75727@school.ac.ke
75728,Esther,Waweru,esther.waweru75728@school.ac.ke
75729,Victor,Bett,victor.bett75729@academy.ac.ke
75730,George,Ogolla,george.ogolla75730@students.ac.ke
75731,Joseph,Abdi,joseph.abdi75731@academy.ac.ke
75732,Dennis,Ogolla,dennis.ogolla75732@academy.ac.ke
75733,Brian,Muturi,brian.muturi75733@students.ac.ke
75734,Eric,Musa,eric.musa75734@academy.ac.ke
75735,Esther,Kinyua,esther.kinyua75735@students.ac.ke
75736,Gordon,Ibrahim,gordon.ibrahim75736@students.ac.ke
75737,Victor,Nduku,victor.nduku75737@college.ac.ke
75738,Beatrice,Ibrahim,beatrice.ibrahim75738@academy.ac.ke
75739,Bernard,Maina,bernard.maina75739@academy.ac.ke
75740,Catherine,Kiprotich,catherine.kiprotich75740@uni.ac.ke
75741,Harold,Achieng,harold.achieng75741@college.ac.ke
75742,Janet,Gathoni,janet.gathoni75742@school.ac.ke
75743,Florence,Ochieng,florence.ochieng75743@students.ac.ke
75744,Harold,Owino,harold.owino75744@students.ac.ke
75745,Victor,Farah,victor.farah75745@school.ac.ke
75746,Edith,Wairimu,edith.wairimu75746@school.ac.ke
75747,Harriet,Mumo,harriet.mumo75747@college.ac.ke
75748,Grace,Ahmed,grace.ahmed75748@school.ac.ke
75749,Kevin,Kyalo,kevin.kyalo75749@students.ac.ke
75750,Catherine,Mumo,catherine.mumo75750@academy.ac.ke
75751,Gloria,Njoroge,gloria.njoroge75751@students.ac.ke
75752,Diana,Ogolla,diana.ogolla75752@college.ac.ke
75753,Alice,Waweru,alice.waweru75753@school.ac.ke
75754,Henry,Waweru,henry.waweru75754@academy.ac.ke
75755,Dorothy,Njoki,dorothy.njoki75755@uni.ac.ke
75756,Quentin,Rotich,quentin.rotich75756@college.ac.ke
75757,William,Achieng,william.achieng75757@college.ac.ke
75758,Dennis,Farah,dennis.farah75758@college.ac.ke
75759,Hope,Onyango,hope.onyango75759@school.ac.ke
75760,Lydia,Koech,lydia.koech75760@school.ac.ke
75761,Kenneth,Odhiambo,kenneth.odhiambo75761@students.ac.ke
75762,Philip,Kamau,philip.kamau75762@academy.ac.ke
75763,Gloria,Okello,gloria.okello75763@school.ac.ke
75764,James,Mbatha,james.mbatha75764@students.ac.ke
75765,Ivan,Mutai,ivan.mutai75765@uni.ac.ke
75766,Thomas,Ochieng,thomas.ochieng75766@academy.ac.ke
75767,Harriet,Kyalo,harriet.kyalo75767@school.ac.ke
75768,Florence,Kimani,florence.kimani75768@uni.ac.ke
75769,Ruth,Otieno,ruth.otieno75769@uni.ac.ke
75770,Quentin,Omar,quentin.omar75770@school.ac.ke
75771,Quentin,Ogolla,quentin.ogolla75771@students.ac.ke
75772,Janet,Nzomo,janet.nzomo75772@uni.ac.ke
75773,Grace,Kinyua,grace.kinyua75773@uni.ac.ke
75774,Ivan,Nduku,ivan.nduku75774@academy.ac.ke
75775,Beatrice,Odhiambo,beatrice.odhiambo75775@college.ac.ke
75776,Noah,Otieno,noah.otieno75776@uni.ac.ke
75777,Victor,Kasyoka,victor.kasyoka75777@school.ac.ke
75778,Janet,Kiptoo,janet.kiptoo75778@students.ac.ke
75779,Jacob,Kyalo,jacob.kyalo75779@students.ac.ke
75780,Moses,Lagat,moses.lagat75780@uni.ac.ke
75781,Moses,Adhiambo,moses.adhiambo75781@school.ac.ke
75782,Douglas,Rotich,douglas.rotich75782@school.ac.ke
75783,Simon,Muturi,simon.muturi75783@school.ac.ke
75784,Bernard,Nzomo,bernard.nzomo75784@uni.ac.ke
75785,Helen,Odhiambo,helen.odhiambo75785@uni.ac.ke
75786,Dorothy,Khalid,dorothy.khalid75786@college.ac.ke
75787,Philip,Mutisya,philip.mutisya75787@college.ac.ke
75788,Kenneth,Mwenda,kenneth.mwenda75788@academy.ac.ke
75789,Oscar,Mumo,oscar.mumo75789@students.ac.ke
75790,Brian,Musa,brian.musa75790@school.ac.ke
75791,James,Ochieng,james.ochieng75791@uni.ac.ke
75792,Kevin,Mutai,kevin.mutai75792@students.ac.ke
75793,Raymond,Kinyua,raymond.kinyua75793@school.ac.ke
75794,Peter,Waweru,peter.waweru75794@school.ac.ke
75795,Lewis,Juma,lewis.juma75795@college.ac.ke
75796,Frances,Njoki,frances.njoki75796@school.ac.ke
75797,Bernard,Onyango,bernard.onyango75797@college.ac.ke
75798,Charles,Mutisya,charles.mutisya75798@uni.ac.ke
75799,Simon,Kasyoka,simon.kasyoka75799@college.ac.ke
75800,Kevin,Omondi,kevin.omondi75800@uni.ac.ke
75801,Dennis,Yusuf,dennis.yusuf75801@academy.ac.ke
75802,Henry,Koech,henry.koech75802@students.ac.ke
75803,Helen,Gichuki,helen.gichuki75803@students.ac.ke
75804,Catherine,Gitonga,catherine.gitonga75804@students.ac.ke
75805,Frances,Koech,frances.koech75805@uni.ac.ke
75806,Moses,Omar,moses.omar75806@academy.ac.ke
75807,Henry,Kimani,henry.kimani75807@school.ac.ke
75808,Francis,Mutisya,francis.mutisya75808@academy.ac.ke
75809,Jacob,Yusuf,jacob.yusuf75809@academy.ac.ke
75810,Thomas,Khalid,thomas.khalid75810@uni.ac.ke
75811,Alice,Gichuki,alice.gichuki75811@uni.ac.ke
75812,Mary,Mutai,mary.mutai75812@school.ac.ke
75813,Janet,Farah,janet.farah75813@academy.ac.ke
75814,Brian,Muturi,brian.muturi75814@college.ac.ke
75815,Isaac,Kiptoo,isaac.kiptoo75815@college.ac.ke
75816,Jacob,Kiprotich,jacob.kiprotich75816@academy.ac.ke
75817,Ivan,Odhiambo,ivan.odhiambo75817@academy.ac.ke
75818,Betty,Hassan,betty.hassan75818@uni.ac.ke
75819,Gladys,Njoki,gladys.njoki75819@uni.ac.ke
75820,Hope,Farah,hope.farah75820@students.ac.ke
75821,Irene,Gitonga,irene.gitonga75821@academy.ac.ke
75822,David,Njoroge,david.njoroge75822@school.ac.ke
75823,Philip,Kamau,philip.kamau75823@uni.ac.ke
75824,Henry,Hassan,henry.hassan75824@academy.ac.ke
75825,Joyce,Kasyoka,joyce.kasyoka75825@students.ac.ke
75826,Raymond,Kasyoka,raymond.kasyoka75826@academy.ac.ke
75827,Helen,Njoroge,helen.njoroge75827@uni.ac.ke
75828,Victor,Koech,victor.koech75828@college.ac.ke
75829,Hope,Kariuki,hope.kariuki75829@college.ac.ke
75830,Dennis,Mumo,dennis.mumo75830@students.ac.ke
75831,Carol,Musyoka,carol.musyoka75831@college.ac.ke
75832,David,Akumu,david.akumu75832@school.ac.ke
75833,Harold,Waweru,harold.waweru75833@uni.ac.ke
75834,Dorothy,Farah,dorothy.farah75834@academy.ac.ke
75835,Thomas,Musyoka,thomas.musyoka75835@uni.ac.ke
75836,Noah,Nduku,noah.nduku75836@academy.ac.ke
75837,Hope,Omondi,hope.omondi75837@students.ac.ke
75838,Alice,Abdi,alice.abdi75838@academy.ac.ke
75839,Paul,Mwenda,paul.mwenda75839@school.ac.ke
75840,Ruth,Maina,ruth.maina75840@students.ac.ke
75841,Catherine,Muturi,catherine.muturi75841@college.ac.ke
75842,Helen,Kariuki,helen.kariuki75842@academy.ac.ke
75843,Paul,Wairimu,paul.wairimu75843@students.ac.ke
75844,Harriet,Kiprotich,harriet.kiprotich75844@college.ac.ke
75845,Hope,Mbatha,hope.mbatha75845@college.ac.ke
75846,Grace,Onyango,grace.onyango75846@academy.ac.ke
75847,Kevin,Odhiambo,kevin.odhiambo75847@academy.ac.ke
75848,Edwin,Gitau,edwin.gitau75848@students.ac.ke
75849,Florence,Omondi,florence.omondi75849@uni.ac.ke
75850,Dorothy,Kariuki,dorothy.kariuki75850@students.ac.ke
75851,Gordon,Waweru,gordon.waweru75851@college.ac.ke
75852,Catherine,Yusuf,catherine.yusuf75852@college.ac.ke
75853,Helen,Bett,helen.bett75853@academy.ac.ke
75854,Joseph,Musyoka,joseph.musyoka75854@school.ac.ke
75855,Douglas,Khalid,douglas.khalid75855@uni.ac.ke
75856,Esther,Musyoka,esther.musyoka75856@uni.ac.ke
75857,Lewis,Otieno,lewis.otieno75857@school.ac.ke
75858,Ivan,Rotich,ivan.rotich75858@students.ac.ke
75859,Henry,Njoki,henry.njoki75859@academy.ac.ke
75860,Eleanor,Gitau,eleanor.gitau75860@students.ac.ke
75861,Gordon,Rotich,gordon.rotich75861@school.ac.ke
75862,Noah,Hassan,noah.hassan75862@uni.ac.ke
75863,Janet,Odhiambo,janet.odhiambo75863@college.ac.ke
75864,Lydia,Omondi,lydia.omondi75864@students.ac.ke
75865,John,Ochieng,john.ochieng75865@uni.ac.ke
75866,Helen,Kariuki,helen.kariuki75866@students.ac.ke
75867,Dennis,Mwangi,dennis.mwangi75867@students.ac.ke
75868,Charles,Chebet,charles.chebet75868@academy.ac.ke
75869,Joseph,Kimani,joseph.kimani75869@school.ac.ke
75870,Alice,Mwangi,alice.mwangi75870@uni.ac.ke
75871,Charles,Mutua,charles.mutua75871@academy.ac.ke
75872,Beatrice,Khalid,beatrice.khalid75872@students.ac.ke
75873,Adrian,Njoki,adrian.njoki75873@students.ac.ke
75874,Grace,Mutisya,grace.mutisya75874@school.ac.ke
75875,Gloria,Njoki,gloria.njoki75875@students.ac.ke
75876,Raymond,Wanjiku,raymond.wanjiku75876@uni.ac.ke
75877,Jacob,Gitonga,jacob.gitonga75877@students.ac.ke
75878,Carol,Achieng,carol.achieng75878@college.ac.ke
75879,Edith,Juma,edith.juma75879@college.ac.ke
75880,Dennis,Ruto,dennis.ruto75880@college.ac.ke
75881,Noah,Ogolla,noah.ogolla75881@school.ac.ke
75882,John,Gichuki,john.gichuki75882@uni.ac.ke
75883,Daniel,Abdi,daniel.abdi75883@uni.ac.ke
75884,Joyce,Bett,joyce.bett75884@academy.ac.ke
75885,Betty,Maina,betty.maina75885@school.ac.ke
75886,Thomas,Mutua,thomas.mutua75886@school.ac.ke
75887,Hannah,Nduku,hannah.nduku75887@students.ac.ke
75888,Gloria,Hassan,gloria.hassan75888@academy.ac.ke
75889,Jacob,Abdi,jacob.abdi75889@students.ac.ke
75890,Irene,Onyango,irene.onyango75890@school.ac.ke
75891,Kevin,Kamau,kevin.kamau75891@uni.ac.ke
75892,Raymond,Mwangi,raymond.mwangi75892@college.ac.ke
75893,John,Mutai,john.mutai75893@school.ac.ke
75894,Harriet,Mutisya,harriet.mutisya75894@college.ac.ke
75895,Edwin,Adhiambo,edwin.adhiambo75895@uni.ac.ke
75896,Samuel,Lagat,samuel.lagat75896@academy.ac.ke
75897,Carol,Waweru,carol.waweru75897@academy.ac.ke
75898,Joseph,Otieno,joseph.otieno75898@college.ac.ke
75899,Victor,Mutai,victor.mutai75899@students.ac.ke
75900,Hope,Maina,hope.maina75900@uni.ac.ke
75901,Henry,Ngetich,henry.ngetich75901@students.ac.ke
75902,Gloria,Ngetich,gloria.ngetich75902@college.ac.ke
75903,Raymond,Njoki,raymond.njoki75903@uni.ac.ke
75904,Julian,Mwangi,julian.mwangi75904@uni.ac.ke
75905,Dennis,Kiprotich,dennis.kiprotich75905@students.ac.ke
75906,Moses,Kariuki,moses.kariuki75906@academy.ac.ke
75907,Gordon,Njoki,gordon.njoki75907@school.ac.ke
75908,Esther,Mumo,esther.mumo75908@students.ac.ke
75909,Noah,Gitau,noah.gitau75909@college.ac.ke
75910,Victor,Chebet,victor.chebet75910@academy.ac.ke
75911,Joy,Otieno,joy.otieno75911@uni.ac.ke
75912,Dennis,Kimani,dennis.kimani75912@students.ac.ke
75913,David,Yusuf,david.yusuf75913@uni.ac.ke
75914,Edith,Wairimu,edith.wairimu75914@college.ac.ke
75915,Mary,Wairimu,mary.wairimu75915@uni.ac.ke
75916,Joseph,Ibrahim,joseph.ibrahim75916@college.ac.ke
75917,Beatrice,Kimani,beatrice.kimani75917@uni.ac.ke
75918,Jacob,Ruto,jacob.ruto75918@college.ac.ke
75919,Faith,Mwenda,faith.mwenda75919@school.ac.ke
75920,Douglas,Ruto,douglas.ruto75920@school.ac.ke
75921,Dennis,Mumo,dennis.mumo75921@school.ac.ke
75922,Oscar,Mutisya,oscar.mutisya75922@academy.ac.ke
75923,George,Gitau,george.gitau75923@college.ac.ke
75924,Helen,Juma,helen.juma75924@college.ac.ke
75925,Simon,Omondi,simon.omondi75925@uni.ac.ke
75926,Gloria,Mutai,gloria.mutai75926@students.ac.ke
75927,Raymond,Khalid,raymond.khalid75927@students.ac.ke
75928,Raymond,Wairimu,raymond.wairimu75928@school.ac.ke
75929,William,Ngetich,william.ngetich75929@academy.ac.ke
75930,Dennis,Kyalo,dennis.kyalo75930@students.ac.ke
75931,Edith,Owino,edith.owino75931@college.ac.ke
75932,John,Njoki,john.njoki75932@students.ac.ke
75933,Faith,Mutua,faith.mutua75933@students.ac.ke
75934,Hannah,Nduku,hannah.nduku75934@academy.ac.ke
75935,Bernard,Otieno,bernard.otieno75935@college.ac.ke
75936,Janet,Gitonga,janet.gitonga75936@students.ac.ke
75937,Eleanor,Njoki,eleanor.njoki75937@academy.ac.ke
75938,Moses,Koech,moses.koech75938@academy.ac.ke
75939,Edith,Kiprotich,edith.kiprotich75939@uni.ac.ke
75940,Dorothy,Gichuki,dorothy.gichuki75940@college.ac.ke
75941,Hope,Farah,hope.farah75941@academy.ac.ke
75942,Esther,Ruto,esther.ruto75942@students.ac.ke
75943,Adrian,Omar,adrian.omar75943@college.ac.ke
75944,Harriet,Mwangi,harriet.mwangi75944@uni.ac.ke
75945,Samuel,Mbatha,samuel.mbatha75945@academy.ac.ke
75946,Paul,Nduku,paul.nduku75946@academy.ac.ke
75947,Grace,Gathoni,grace.gathoni75947@students.ac.ke
75948,Irene,Chebet,irene.chebet75948@school.ac.ke
75949,Philip,Musyoka,philip.musyoka75949@college.ac.ke
75950,Faith,Yusuf,faith.yusuf75950@school.ac.ke
75951,Naomi,Mwenda,naomi.mwenda75951@students.ac.ke
75952,Edith,Mutisya,edith.mutisya75952@students.ac.ke
75953,Francis,Ndegwa,francis.ndegwa75953@students.ac.ke
75954,James,Ndegwa,james.ndegwa75954@school.ac.ke
75955,Gladys,Omar,gladys.omar75955@school.ac.ke
75956,Lewis,Njoroge,lewis.njoroge75956@school.ac.ke
75957,John,Kariuki,john.kariuki75957@school.ac.ke
75958,Edith,Gitau,edith.gitau75958@uni.ac.ke
75959,Helen,Farah,helen.farah75959@school.ac.ke
75960,Helen,Ngetich,helen.ngetich75960@school.ac.ke
75961,Grace,Onyango,grace.onyango75961@academy.ac.ke
75962,Harold,Mbatha,harold.mbatha75962@students.ac.ke
75963,Irene,Koech,irene.koech75963@students.ac.ke
75964,Lydia,Juma,lydia.juma75964@college.ac.ke
75965,George,Omondi,george.omondi75965@uni.ac.ke
75966,Francis,Kiptoo,francis.kiptoo75966@uni.ac.ke
75967,Daniel,Lagat,daniel.lagat75967@uni.ac.ke
75968,Thomas,Ibrahim,thomas.ibrahim75968@academy.ac.ke
75969,Lewis,Ahmed,lewis.ahmed75969@students.ac.ke
75970,James,Kimani,james.kimani75970@school.ac.ke
75971,Eric,Mutisya,eric.mutisya75971@school.ac.ke
75972,Irene,Ahmed,irene.ahmed75972@academy.ac.ke
75973,Kenneth,Abdi,kenneth.abdi75973@school.ac.ke
75974,Lydia,Mwangi,lydia.mwangi75974@school.ac.ke
75975,Isaac,Mbatha,isaac.mbatha75975@uni.ac.ke
75976,Hannah,Ogolla,hannah.ogolla75976@students.ac.ke
75977,Dorothy,Ogolla,dorothy.ogolla75977@college.ac.ke
75978,Francis,Gathoni,francis.gathoni75978@academy.ac.ke
75979,Philip,Muturi,philip.muturi75979@students.ac.ke
75980,Irene,Mutisya,irene.mutisya75980@academy.ac.ke
75981,Michael,Musa,michael.musa75981@uni.ac.ke
75982,Beatrice,Muturi,beatrice.muturi75982@college.ac.ke
75983,Kenneth,Ngetich,kenneth.ngetich75983@academy.ac.ke
75984,Edith,Mutai,edith.mutai75984@uni.ac.ke
75985,Eleanor,Mutai,eleanor.mutai75985@academy.ac.ke
75986,Gloria,Musa,gloria.musa75986@uni.ac.ke
75987,Ruth,Juma,ruth.juma75987@uni.ac.ke
75988,Lydia,Mutua,lydia.mutua75988@school.ac.ke
75989,Dennis,Omondi,dennis.omondi75989@uni.ac.ke
75990,Naomi,Kimani,naomi.kimani75990@college.ac.ke
75991,William,Nzomo,william.nzomo75991@college.ac.ke
75992,Thomas,Kariuki,thomas.kariuki75992@students.ac.ke
75993,Diana,Mutua,diana.mutua75993@uni.ac.ke
75994,Adrian,Nzomo,adrian.nzomo75994@school.ac.ke
75995,Joseph,Achieng,joseph.achieng75995@academy.ac.ke
75996,Eric,Ahmed,eric.ahmed75996@academy.ac.ke
75997,Kenneth,Ochieng,kenneth.ochieng75997@college.ac.ke
75998,Oscar,Gitau,oscar.gitau75998@students.ac.ke
75999,Jacob,Gitau,jacob.gitau75999@students.ac.ke
76000,Daniel,Mutua,daniel.mutua76000@college.ac.ke
76001,Frances,Khalid,frances.khalid76001@uni.ac.ke
76002,Irene,Rotich,irene.rotich76002@academy.ac.ke
76003,David,Abdi,david.abdi76003@uni.ac.ke
76004,John,Wairimu,john.wairimu76004@school.ac.ke
76005,Eleanor,Gichuki,eleanor.gichuki76005@school.ac.ke
76006,Francis,Mutai,francis.mutai76006@college.ac.ke
76007,Joy,Ochieng,joy.ochieng76007@school.ac.ke
76008,Dorothy,Maina,dorothy.maina76008@school.ac.ke
76009,Kevin,Okello,kevin.okello76009@college.ac.ke
76010,Thomas,Gichuki,thomas.gichuki76010@academy.ac.ke
76011,Helen,Odhiambo,helen.odhiambo76011@students.ac.ke
76012,Oscar,Njoki,oscar.njoki76012@academy.ac.ke
76013,Ruth,Ochieng,ruth.ochieng76013@uni.ac.ke
76014,Noah,Onyango,noah.onyango76014@school.ac.ke
76015,Samuel,Kinyua,samuel.kinyua76015@students.ac.ke
76016,Paul,Gitau,paul.gitau76016@uni.ac.ke
76017,Edith,Kamau,edith.kamau76017@college.ac.ke
76018,Jacob,Ngetich,jacob.ngetich76018@school.ac.ke
76019,John,Awuor,john.awuor76019@students.ac.ke
76020,Raymond,Kariuki,raymond.kariuki76020@school.ac.ke
76021,Catherine,Ngetich,catherine.ngetich76021@students.ac.ke
76022,Eleanor,Awuor,eleanor.awuor76022@college.ac.ke
76023,Victor,Kiprotich,victor.kiprotich76023@academy.ac.ke
76024,Grace,Abdi,grace.abdi76024@school.ac.ke
76025,Daniel,Kariuki,daniel.kariuki76025@academy.ac.ke
76026,Naomi,Okello,naomi.okello76026@academy.ac.ke
76027,Adrian,Owino,adrian.owino76027@school.ac.ke
76028,Mary,Maina,mary.maina76028@college.ac.ke
76029,Hannah,Owino,hannah.owino76029@uni.ac.ke
76030,Harriet,Kariuki,harriet.kariuki76030@students.ac.ke
76031,Thomas,Kasyoka,thomas.kasyoka76031@school.ac.ke
76032,Eleanor,Juma,eleanor.juma76032@students.ac.ke
76033,Adrian,Ngetich,adrian.ngetich76033@students.ac.ke
76034,Daniel,Ahmed,daniel.ahmed76034@uni.ac.ke
76035,George,Mwenda,george.mwenda76035@students.ac.ke
76036,Carol,Achieng,carol.achieng76036@college.ac.ke
76037,Samuel,Mutua,samuel.mutua76037@students.ac.ke
76038,Hope,Kariuki,hope.kariuki76038@students.ac.ke
76039,Eric,Kamau,eric.kamau76039@uni.ac.ke
76040,Peter,Kariuki,peter.kariuki76040@uni.ac.ke
76041,Gordon,Mumo,gordon.mumo76041@uni.ac.ke
76042,Jacob,Chebet,jacob.chebet76042@college.ac.ke
76043,Harold,Ibrahim,harold.ibrahim76043@uni.ac.ke
76044,Hannah,Njuguna,hannah.njuguna76044@college.ac.ke
76045,Joyce,Abdi,joyce.abdi76045@students.ac.ke
76046,James,Njoroge,james.njoroge76046@students.ac.ke
76047,Thomas,Kiprotich,thomas.kiprotich76047@students.ac.ke
76048,Florence,Omar,florence.omar76048@students.ac.ke
76049,Irene,Kyalo,irene.kyalo76049@academy.ac.ke
76050,Bernard,Bett,bernard.bett76050@school.ac.ke
76051,Bernard,Gitonga,bernard.gitonga76051@college.ac.ke
76052,Janet,Omondi,janet.omondi76052@academy.ac.ke
76053,Brian,Adhiambo,brian.adhiambo76053@school.ac.ke
76054,Moses,Kiprotich,moses.kiprotich76054@college.ac.ke
76055,Grace,Juma,grace.juma76055@school.ac.ke
76056,Dorothy,Ruto,dorothy.ruto76056@academy.ac.ke
76057,Diana,Ruto,diana.ruto76057@school.ac.ke
76058,Simon,Awuor,simon.awuor76058@academy.ac.ke
76059,Gordon,Ngetich,gordon.ngetich76059@school.ac.ke
76060,Gloria,Otieno,gloria.otieno76060@students.ac.ke
76061,Hannah,Kyalo,hannah.kyalo76061@college.ac.ke
76062,Michael,Wanjiku,michael.wanjiku76062@students.ac.ke
76063,William,Farah,william.farah76063@uni.ac.ke
76064,Esther,Nduku,esther.nduku76064@school.ac.ke
76065,Eric,Ibrahim,eric.ibrahim76065@uni.ac.ke
76066,George,Kamau,george.kamau76066@uni.ac.ke
76067,Joy,Ochieng,joy.ochieng76067@academy.ac.ke
76068,Ruth,Khalid,ruth.khalid76068@students.ac.ke
76069,Julian,Mumo,julian.mumo76069@students.ac.ke
76070,Julian,Mutua,julian.mutua76070@college.ac.ke
76071,Francis,Ruto,francis.ruto76071@college.ac.ke
76072,Beatrice,Njoki,beatrice.njoki76072@college.ac.ke
76073,Hope,Ndegwa,hope.ndegwa76073@school.ac.ke
76074,Lydia,Owino,lydia.owino76074@students.ac.ke
76075,Dorothy,Kiprotich,dorothy.kiprotich76075@students.ac.ke
76076,Mary,Achieng,mary.achieng76076@college.ac.ke
76077,Lydia,Akumu,lydia.akumu76077@academy.ac.ke
76078,Kenneth,Omondi,kenneth.omondi76078@students.ac.ke
76079,Carol,Koech,carol.koech76079@academy.ac.ke
76080,Gloria,Musa,gloria.musa76080@uni.ac.ke
76081,Grace,Lagat,grace.lagat76081@school.ac.ke
76082,Eleanor,Awuor,eleanor.awuor76082@students.ac.ke
76083,Irene,Onyango,irene.onyango76083@school.ac.ke
76084,Betty,Adhiambo,betty.adhiambo76084@school.ac.ke
76085,Kevin,Gichuki,kevin.gichuki76085@college.ac.ke
76086,Moses,Ochieng,moses.ochieng76086@school.ac.ke
76087,Janet,Njoki,janet.njoki76087@uni.ac.ke
76088,Joy,Mutai,joy.mutai76088@school.ac.ke
76089,Lydia,Njoroge,lydia.njoroge76089@students.ac.ke
76090,Michael,Akumu,michael.akumu76090@uni.ac.ke
76091,Lydia,Ndegwa,lydia.ndegwa76091@uni.ac.ke
76092,Faith,Kyalo,faith.kyalo76092@uni.ac.ke
76093,Philip,Njoki,philip.njoki76093@students.ac.ke
76094,Esther,Kasyoka,esther.kasyoka76094@school.ac.ke
76095,Esther,Juma,esther.juma76095@college.ac.ke
76096,Moses,Achieng,moses.achieng76096@school.ac.ke
76097,Philip,Wanjiku,philip.wanjiku76097@school.ac.ke
76098,Edwin,Kasyoka,edwin.kasyoka76098@academy.ac.ke
76099,Oscar,Hassan,oscar.hassan76099@academy.ac.ke
76100,Paul,Ahmed,paul.ahmed76100@school.ac.ke
76101,Beatrice,Mutai,beatrice.mutai76101@school.ac.ke
76102,Ruth,Ruto,ruth.ruto76102@students.ac.ke
76103,John,Ahmed,john.ahmed76103@students.ac.ke
76104,Isaac,Yusuf,isaac.yusuf76104@academy.ac.ke
76105,Isaac,Kiprotich,isaac.kiprotich76105@students.ac.ke
76106,Dennis,Maina,dennis.maina76106@students.ac.ke
76107,Douglas,Kiptoo,douglas.kiptoo76107@college.ac.ke
76108,Ivan,Ogolla,ivan.ogolla76108@students.ac.ke
76109,Peter,Omar,peter.omar76109@students.ac.ke
76110,Samuel,Njoroge,samuel.njoroge76110@uni.ac.ke
76111,Joseph,Khalid,joseph.khalid76111@uni.ac.ke
76112,Eric,Kariuki,eric.kariuki76112@school.ac.ke
76113,George,Kiprotich,george.kiprotich76113@academy.ac.ke
76114,Lewis,Otieno,lewis.otieno76114@academy.ac.ke
76115,Robert,Juma,robert.juma76115@students.ac.ke
76116,Ivan,Kariuki,ivan.kariuki76116@school.ac.ke
76117,Harold,Nzomo,harold.nzomo76117@students.ac.ke
76118,Simon,Lagat,simon.lagat76118@academy.ac.ke
76119,Eleanor,Abdi,eleanor.abdi76119@college.ac.ke
76120,Mary,Maina,mary.maina76120@uni.ac.ke
76121,Simon,Omar,simon.omar76121@college.ac.ke
76122,William,Omar,william.omar76122@college.ac.ke
76123,Esther,Ndegwa,esther.ndegwa76123@students.ac.ke
76124,Agnes,Kinyua,agnes.kinyua76124@academy.ac.ke
76125,Ivan,Lagat,ivan.lagat76125@school.ac.ke
76126,Catherine,Muturi,catherine.muturi76126@academy.ac.ke
76127,Esther,Njuguna,esther.njuguna76127@school.ac.ke
76128,Naomi,Kamau,naomi.kamau76128@students.ac.ke
76129,Hannah,Mwangi,hannah.mwangi76129@school.ac.ke
76130,Faith,Njoki,faith.njoki76130@school.ac.ke
76131,John,Farah,john.farah76131@school.ac.ke
76132,Agnes,Omar,agnes.omar76132@academy.ac.ke
76133,Thomas,Chebet,thomas.chebet76133@students.ac.ke
76134,Isaac,Gitau,isaac.gitau76134@students.ac.ke
76135,Henry,Abdi,henry.abdi76135@college.ac.ke
76136,Lewis,Awuor,lewis.awuor76136@school.ac.ke
76137,Kevin,Waweru,kevin.waweru76137@school.ac.ke
76138,Beatrice,Kiprotich,beatrice.kiprotich76138@school.ac.ke
76139,Agnes,Gitau,agnes.gitau76139@students.ac.ke
76140,Eric,Njoroge,eric.njoroge76140@college.ac.ke
76141,Adrian,Owino,adrian.owino76141@academy.ac.ke
76142,Dennis,Abdi,dennis.abdi76142@college.ac.ke
76143,Beatrice,Owino,beatrice.owino76143@uni.ac.ke
76144,Helen,Maina,helen.maina76144@college.ac.ke
76145,Agnes,Ngetich,agnes.ngetich76145@academy.ac.ke
76146,Agnes,Musa,agnes.musa76146@school.ac.ke
76147,Frances,Koech,frances.koech76147@academy.ac.ke
76148,Charles,Kiprotich,charles.kiprotich76148@uni.ac.ke
76149,Paul,Chebet,paul.chebet76149@academy.ac.ke
76150,Beatrice,Ahmed,beatrice.ahmed76150@school.ac.ke
76151,Grace,Ahmed,grace.ahmed76151@uni.ac.ke
76152,Philip,Kiprotich,philip.kiprotich76152@students.ac.ke
76153,Lewis,Onyango,lewis.onyango76153@academy.ac.ke
76154,Isaac,Omar,isaac.omar76154@school.ac.ke
76155,Esther,Omar,esther.omar76155@college.ac.ke
76156,Julian,Musyoka,julian.musyoka76156@college.ac.ke
76157,Paul,Muturi,paul.muturi76157@academy.ac.ke
76158,Michael,Wanjiku,michael.wanjiku76158@academy.ac.ke
76159,Alice,Odhiambo,alice.odhiambo76159@school.ac.ke
76160,Isaac,Koech,isaac.koech76160@students.ac.ke
76161,Douglas,Farah,douglas.farah76161@uni.ac.ke
76162,David,Gitonga,david.gitonga76162@uni.ac.ke
76163,Michael,Kinyua,michael.kinyua76163@academy.ac.ke
76164,Irene,Ibrahim,irene.ibrahim76164@students.ac.ke
76165,Adrian,Kimani,adrian.kimani76165@uni.ac.ke
76166,Edith,Kinyua,edith.kinyua76166@school.ac.ke
76167,William,Gichuki,william.gichuki76167@school.ac.ke
76168,Charles,Waweru,charles.waweru76168@college.ac.ke
76169,Douglas,Kiprotich,douglas.kiprotich76169@uni.ac.ke
76170,Philip,Odhiambo,philip.odhiambo76170@college.ac.ke
76171,Agnes,Kimani,agnes.kimani76171@college.ac.ke
76172,Joseph,Ndegwa,joseph.ndegwa76172@students.ac.ke
76173,Quentin,Akumu,quentin.akumu76173@college.ac.ke
76174,Eleanor,Ochieng,eleanor.ochieng76174@students.ac.ke
76175,Frances,Kamau,frances.kamau76175@college.ac.ke
76176,Hannah,Rotich,hannah.rotich76176@school.ac.ke
76177,Harriet,Abdi,harriet.abdi76177@academy.ac.ke
76178,Oscar,Njoki,oscar.njoki76178@college.ac.ke
76179,George,Njoroge,george.njoroge76179@students.ac.ke
76180,Esther,Kinyua,esther.kinyua76180@academy.ac.ke
76181,William,Akumu,william.akumu76181@academy.ac.ke
76182,Hope,Okello,hope.okello76182@academy.ac.ke
76183,Dorothy,Njuguna,dorothy.njuguna76183@school.ac.ke
76184,Moses,Ahmed,moses.ahmed76184@uni.ac.ke
76185,David,Adhiambo,david.adhiambo76185@uni.ac.ke
76186,Carol,Gitau,carol.gitau76186@college.ac.ke
76187,William,Ruto,william.ruto76187@academy.ac.ke
76188,Carol,Ndegwa,carol.ndegwa76188@uni.ac.ke
76189,Francis,Kasyoka,francis.kasyoka76189@school.ac.ke
76190,Peter,Kariuki,peter.kariuki76190@school.ac.ke
76191,Henry,Yusuf,henry.yusuf76191@uni.ac.ke
76192,Julian,Akumu,julian.akumu76192@students.ac.ke
76193,Lydia,Ndegwa,lydia.ndegwa76193@uni.ac.ke
76194,Betty,Muturi,betty.muturi76194@uni.ac.ke
76195,Harold,Achieng,harold.achieng76195@students.ac.ke
76196,Paul,Mutai,paul.mutai76196@uni.ac.ke
76197,Irene,Maina,irene.maina76197@academy.ac.ke
76198,Kenneth,Onyango,kenneth.onyango76198@academy.ac.ke
76199,Noah,Khalid,noah.khalid76199@students.ac.ke
76200,Agnes,Farah,agnes.farah76200@academy.ac.ke
76201,George,Mutai,george.mutai76201@academy.ac.ke
76202,James,Gitonga,james.gitonga76202@students.ac.ke
76203,Frances,Maina,frances.maina76203@college.ac.ke
76204,Brian,Maina,brian.maina76204@college.ac.ke
76205,Gloria,Gichuki,gloria.gichuki76205@uni.ac.ke
76206,Hannah,Gitonga,hannah.gitonga76206@students.ac.ke
76207,Noah,Khalid,noah.khalid76207@college.ac.ke
76208,Peter,Njoki,peter.njoki76208@uni.ac.ke
76209,Bernard,Koech,bernard.koech76209@uni.ac.ke
76210,John,Lagat,john.lagat76210@students.ac.ke
76211,Oscar,Gitonga,oscar.gitonga76211@students.ac.ke
76212,Quentin,Nzomo,quentin.nzomo76212@students.ac.ke
76213,Betty,Mwangi,betty.mwangi76213@students.ac.ke
76214,James,Kamau,james.kamau76214@academy.ac.ke
76215,Edith,Mwangi,edith.mwangi76215@college.ac.ke
76216,Florence,Nzomo,florence.nzomo76216@students.ac.ke
76217,Hope,Mutisya,hope.mutisya76217@uni.ac.ke
76218,Joseph,Kamau,joseph.kamau76218@academy.ac.ke
76219,Bernard,Kyalo,bernard.kyalo76219@uni.ac.ke
76220,Agnes,Otieno,agnes.otieno76220@academy.ac.ke
76221,Hannah,Waweru,hannah.waweru76221@school.ac.ke
76222,Irene,Ogolla,irene.ogolla76222@academy.ac.ke
76223,Edith,Ndegwa,edith.ndegwa76223@academy.ac.ke
76224,Betty,Rotich,betty.rotich76224@school.ac.ke
76225,Beatrice,Njuguna,beatrice.njuguna76225@school.ac.ke
76226,Eleanor,Muturi,eleanor.muturi76226@uni.ac.ke
76227,Joyce,Ibrahim,joyce.ibrahim76227@students.ac.ke
76228,Peter,Musyoka,peter.musyoka76228@school.ac.ke
76229,Samuel,Kiptoo,samuel.kiptoo76229@college.ac.ke
76230,Moses,Ogolla,moses.ogolla76230@uni.ac.ke
76231,William,Maina,william.maina76231@students.ac.ke
76232,Agnes,Chebet,agnes.chebet76232@school.ac.ke
76233,Eric,Akumu,eric.akumu76233@college.ac.ke
76234,Irene,Mwenda,irene.mwenda76234@academy.ac.ke
76235,Faith,Odhiambo,faith.odhiambo76235@school.ac.ke
76236,Joyce,Onyango,joyce.onyango76236@college.ac.ke
76237,Ivan,Kimani,ivan.kimani76237@students.ac.ke
76238,Betty,Kasyoka,betty.kasyoka76238@academy.ac.ke
76239,Noah,Musa,noah.musa76239@school.ac.ke
76240,Noah,Maina,noah.maina76240@college.ac.ke
76241,Ivan,Gitonga,ivan.gitonga76241@academy.ac.ke
76242,Gladys,Chebet,gladys.chebet76242@uni.ac.ke
76243,Eleanor,Njoroge,eleanor.njoroge76243@uni.ac.ke
76244,Agnes,Yusuf,agnes.yusuf76244@students.ac.ke
76245,Simon,Gitau,simon.gitau76245@college.ac.ke
76246,Janet,Omar,janet.omar76246@uni.ac.ke
76247,Joy,Juma,joy.juma76247@uni.ac.ke
76248,Joseph,Ogolla,joseph.ogolla76248@academy.ac.ke
76249,Agnes,Akumu,agnes.akumu76249@college.ac.ke
76250,Alice,Kinyua,alice.kinyua76250@academy.ac.ke
76251,Simon,Nzomo,simon.nzomo76251@college.ac.ke
76252,Hope,Bett,hope.bett76252@school.ac.ke
76253,Catherine,Kyalo,catherine.kyalo76253@school.ac.ke
76254,Henry,Mumo,henry.mumo76254@uni.ac.ke
76255,Quentin,Owino,quentin.owino76255@uni.ac.ke
76256,Harold,Ruto,harold.ruto76256@college.ac.ke
76257,Frances,Kyalo,frances.kyalo76257@school.ac.ke
76258,Douglas,Ogolla,douglas.ogolla76258@school.ac.ke
76259,Thomas,Gichuki,thomas.gichuki76259@uni.ac.ke
76260,Naomi,Owino,naomi.owino76260@students.ac.ke
76261,Naomi,Mutai,naomi.mutai76261@college.ac.ke
76262,Ruth,Ruto,ruth.ruto76262@academy.ac.ke
76263,Victor,Kinyua,victor.kinyua76263@school.ac.ke
76264,Victor,Chebet,victor.chebet76264@uni.ac.ke
76265,Isaac,Mwangi,isaac.mwangi76265@academy.ac.ke
76266,Joyce,Kiptoo,joyce.kiptoo76266@students.ac.ke
76267,Julian,Lagat,julian.lagat76267@uni.ac.ke
76268,Brian,Kasyoka,brian.kasyoka76268@uni.ac.ke
76269,Joy,Mwangi,joy.mwangi76269@academy.ac.ke
76270,Lydia,Hassan,lydia.hassan76270@college.ac.ke
76271,Julian,Koech,julian.koech76271@academy.ac.ke
76272,Daniel,Njoroge,daniel.njoroge76272@uni.ac.ke
76273,Francis,Hassan,francis.hassan76273@uni.ac.ke
76274,Charles,Nduku,charles.nduku76274@college.ac.ke
76275,Lewis,Kimani,lewis.kimani76275@academy.ac.ke
76276,Ivan,Yusuf,ivan.yusuf76276@academy.ac.ke
76277,Edith,Kinyua,edith.kinyua76277@uni.ac.ke
76278,George,Mwenda,george.mwenda76278@students.ac.ke
76279,Victor,Kinyua,victor.kinyua76279@school.ac.ke
76280,George,Gitonga,george.gitonga76280@students.ac.ke
76281,William,Omondi,william.omondi76281@uni.ac.ke
76282,Harriet,Bett,harriet.bett76282@college.ac.ke
76283,Kenneth,Nzomo,kenneth.nzomo76283@school.ac.ke
76284,Bernard,Adhiambo,bernard.adhiambo76284@college.ac.ke
76285,Charles,Waweru,charles.waweru76285@academy.ac.ke
76286,Gladys,Ochieng,gladys.ochieng76286@uni.ac.ke
76287,Brian,Yusuf,brian.yusuf76287@academy.ac.ke
76288,Philip,Hassan,philip.hassan76288@college.ac.ke
76289,Mary,Achieng,mary.achieng76289@uni.ac.ke
76290,Carol,Ndegwa,carol.ndegwa76290@students.ac.ke
76291,Peter,Kinyua,peter.kinyua76291@students.ac.ke
76292,Peter,Okello,peter.okello76292@college.ac.ke
76293,Charles,Mbatha,charles.mbatha76293@college.ac.ke
76294,Lewis,Yusuf,lewis.yusuf76294@school.ac.ke
76295,Ivan,Nzomo,ivan.nzomo76295@academy.ac.ke
76296,Betty,Adhiambo,betty.adhiambo76296@academy.ac.ke
76297,Agnes,Kinyua,agnes.kinyua76297@school.ac.ke
76298,Eric,Farah,eric.farah76298@school.ac.ke
76299,John,Njuguna,john.njuguna76299@school.ac.ke
76300,Harold,Koech,harold.koech76300@uni.ac.ke
76301,Lydia,Njoroge,lydia.njoroge76301@academy.ac.ke
76302,Isaac,Owino,isaac.owino76302@uni.ac.ke
76303,Dennis,Kariuki,dennis.kariuki76303@academy.ac.ke
76304,Julian,Adhiambo,julian.adhiambo76304@students.ac.ke
76305,Mary,Kasyoka,mary.kasyoka76305@uni.ac.ke
76306,Gladys,Mwangi,gladys.mwangi76306@academy.ac.ke
76307,Frances,Achieng,frances.achieng76307@school.ac.ke
76308,Naomi,Otieno,naomi.otieno76308@school.ac.ke
76309,Mary,Mwangi,mary.mwangi76309@students.ac.ke
76310,Francis,Bett,francis.bett76310@college.ac.ke
76311,Julian,Ruto,julian.ruto76311@uni.ac.ke
76312,Helen,Wanjiku,helen.wanjiku76312@school.ac.ke
76313,William,Onyango,william.onyango76313@academy.ac.ke
76314,Bernard,Ndegwa,bernard.ndegwa76314@uni.ac.ke
76315,Julian,Kimani,julian.kimani76315@academy.ac.ke
76316,Eleanor,Hassan,eleanor.hassan76316@college.ac.ke
76317,Kenneth,Gitau,kenneth.gitau76317@school.ac.ke
76318,Diana,Kyalo,diana.kyalo76318@school.ac.ke
76319,Joyce,Mumo,joyce.mumo76319@academy.ac.ke
76320,Irene,Mutisya,irene.mutisya76320@college.ac.ke
76321,Gordon,Gichuki,gordon.gichuki76321@academy.ac.ke
76322,Catherine,Mwenda,catherine.mwenda76322@college.ac.ke
76323,Henry,Njoroge,henry.njoroge76323@school.ac.ke
76324,Adrian,Njoki,adrian.njoki76324@college.ac.ke
76325,James,Gitonga,james.gitonga76325@academy.ac.ke
76326,Irene,Koech,irene.koech76326@college.ac.ke
76327,Gladys,Musyoka,gladys.musyoka76327@academy.ac.ke
76328,Adrian,Nzomo,adrian.nzomo76328@academy.ac.ke
76329,Harold,Ahmed,harold.ahmed76329@students.ac.ke
76330,Joy,Mumo,joy.mumo76330@school.ac.ke
76331,Adrian,Gitonga,adrian.gitonga76331@academy.ac.ke
76332,Helen,Gitonga,helen.gitonga76332@students.ac.ke
76333,Grace,Ngetich,grace.ngetich76333@school.ac.ke
76334,Henry,Gathoni,henry.gathoni76334@school.ac.ke
76335,Quentin,Odhiambo,quentin.odhiambo76335@school.ac.ke
76336,Bernard,Ruto,bernard.ruto76336@school.ac.ke
76337,Hannah,Mutisya,hannah.mutisya76337@students.ac.ke
76338,Esther,Hassan,esther.hassan76338@uni.ac.ke
76339,Lydia,Ndegwa,lydia.ndegwa76339@school.ac.ke
76340,Lewis,Gathoni,lewis.gathoni76340@academy.ac.ke
76341,Grace,Mbatha,grace.mbatha76341@academy.ac.ke
76342,Michael,Mwenda,michael.mwenda76342@school.ac.ke
76343,Faith,Yusuf,faith.yusuf76343@students.ac.ke
76344,Diana,Muturi,diana.muturi76344@school.ac.ke
76345,Paul,Odhiambo,paul.odhiambo76345@students.ac.ke
76346,Moses,Kasyoka,moses.kasyoka76346@academy.ac.ke
76347,Dennis,Musa,dennis.musa76347@uni.ac.ke
76348,Douglas,Mutua,douglas.mutua76348@academy.ac.ke
76349,Ivan,Juma,ivan.juma76349@school.ac.ke
76350,Faith,Wairimu,faith.wairimu76350@school.ac.ke
76351,Edwin,Kamau,edwin.kamau76351@uni.ac.ke
76352,Lydia,Nduku,lydia.nduku76352@students.ac.ke
76353,Thomas,Kiprotich,thomas.kiprotich76353@uni.ac.ke
76354,Betty,Mwangi,betty.mwangi76354@uni.ac.ke
76355,Alice,Kiptoo,alice.kiptoo76355@school.ac.ke
76356,Douglas,Gitonga,douglas.gitonga76356@uni.ac.ke
76357,Joy,Mutisya,joy.mutisya76357@school.ac.ke
76358,Francis,Onyango,francis.onyango76358@students.ac.ke
76359,Eric,Kamau,eric.kamau76359@academy.ac.ke
76360,Dennis,Ruto,dennis.ruto76360@academy.ac.ke
76361,Simon,Okello,simon.okello76361@school.ac.ke
76362,William,Abdi,william.abdi76362@uni.ac.ke
76363,Betty,Mumo,betty.mumo76363@school.ac.ke
76364,Edwin,Koech,edwin.koech76364@students.ac.ke
76365,Oscar,Njoki,oscar.njoki76365@uni.ac.ke
76366,Agnes,Omar,agnes.omar76366@uni.ac.ke
76367,Francis,Otieno,francis.otieno76367@college.ac.ke
76368,Lewis,Ochieng,lewis.ochieng76368@school.ac.ke
76369,Faith,Chebet,faith.chebet76369@school.ac.ke
76370,Francis,Mwenda,francis.mwenda76370@students.ac.ke
76371,Paul,Awuor,paul.awuor76371@students.ac.ke
76372,Dennis,Nzomo,dennis.nzomo76372@school.ac.ke
76373,Edith,Okello,edith.okello76373@uni.ac.ke
76374,Gordon,Kamau,gordon.kamau76374@academy.ac.ke
76375,Eleanor,Ahmed,eleanor.ahmed76375@school.ac.ke
76376,Diana,Mutai,diana.mutai76376@uni.ac.ke
76377,Adrian,Chebet,adrian.chebet76377@school.ac.ke
76378,Simon,Achieng,simon.achieng76378@school.ac.ke
76379,Edith,Kasyoka,edith.kasyoka76379@students.ac.ke
76380,George,Nduku,george.nduku76380@college.ac.ke
76381,Eleanor,Wairimu,eleanor.wairimu76381@students.ac.ke
76382,Isaac,Wairimu,isaac.wairimu76382@school.ac.ke
76383,David,Gathoni,david.gathoni76383@students.ac.ke
76384,Agnes,Nzomo,agnes.nzomo76384@students.ac.ke
76385,Harold,Kimani,harold.kimani76385@academy.ac.ke
76386,Lydia,Ruto,lydia.ruto76386@students.ac.ke
76387,Beatrice,Ngetich,beatrice.ngetich76387@school.ac.ke
76388,Robert,Yusuf,robert.yusuf76388@uni.ac.ke
76389,Daniel,Gitau,daniel.gitau76389@college.ac.ke
76390,Moses,Koech,moses.koech76390@academy.ac.ke
76391,Thomas,Kyalo,thomas.kyalo76391@school.ac.ke
76392,Gladys,Odhiambo,gladys.odhiambo76392@college.ac.ke
76393,Diana,Kiprotich,diana.kiprotich76393@college.ac.ke
76394,Isaac,Otieno,isaac.otieno76394@school.ac.ke
76395,Paul,Njoki,paul.njoki76395@college.ac.ke
76396,Simon,Gichuki,simon.gichuki76396@school.ac.ke
76397,Jacob,Ogolla,jacob.ogolla76397@students.ac.ke
76398,Gladys,Omar,gladys.omar76398@school.ac.ke
76399,Betty,Khalid,betty.khalid76399@uni.ac.ke
76400,Moses,Omar,moses.omar76400@students.ac.ke
76401,Quentin,Kinyua,quentin.kinyua76401@school.ac.ke
76402,Helen,Wairimu,helen.wairimu76402@students.ac.ke
76403,Gordon,Wairimu,gordon.wairimu76403@students.ac.ke
76404,Paul,Ngetich,paul.ngetich76404@academy.ac.ke
76405,Agnes,Mutai,agnes.mutai76405@school.ac.ke
76406,Frances,Ibrahim,frances.ibrahim76406@students.ac.ke
76407,Dennis,Gitau,dennis.gitau76407@academy.ac.ke
76408,Joseph,Mwangi,joseph.mwangi76408@college.ac.ke
76409,Peter,Mutai,peter.mutai76409@uni.ac.ke
76410,Florence,Farah,florence.farah76410@college.ac.ke
76411,Paul,Kimani,paul.kimani76411@students.ac.ke
76412,Henry,Kariuki,henry.kariuki76412@college.ac.ke
76413,Dennis,Mutua,dennis.mutua76413@school.ac.ke
76414,Irene,Omar,irene.omar76414@school.ac.ke
76415,Samuel,Kiprotich,samuel.kiprotich76415@academy.ac.ke
76416,Mary,Kasyoka,mary.kasyoka76416@students.ac.ke
76417,Eleanor,Kiprotich,eleanor.kiprotich76417@uni.ac.ke
76418,Joyce,Ibrahim,joyce.ibrahim76418@school.ac.ke
76419,Alice,Owino,alice.owino76419@students.ac.ke
76420,Irene,Odhiambo,irene.odhiambo76420@uni.ac.ke
76421,Agnes,Ibrahim,agnes.ibrahim76421@students.ac.ke
76422,Frances,Nzomo,frances.nzomo76422@academy.ac.ke
76423,Dennis,Gitau,dennis.gitau76423@academy.ac.ke
76424,Helen,Wairimu,helen.wairimu76424@students.ac.ke
76425,Helen,Ahmed,helen.ahmed76425@students.ac.ke
76426,Peter,Ruto,peter.ruto76426@academy.ac.ke
76427,Francis,Adhiambo,francis.adhiambo76427@academy.ac.ke
76428,Naomi,Khalid,naomi.khalid76428@academy.ac.ke
76429,Dorothy,Kimani,dorothy.kimani76429@school.ac.ke
76430,Ivan,Wanjiku,ivan.wanjiku76430@school.ac.ke
76431,Faith,Onyango,faith.onyango76431@school.ac.ke
76432,Noah,Njoroge,noah.njoroge76432@school.ac.ke
76433,Hannah,Yusuf,hannah.yusuf76433@academy.ac.ke
76434,Oscar,Wanjiku,oscar.wanjiku76434@uni.ac.ke
76435,Henry,Chebet,henry.chebet76435@college.ac.ke
76436,Joy,Kasyoka,joy.kasyoka76436@students.ac.ke
76437,Douglas,Bett,douglas.bett76437@college.ac.ke
76438,Eleanor,Onyango,eleanor.onyango76438@school.ac.ke
76439,Bernard,Njoroge,bernard.njoroge76439@students.ac.ke
76440,Hannah,Gitonga,hannah.gitonga76440@academy.ac.ke
76441,Irene,Omar,irene.omar76441@college.ac.ke
76442,Florence,Waweru,florence.waweru76442@uni.ac.ke
76443,John,Juma,john.juma76443@college.ac.ke
76444,Edwin,Ngetich,edwin.ngetich76444@school.ac.ke
76445,Victor,Gitonga,victor.gitonga76445@academy.ac.ke
76446,Ruth,Kiptoo,ruth.kiptoo76446@students.ac.ke
76447,Naomi,Mbatha,naomi.mbatha76447@school.ac.ke
76448,Edwin,Chebet,edwin.chebet76448@students.ac.ke
76449,Michael,Ngetich,michael.ngetich76449@school.ac.ke
76450,Bernard,Njoki,bernard.njoki76450@college.ac.ke
76451,William,Kariuki,william.kariuki76451@uni.ac.ke
76452,David,Njoroge,david.njoroge76452@school.ac.ke
76453,Helen,Gichuki,helen.gichuki76453@college.ac.ke
76454,Charles,Hassan,charles.hassan76454@college.ac.ke
76455,Faith,Njoki,faith.njoki76455@students.ac.ke
76456,Alice,Chebet,alice.chebet76456@college.ac.ke
76457,Edwin,Musyoka,edwin.musyoka76457@school.ac.ke
76458,Douglas,Awuor,douglas.awuor76458@school.ac.ke
76459,Joy,Owino,joy.owino76459@college.ac.ke
76460,Michael,Yusuf,michael.yusuf76460@college.ac.ke
76461,Lewis,Musyoka,lewis.musyoka76461@college.ac.ke
76462,Florence,Hassan,florence.hassan76462@college.ac.ke
76463,Naomi,Gathoni,naomi.gathoni76463@uni.ac.ke
76464,Robert,Gichuki,robert.gichuki76464@school.ac.ke
76465,Michael,Kiprotich,michael.kiprotich76465@college.ac.ke
76466,Jacob,Awuor,jacob.awuor76466@school.ac.ke
76467,Brian,Lagat,brian.lagat76467@college.ac.ke
76468,Frances,Njoroge,frances.njoroge76468@uni.ac.ke
76469,Oscar,Achieng,oscar.achieng76469@academy.ac.ke
76470,Noah,Achieng,noah.achieng76470@school.ac.ke
76471,Charles,Juma,charles.juma76471@uni.ac.ke
76472,Beatrice,Kariuki,beatrice.kariuki76472@school.ac.ke
76473,Oscar,Wanjiku,oscar.wanjiku76473@uni.ac.ke
76474,Samuel,Mutisya,samuel.mutisya76474@uni.ac.ke
76475,Henry,Gathoni,henry.gathoni76475@students.ac.ke
76476,Samuel,Njuguna,samuel.njuguna76476@students.ac.ke
76477,Diana,Awuor,diana.awuor76477@college.ac.ke
76478,Hope,Kinyua,hope.kinyua76478@college.ac.ke
76479,Agnes,Owino,agnes.owino76479@academy.ac.ke
76480,Adrian,Achieng,adrian.achieng76480@students.ac.ke
76481,Lydia,Gitonga,lydia.gitonga76481@uni.ac.ke
76482,Diana,Musa,diana.musa76482@students.ac.ke
76483,Hope,Ngetich,hope.ngetich76483@academy.ac.ke
76484,Kenneth,Mumo,kenneth.mumo76484@uni.ac.ke
76485,Alice,Mwangi,alice.mwangi76485@uni.ac.ke
76486,Eric,Kyalo,eric.kyalo76486@students.ac.ke
76487,Raymond,Wairimu,raymond.wairimu76487@school.ac.ke
76488,Francis,Kasyoka,francis.kasyoka76488@college.ac.ke
76489,Michael,Koech,michael.koech76489@school.ac.ke
76490,Victor,Ahmed,victor.ahmed76490@academy.ac.ke
76491,Joyce,Waweru,joyce.waweru76491@academy.ac.ke
76492,Lewis,Gitau,lewis.gitau76492@uni.ac.ke
76493,Paul,Rotich,paul.rotich76493@college.ac.ke
76494,Isaac,Gathoni,isaac.gathoni76494@college.ac.ke
76495,Grace,Musyoka,grace.musyoka76495@academy.ac.ke
76496,Eleanor,Juma,eleanor.juma76496@academy.ac.ke
76497,Carol,Kasyoka,carol.kasyoka76497@uni.ac.ke
76498,Isaac,Kyalo,isaac.kyalo76498@academy.ac.ke
76499,Harriet,Mutisya,harriet.mutisya76499@school.ac.ke
76500,Alice,Odhiambo,alice.odhiambo76500@students.ac.ke
76501,Julian,Akumu,julian.akumu76501@college.ac.ke
76502,Florence,Ndegwa,florence.ndegwa76502@college.ac.ke
76503,Eric,Kyalo,eric.kyalo76503@school.ac.ke
76504,Diana,Lagat,diana.lagat76504@uni.ac.ke
76505,Edwin,Odhiambo,edwin.odhiambo76505@academy.ac.ke
76506,Agnes,Kinyua,agnes.kinyua76506@college.ac.ke
76507,Dorothy,Kariuki,dorothy.kariuki76507@students.ac.ke
76508,Lydia,Njoroge,lydia.njoroge76508@academy.ac.ke
76509,William,Maina,william.maina76509@students.ac.ke
76510,Julian,Lagat,julian.lagat76510@academy.ac.ke
76511,Diana,Chebet,diana.chebet76511@uni.ac.ke
76512,Edith,Maina,edith.maina76512@students.ac.ke
76513,Samuel,Okello,samuel.okello76513@college.ac.ke
76514,Peter,Onyango,peter.onyango76514@uni.ac.ke
76515,Michael,Onyango,michael.onyango76515@students.ac.ke
76516,Florence,Omondi,florence.omondi76516@college.ac.ke
76517,Moses,Waweru,moses.waweru76517@academy.ac.ke
76518,Esther,Kiprotich,esther.kiprotich76518@academy.ac.ke
76519,Moses,Kyalo,moses.kyalo76519@academy.ac.ke
76520,James,Yusuf,james.yusuf76520@college.ac.ke
76521,Gloria,Ngetich,gloria.ngetich76521@students.ac.ke
76522,George,Omondi,george.omondi76522@college.ac.ke
76523,Quentin,Ahmed,quentin.ahmed76523@college.ac.ke
76524,Kevin,Mbatha,kevin.mbatha76524@college.ac.ke
76525,Edith,Ochieng,edith.ochieng76525@college.ac.ke
76526,Thomas,Khalid,thomas.khalid76526@academy.ac.ke
76527,Oscar,Nduku,oscar.nduku76527@uni.ac.ke
76528,Janet,Onyango,janet.onyango76528@academy.ac.ke
76529,Joseph,Nzomo,joseph.nzomo76529@college.ac.ke
76530,Catherine,Kiprotich,catherine.kiprotich76530@students.ac.ke
76531,Douglas,Kasyoka,douglas.kasyoka76531@uni.ac.ke
76532,Douglas,Odhiambo,douglas.odhiambo76532@school.ac.ke
76533,Victor,Chebet,victor.chebet76533@uni.ac.ke
76534,Ivan,Kiptoo,ivan.kiptoo76534@academy.ac.ke
76535,Eleanor,Mutisya,eleanor.mutisya76535@college.ac.ke
76536,Ruth,Kariuki,ruth.kariuki76536@academy.ac.ke
76537,John,Kimani,john.kimani76537@students.ac.ke
76538,Simon,Njoroge,simon.njoroge76538@academy.ac.ke
76539,Moses,Maina,moses.maina76539@uni.ac.ke
76540,Bernard,Mumo,bernard.mumo76540@uni.ac.ke
76541,Brian,Mutai,brian.mutai76541@school.ac.ke
76542,Simon,Awuor,simon.awuor76542@students.ac.ke
76543,George,Wanjiku,george.wanjiku76543@uni.ac.ke
76544,Agnes,Mutua,agnes.mutua76544@college.ac.ke
76545,John,Omondi,john.omondi76545@uni.ac.ke
76546,Peter,Odhiambo,peter.odhiambo76546@college.ac.ke
76547,Joy,Otieno,joy.otieno76547@students.ac.ke
76548,Philip,Omondi,philip.omondi76548@school.ac.ke
76549,Irene,Yusuf,irene.yusuf76549@students.ac.ke
76550,Gladys,Mwangi,gladys.mwangi76550@academy.ac.ke
76551,Jacob,Ochieng,jacob.ochieng76551@college.ac.ke
76552,Gordon,Maina,gordon.maina76552@students.ac.ke
76553,Frances,Musyoka,frances.musyoka76553@college.ac.ke
76554,James,Mutisya,james.mutisya76554@school.ac.ke
76555,Quentin,Hassan,quentin.hassan76555@academy.ac.ke
76556,Douglas,Hassan,douglas.hassan76556@school.ac.ke
76557,Diana,Owino,diana.owino76557@school.ac.ke
76558,Henry,Otieno,henry.otieno76558@uni.ac.ke
76559,Joseph,Bett,joseph.bett76559@academy.ac.ke
76560,Carol,Okello,carol.okello76560@students.ac.ke
76561,Lewis,Onyango,lewis.onyango76561@students.ac.ke
76562,Mary,Akumu,mary.akumu76562@college.ac.ke
76563,Jacob,Chebet,jacob.chebet76563@school.ac.ke
76564,Eleanor,Kinyua,eleanor.kinyua76564@college.ac.ke
76565,Hannah,Omondi,hannah.omondi76565@uni.ac.ke
76566,Paul,Farah,paul.farah76566@students.ac.ke
76567,Ivan,Ogolla,ivan.ogolla76567@uni.ac.ke
76568,Thomas,Akumu,thomas.akumu76568@college.ac.ke
76569,Brian,Akumu,brian.akumu76569@uni.ac.ke
76570,Betty,Mbatha,betty.mbatha76570@academy.ac.ke
76571,Isaac,Akumu,isaac.akumu76571@school.ac.ke
76572,Beatrice,Odhiambo,beatrice.odhiambo76572@academy.ac.ke
76573,Charles,Khalid,charles.khalid76573@students.ac.ke
76574,Henry,Bett,henry.bett76574@uni.ac.ke
76575,Grace,Ochieng,grace.ochieng76575@uni.ac.ke
76576,Douglas,Otieno,douglas.otieno76576@college.ac.ke
76577,Paul,Ruto,paul.ruto76577@college.ac.ke
76578,Francis,Kinyua,francis.kinyua76578@school.ac.ke
76579,Victor,Omar,victor.omar76579@uni.ac.ke
76580,Ruth,Musa,ruth.musa76580@uni.ac.ke
76581,Lewis,Kimani,lewis.kimani76581@academy.ac.ke
76582,Diana,Achieng,diana.achieng76582@students.ac.ke
76583,Gloria,Rotich,gloria.rotich76583@college.ac.ke
76584,Gladys,Ruto,gladys.ruto76584@college.ac.ke
76585,James,Kimani,james.kimani76585@uni.ac.ke
76586,Grace,Ahmed,grace.ahmed76586@school.ac.ke
76587,David,Ahmed,david.ahmed76587@students.ac.ke
76588,Harold,Onyango,harold.onyango76588@school.ac.ke
76589,Charles,Owino,charles.owino76589@uni.ac.ke
76590,Robert,Awuor,robert.awuor76590@uni.ac.ke
76591,Edwin,Abdi,edwin.abdi76591@school.ac.ke
76592,Philip,Kiptoo,philip.kiptoo76592@uni.ac.ke
76593,Frances,Gitau,frances.gitau76593@college.ac.ke
76594,Oscar,Nzomo,oscar.nzomo76594@academy.ac.ke
76595,Frances,Rotich,frances.rotich76595@school.ac.ke
76596,Joyce,Bett,joyce.bett76596@academy.ac.ke
76597,Kenneth,Mumo,kenneth.mumo76597@academy.ac.ke
76598,Naomi,Njoroge,naomi.njoroge76598@college.ac.ke
76599,Francis,Kasyoka,francis.kasyoka76599@academy.ac.ke
76600,Kenneth,Mutai,kenneth.mutai76600@school.ac.ke
76601,Diana,Lagat,diana.lagat76601@school.ac.ke
76602,Harriet,Kasyoka,harriet.kasyoka76602@college.ac.ke
76603,Edith,Farah,edith.farah76603@college.ac.ke
76604,Edwin,Awuor,edwin.awuor76604@students.ac.ke
76605,Oscar,Yusuf,oscar.yusuf76605@students.ac.ke
76606,Francis,Khalid,francis.khalid76606@college.ac.ke
76607,Agnes,Ogolla,agnes.ogolla76607@students.ac.ke
76608,Daniel,Kimani,daniel.kimani76608@school.ac.ke
76609,Michael,Gitau,michael.gitau76609@academy.ac.ke
76610,Diana,Adhiambo,diana.adhiambo76610@uni.ac.ke
76611,Paul,Hassan,paul.hassan76611@college.ac.ke
76612,Faith,Njoki,faith.njoki76612@students.ac.ke
76613,Daniel,Rotich,daniel.rotich76613@uni.ac.ke
76614,William,Mwangi,william.mwangi76614@college.ac.ke
76615,William,Kasyoka,william.kasyoka76615@academy.ac.ke
76616,Frances,Rotich,frances.rotich76616@students.ac.ke
76617,Janet,Mumo,janet.mumo76617@academy.ac.ke
76618,Simon,Adhiambo,simon.adhiambo76618@students.ac.ke
76619,Simon,Owino,simon.owino76619@uni.ac.ke
76620,Philip,Lagat,philip.lagat76620@students.ac.ke
76621,Joyce,Mumo,joyce.mumo76621@college.ac.ke
76622,Noah,Omondi,noah.omondi76622@school.ac.ke
76623,Robert,Kiptoo,robert.kiptoo76623@school.ac.ke
76624,Jacob,Kyalo,jacob.kyalo76624@students.ac.ke
76625,Alice,Mutisya,alice.mutisya76625@uni.ac.ke
76626,Julian,Adhiambo,julian.adhiambo76626@school.ac.ke
76627,Carol,Njoki,carol.njoki76627@uni.ac.ke
76628,Harriet,Adhiambo,harriet.adhiambo76628@academy.ac.ke
76629,Thomas,Ogolla,thomas.ogolla76629@school.ac.ke
76630,Catherine,Juma,catherine.juma76630@uni.ac.ke
76631,Quentin,Owino,quentin.owino76631@students.ac.ke
76632,Peter,Musa,peter.musa76632@uni.ac.ke
76633,Charles,Kimani,charles.kimani76633@college.ac.ke
76634,Catherine,Ruto,catherine.ruto76634@college.ac.ke
76635,Samuel,Hassan,samuel.hassan76635@students.ac.ke
76636,Charles,Rotich,charles.rotich76636@college.ac.ke
76637,Kenneth,Nduku,kenneth.nduku76637@academy.ac.ke
76638,Beatrice,Maina,beatrice.maina76638@school.ac.ke
76639,Janet,Ahmed,janet.ahmed76639@school.ac.ke
76640,David,Ahmed,david.ahmed76640@school.ac.ke
76641,Grace,Otieno,grace.otieno76641@academy.ac.ke
76642,Daniel,Musa,daniel.musa76642@college.ac.ke
76643,Adrian,Muturi,adrian.muturi76643@academy.ac.ke
76644,Carol,Gathoni,carol.gathoni76644@academy.ac.ke
76645,Daniel,Mutai,daniel.mutai76645@school.ac.ke
76646,Edith,Njoki,edith.njoki76646@academy.ac.ke
76647,Noah,Awuor,noah.awuor76647@academy.ac.ke
76648,George,Odhiambo,george.odhiambo76648@college.ac.ke
76649,Faith,Mutisya,faith.mutisya76649@school.ac.ke
76650,Grace,Musa,grace.musa76650@college.ac.ke
76651,Harold,Adhiambo,harold.adhiambo76651@college.ac.ke
76652,Dennis,Ahmed,dennis.ahmed76652@school.ac.ke
76653,Joyce,Gathoni,joyce.gathoni76653@uni.ac.ke
76654,Bernard,Rotich,bernard.rotich76654@uni.ac.ke
76655,Gordon,Njuguna,gordon.njuguna76655@college.ac.ke
76656,Julian,Kiprotich,julian.kiprotich76656@uni.ac.ke
76657,Harriet,Ahmed,harriet.ahmed76657@school.ac.ke
76658,Gladys,Wanjiku,gladys.wanjiku76658@college.ac.ke
76659,Lydia,Gichuki,lydia.gichuki76659@uni.ac.ke
76660,Julian,Kamau,julian.kamau76660@uni.ac.ke
76661,Harriet,Okello,harriet.okello76661@school.ac.ke
76662,Oscar,Ochieng,oscar.ochieng76662@school.ac.ke
76663,Kenneth,Adhiambo,kenneth.adhiambo76663@college.ac.ke
76664,Lewis,Otieno,lewis.otieno76664@students.ac.ke
76665,Gloria,Hassan,gloria.hassan76665@uni.ac.ke
76666,Beatrice,Mutisya,beatrice.mutisya76666@school.ac.ke
76667,Irene,Musyoka,irene.musyoka76667@students.ac.ke
76668,Florence,Kiptoo,florence.kiptoo76668@students.ac.ke
76669,Thomas,Farah,thomas.farah76669@school.ac.ke
76670,Raymond,Musa,raymond.musa76670@uni.ac.ke
76671,William,Owino,william.owino76671@academy.ac.ke
76672,Kenneth,Farah,kenneth.farah76672@uni.ac.ke
76673,Gloria,Musa,gloria.musa76673@students.ac.ke
76674,Jacob,Yusuf,jacob.yusuf76674@students.ac.ke
76675,Ruth,Mutai,ruth.mutai76675@students.ac.ke
76676,Hope,Musa,hope.musa76676@students.ac.ke
76677,Agnes,Koech,agnes.koech76677@college.ac.ke
76678,Noah,Abdi,noah.abdi76678@school.ac.ke
76679,Philip,Mutisya,philip.mutisya76679@students.ac.ke
76680,Edwin,Ngetich,edwin.ngetich76680@uni.ac.ke
76681,Harold,Njuguna,harold.njuguna76681@college.ac.ke
76682,Isaac,Njoki,isaac.njoki76682@academy.ac.ke
76683,Mary,Akumu,mary.akumu76683@academy.ac.ke
76684,Helen,Ochieng,helen.ochieng76684@students.ac.ke
76685,Michael,Koech,michael.koech76685@college.ac.ke
76686,Michael,Abdi,michael.abdi76686@students.ac.ke
76687,Esther,Khalid,esther.khalid76687@school.ac.ke
76688,Isaac,Mwangi,isaac.mwangi76688@academy.ac.ke
76689,Alice,Njoki,alice.njoki76689@uni.ac.ke
76690,Harold,Okello,harold.okello76690@uni.ac.ke
76691,Faith,Farah,faith.farah76691@students.ac.ke
76692,Esther,Abdi,esther.abdi76692@school.ac.ke
76693,Mary,Wairimu,mary.wairimu76693@students.ac.ke
76694,Edwin,Muturi,edwin.muturi76694@school.ac.ke
76695,Joyce,Mwangi,joyce.mwangi76695@college.ac.ke
76696,Ivan,Rotich,ivan.rotich76696@uni.ac.ke
76697,Joseph,Achieng,joseph.achieng76697@students.ac.ke
76698,Naomi,Musa,naomi.musa76698@academy.ac.ke
76699,Ivan,Chebet,ivan.chebet76699@school.ac.ke
76700,John,Chebet,john.chebet76700@students.ac.ke
76701,Esther,Gichuki,esther.gichuki76701@uni.ac.ke
76702,Eleanor,Lagat,eleanor.lagat76702@uni.ac.ke
76703,Harriet,Mutua,harriet.mutua76703@uni.ac.ke
76704,Eleanor,Adhiambo,eleanor.adhiambo76704@school.ac.ke
76705,Gloria,Bett,gloria.bett76705@uni.ac.ke
76706,Simon,Mumo,simon.mumo76706@school.ac.ke
76707,Oscar,Abdi,oscar.abdi76707@academy.ac.ke
76708,George,Ruto,george.ruto76708@students.ac.ke
76709,Ivan,Njuguna,ivan.njuguna76709@academy.ac.ke
76710,David,Hassan,david.hassan76710@uni.ac.ke
76711,Janet,Njuguna,janet.njuguna76711@uni.ac.ke
76712,Betty,Maina,betty.maina76712@uni.ac.ke
76713,Gloria,Wairimu,gloria.wairimu76713@college.ac.ke
76714,Julian,Hassan,julian.hassan76714@students.ac.ke
76715,Victor,Musa,victor.musa76715@academy.ac.ke
76716,Joseph,Nduku,joseph.nduku76716@school.ac.ke
76717,George,Njuguna,george.njuguna76717@uni.ac.ke
76718,Robert,Odhiambo,robert.odhiambo76718@college.ac.ke
76719,Dorothy,Mutua,dorothy.mutua76719@school.ac.ke
76720,Frances,Nduku,frances.nduku76720@students.ac.ke
76721,Peter,Mumo,peter.mumo76721@students.ac.ke
76722,Lydia,Njuguna,lydia.njuguna76722@college.ac.ke
76723,Esther,Mutisya,esther.mutisya76723@school.ac.ke
76724,Bernard,Ndegwa,bernard.ndegwa76724@academy.ac.ke
76725,William,Kiptoo,william.kiptoo76725@academy.ac.ke
76726,Noah,Adhiambo,noah.adhiambo76726@college.ac.ke
76727,Hannah,Abdi,hannah.abdi76727@school.ac.ke
76728,Hannah,Wairimu,hannah.wairimu76728@students.ac.ke
76729,Beatrice,Mwenda,beatrice.mwenda76729@academy.ac.ke
76730,Noah,Abdi,noah.abdi76730@students.ac.ke
76731,Simon,Abdi,simon.abdi76731@uni.ac.ke
76732,Raymond,Mutisya,raymond.mutisya76732@academy.ac.ke
76733,Diana,Waweru,diana.waweru76733@uni.ac.ke
76734,Alice,Wanjiku,alice.wanjiku76734@students.ac.ke
76735,James,Khalid,james.khalid76735@academy.ac.ke
76736,Carol,Njuguna,carol.njuguna76736@college.ac.ke
76737,Bernard,Koech,bernard.koech76737@school.ac.ke
76738,Ivan,Maina,ivan.maina76738@college.ac.ke
76739,Douglas,Mwenda,douglas.mwenda76739@academy.ac.ke
76740,Robert,Mwangi,robert.mwangi76740@uni.ac.ke
76741,Irene,Yusuf,irene.yusuf76741@college.ac.ke
76742,Thomas,Ibrahim,thomas.ibrahim76742@students.ac.ke
76743,Hannah,Achieng,hannah.achieng76743@academy.ac.ke
76744,Eleanor,Kamau,eleanor.kamau76744@students.ac.ke
76745,Catherine,Bett,catherine.bett76745@college.ac.ke
76746,Isaac,Wanjiku,isaac.wanjiku76746@academy.ac.ke
76747,David,Kamau,david.kamau76747@college.ac.ke
76748,Frances,Adhiambo,frances.adhiambo76748@school.ac.ke
76749,Naomi,Yusuf,naomi.yusuf76749@academy.ac.ke
76750,Janet,Awuor,janet.awuor76750@academy.ac.ke
76751,Victor,Ochieng,victor.ochieng76751@uni.ac.ke
76752,Irene,Chebet,irene.chebet76752@college.ac.ke
76753,Esther,Mutisya,esther.mutisya76753@students.ac.ke
76754,Quentin,Kariuki,quentin.kariuki76754@uni.ac.ke
76755,Charles,Mwangi,charles.mwangi76755@college.ac.ke
76756,Diana,Musyoka,diana.musyoka76756@school.ac.ke
76757,Joyce,Ibrahim,joyce.ibrahim76757@college.ac.ke
76758,Beatrice,Achieng,beatrice.achieng76758@academy.ac.ke
76759,Edith,Kyalo,edith.kyalo76759@uni.ac.ke
76760,Eleanor,Muturi,eleanor.muturi76760@students.ac.ke
76761,Robert,Onyango,robert.onyango76761@uni.ac.ke
76762,Quentin,Owino,quentin.owino76762@academy.ac.ke
76763,Kevin,Khalid,kevin.khalid76763@students.ac.ke
76764,Harold,Juma,harold.juma76764@academy.ac.ke
76765,Francis,Musyoka,francis.musyoka76765@school.ac.ke
76766,Hope,Kinyua,hope.kinyua76766@school.ac.ke
76767,Robert,Kamau,robert.kamau76767@students.ac.ke
76768,Gordon,Lagat,gordon.lagat76768@college.ac.ke
76769,Adrian,Nduku,adrian.nduku76769@academy.ac.ke
76770,Esther,Ibrahim,esther.ibrahim76770@students.ac.ke
76771,Henry,Hassan,henry.hassan76771@students.ac.ke
76772,Henry,Omondi,henry.omondi76772@college.ac.ke
76773,Henry,Nzomo,henry.nzomo76773@uni.ac.ke
76774,Agnes,Ogolla,agnes.ogolla76774@academy.ac.ke
76775,William,Nduku,william.nduku76775@students.ac.ke
76776,Beatrice,Kariuki,beatrice.kariuki76776@school.ac.ke
76777,Kevin,Nduku,kevin.nduku76777@college.ac.ke
76778,Jacob,Akumu,jacob.akumu76778@academy.ac.ke
76779,Kenneth,Ndegwa,kenneth.ndegwa76779@college.ac.ke
76780,Samuel,Mwangi,samuel.mwangi76780@school.ac.ke
76781,Isaac,Nduku,isaac.nduku76781@college.ac.ke
76782,Dorothy,Chebet,dorothy.chebet76782@school.ac.ke
76783,Joseph,Mumo,joseph.mumo76783@school.ac.ke
76784,Frances,Mumo,frances.mumo76784@academy.ac.ke
76785,Faith,Mutisya,faith.mutisya76785@students.ac.ke
76786,Gordon,Muturi,gordon.muturi76786@college.ac.ke
76787,Samuel,Kiptoo,samuel.kiptoo76787@students.ac.ke
76788,Florence,Njoroge,florence.njoroge76788@uni.ac.ke
76789,Noah,Owino,noah.owino76789@school.ac.ke
76790,David,Musa,david.musa76790@school.ac.ke
76791,Paul,Owino,paul.owino76791@academy.ac.ke
76792,Gordon,Ogolla,gordon.ogolla76792@school.ac.ke
76793,Moses,Chebet,moses.chebet76793@academy.ac.ke
76794,Daniel,Okello,daniel.okello76794@academy.ac.ke
76795,Julian,Musyoka,julian.musyoka76795@uni.ac.ke
76796,Helen,Nduku,helen.nduku76796@uni.ac.ke
76797,Gordon,Ogolla,gordon.ogolla76797@college.ac.ke
76798,Alice,Ogolla,alice.ogolla76798@uni.ac.ke
76799,Mary,Khalid,mary.khalid76799@school.ac.ke
76800,Michael,Odhiambo,michael.odhiambo76800@uni.ac.ke
76801,Edwin,Chebet,edwin.chebet76801@students.ac.ke
76802,Jacob,Nzomo,jacob.nzomo76802@students.ac.ke
76803,Florence,Mbatha,florence.mbatha76803@students.ac.ke
76804,Kenneth,Farah,kenneth.farah76804@academy.ac.ke
76805,Irene,Ahmed,irene.ahmed76805@academy.ac.ke
76806,Edwin,Mwangi,edwin.mwangi76806@uni.ac.ke
76807,Moses,Ngetich,moses.ngetich76807@college.ac.ke
76808,Hannah,Kimani,hannah.kimani76808@uni.ac.ke
76809,Dennis,Odhiambo,dennis.odhiambo76809@uni.ac.ke
76810,Noah,Wairimu,noah.wairimu76810@students.ac.ke
76811,Alice,Onyango,alice.onyango76811@academy.ac.ke
76812,Ruth,Kamau,ruth.kamau76812@academy.ac.ke
76813,Florence,Lagat,florence.lagat76813@academy.ac.ke
76814,Michael,Yusuf,michael.yusuf76814@academy.ac.ke
76815,Robert,Musyoka,robert.musyoka76815@academy.ac.ke
76816,Michael,Koech,michael.koech76816@academy.ac.ke
76817,George,Gitonga,george.gitonga76817@students.ac.ke
76818,Quentin,Onyango,quentin.onyango76818@school.ac.ke
76819,Simon,Lagat,simon.lagat76819@college.ac.ke
76820,Noah,Kiprotich,noah.kiprotich76820@students.ac.ke
76821,Irene,Mwenda,irene.mwenda76821@academy.ac.ke
76822,Thomas,Odhiambo,thomas.odhiambo76822@uni.ac.ke
76823,Quentin,Kasyoka,quentin.kasyoka76823@students.ac.ke
76824,Joyce,Khalid,joyce.khalid76824@college.ac.ke
76825,John,Kamau,john.kamau76825@college.ac.ke
76826,Isaac,Ibrahim,isaac.ibrahim76826@academy.ac.ke
76827,Grace,Maina,grace.maina76827@college.ac.ke
76828,Agnes,Juma,agnes.juma76828@school.ac.ke
76829,Paul,Ahmed,paul.ahmed76829@college.ac.ke
76830,Charles,Ngetich,charles.ngetich76830@students.ac.ke
76831,George,Njoroge,george.njoroge76831@academy.ac.ke
76832,David,Kiptoo,david.kiptoo76832@students.ac.ke
76833,Alice,Muturi,alice.muturi76833@school.ac.ke
76834,Michael,Mwenda,michael.mwenda76834@school.ac.ke
76835,William,Nduku,william.nduku76835@uni.ac.ke
76836,Eleanor,Mumo,eleanor.mumo76836@uni.ac.ke
76837,George,Omondi,george.omondi76837@students.ac.ke
76838,Adrian,Kinyua,adrian.kinyua76838@uni.ac.ke
76839,Gordon,Ngetich,gordon.ngetich76839@academy.ac.ke
76840,Irene,Ibrahim,irene.ibrahim76840@students.ac.ke
76841,Irene,Mutua,irene.mutua76841@school.ac.ke
76842,Noah,Kasyoka,noah.kasyoka76842@college.ac.ke
76843,Mary,Adhiambo,mary.adhiambo76843@school.ac.ke
76844,Joseph,Gitau,joseph.gitau76844@school.ac.ke
76845,Gladys,Mutisya,gladys.mutisya76845@students.ac.ke
76846,Ruth,Ahmed,ruth.ahmed76846@college.ac.ke
76847,Peter,Omar,peter.omar76847@college.ac.ke
76848,Irene,Wairimu,irene.wairimu76848@uni.ac.ke
76849,Henry,Hassan,henry.hassan76849@students.ac.ke
76850,Victor,Ochieng,victor.ochieng76850@academy.ac.ke
76851,Quentin,Njuguna,quentin.njuguna76851@academy.ac.ke
76852,Eleanor,Kimani,eleanor.kimani76852@academy.ac.ke
76853,Daniel,Abdi,daniel.abdi76853@students.ac.ke
76854,Lydia,Mutua,lydia.mutua76854@college.ac.ke
76855,Joseph,Wanjiku,joseph.wanjiku76855@uni.ac.ke
76856,Samuel,Wanjiku,samuel.wanjiku76856@school.ac.ke
76857,Brian,Koech,brian.koech76857@college.ac.ke
76858,Edith,Hassan,edith.hassan76858@school.ac.ke
76859,Harold,Njoroge,harold.njoroge76859@academy.ac.ke
76860,Lewis,Gitonga,lewis.gitonga76860@uni.ac.ke
76861,David,Mwenda,david.mwenda76861@academy.ac.ke
76862,Harold,Omar,harold.omar76862@school.ac.ke
76863,Hope,Ochieng,hope.ochieng76863@students.ac.ke
76864,Victor,Otieno,victor.otieno76864@college.ac.ke
76865,Brian,Mutai,brian.mutai76865@students.ac.ke
76866,Ruth,Mwenda,ruth.mwenda76866@students.ac.ke
76867,Gladys,Awuor,gladys.awuor76867@college.ac.ke
76868,Eric,Mutua,eric.mutua76868@college.ac.ke
76869,Philip,Yusuf,philip.yusuf76869@students.ac.ke
76870,Dorothy,Musa,dorothy.musa76870@college.ac.ke
76871,Daniel,Kiprotich,daniel.kiprotich76871@academy.ac.ke
76872,Francis,Khalid,francis.khalid76872@school.ac.ke
76873,Frances,Mwenda,frances.mwenda76873@school.ac.ke
76874,Naomi,Nduku,naomi.nduku76874@college.ac.ke
76875,Gloria,Adhiambo,gloria.adhiambo76875@college.ac.ke
76876,Florence,Mutua,florence.mutua76876@academy.ac.ke
76877,Brian,Chebet,brian.chebet76877@uni.ac.ke
76878,William,Waweru,william.waweru76878@students.ac.ke
76879,Florence,Ndegwa,florence.ndegwa76879@uni.ac.ke
76880,Harriet,Owino,harriet.owino76880@college.ac.ke
76881,Paul,Ahmed,paul.ahmed76881@college.ac.ke
76882,Florence,Gitonga,florence.gitonga76882@school.ac.ke
76883,Naomi,Wanjiku,naomi.wanjiku76883@school.ac.ke
76884,Moses,Awuor,moses.awuor76884@uni.ac.ke
76885,William,Maina,william.maina76885@uni.ac.ke
76886,Dorothy,Abdi,dorothy.abdi76886@academy.ac.ke
76887,Isaac,Gathoni,isaac.gathoni76887@college.ac.ke
76888,Kenneth,Owino,kenneth.owino76888@uni.ac.ke
76889,Moses,Juma,moses.juma76889@uni.ac.ke
76890,Bernard,Musyoka,bernard.musyoka76890@college.ac.ke
76891,Carol,Wanjiku,carol.wanjiku76891@academy.ac.ke
76892,Edwin,Koech,edwin.koech76892@college.ac.ke
76893,Isaac,Kimani,isaac.kimani76893@school.ac.ke
76894,Joy,Kyalo,joy.kyalo76894@students.ac.ke
76895,Lydia,Omar,lydia.omar76895@school.ac.ke
76896,Raymond,Mutua,raymond.mutua76896@academy.ac.ke
76897,Peter,Mutai,peter.mutai76897@school.ac.ke
76898,Edwin,Mutisya,edwin.mutisya76898@students.ac.ke
76899,Joy,Koech,joy.koech76899@uni.ac.ke
76900,Joyce,Njuguna,joyce.njuguna76900@college.ac.ke
76901,Naomi,Wairimu,naomi.wairimu76901@uni.ac.ke
76902,Julian,Gitonga,julian.gitonga76902@uni.ac.ke
76903,Grace,Chebet,grace.chebet76903@students.ac.ke
76904,Paul,Ibrahim,paul.ibrahim76904@academy.ac.ke
76905,Robert,Mwangi,robert.mwangi76905@students.ac.ke
76906,Brian,Ngetich,brian.ngetich76906@students.ac.ke
76907,Eric,Koech,eric.koech76907@school.ac.ke
76908,Francis,Nduku,francis.nduku76908@college.ac.ke
76909,Robert,Musa,robert.musa76909@college.ac.ke
76910,Noah,Muturi,noah.muturi76910@students.ac.ke
76911,John,Ngetich,john.ngetich76911@school.ac.ke
76912,Kenneth,Ochieng,kenneth.ochieng76912@academy.ac.ke
76913,Moses,Yusuf,moses.yusuf76913@students.ac.ke
76914,Eleanor,Mutua,eleanor.mutua76914@school.ac.ke
76915,Eleanor,Musyoka,eleanor.musyoka76915@academy.ac.ke
76916,Charles,Yusuf,charles.yusuf76916@uni.ac.ke
76917,Simon,Kiprotich,simon.kiprotich76917@school.ac.ke
76918,Hannah,Onyango,hannah.onyango76918@academy.ac.ke
76919,James,Muturi,james.muturi76919@school.ac.ke
76920,Frances,Nzomo,frances.nzomo76920@students.ac.ke
76921,Diana,Mwenda,diana.mwenda76921@students.ac.ke
76922,Lewis,Ogolla,lewis.ogolla76922@students.ac.ke
76923,Agnes,Nzomo,agnes.nzomo76923@students.ac.ke
76924,Michael,Awuor,michael.awuor76924@uni.ac.ke
76925,Charles,Onyango,charles.onyango76925@academy.ac.ke
76926,John,Njoki,john.njoki76926@school.ac.ke
76927,Isaac,Wanjiku,isaac.wanjiku76927@school.ac.ke
76928,Raymond,Mutai,raymond.mutai76928@academy.ac.ke
76929,Alice,Ndegwa,alice.ndegwa76929@school.ac.ke
76930,Daniel,Mutisya,daniel.mutisya76930@school.ac.ke
76931,Julian,Kimani,julian.kimani76931@college.ac.ke
76932,Helen,Mwangi,helen.mwangi76932@school.ac.ke
76933,Edwin,Njuguna,edwin.njuguna76933@academy.ac.ke
76934,Paul,Mbatha,paul.mbatha76934@college.ac.ke
76935,Harold,Gichuki,harold.gichuki76935@students.ac.ke
76936,Michael,Achieng,michael.achieng76936@college.ac.ke
76937,Janet,Omondi,janet.omondi76937@school.ac.ke
76938,Beatrice,Gitau,beatrice.gitau76938@school.ac.ke
76939,William,Hassan,william.hassan76939@students.ac.ke
76940,Gladys,Odhiambo,gladys.odhiambo76940@school.ac.ke
76941,Moses,Mbatha,moses.mbatha76941@academy.ac.ke
76942,Brian,Lagat,brian.lagat76942@school.ac.ke
76943,Samuel,Muturi,samuel.muturi76943@academy.ac.ke
76944,Carol,Ogolla,carol.ogolla76944@school.ac.ke
76945,Florence,Kiptoo,florence.kiptoo76945@students.ac.ke
76946,Grace,Ogolla,grace.ogolla76946@uni.ac.ke
76947,Quentin,Ndegwa,quentin.ndegwa76947@uni.ac.ke
76948,Carol,Kariuki,carol.kariuki76948@school.ac.ke
76949,Dorothy,Wairimu,dorothy.wairimu76949@school.ac.ke
76950,Henry,Mumo,henry.mumo76950@uni.ac.ke
76951,Noah,Gichuki,noah.gichuki76951@college.ac.ke
76952,Ivan,Kamau,ivan.kamau76952@school.ac.ke
76953,Bernard,Mutua,bernard.mutua76953@students.ac.ke
76954,Lydia,Gitonga,lydia.gitonga76954@school.ac.ke
76955,John,Wairimu,john.wairimu76955@school.ac.ke
76956,Catherine,Muturi,catherine.muturi76956@uni.ac.ke
76957,Irene,Njoroge,irene.njoroge76957@students.ac.ke
76958,Joseph,Akumu,joseph.akumu76958@school.ac.ke
76959,Joy,Wairimu,joy.wairimu76959@college.ac.ke
76960,Alice,Kinyua,alice.kinyua76960@academy.ac.ke
76961,Frances,Kimani,frances.kimani76961@academy.ac.ke
76962,Isaac,Nduku,isaac.nduku76962@college.ac.ke
76963,Harold,Maina,harold.maina76963@school.ac.ke
76964,Kenneth,Abdi,kenneth.abdi76964@academy.ac.ke
76965,George,Ochieng,george.ochieng76965@school.ac.ke
76966,Victor,Ochieng,victor.ochieng76966@academy.ac.ke
76967,Edith,Rotich,edith.rotich76967@college.ac.ke
76968,Victor,Owino,victor.owino76968@uni.ac.ke
76969,Michael,Ruto,michael.ruto76969@academy.ac.ke
76970,Kenneth,Mumo,kenneth.mumo76970@students.ac.ke
76971,Hannah,Gathoni,hannah.gathoni76971@uni.ac.ke
76972,Robert,Wanjiku,robert.wanjiku76972@students.ac.ke
76973,Harriet,Kiptoo,harriet.kiptoo76973@students.ac.ke
76974,Helen,Farah,helen.farah76974@college.ac.ke
76975,Ivan,Ibrahim,ivan.ibrahim76975@school.ac.ke
76976,Agnes,Khalid,agnes.khalid76976@uni.ac.ke
76977,Quentin,Otieno,quentin.otieno76977@academy.ac.ke
76978,Florence,Kariuki,florence.kariuki76978@students.ac.ke
76979,Naomi,Musyoka,naomi.musyoka76979@school.ac.ke
76980,William,Juma,william.juma76980@students.ac.ke
76981,Betty,Omar,betty.omar76981@school.ac.ke
76982,Janet,Mwenda,janet.mwenda76982@uni.ac.ke
76983,Diana,Abdi,diana.abdi76983@students.ac.ke
76984,George,Otieno,george.otieno76984@students.ac.ke
76985,Kevin,Musa,kevin.musa76985@uni.ac.ke
76986,Joyce,Yusuf,joyce.yusuf76986@uni.ac.ke
76987,Agnes,Gathoni,agnes.gathoni76987@students.ac.ke
76988,Frances,Mutisya,frances.mutisya76988@school.ac.ke
76989,Hope,Onyango,hope.onyango76989@college.ac.ke
76990,Helen,Ibrahim,helen.ibrahim76990@academy.ac.ke
76991,Naomi,Ruto,naomi.ruto76991@uni.ac.ke
76992,Grace,Wanjiku,grace.wanjiku76992@students.ac.ke
76993,Betty,Kyalo,betty.kyalo76993@college.ac.ke
76994,Noah,Kimani,noah.kimani76994@school.ac.ke
76995,Frances,Lagat,frances.lagat76995@college.ac.ke
76996,Catherine,Mwenda,catherine.mwenda76996@school.ac.ke
76997,Janet,Bett,janet.bett76997@college.ac.ke
76998,Thomas,Kyalo,thomas.kyalo76998@college.ac.ke
76999,Thomas,Chebet,thomas.chebet76999@school.ac.ke
77000,Jacob,Ibrahim,jacob.ibrahim77000@uni.ac.ke
77001,Edith,Yusuf,edith.yusuf77001@students.ac.ke
77002,Adrian,Omar,adrian.omar77002@uni.ac.ke
77003,Frances,Wairimu,frances.wairimu77003@academy.ac.ke
77004,Catherine,Muturi,catherine.muturi77004@college.ac.ke
77005,Eric,Ndegwa,eric.ndegwa77005@students.ac.ke
77006,Esther,Rotich,esther.rotich77006@uni.ac.ke
77007,Quentin,Khalid,quentin.khalid77007@college.ac.ke
77008,Gladys,Kyalo,gladys.kyalo77008@school.ac.ke
77009,John,Kiprotich,john.kiprotich77009@college.ac.ke
77010,Lewis,Mwenda,lewis.mwenda77010@school.ac.ke
77011,Ivan,Lagat,ivan.lagat77011@academy.ac.ke
77012,Beatrice,Kariuki,beatrice.kariuki77012@college.ac.ke
77013,Alice,Omondi,alice.omondi77013@academy.ac.ke
77014,Charles,Kasyoka,charles.kasyoka77014@college.ac.ke
77015,Naomi,Ochieng,naomi.ochieng77015@school.ac.ke
77016,Jacob,Mutai,jacob.mutai77016@academy.ac.ke
77017,Douglas,Okello,douglas.okello77017@college.ac.ke
77018,Helen,Hassan,helen.hassan77018@school.ac.ke
77019,Moses,Mwenda,moses.mwenda77019@uni.ac.ke
77020,Frances,Wanjiku,frances.wanjiku77020@academy.ac.ke
77021,Naomi,Kinyua,naomi.kinyua77021@uni.ac.ke
77022,Naomi,Awuor,naomi.awuor77022@school.ac.ke
77023,Jacob,Gitau,jacob.gitau77023@school.ac.ke
77024,Esther,Wairimu,esther.wairimu77024@school.ac.ke
77025,Bernard,Gathoni,bernard.gathoni77025@academy.ac.ke
77026,Francis,Muturi,francis.muturi77026@college.ac.ke
77027,Gladys,Okello,gladys.okello77027@students.ac.ke
77028,Edith,Hassan,edith.hassan77028@academy.ac.ke
77029,Charles,Gathoni,charles.gathoni77029@uni.ac.ke
77030,Jacob,Musyoka,jacob.musyoka77030@students.ac.ke
77031,Gladys,Muturi,gladys.muturi77031@college.ac.ke
77032,Daniel,Mutai,daniel.mutai77032@students.ac.ke
77033,Henry,Kimani,henry.kimani77033@academy.ac.ke
77034,Helen,Njoki,helen.njoki77034@college.ac.ke
77035,Dorothy,Yusuf,dorothy.yusuf77035@school.ac.ke
77036,Mary,Gathoni,mary.gathoni77036@college.ac.ke
77037,Francis,Ogolla,francis.ogolla77037@school.ac.ke
77038,Kevin,Wairimu,kevin.wairimu77038@school.ac.ke
77039,Ivan,Ngetich,ivan.ngetich77039@uni.ac.ke
77040,Catherine,Adhiambo,catherine.adhiambo77040@academy.ac.ke
77041,John,Akumu,john.akumu77041@college.ac.ke
77042,Catherine,Omondi,catherine.omondi77042@academy.ac.ke
77043,Florence,Kiprotich,florence.kiprotich77043@students.ac.ke
77044,Naomi,Mbatha,naomi.mbatha77044@academy.ac.ke
77045,Adrian,Yusuf,adrian.yusuf77045@uni.ac.ke
77046,Isaac,Gathoni,isaac.gathoni77046@students.ac.ke
77047,Kevin,Nduku,kevin.nduku77047@uni.ac.ke
77048,Diana,Owino,diana.owino77048@students.ac.ke
77049,Quentin,Nduku,quentin.nduku77049@uni.ac.ke
77050,Isaac,Wanjiku,isaac.wanjiku77050@school.ac.ke
77051,Catherine,Wanjiku,catherine.wanjiku77051@students.ac.ke
77052,Hope,Kiprotich,hope.kiprotich77052@school.ac.ke
77053,Paul,Wairimu,paul.wairimu77053@college.ac.ke
77054,Moses,Kinyua,moses.kinyua77054@academy.ac.ke
77055,Harriet,Kamau,harriet.kamau77055@college.ac.ke
77056,Dorothy,Musa,dorothy.musa77056@school.ac.ke
77057,Eric,Achieng,eric.achieng77057@college.ac.ke
77058,Gloria,Mutai,gloria.mutai77058@college.ac.ke
77059,Paul,Musyoka,paul.musyoka77059@academy.ac.ke
77060,Brian,Ochieng,brian.ochieng77060@uni.ac.ke
77061,James,Kyalo,james.kyalo77061@college.ac.ke
77062,Dennis,Muturi,dennis.muturi77062@uni.ac.ke
77063,Jacob,Rotich,jacob.rotich77063@uni.ac.ke
77064,Agnes,Nduku,agnes.nduku77064@academy.ac.ke
77065,Edith,Mutua,edith.mutua77065@school.ac.ke
77066,Daniel,Kamau,daniel.kamau77066@academy.ac.ke
77067,Helen,Lagat,helen.lagat77067@school.ac.ke
77068,Frances,Farah,frances.farah77068@school.ac.ke
77069,Gladys,Ruto,gladys.ruto77069@school.ac.ke
77070,Janet,Kiptoo,janet.kiptoo77070@academy.ac.ke
77071,Isaac,Gathoni,isaac.gathoni77071@academy.ac.ke
77072,Edwin,Mwangi,edwin.mwangi77072@school.ac.ke
77073,Beatrice,Awuor,beatrice.awuor77073@college.ac.ke
77074,Peter,Kamau,peter.kamau77074@academy.ac.ke
77075,Betty,Wanjiku,betty.wanjiku77075@students.ac.ke
77076,Betty,Chebet,betty.chebet77076@college.ac.ke
77077,Esther,Akumu,esther.akumu77077@academy.ac.ke
77078,Hannah,Ochieng,hannah.ochieng77078@college.ac.ke
77079,Joseph,Achieng,joseph.achieng77079@college.ac.ke
77080,Dennis,Juma,dennis.juma77080@academy.ac.ke
77081,Francis,Kiprotich,francis.kiprotich77081@academy.ac.ke
77082,Esther,Ngetich,esther.ngetich77082@college.ac.ke
77083,Robert,Gichuki,robert.gichuki77083@students.ac.ke
77084,Philip,Onyango,philip.onyango77084@students.ac.ke
77085,Faith,Mwenda,faith.mwenda77085@college.ac.ke
77086,Hope,Mbatha,hope.mbatha77086@school.ac.ke
77087,Diana,Koech,diana.koech77087@uni.ac.ke
77088,Faith,Odhiambo,faith.odhiambo77088@academy.ac.ke
77089,Noah,Musyoka,noah.musyoka77089@school.ac.ke
77090,Eleanor,Kinyua,eleanor.kinyua77090@college.ac.ke
77091,Philip,Ngetich,philip.ngetich77091@academy.ac.ke
77092,Edwin,Njoroge,edwin.njoroge77092@college.ac.ke
77093,Helen,Omar,helen.omar77093@students.ac.ke
77094,Thomas,Juma,thomas.juma77094@school.ac.ke
77095,Grace,Mwangi,grace.mwangi77095@school.ac.ke
77096,Lewis,Njoki,lewis.njoki77096@academy.ac.ke
77097,William,Ogolla,william.ogolla77097@college.ac.ke
77098,Victor,Achieng,victor.achieng77098@academy.ac.ke
77099,Isaac,Mutai,isaac.mutai77099@academy.ac.ke
77100,Faith,Mwangi,faith.mwangi77100@uni.ac.ke
77101,Mary,Lagat,mary.lagat77101@college.ac.ke
77102,David,Achieng,david.achieng77102@uni.ac.ke
77103,Carol,Muturi,carol.muturi77103@students.ac.ke
77104,Paul,Wairimu,paul.wairimu77104@students.ac.ke
77105,Michael,Kariuki,michael.kariuki77105@students.ac.ke
77106,Agnes,Kasyoka,agnes.kasyoka77106@school.ac.ke
77107,Gladys,Awuor,gladys.awuor77107@uni.ac.ke
77108,Naomi,Mutai,naomi.mutai77108@uni.ac.ke
77109,Daniel,Mwangi,daniel.mwangi77109@school.ac.ke
77110,Catherine,Ndegwa,catherine.ndegwa77110@uni.ac.ke
77111,Dorothy,Mbatha,dorothy.mbatha77111@uni.ac.ke
77112,Isaac,Juma,isaac.juma77112@students.ac.ke
77113,Bernard,Awuor,bernard.awuor77113@uni.ac.ke
77114,Catherine,Onyango,catherine.onyango77114@college.ac.ke
77115,Paul,Njuguna,paul.njuguna77115@academy.ac.ke
77116,Noah,Awuor,noah.awuor77116@students.ac.ke
77117,Hope,Farah,hope.farah77117@academy.ac.ke
77118,Lydia,Lagat,lydia.lagat77118@uni.ac.ke
77119,Joy,Musyoka,joy.musyoka77119@academy.ac.ke
77120,Philip,Njoroge,philip.njoroge77120@college.ac.ke
77121,Joy,Juma,joy.juma77121@students.ac.ke
77122,Julian,Mwenda,julian.mwenda77122@uni.ac.ke
77123,Diana,Mumo,diana.mumo77123@school.ac.ke
77124,Charles,Farah,charles.farah77124@college.ac.ke
77125,Hannah,Gitau,hannah.gitau77125@college.ac.ke
77126,Jacob,Musa,jacob.musa77126@students.ac.ke
77127,Eleanor,Odhiambo,eleanor.odhiambo77127@school.ac.ke
77128,Hannah,Ibrahim,hannah.ibrahim77128@students.ac.ke
77129,Edith,Odhiambo,edith.odhiambo77129@college.ac.ke
77130,Florence,Ogolla,florence.ogolla77130@academy.ac.ke
77131,Peter,Omar,peter.omar77131@academy.ac.ke
77132,Philip,Rotich,philip.rotich77132@school.ac.ke
77133,Hannah,Mwenda,hannah.mwenda77133@uni.ac.ke
77134,Eleanor,Mutisya,eleanor.mutisya77134@school.ac.ke
77135,Agnes,Ndegwa,agnes.ndegwa77135@academy.ac.ke
77136,Hope,Kasyoka,hope.kasyoka77136@academy.ac.ke
77137,William,Okello,william.okello77137@uni.ac.ke
77138,Frances,Mwangi,frances.mwangi77138@uni.ac.ke
77139,Samuel,Chebet,samuel.chebet77139@school.ac.ke
77140,Brian,Gathoni,brian.gathoni77140@school.ac.ke
77141,Gloria,Kasyoka,gloria.kasyoka77141@academy.ac.ke
77142,Michael,Mwenda,michael.mwenda77142@students.ac.ke
77143,Beatrice,Onyango,beatrice.onyango77143@students.ac.ke
77144,Bernard,Gitonga,bernard.gitonga77144@academy.ac.ke
77145,Peter,Juma,peter.juma77145@school.ac.ke
77146,Robert,Ahmed,robert.ahmed77146@school.ac.ke
77147,Joyce,Kariuki,joyce.kariuki77147@academy.ac.ke
77148,Raymond,Kamau,raymond.kamau77148@school.ac.ke
77149,Brian,Kasyoka,brian.kasyoka77149@school.ac.ke
77150,Diana,Nduku,diana.nduku77150@college.ac.ke
77151,Beatrice,Musyoka,beatrice.musyoka77151@college.ac.ke
77152,George,Gichuki,george.gichuki77152@uni.ac.ke
77153,Mary,Lagat,mary.lagat77153@college.ac.ke
77154,Eleanor,Muturi,eleanor.muturi77154@school.ac.ke
77155,Naomi,Kimani,naomi.kimani77155@college.ac.ke
77156,Irene,Ngetich,irene.ngetich77156@students.ac.ke
77157,Eric,Owino,eric.owino77157@uni.ac.ke
77158,Diana,Kasyoka,diana.kasyoka77158@college.ac.ke
77159,Irene,Lagat,irene.lagat77159@uni.ac.ke
77160,Noah,Mwangi,noah.mwangi77160@school.ac.ke
77161,Harold,Nduku,harold.nduku77161@college.ac.ke
77162,Joyce,Ndegwa,joyce.ndegwa77162@academy.ac.ke
77163,Victor,Kariuki,victor.kariuki77163@college.ac.ke
77164,Florence,Gitonga,florence.gitonga77164@students.ac.ke
77165,Bernard,Otieno,bernard.otieno77165@students.ac.ke
77166,Florence,Hassan,florence.hassan77166@academy.ac.ke
77167,Kenneth,Mumo,kenneth.mumo77167@college.ac.ke
77168,Simon,Ahmed,simon.ahmed77168@students.ac.ke
77169,Gordon,Nduku,gordon.nduku77169@uni.ac.ke
77170,Paul,Waweru,paul.waweru77170@uni.ac.ke
77171,Philip,Mwangi,philip.mwangi77171@uni.ac.ke
77172,Naomi,Mwenda,naomi.mwenda77172@academy.ac.ke
77173,Hannah,Mbatha,hannah.mbatha77173@school.ac.ke
77174,Catherine,Gichuki,catherine.gichuki77174@school.ac.ke
77175,Lewis,Abdi,lewis.abdi77175@academy.ac.ke
77176,Kevin,Njuguna,kevin.njuguna77176@school.ac.ke
77177,Frances,Gichuki,frances.gichuki77177@students.ac.ke
77178,Carol,Ruto,carol.ruto77178@uni.ac.ke
77179,Eleanor,Musa,eleanor.musa77179@academy.ac.ke
77180,Naomi,Ndegwa,naomi.ndegwa77180@college.ac.ke
77181,Edwin,Bett,edwin.bett77181@academy.ac.ke
77182,Lydia,Kinyua,lydia.kinyua77182@academy.ac.ke
77183,Peter,Abdi,peter.abdi77183@school.ac.ke
77184,Edwin,Nzomo,edwin.nzomo77184@college.ac.ke
77185,George,Mutai,george.mutai77185@college.ac.ke
77186,James,Kiprotich,james.kiprotich77186@academy.ac.ke
77187,Bernard,Hassan,bernard.hassan77187@students.ac.ke
77188,Julian,Nzomo,julian.nzomo77188@uni.ac.ke
77189,Lydia,Ochieng,lydia.ochieng77189@students.ac.ke
77190,Frances,Mutisya,frances.mutisya77190@school.ac.ke
77191,Henry,Hassan,henry.hassan77191@students.ac.ke
77192,Julian,Mbatha,julian.mbatha77192@students.ac.ke
77193,Joseph,Gathoni,joseph.gathoni77193@uni.ac.ke
77194,Harold,Muturi,harold.muturi77194@school.ac.ke
77195,George,Achieng,george.achieng77195@uni.ac.ke
77196,Charles,Ruto,charles.ruto77196@students.ac.ke
77197,Dorothy,Njuguna,dorothy.njuguna77197@college.ac.ke
77198,Dennis,Wairimu,dennis.wairimu77198@students.ac.ke
77199,Diana,Ndegwa,diana.ndegwa77199@academy.ac.ke
77200,Dorothy,Odhiambo,dorothy.odhiambo77200@academy.ac.ke
77201,Dorothy,Waweru,dorothy.waweru77201@school.ac.ke
77202,Lewis,Onyango,lewis.onyango77202@school.ac.ke
77203,Jacob,Okello,jacob.okello77203@academy.ac.ke
77204,Raymond,Omar,raymond.omar77204@school.ac.ke
77205,Edwin,Ngetich,edwin.ngetich77205@uni.ac.ke
77206,Peter,Wanjiku,peter.wanjiku77206@college.ac.ke
77207,Lydia,Abdi,lydia.abdi77207@college.ac.ke
77208,Joyce,Gitonga,joyce.gitonga77208@uni.ac.ke
77209,Thomas,Awuor,thomas.awuor77209@uni.ac.ke
77210,Hannah,Njoki,hannah.njoki77210@college.ac.ke
77211,Robert,Omar,robert.omar77211@academy.ac.ke
77212,Harold,Hassan,harold.hassan77212@uni.ac.ke
77213,Edith,Akumu,edith.akumu77213@academy.ac.ke
77214,Kenneth,Mumo,kenneth.mumo77214@school.ac.ke
77215,Julian,Kinyua,julian.kinyua77215@school.ac.ke
77216,Gordon,Awuor,gordon.awuor77216@uni.ac.ke
77217,Eleanor,Mbatha,eleanor.mbatha77217@students.ac.ke
77218,Janet,Juma,janet.juma77218@students.ac.ke
77219,Michael,Ruto,michael.ruto77219@students.ac.ke
77220,John,Mwenda,john.mwenda77220@college.ac.ke
77221,Samuel,Ogolla,samuel.ogolla77221@school.ac.ke
77222,Kevin,Kariuki,kevin.kariuki77222@school.ac.ke
77223,Charles,Ruto,charles.ruto77223@academy.ac.ke
77224,Mary,Muturi,mary.muturi77224@students.ac.ke
77225,Francis,Ahmed,francis.ahmed77225@academy.ac.ke
77226,Simon,Ruto,simon.ruto77226@college.ac.ke
77227,George,Ogolla,george.ogolla77227@college.ac.ke
77228,Samuel,Njoki,samuel.njoki77228@students.ac.ke
77229,Helen,Okello,helen.okello77229@uni.ac.ke
77230,Frances,Owino,frances.owino77230@uni.ac.ke
77231,Paul,Lagat,paul.lagat77231@students.ac.ke
77232,Agnes,Gathoni,agnes.gathoni77232@uni.ac.ke
77233,Helen,Abdi,helen.abdi77233@academy.ac.ke
77234,David,Kimani,david.kimani77234@school.ac.ke
77235,Victor,Nzomo,victor.nzomo77235@school.ac.ke
77236,Lydia,Owino,lydia.owino77236@uni.ac.ke
77237,Gladys,Mutai,gladys.mutai77237@uni.ac.ke
77238,Harold,Akumu,harold.akumu77238@college.ac.ke
77239,Diana,Juma,diana.juma77239@academy.ac.ke
77240,Ivan,Musyoka,ivan.musyoka77240@academy.ac.ke
77241,Carol,Mwangi,carol.mwangi77241@school.ac.ke
77242,Faith,Gitau,faith.gitau77242@uni.ac.ke
77243,Dennis,Musa,dennis.musa77243@school.ac.ke
77244,Ivan,Odhiambo,ivan.odhiambo77244@uni.ac.ke
77245,William,Njuguna,william.njuguna77245@academy.ac.ke
77246,Kenneth,Adhiambo,kenneth.adhiambo77246@college.ac.ke
77247,Paul,Gathoni,paul.gathoni77247@academy.ac.ke
77248,Francis,Bett,francis.bett77248@school.ac.ke
77249,Adrian,Ruto,adrian.ruto77249@students.ac.ke
77250,Charles,Gichuki,charles.gichuki77250@academy.ac.ke
77251,Carol,Rotich,carol.rotich77251@school.ac.ke
77252,Hannah,Kasyoka,hannah.kasyoka77252@college.ac.ke
77253,Paul,Maina,paul.maina77253@uni.ac.ke
77254,Charles,Nduku,charles.nduku77254@academy.ac.ke
77255,Michael,Gathoni,michael.gathoni77255@uni.ac.ke
77256,Oscar,Lagat,oscar.lagat77256@uni.ac.ke
77257,Harriet,Njuguna,harriet.njuguna77257@students.ac.ke
77258,Peter,Chebet,peter.chebet77258@uni.ac.ke
77259,Brian,Omar,brian.omar77259@school.ac.ke
77260,Harold,Ahmed,harold.ahmed77260@academy.ac.ke
77261,Gordon,Akumu,gordon.akumu77261@college.ac.ke
77262,Harold,Gathoni,harold.gathoni77262@academy.ac.ke
77263,Dorothy,Ochieng,dorothy.ochieng77263@college.ac.ke
77264,Dennis,Gitau,dennis.gitau77264@college.ac.ke
77265,Catherine,Musa,catherine.musa77265@uni.ac.ke
77266,Gordon,Yusuf,gordon.yusuf77266@college.ac.ke
77267,Oscar,Chebet,oscar.chebet77267@school.ac.ke
77268,Lydia,Abdi,lydia.abdi77268@students.ac.ke
77269,Irene,Otieno,irene.otieno77269@students.ac.ke
77270,Alice,Ibrahim,alice.ibrahim77270@academy.ac.ke
77271,Michael,Nzomo,michael.nzomo77271@students.ac.ke
77272,Jacob,Yusuf,jacob.yusuf77272@school.ac.ke
77273,Agnes,Hassan,agnes.hassan77273@school.ac.ke
77274,Beatrice,Njuguna,beatrice.njuguna77274@academy.ac.ke
77275,Mary,Kiptoo,mary.kiptoo77275@college.ac.ke
77276,Francis,Omondi,francis.omondi77276@uni.ac.ke
77277,Agnes,Kiptoo,agnes.kiptoo77277@school.ac.ke
77278,Hope,Lagat,hope.lagat77278@college.ac.ke
77279,Diana,Ochieng,diana.ochieng77279@academy.ac.ke
77280,David,Mwenda,david.mwenda77280@college.ac.ke
77281,Dennis,Mutisya,dennis.mutisya77281@uni.ac.ke
77282,Florence,Gitau,florence.gitau77282@academy.ac.ke
77283,Ivan,Mutisya,ivan.mutisya77283@college.ac.ke
77284,Quentin,Chebet,quentin.chebet77284@uni.ac.ke
77285,Robert,Okello,robert.okello77285@college.ac.ke
77286,Kenneth,Yusuf,kenneth.yusuf77286@uni.ac.ke
77287,Naomi,Kasyoka,naomi.kasyoka77287@uni.ac.ke
77288,Paul,Ruto,paul.ruto77288@uni.ac.ke
77289,Philip,Koech,philip.koech77289@academy.ac.ke
77290,Peter,Gitonga,peter.gitonga77290@academy.ac.ke
77291,Kenneth,Mbatha,kenneth.mbatha77291@uni.ac.ke
77292,Edwin,Gitau,edwin.gitau77292@students.ac.ke
77293,Grace,Kiptoo,grace.kiptoo77293@academy.ac.ke
77294,Douglas,Kinyua,douglas.kinyua77294@uni.ac.ke
77295,Grace,Mbatha,grace.mbatha77295@school.ac.ke
77296,Beatrice,Ruto,beatrice.ruto77296@college.ac.ke
77297,Florence,Gitonga,florence.gitonga77297@uni.ac.ke
77298,Kenneth,Kinyua,kenneth.kinyua77298@college.ac.ke
77299,Charles,Njuguna,charles.njuguna77299@uni.ac.ke
77300,Raymond,Bett,raymond.bett77300@academy.ac.ke
77301,Hannah,Wanjiku,hannah.wanjiku77301@students.ac.ke
77302,Joyce,Mbatha,joyce.mbatha77302@school.ac.ke
77303,Ivan,Omar,ivan.omar77303@academy.ac.ke
77304,Irene,Abdi,irene.abdi77304@academy.ac.ke
77305,Raymond,Bett,raymond.bett77305@school.ac.ke
77306,Eric,Kiptoo,eric.kiptoo77306@uni.ac.ke
77307,Eric,Ruto,eric.ruto77307@academy.ac.ke
77308,Ruth,Otieno,ruth.otieno77308@college.ac.ke
77309,Harold,Juma,harold.juma77309@uni.ac.ke
77310,Ivan,Nzomo,ivan.nzomo77310@academy.ac.ke
77311,Alice,Njuguna,alice.njuguna77311@college.ac.ke
77312,Lewis,Omar,lewis.omar77312@academy.ac.ke
77313,Jacob,Kasyoka,jacob.kasyoka77313@academy.ac.ke
77314,Carol,Njoroge,carol.njoroge77314@academy.ac.ke
77315,Isaac,Nzomo,isaac.nzomo77315@school.ac.ke
77316,Adrian,Ruto,adrian.ruto77316@college.ac.ke
77317,Joseph,Mwenda,joseph.mwenda77317@college.ac.ke
77318,Florence,Kariuki,florence.kariuki77318@students.ac.ke
77319,Hope,Mwenda,hope.mwenda77319@college.ac.ke
77320,Joseph,Kariuki,joseph.kariuki77320@students.ac.ke
77321,Alice,Ochieng,alice.ochieng77321@school.ac.ke
77322,Harold,Juma,harold.juma77322@college.ac.ke
77323,Eric,Kimani,eric.kimani77323@school.ac.ke
77324,Lewis,Muturi,lewis.muturi77324@students.ac.ke
77325,Kenneth,Ochieng,kenneth.ochieng77325@college.ac.ke
77326,Janet,Ogolla,janet.ogolla77326@college.ac.ke
77327,Gladys,Chebet,gladys.chebet77327@academy.ac.ke
77328,Grace,Njoroge,grace.njoroge77328@school.ac.ke
77329,William,Njoki,william.njoki77329@school.ac.ke
77330,Victor,Bett,victor.bett77330@students.ac.ke
77331,Philip,Kiptoo,philip.kiptoo77331@uni.ac.ke
77332,Thomas,Musyoka,thomas.musyoka77332@college.ac.ke
77333,Irene,Mwangi,irene.mwangi77333@college.ac.ke
77334,Isaac,Gichuki,isaac.gichuki77334@college.ac.ke
77335,Paul,Njoroge,paul.njoroge77335@college.ac.ke
77336,Charles,Waweru,charles.waweru77336@school.ac.ke
77337,Harold,Ahmed,harold.ahmed77337@academy.ac.ke
77338,Carol,Kariuki,carol.kariuki77338@uni.ac.ke
77339,Noah,Onyango,noah.onyango77339@college.ac.ke
77340,Hope,Ibrahim,hope.ibrahim77340@uni.ac.ke
77341,Bernard,Kyalo,bernard.kyalo77341@uni.ac.ke
77342,Paul,Mbatha,paul.mbatha77342@college.ac.ke
77343,Gordon,Odhiambo,gordon.odhiambo77343@school.ac.ke
77344,Esther,Awuor,esther.awuor77344@students.ac.ke
77345,Carol,Gathoni,carol.gathoni77345@academy.ac.ke
77346,Dennis,Farah,dennis.farah77346@academy.ac.ke
77347,Joseph,Gichuki,joseph.gichuki77347@students.ac.ke
77348,Brian,Gitau,brian.gitau77348@students.ac.ke
77349,Simon,Odhiambo,simon.odhiambo77349@academy.ac.ke
77350,Edith,Mwangi,edith.mwangi77350@academy.ac.ke
77351,Douglas,Ruto,douglas.ruto77351@academy.ac.ke
77352,Noah,Chebet,noah.chebet77352@school.ac.ke
77353,Edith,Nduku,edith.nduku77353@academy.ac.ke
77354,Jacob,Gitau,jacob.gitau77354@uni.ac.ke
77355,Brian,Khalid,brian.khalid77355@uni.ac.ke
77356,Eric,Gichuki,eric.gichuki77356@students.ac.ke
77357,Lydia,Gathoni,lydia.gathoni77357@school.ac.ke
77358,Simon,Rotich,simon.rotich77358@students.ac.ke
77359,Moses,Njoki,moses.njoki77359@students.ac.ke
77360,Esther,Njuguna,esther.njuguna77360@academy.ac.ke
77361,Helen,Nzomo,helen.nzomo77361@students.ac.ke
77362,Joyce,Waweru,joyce.waweru77362@academy.ac.ke
77363,Harriet,Owino,harriet.owino77363@students.ac.ke
77364,Grace,Ahmed,grace.ahmed77364@students.ac.ke
77365,Hope,Chebet,hope.chebet77365@college.ac.ke
77366,Eleanor,Mbatha,eleanor.mbatha77366@college.ac.ke
77367,Lydia,Chebet,lydia.chebet77367@academy.ac.ke
77368,Irene,Musyoka,irene.musyoka77368@school.ac.ke
77369,Eleanor,Adhiambo,eleanor.adhiambo77369@academy.ac.ke
77370,Frances,Omar,frances.omar77370@uni.ac.ke
77371,William,Wairimu,william.wairimu77371@students.ac.ke
77372,Victor,Kimani,victor.kimani77372@college.ac.ke
77373,Ruth,Rotich,ruth.rotich77373@uni.ac.ke
77374,Dennis,Kimani,dennis.kimani77374@college.ac.ke
77375,Mary,Mwenda,mary.mwenda77375@uni.ac.ke
77376,Lydia,Kimani,lydia.kimani77376@school.ac.ke
77377,Raymond,Lagat,raymond.lagat77377@academy.ac.ke
77378,Simon,Otieno,simon.otieno77378@school.ac.ke
77379,Helen,Kiprotich,helen.kiprotich77379@college.ac.ke
77380,Hannah,Hassan,hannah.hassan77380@uni.ac.ke
77381,Agnes,Ochieng,agnes.ochieng77381@students.ac.ke
77382,Michael,Nzomo,michael.nzomo77382@school.ac.ke
77383,Hope,Chebet,hope.chebet77383@students.ac.ke
77384,Faith,Mwenda,faith.mwenda77384@uni.ac.ke
77385,Samuel,Juma,samuel.juma77385@uni.ac.ke
77386,Ruth,Kamau,ruth.kamau77386@academy.ac.ke
77387,Gordon,Akumu,gordon.akumu77387@uni.ac.ke
77388,Hope,Mwangi,hope.mwangi77388@academy.ac.ke
77389,John,Achieng,john.achieng77389@uni.ac.ke
77390,Joy,Mwenda,joy.mwenda77390@uni.ac.ke
77391,Eric,Mutua,eric.mutua77391@students.ac.ke
77392,Mary,Chebet,mary.chebet77392@school.ac.ke
77393,Irene,Ngetich,irene.ngetich77393@uni.ac.ke
77394,Kenneth,Njoroge,kenneth.njoroge77394@uni.ac.ke
77395,James,Adhiambo,james.adhiambo77395@college.ac.ke
77396,Faith,Mutua,faith.mutua77396@students.ac.ke
77397,Julian,Wanjiku,julian.wanjiku77397@academy.ac.ke
77398,Gordon,Awuor,gordon.awuor77398@students.ac.ke
77399,Robert,Kyalo,robert.kyalo77399@college.ac.ke
77400,Harold,Gitonga,harold.gitonga77400@uni.ac.ke
77401,Hannah,Bett,hannah.bett77401@uni.ac.ke
77402,Kevin,Ahmed,kevin.ahmed77402@school.ac.ke
77403,Betty,Koech,betty.koech77403@college.ac.ke
77404,Lewis,Omondi,lewis.omondi77404@uni.ac.ke
77405,Dennis,Waweru,dennis.waweru77405@school.ac.ke
77406,Samuel,Onyango,samuel.onyango77406@school.ac.ke
77407,Eric,Mutai,eric.mutai77407@students.ac.ke
77408,John,Okello,john.okello77408@academy.ac.ke
77409,Brian,Njoroge,brian.njoroge77409@school.ac.ke
77410,James,Khalid,james.khalid77410@uni.ac.ke
77411,Catherine,Farah,catherine.farah77411@academy.ac.ke
77412,Ivan,Gathoni,ivan.gathoni77412@college.ac.ke
77413,Victor,Okello,victor.okello77413@uni.ac.ke
77414,Moses,Wanjiku,moses.wanjiku77414@school.ac.ke
77415,Faith,Khalid,faith.khalid77415@uni.ac.ke
77416,Mary,Odhiambo,mary.odhiambo77416@school.ac.ke
77417,Naomi,Ochieng,naomi.ochieng77417@academy.ac.ke
77418,Raymond,Akumu,raymond.akumu77418@college.ac.ke
77419,Harold,Owino,harold.owino77419@uni.ac.ke
77420,Joyce,Koech,joyce.koech77420@school.ac.ke
77421,James,Ahmed,james.ahmed77421@school.ac.ke
77422,Robert,Kasyoka,robert.kasyoka77422@students.ac.ke
77423,Adrian,Kimani,adrian.kimani77423@students.ac.ke
77424,Oscar,Gitau,oscar.gitau77424@school.ac.ke
77425,Gordon,Yusuf,gordon.yusuf77425@uni.ac.ke
77426,Robert,Bett,robert.bett77426@academy.ac.ke
77427,Peter,Kiptoo,peter.kiptoo77427@academy.ac.ke
77428,David,Muturi,david.muturi77428@uni.ac.ke
77429,Naomi,Ngetich,naomi.ngetich77429@academy.ac.ke
77430,Carol,Waweru,carol.waweru77430@school.ac.ke
77431,Henry,Gitonga,henry.gitonga77431@uni.ac.ke
77432,Mary,Mumo,mary.mumo77432@academy.ac.ke
77433,Philip,Gitau,philip.gitau77433@uni.ac.ke
77434,Gordon,Mutai,gordon.mutai77434@school.ac.ke
77435,Jacob,Musyoka,jacob.musyoka77435@academy.ac.ke
77436,Esther,Ruto,esther.ruto77436@college.ac.ke
77437,Paul,Ogolla,paul.ogolla77437@college.ac.ke
77438,Bernard,Mwenda,bernard.mwenda77438@students.ac.ke
77439,Dennis,Mutisya,dennis.mutisya77439@uni.ac.ke
77440,Diana,Lagat,diana.lagat77440@academy.ac.ke
77441,Harriet,Nzomo,harriet.nzomo77441@school.ac.ke
77442,Bernard,Akumu,bernard.akumu77442@academy.ac.ke
77443,Jacob,Omondi,jacob.omondi77443@academy.ac.ke
77444,Mary,Waweru,mary.waweru77444@school.ac.ke
77445,Philip,Gitau,philip.gitau77445@academy.ac.ke
77446,Joseph,Maina,joseph.maina77446@students.ac.ke
77447,Michael,Okello,michael.okello77447@students.ac.ke
77448,Helen,Omar,helen.omar77448@uni.ac.ke
77449,Esther,Owino,esther.owino77449@academy.ac.ke
77450,Hannah,Mutisya,hannah.mutisya77450@school.ac.ke
77451,Irene,Koech,irene.koech77451@school.ac.ke
77452,Jacob,Kamau,jacob.kamau77452@academy.ac.ke
77453,Edith,Gitonga,edith.gitonga77453@school.ac.ke
77454,Gloria,Kimani,gloria.kimani77454@students.ac.ke
77455,Peter,Ruto,peter.ruto77455@school.ac.ke
77456,Hope,Akumu,hope.akumu77456@college.ac.ke
77457,George,Okello,george.okello77457@uni.ac.ke
77458,Daniel,Lagat,daniel.lagat77458@uni.ac.ke
77459,Julian,Lagat,julian.lagat77459@students.ac.ke
77460,Julian,Omondi,julian.omondi77460@college.ac.ke
77461,Oscar,Mwangi,oscar.mwangi77461@school.ac.ke
77462,Joseph,Kinyua,joseph.kinyua77462@school.ac.ke
77463,Jacob,Muturi,jacob.muturi77463@students.ac.ke
77464,Kevin,Yusuf,kevin.yusuf77464@college.ac.ke
77465,Hannah,Njoroge,hannah.njoroge77465@uni.ac.ke
77466,Philip,Khalid,philip.khalid77466@academy.ac.ke
77467,James,Akumu,james.akumu77467@uni.ac.ke
77468,Raymond,Omar,raymond.omar77468@school.ac.ke
77469,Joyce,Kiprotich,joyce.kiprotich77469@college.ac.ke
77470,Francis,Owino,francis.owino77470@uni.ac.ke
77471,Ivan,Kamau,ivan.kamau77471@school.ac.ke
77472,Irene,Akumu,irene.akumu77472@school.ac.ke
77473,Joyce,Akumu,joyce.akumu77473@students.ac.ke
77474,Henry,Hassan,henry.hassan77474@students.ac.ke
77475,Diana,Koech,diana.koech77475@academy.ac.ke
77476,Gloria,Kiprotich,gloria.kiprotich77476@school.ac.ke
77477,Ivan,Nzomo,ivan.nzomo77477@students.ac.ke
77478,Gloria,Mutisya,gloria.mutisya77478@college.ac.ke
77479,Quentin,Kiptoo,quentin.kiptoo77479@students.ac.ke
77480,Edith,Gichuki,edith.gichuki77480@academy.ac.ke
77481,Betty,Kyalo,betty.kyalo77481@students.ac.ke
77482,Kenneth,Njoroge,kenneth.njoroge77482@uni.ac.ke
77483,Dennis,Mumo,dennis.mumo77483@college.ac.ke
77484,Jacob,Juma,jacob.juma77484@school.ac.ke
77485,Ruth,Rotich,ruth.rotich77485@students.ac.ke
77486,John,Maina,john.maina77486@school.ac.ke
77487,Kenneth,Gathoni,kenneth.gathoni77487@academy.ac.ke
77488,Thomas,Omondi,thomas.omondi77488@students.ac.ke
77489,Dorothy,Abdi,dorothy.abdi77489@uni.ac.ke
77490,Isaac,Onyango,isaac.onyango77490@uni.ac.ke
77491,Francis,Rotich,francis.rotich77491@uni.ac.ke
77492,Eleanor,Ahmed,eleanor.ahmed77492@uni.ac.ke
77493,Robert,Juma,robert.juma77493@students.ac.ke
77494,Oscar,Lagat,oscar.lagat77494@college.ac.ke
77495,Paul,Lagat,paul.lagat77495@academy.ac.ke
77496,Betty,Wairimu,betty.wairimu77496@college.ac.ke
77497,Faith,Achieng,faith.achieng77497@college.ac.ke
77498,Raymond,Omondi,raymond.omondi77498@uni.ac.ke
77499,Lewis,Ochieng,lewis.ochieng77499@school.ac.ke
77500,Joseph,Nzomo,joseph.nzomo77500@college.ac.ke
77501,Quentin,Kimani,quentin.kimani77501@uni.ac.ke
77502,Naomi,Wairimu,naomi.wairimu77502@academy.ac.ke
77503,Philip,Kariuki,philip.kariuki77503@students.ac.ke
77504,Simon,Njuguna,simon.njuguna77504@uni.ac.ke
77505,Eric,Chebet,eric.chebet77505@college.ac.ke
77506,Simon,Mutua,simon.mutua77506@college.ac.ke
77507,Robert,Kariuki,robert.kariuki77507@academy.ac.ke
77508,Agnes,Wanjiku,agnes.wanjiku77508@academy.ac.ke
77509,Samuel,Kinyua,samuel.kinyua77509@students.ac.ke
77510,Adrian,Mutua,adrian.mutua77510@students.ac.ke
77511,Peter,Kinyua,peter.kinyua77511@students.ac.ke
77512,Douglas,Nzomo,douglas.nzomo77512@uni.ac.ke
77513,Daniel,Kamau,daniel.kamau77513@uni.ac.ke
77514,Philip,Okello,philip.okello77514@academy.ac.ke
77515,Jacob,Ogolla,jacob.ogolla77515@uni.ac.ke
77516,Helen,Adhiambo,helen.adhiambo77516@school.ac.ke
77517,Lydia,Otieno,lydia.otieno77517@uni.ac.ke
77518,Peter,Gichuki,peter.gichuki77518@school.ac.ke
77519,James,Gathoni,james.gathoni77519@college.ac.ke
77520,David,Waweru,david.waweru77520@uni.ac.ke
77521,Noah,Muturi,noah.muturi77521@college.ac.ke
77522,Bernard,Gathoni,bernard.gathoni77522@school.ac.ke
77523,Philip,Koech,philip.koech77523@academy.ac.ke
77524,Diana,Kinyua,diana.kinyua77524@academy.ac.ke
77525,Simon,Njuguna,simon.njuguna77525@academy.ac.ke
77526,Raymond,Chebet,raymond.chebet77526@school.ac.ke
77527,Lydia,Mumo,lydia.mumo77527@college.ac.ke
77528,David,Onyango,david.onyango77528@students.ac.ke
77529,Agnes,Ruto,agnes.ruto77529@students.ac.ke
77530,Noah,Khalid,noah.khalid77530@school.ac.ke
77531,Daniel,Bett,daniel.bett77531@students.ac.ke
77532,Daniel,Ngetich,daniel.ngetich77532@uni.ac.ke
77533,Lydia,Mwenda,lydia.mwenda77533@uni.ac.ke
77534,Edwin,Abdi,edwin.abdi77534@students.ac.ke
77535,Douglas,Mutisya,douglas.mutisya77535@academy.ac.ke
77536,Alice,Ruto,alice.ruto77536@school.ac.ke
77537,Robert,Mumo,robert.mumo77537@students.ac.ke
77538,Peter,Lagat,peter.lagat77538@academy.ac.ke
77539,Victor,Hassan,victor.hassan77539@school.ac.ke
77540,Kevin,Kyalo,kevin.kyalo77540@academy.ac.ke
77541,Thomas,Kamau,thomas.kamau77541@school.ac.ke
77542,Agnes,Abdi,agnes.abdi77542@school.ac.ke
77543,Brian,Ogolla,brian.ogolla77543@students.ac.ke
77544,Alice,Gichuki,alice.gichuki77544@students.ac.ke
77545,Raymond,Hassan,raymond.hassan77545@uni.ac.ke
77546,Florence,Onyango,florence.onyango77546@students.ac.ke
77547,Ruth,Omondi,ruth.omondi77547@college.ac.ke
77548,Dennis,Ochieng,dennis.ochieng77548@students.ac.ke
77549,Grace,Awuor,grace.awuor77549@school.ac.ke
77550,Hope,Njoki,hope.njoki77550@college.ac.ke
77551,Victor,Musa,victor.musa77551@college.ac.ke
77552,Simon,Ndegwa,simon.ndegwa77552@school.ac.ke
77553,Naomi,Awuor,naomi.awuor77553@school.ac.ke
77554,Harold,Njoki,harold.njoki77554@academy.ac.ke
77555,Ivan,Ibrahim,ivan.ibrahim77555@uni.ac.ke
77556,Faith,Kiptoo,faith.kiptoo77556@students.ac.ke
77557,Thomas,Nduku,thomas.nduku77557@uni.ac.ke
77558,Eleanor,Kyalo,eleanor.kyalo77558@uni.ac.ke
77559,Naomi,Hassan,naomi.hassan77559@college.ac.ke
77560,Henry,Juma,henry.juma77560@academy.ac.ke
77561,Brian,Mutisya,brian.mutisya77561@school.ac.ke
77562,Helen,Odhiambo,helen.odhiambo77562@students.ac.ke
77563,Agnes,Gichuki,agnes.gichuki77563@college.ac.ke
77564,John,Musyoka,john.musyoka77564@students.ac.ke
77565,Samuel,Achieng,samuel.achieng77565@college.ac.ke
77566,Victor,Musa,victor.musa77566@college.ac.ke
77567,Kenneth,Gitonga,kenneth.gitonga77567@uni.ac.ke
77568,Dorothy,Farah,dorothy.farah77568@academy.ac.ke
77569,Paul,Kariuki,paul.kariuki77569@academy.ac.ke
77570,Joseph,Njuguna,joseph.njuguna77570@college.ac.ke
77571,Carol,Juma,carol.juma77571@academy.ac.ke
77572,Agnes,Maina,agnes.maina77572@college.ac.ke
77573,Diana,Njoki,diana.njoki77573@academy.ac.ke
77574,Lewis,Chebet,lewis.chebet77574@academy.ac.ke
77575,Bernard,Mbatha,bernard.mbatha77575@uni.ac.ke
77576,Francis,Wanjiku,francis.wanjiku77576@students.ac.ke
77577,Quentin,Wanjiku,quentin.wanjiku77577@school.ac.ke
77578,Kenneth,Chebet,kenneth.chebet77578@uni.ac.ke
77579,Victor,Muturi,victor.muturi77579@students.ac.ke
77580,Daniel,Gitonga,daniel.gitonga77580@uni.ac.ke
77581,Florence,Ndegwa,florence.ndegwa77581@college.ac.ke
77582,Naomi,Njoroge,naomi.njoroge77582@uni.ac.ke
77583,Grace,Awuor,grace.awuor77583@students.ac.ke
77584,Victor,Khalid,victor.khalid77584@college.ac.ke
77585,Agnes,Njoki,agnes.njoki77585@school.ac.ke
77586,Philip,Mbatha,philip.mbatha77586@college.ac.ke
77587,John,Khalid,john.khalid77587@academy.ac.ke
77588,Beatrice,Odhiambo,beatrice.odhiambo77588@students.ac.ke
77589,Thomas,Gathoni,thomas.gathoni77589@students.ac.ke
77590,Agnes,Awuor,agnes.awuor77590@uni.ac.ke
77591,Hannah,Mutua,hannah.mutua77591@school.ac.ke
77592,Eleanor,Chebet,eleanor.chebet77592@uni.ac.ke
77593,Joy,Gichuki,joy.gichuki77593@academy.ac.ke
77594,Hannah,Kiprotich,hannah.kiprotich77594@college.ac.ke
77595,Edith,Ibrahim,edith.ibrahim77595@students.ac.ke
77596,Charles,Koech,charles.koech77596@school.ac.ke
77597,Joyce,Achieng,joyce.achieng77597@academy.ac.ke
77598,Frances,Nduku,frances.nduku77598@academy.ac.ke
77599,Joy,Kasyoka,joy.kasyoka77599@college.ac.ke
77600,Hannah,Kimani,hannah.kimani77600@students.ac.ke
77601,Ivan,Farah,ivan.farah77601@students.ac.ke
77602,Julian,Njuguna,julian.njuguna77602@academy.ac.ke
77603,Helen,Maina,helen.maina77603@college.ac.ke
77604,Daniel,Akumu,daniel.akumu77604@uni.ac.ke
77605,Dennis,Muturi,dennis.muturi77605@students.ac.ke
77606,Janet,Muturi,janet.muturi77606@school.ac.ke
77607,Daniel,Yusuf,daniel.yusuf77607@uni.ac.ke
77608,Charles,Wairimu,charles.wairimu77608@school.ac.ke
77609,Gordon,Omar,gordon.omar77609@academy.ac.ke
77610,Ruth,Lagat,ruth.lagat77610@college.ac.ke
77611,Michael,Njuguna,michael.njuguna77611@uni.ac.ke
77612,Francis,Mutua,francis.mutua77612@academy.ac.ke
77613,Alice,Wairimu,alice.wairimu77613@school.ac.ke
77614,Paul,Musyoka,paul.musyoka77614@school.ac.ke
77615,Mary,Adhiambo,mary.adhiambo77615@academy.ac.ke
77616,Jacob,Bett,jacob.bett77616@students.ac.ke
77617,John,Kasyoka,john.kasyoka77617@college.ac.ke
77618,Beatrice,Onyango,beatrice.onyango77618@academy.ac.ke
77619,Naomi,Bett,naomi.bett77619@students.ac.ke
77620,Faith,Akumu,faith.akumu77620@college.ac.ke
77621,Kevin,Omar,kevin.omar77621@academy.ac.ke
77622,John,Yusuf,john.yusuf77622@uni.ac.ke
77623,Naomi,Farah,naomi.farah77623@students.ac.ke
77624,Ruth,Yusuf,ruth.yusuf77624@uni.ac.ke
77625,Francis,Gathoni,francis.gathoni77625@school.ac.ke
77626,Edith,Njuguna,edith.njuguna77626@school.ac.ke
77627,Charles,Awuor,charles.awuor77627@students.ac.ke
77628,Thomas,Mutua,thomas.mutua77628@school.ac.ke
77629,Daniel,Muturi,daniel.muturi77629@academy.ac.ke
77630,David,Musa,david.musa77630@students.ac.ke
77631,David,Gitau,david.gitau77631@college.ac.ke
77632,Douglas,Mutisya,douglas.mutisya77632@uni.ac.ke
77633,Philip,Ndegwa,philip.ndegwa77633@college.ac.ke
77634,Janet,Gitonga,janet.gitonga77634@uni.ac.ke
77635,Julian,Kimani,julian.kimani77635@school.ac.ke
77636,Simon,Omar,simon.omar77636@college.ac.ke
77637,Robert,Kamau,robert.kamau77637@uni.ac.ke
77638,Philip,Kiptoo,philip.kiptoo77638@students.ac.ke
77639,Douglas,Gitonga,douglas.gitonga77639@students.ac.ke
77640,Ruth,Owino,ruth.owino77640@school.ac.ke
77641,Esther,Maina,esther.maina77641@school.ac.ke
77642,Ruth,Kiptoo,ruth.kiptoo77642@uni.ac.ke
77643,Douglas,Abdi,douglas.abdi77643@academy.ac.ke
77644,James,Omondi,james.omondi77644@uni.ac.ke
77645,Harold,Otieno,harold.otieno77645@academy.ac.ke
77646,Jacob,Akumu,jacob.akumu77646@school.ac.ke
77647,Mary,Kiptoo,mary.kiptoo77647@school.ac.ke
77648,William,Okello,william.okello77648@academy.ac.ke
77649,Simon,Owino,simon.owino77649@college.ac.ke
77650,Noah,Awuor,noah.awuor77650@uni.ac.ke
77651,Ivan,Njuguna,ivan.njuguna77651@academy.ac.ke
77652,Robert,Ochieng,robert.ochieng77652@school.ac.ke
77653,William,Ochieng,william.ochieng77653@school.ac.ke
77654,Gordon,Wanjiku,gordon.wanjiku77654@college.ac.ke
77655,Daniel,Mutisya,daniel.mutisya77655@uni.ac.ke
77656,Thomas,Kiprotich,thomas.kiprotich77656@college.ac.ke
77657,Dorothy,Mbatha,dorothy.mbatha77657@students.ac.ke
77658,Thomas,Ochieng,thomas.ochieng77658@college.ac.ke
77659,Joseph,Owino,joseph.owino77659@school.ac.ke
77660,Douglas,Waweru,douglas.waweru77660@uni.ac.ke
77661,John,Adhiambo,john.adhiambo77661@school.ac.ke
77662,Philip,Wairimu,philip.wairimu77662@uni.ac.ke
77663,Oscar,Kimani,oscar.kimani77663@college.ac.ke
77664,Betty,Kiprotich,betty.kiprotich77664@uni.ac.ke
77665,Diana,Ahmed,diana.ahmed77665@uni.ac.ke
77666,Henry,Ndegwa,henry.ndegwa77666@college.ac.ke
77667,Kenneth,Wanjiku,kenneth.wanjiku77667@uni.ac.ke
77668,Eleanor,Mutai,eleanor.mutai77668@students.ac.ke
77669,Douglas,Njoroge,douglas.njoroge77669@academy.ac.ke
77670,Lewis,Ndegwa,lewis.ndegwa77670@college.ac.ke
77671,Irene,Mutai,irene.mutai77671@uni.ac.ke
77672,Janet,Gathoni,janet.gathoni77672@students.ac.ke
77673,Samuel,Njuguna,samuel.njuguna77673@academy.ac.ke
77674,John,Wairimu,john.wairimu77674@school.ac.ke
77675,Julian,Ibrahim,julian.ibrahim77675@students.ac.ke
77676,Hope,Njoki,hope.njoki77676@uni.ac.ke
77677,Gloria,Kiprotich,gloria.kiprotich77677@academy.ac.ke
77678,Adrian,Muturi,adrian.muturi77678@college.ac.ke
77679,Beatrice,Odhiambo,beatrice.odhiambo77679@college.ac.ke
77680,Edith,Wanjiku,edith.wanjiku77680@college.ac.ke
77681,Noah,Adhiambo,noah.adhiambo77681@academy.ac.ke
77682,George,Mutisya,george.mutisya77682@students.ac.ke
77683,Edwin,Rotich,edwin.rotich77683@college.ac.ke
77684,Gordon,Koech,gordon.koech77684@uni.ac.ke
77685,Oscar,Bett,oscar.bett77685@academy.ac.ke
77686,Beatrice,Khalid,beatrice.khalid77686@students.ac.ke
77687,Eleanor,Mbatha,eleanor.mbatha77687@college.ac.ke
77688,Hope,Abdi,hope.abdi77688@school.ac.ke
77689,Lydia,Mumo,lydia.mumo77689@uni.ac.ke
77690,Alice,Ochieng,alice.ochieng77690@uni.ac.ke
77691,William,Gitonga,william.gitonga77691@academy.ac.ke
77692,Betty,Mutai,betty.mutai77692@school.ac.ke
77693,Eleanor,Yusuf,eleanor.yusuf77693@academy.ac.ke
77694,Esther,Otieno,esther.otieno77694@school.ac.ke
77695,Moses,Musyoka,moses.musyoka77695@uni.ac.ke
77696,Lewis,Wanjiku,lewis.wanjiku77696@college.ac.ke
77697,Brian,Koech,brian.koech77697@uni.ac.ke
77698,Ivan,Gitau,ivan.gitau77698@college.ac.ke
77699,Adrian,Awuor,adrian.awuor77699@college.ac.ke
77700,William,Mbatha,william.mbatha77700@uni.ac.ke
77701,Adrian,Kiptoo,adrian.kiptoo77701@college.ac.ke
77702,Esther,Kiptoo,esther.kiptoo77702@academy.ac.ke
77703,John,Hassan,john.hassan77703@school.ac.ke
77704,Edwin,Koech,edwin.koech77704@college.ac.ke
77705,Harriet,Kinyua,harriet.kinyua77705@college.ac.ke
77706,Dorothy,Mwangi,dorothy.mwangi77706@students.ac.ke
77707,Joseph,Omondi,joseph.omondi77707@college.ac.ke
77708,Agnes,Okello,agnes.okello77708@students.ac.ke
77709,Frances,Gichuki,frances.gichuki77709@uni.ac.ke
77710,Diana,Akumu,diana.akumu77710@school.ac.ke
77711,Oscar,Ahmed,oscar.ahmed77711@school.ac.ke
77712,Daniel,Ogolla,daniel.ogolla77712@uni.ac.ke
77713,Grace,Owino,grace.owino77713@academy.ac.ke
77714,Gladys,Mwenda,gladys.mwenda77714@academy.ac.ke
77715,Michael,Juma,michael.juma77715@college.ac.ke
77716,Naomi,Mutua,naomi.mutua77716@school.ac.ke
77717,Ruth,Mwangi,ruth.mwangi77717@academy.ac.ke
77718,Henry,Ruto,henry.ruto77718@academy.ac.ke
77719,Carol,Kiptoo,carol.kiptoo77719@academy.ac.ke
77720,Philip,Gichuki,philip.gichuki77720@college.ac.ke
77721,Robert,Owino,robert.owino77721@academy.ac.ke
77722,Agnes,Otieno,agnes.otieno77722@students.ac.ke
77723,Helen,Nzomo,helen.nzomo77723@students.ac.ke
77724,Beatrice,Muturi,beatrice.muturi77724@school.ac.ke
77725,Diana,Okello,diana.okello77725@school.ac.ke
77726,Ruth,Owino,ruth.owino77726@uni.ac.ke
77727,Kenneth,Wanjiku,kenneth.wanjiku77727@school.ac.ke
77728,Quentin,Gathoni,quentin.gathoni77728@academy.ac.ke
77729,Joy,Kasyoka,joy.kasyoka77729@uni.ac.ke
77730,Beatrice,Ruto,beatrice.ruto77730@academy.ac.ke
77731,Isaac,Kiprotich,isaac.kiprotich77731@academy.ac.ke
77732,Kenneth,Omondi,kenneth.omondi77732@academy.ac.ke
77733,Dorothy,Kariuki,dorothy.kariuki77733@school.ac.ke
77734,Julian,Odhiambo,julian.odhiambo77734@school.ac.ke
77735,Michael,Odhiambo,michael.odhiambo77735@uni.ac.ke
77736,Hannah,Mutai,hannah.mutai77736@school.ac.ke
77737,Lewis,Ogolla,lewis.ogolla77737@academy.ac.ke
77738,Faith,Awuor,faith.awuor77738@students.ac.ke
77739,Lydia,Mbatha,lydia.mbatha77739@uni.ac.ke
77740,James,Ogolla,james.ogolla77740@students.ac.ke
77741,Grace,Kasyoka,grace.kasyoka77741@academy.ac.ke
77742,Irene,Owino,irene.owino77742@students.ac.ke
77743,Simon,Muturi,simon.muturi77743@academy.ac.ke
77744,Brian,Bett,brian.bett77744@college.ac.ke
77745,Florence,Ndegwa,florence.ndegwa77745@students.ac.ke
77746,Gloria,Kiptoo,gloria.kiptoo77746@academy.ac.ke
77747,Naomi,Mutai,naomi.mutai77747@school.ac.ke
77748,Kenneth,Njoki,kenneth.njoki77748@college.ac.ke
77749,Edwin,Kimani,edwin.kimani77749@uni.ac.ke
77750,Jacob,Omondi,jacob.omondi77750@uni.ac.ke
77751,Ruth,Gathoni,ruth.gathoni77751@academy.ac.ke
77752,Esther,Ochieng,esther.ochieng77752@students.ac.ke
77753,Julian,Kinyua,julian.kinyua77753@academy.ac.ke
77754,Diana,Owino,diana.owino77754@uni.ac.ke
77755,Hope,Hassan,hope.hassan77755@uni.ac.ke
77756,Edwin,Chebet,edwin.chebet77756@students.ac.ke
77757,Oscar,Mwenda,oscar.mwenda77757@college.ac.ke
77758,Jacob,Nduku,jacob.nduku77758@students.ac.ke
77759,Douglas,Muturi,douglas.muturi77759@college.ac.ke
77760,Charles,Ndegwa,charles.ndegwa77760@college.ac.ke
77761,Gladys,Gichuki,gladys.gichuki77761@academy.ac.ke
77762,Victor,Okello,victor.okello77762@students.ac.ke
77763,Michael,Omar,michael.omar77763@uni.ac.ke
77764,Raymond,Koech,raymond.koech77764@college.ac.ke
77765,Irene,Chebet,irene.chebet77765@school.ac.ke
77766,Irene,Kimani,irene.kimani77766@uni.ac.ke
77767,William,Mumo,william.mumo77767@school.ac.ke
77768,Ruth,Kiprotich,ruth.kiprotich77768@students.ac.ke
77769,Raymond,Ndegwa,raymond.ndegwa77769@academy.ac.ke
77770,Peter,Kiprotich,peter.kiprotich77770@uni.ac.ke
77771,Peter,Ibrahim,peter.ibrahim77771@uni.ac.ke
77772,Kenneth,Ndegwa,kenneth.ndegwa77772@college.ac.ke
77773,Charles,Kamau,charles.kamau77773@academy.ac.ke
77774,Dorothy,Gitau,dorothy.gitau77774@academy.ac.ke
77775,Joy,Mwangi,joy.mwangi77775@academy.ac.ke
77776,George,Ogolla,george.ogolla77776@students.ac.ke
77777,Robert,Otieno,robert.otieno77777@school.ac.ke
77778,Bernard,Gitau,bernard.gitau77778@school.ac.ke
77779,Helen,Gitau,helen.gitau77779@academy.ac.ke
77780,Alice,Farah,alice.farah77780@academy.ac.ke
77781,Robert,Onyango,robert.onyango77781@college.ac.ke
77782,Janet,Omondi,janet.omondi77782@academy.ac.ke
77783,Gloria,Rotich,gloria.rotich77783@students.ac.ke
77784,Jacob,Gathoni,jacob.gathoni77784@students.ac.ke
77785,Faith,Wairimu,faith.wairimu77785@uni.ac.ke
77786,Quentin,Njoki,quentin.njoki77786@students.ac.ke
77787,Philip,Adhiambo,philip.adhiambo77787@students.ac.ke
77788,George,Gichuki,george.gichuki77788@school.ac.ke
77789,Noah,Bett,noah.bett77789@uni.ac.ke
77790,Charles,Njoki,charles.njoki77790@academy.ac.ke
77791,Lewis,Abdi,lewis.abdi77791@school.ac.ke
77792,Lydia,Juma,lydia.juma77792@college.ac.ke
77793,Robert,Ngetich,robert.ngetich77793@uni.ac.ke
77794,Ruth,Odhiambo,ruth.odhiambo77794@academy.ac.ke
77795,Hope,Nduku,hope.nduku77795@academy.ac.ke
77796,Hope,Ogolla,hope.ogolla77796@school.ac.ke
77797,Janet,Ruto,janet.ruto77797@college.ac.ke
77798,Douglas,Mutua,douglas.mutua77798@uni.ac.ke
77799,Francis,Akumu,francis.akumu77799@school.ac.ke
77800,Gloria,Owino,gloria.owino77800@students.ac.ke
77801,Charles,Mbatha,charles.mbatha77801@students.ac.ke
77802,Gladys,Odhiambo,gladys.odhiambo77802@academy.ac.ke
77803,Raymond,Mutisya,raymond.mutisya77803@college.ac.ke
77804,Frances,Maina,frances.maina77804@college.ac.ke
77805,Frances,Mutai,frances.mutai77805@uni.ac.ke
77806,Gordon,Kamau,gordon.kamau77806@school.ac.ke
77807,Adrian,Awuor,adrian.awuor77807@uni.ac.ke
77808,Joyce,Waweru,joyce.waweru77808@academy.ac.ke
77809,Edwin,Mutua,edwin.mutua77809@uni.ac.ke
77810,Alice,Akumu,alice.akumu77810@college.ac.ke
77811,Harriet,Nduku,harriet.nduku77811@students.ac.ke
77812,Naomi,Owino,naomi.owino77812@school.ac.ke
77813,Jacob,Gitau,jacob.gitau77813@students.ac.ke
77814,Peter,Farah,peter.farah77814@college.ac.ke
77815,Robert,Rotich,robert.rotich77815@students.ac.ke
77816,Eleanor,Mbatha,eleanor.mbatha77816@uni.ac.ke
77817,Robert,Okello,robert.okello77817@school.ac.ke
77818,Dorothy,Kinyua,dorothy.kinyua77818@school.ac.ke
77819,George,Onyango,george.onyango77819@students.ac.ke
77820,Paul,Omondi,paul.omondi77820@uni.ac.ke
77821,Catherine,Ruto,catherine.ruto77821@college.ac.ke
77822,Simon,Musa,simon.musa77822@students.ac.ke
77823,Noah,Farah,noah.farah77823@students.ac.ke
77824,Charles,Farah,charles.farah77824@uni.ac.ke
77825,Dorothy,Otieno,dorothy.otieno77825@uni.ac.ke
77826,Betty,Kimani,betty.kimani77826@college.ac.ke
77827,Douglas,Kiptoo,douglas.kiptoo77827@college.ac.ke
77828,Bernard,Odhiambo,bernard.odhiambo77828@uni.ac.ke
77829,Dennis,Wairimu,dennis.wairimu77829@college.ac.ke
77830,Philip,Okello,philip.okello77830@academy.ac.ke
77831,David,Onyango,david.onyango77831@school.ac.ke
77832,Naomi,Wanjiku,naomi.wanjiku77832@students.ac.ke
77833,Robert,Okello,robert.okello77833@students.ac.ke
77834,Noah,Kiptoo,noah.kiptoo77834@uni.ac.ke
77835,Simon,Wairimu,simon.wairimu77835@uni.ac.ke
77836,Peter,Ndegwa,peter.ndegwa77836@uni.ac.ke
77837,David,Otieno,david.otieno77837@academy.ac.ke
77838,Adrian,Maina,adrian.maina77838@school.ac.ke
77839,Kevin,Ngetich,kevin.ngetich77839@uni.ac.ke
77840,Alice,Gitonga,alice.gitonga77840@college.ac.ke
77841,Edith,Gichuki,edith.gichuki77841@school.ac.ke
77842,Mary,Ruto,mary.ruto77842@academy.ac.ke
77843,Eric,Wairimu,eric.wairimu77843@uni.ac.ke
77844,Catherine,Mutisya,catherine.mutisya77844@school.ac.ke
77845,Lewis,Wairimu,lewis.wairimu77845@academy.ac.ke
77846,Faith,Kimani,faith.kimani77846@students.ac.ke
77847,Oscar,Njoroge,oscar.njoroge77847@uni.ac.ke
77848,Gladys,Onyango,gladys.onyango77848@uni.ac.ke
77849,Lewis,Koech,lewis.koech77849@college.ac.ke
77850,Agnes,Kiprotich,agnes.kiprotich77850@academy.ac.ke
77851,Joseph,Gathoni,joseph.gathoni77851@students.ac.ke
77852,Dorothy,Akumu,dorothy.akumu77852@students.ac.ke
77853,Harriet,Koech,harriet.koech77853@academy.ac.ke
77854,Ruth,Kyalo,ruth.kyalo77854@uni.ac.ke
77855,Joseph,Ochieng,joseph.ochieng77855@school.ac.ke
77856,Douglas,Otieno,douglas.otieno77856@academy.ac.ke
77857,Oscar,Kiprotich,oscar.kiprotich77857@academy.ac.ke
77858,Thomas,Omar,thomas.omar77858@school.ac.ke
77859,Ivan,Abdi,ivan.abdi77859@students.ac.ke
77860,Robert,Ahmed,robert.ahmed77860@academy.ac.ke
77861,Philip,Njuguna,philip.njuguna77861@academy.ac.ke
77862,Mary,Njuguna,mary.njuguna77862@college.ac.ke
77863,Brian,Mutua,brian.mutua77863@uni.ac.ke
77864,Ruth,Maina,ruth.maina77864@uni.ac.ke
77865,Oscar,Gitonga,oscar.gitonga77865@college.ac.ke
77866,Adrian,Omar,adrian.omar77866@students.ac.ke
77867,George,Omar,george.omar77867@students.ac.ke
77868,Dennis,Yusuf,dennis.yusuf77868@uni.ac.ke
77869,Charles,Juma,charles.juma77869@students.ac.ke
77870,Oscar,Rotich,oscar.rotich77870@students.ac.ke
77871,William,Gitonga,william.gitonga77871@students.ac.ke
77872,Betty,Njuguna,betty.njuguna77872@uni.ac.ke
77873,Irene,Owino,irene.owino77873@academy.ac.ke
77874,Oscar,Mumo,oscar.mumo77874@uni.ac.ke
77875,Ivan,Mwangi,ivan.mwangi77875@students.ac.ke
77876,Gloria,Mutua,gloria.mutua77876@academy.ac.ke
77877,Carol,Musyoka,carol.musyoka77877@academy.ac.ke
77878,Paul,Kasyoka,paul.kasyoka77878@students.ac.ke
77879,Moses,Njuguna,moses.njuguna77879@academy.ac.ke
77880,Kevin,Muturi,kevin.muturi77880@college.ac.ke
77881,Gloria,Farah,gloria.farah77881@academy.ac.ke
77882,Esther,Kamau,esther.kamau77882@uni.ac.ke
77883,Eleanor,Mutai,eleanor.mutai77883@academy.ac.ke
77884,Daniel,Farah,daniel.farah77884@academy.ac.ke
77885,Francis,Ngetich,francis.ngetich77885@college.ac.ke
77886,Naomi,Gichuki,naomi.gichuki77886@school.ac.ke
77887,Gladys,Ndegwa,gladys.ndegwa77887@uni.ac.ke
77888,George,Kariuki,george.kariuki77888@students.ac.ke
77889,Eric,Gitonga,eric.gitonga77889@students.ac.ke
77890,Simon,Kyalo,simon.kyalo77890@uni.ac.ke
77891,Ruth,Ruto,ruth.ruto77891@school.ac.ke
77892,Lydia,Omondi,lydia.omondi77892@academy.ac.ke
77893,Thomas,Yusuf,thomas.yusuf77893@school.ac.ke
77894,Lydia,Mwangi,lydia.mwangi77894@school.ac.ke
77895,Harriet,Omar,harriet.omar77895@students.ac.ke
77896,Jacob,Omar,jacob.omar77896@college.ac.ke
77897,Noah,Abdi,noah.abdi77897@school.ac.ke
77898,Kevin,Akumu,kevin.akumu77898@school.ac.ke
77899,Gladys,Juma,gladys.juma77899@uni.ac.ke
77900,Florence,Gathoni,florence.gathoni77900@students.ac.ke
77901,Simon,Abdi,simon.abdi77901@school.ac.ke
77902,Frances,Achieng,frances.achieng77902@college.ac.ke
77903,Ruth,Mutisya,ruth.mutisya77903@students.ac.ke
77904,Eleanor,Mwenda,eleanor.mwenda77904@college.ac.ke
77905,Bernard,Muturi,bernard.muturi77905@school.ac.ke
77906,Joyce,Rotich,joyce.rotich77906@academy.ac.ke
77907,Bernard,Mumo,bernard.mumo77907@school.ac.ke
77908,Paul,Otieno,paul.otieno77908@college.ac.ke
77909,Florence,Kiptoo,florence.kiptoo77909@college.ac.ke
77910,Eric,Koech,eric.koech77910@college.ac.ke
77911,Mary,Akumu,mary.akumu77911@uni.ac.ke
77912,Moses,Omondi,moses.omondi77912@students.ac.ke
77913,Harriet,Omar,harriet.omar77913@academy.ac.ke
77914,Samuel,Njuguna,samuel.njuguna77914@college.ac.ke
77915,Faith,Musa,faith.musa77915@school.ac.ke
77916,Paul,Koech,paul.koech77916@school.ac.ke
77917,Philip,Ngetich,philip.ngetich77917@uni.ac.ke
77918,Ivan,Omar,ivan.omar77918@students.ac.ke
77919,Oscar,Waweru,oscar.waweru77919@school.ac.ke
77920,Harold,Mutai,harold.mutai77920@students.ac.ke
77921,Hannah,Musa,hannah.musa77921@uni.ac.ke
77922,Hannah,Kinyua,hannah.kinyua77922@college.ac.ke
77923,Irene,Kiprotich,irene.kiprotich77923@college.ac.ke
77924,Philip,Otieno,philip.otieno77924@college.ac.ke
77925,Florence,Gitau,florence.gitau77925@college.ac.ke
77926,Edith,Mbatha,edith.mbatha77926@college.ac.ke
77927,Harriet,Mwenda,harriet.mwenda77927@academy.ac.ke
77928,Edith,Ibrahim,edith.ibrahim77928@school.ac.ke
77929,Ivan,Juma,ivan.juma77929@uni.ac.ke
77930,Oscar,Omondi,oscar.omondi77930@students.ac.ke
77931,Joseph,Kiptoo,joseph.kiptoo77931@school.ac.ke
77932,Faith,Koech,faith.koech77932@uni.ac.ke
77933,Grace,Ruto,grace.ruto77933@school.ac.ke
77934,Michael,Maina,michael.maina77934@students.ac.ke
77935,Samuel,Kamau,samuel.kamau77935@students.ac.ke
77936,Grace,Mutisya,grace.mutisya77936@students.ac.ke
77937,Hannah,Achieng,hannah.achieng77937@students.ac.ke
77938,James,Kariuki,james.kariuki77938@academy.ac.ke
77939,Kevin,Nduku,kevin.nduku77939@academy.ac.ke
77940,Lydia,Hassan,lydia.hassan77940@school.ac.ke
77941,Catherine,Bett,catherine.bett77941@school.ac.ke
77942,Naomi,Akumu,naomi.akumu77942@college.ac.ke
77943,Michael,Waweru,michael.waweru77943@students.ac.ke
77944,Irene,Omar,irene.omar77944@students.ac.ke
77945,Florence,Kiprotich,florence.kiprotich77945@school.ac.ke
77946,Michael,Adhiambo,michael.adhiambo77946@college.ac.ke
77947,Diana,Onyango,diana.onyango77947@uni.ac.ke
77948,Dorothy,Mbatha,dorothy.mbatha77948@students.ac.ke
77949,Frances,Farah,frances.farah77949@students.ac.ke
77950,Paul,Kinyua,paul.kinyua77950@uni.ac.ke
77951,Hope,Mumo,hope.mumo77951@uni.ac.ke
77952,Oscar,Mutua,oscar.mutua77952@uni.ac.ke
77953,Irene,Owino,irene.owino77953@uni.ac.ke
77954,Hannah,Kinyua,hannah.kinyua77954@college.ac.ke
77955,Douglas,Gitau,douglas.gitau77955@school.ac.ke
77956,Noah,Maina,noah.maina77956@uni.ac.ke
77957,Eric,Musa,eric.musa77957@academy.ac.ke
77958,Hannah,Chebet,hannah.chebet77958@school.ac.ke
77959,Adrian,Wairimu,adrian.wairimu77959@uni.ac.ke
77960,Henry,Otieno,henry.otieno77960@college.ac.ke
77961,Betty,Gathoni,betty.gathoni77961@college.ac.ke
77962,Diana,Muturi,diana.muturi77962@school.ac.ke
77963,Alice,Onyango,alice.onyango77963@students.ac.ke
77964,Ruth,Juma,ruth.juma77964@students.ac.ke
77965,Helen,Rotich,helen.rotich77965@students.ac.ke
77966,Gordon,Njoroge,gordon.njoroge77966@uni.ac.ke
77967,Henry,Kariuki,henry.kariuki77967@college.ac.ke
77968,Ivan,Akumu,ivan.akumu77968@students.ac.ke
77969,Victor,Owino,victor.owino77969@academy.ac.ke
77970,Henry,Khalid,henry.khalid77970@students.ac.ke
77971,Ivan,Nzomo,ivan.nzomo77971@uni.ac.ke
77972,Beatrice,Khalid,beatrice.khalid77972@college.ac.ke
77973,Harriet,Ndegwa,harriet.ndegwa77973@college.ac.ke
77974,Gloria,Mutisya,gloria.mutisya77974@uni.ac.ke
77975,Gloria,Rotich,gloria.rotich77975@students.ac.ke
77976,Noah,Nzomo,noah.nzomo77976@college.ac.ke
77977,Joyce,Wanjiku,joyce.wanjiku77977@students.ac.ke
77978,Esther,Njoroge,esther.njoroge77978@school.ac.ke
77979,Irene,Owino,irene.owino77979@college.ac.ke
77980,Janet,Waweru,janet.waweru77980@school.ac.ke
77981,Joyce,Wairimu,joyce.wairimu77981@college.ac.ke
77982,John,Koech,john.koech77982@uni.ac.ke
77983,Moses,Koech,moses.koech77983@students.ac.ke
77984,Joy,Mutai,joy.mutai77984@college.ac.ke
77985,Ruth,Odhiambo,ruth.odhiambo77985@academy.ac.ke
77986,Janet,Juma,janet.juma77986@school.ac.ke
77987,Lydia,Ochieng,lydia.ochieng77987@college.ac.ke
77988,Harriet,Ngetich,harriet.ngetich77988@college.ac.ke
77989,Hannah,Akumu,hannah.akumu77989@academy.ac.ke
77990,George,Mwenda,george.mwenda77990@school.ac.ke
77991,Jacob,Yusuf,jacob.yusuf77991@students.ac.ke
77992,Robert,Nduku,robert.nduku77992@college.ac.ke
77993,Brian,Nzomo,brian.nzomo77993@students.ac.ke
77994,William,Gathoni,william.gathoni77994@uni.ac.ke
77995,Faith,Yusuf,faith.yusuf77995@academy.ac.ke
77996,Eric,Muturi,eric.muturi77996@academy.ac.ke
77997,Eleanor,Njoki,eleanor.njoki77997@academy.ac.ke
77998,Gloria,Gathoni,gloria.gathoni77998@uni.ac.ke
77999,Dorothy,Rotich,dorothy.rotich77999@school.ac.ke
78000,Peter,Awuor,peter.awuor78000@college.ac.ke
78001,Gordon,Waweru,gordon.waweru78001@school.ac.ke
78002,Joyce,Juma,joyce.juma78002@academy.ac.ke
78003,Frances,Kiprotich,frances.kiprotich78003@school.ac.ke
78004,Mary,Ochieng,mary.ochieng78004@academy.ac.ke
78005,Henry,Mumo,henry.mumo78005@academy.ac.ke
78006,Joyce,Njoroge,joyce.njoroge78006@uni.ac.ke
78007,Henry,Kinyua,henry.kinyua78007@college.ac.ke
78008,Gordon,Mumo,gordon.mumo78008@college.ac.ke
78009,Gloria,Gitonga,gloria.gitonga78009@college.ac.ke
78010,Francis,Nduku,francis.nduku78010@uni.ac.ke
78011,Gordon,Awuor,gordon.awuor78011@uni.ac.ke
78012,Thomas,Omar,thomas.omar78012@college.ac.ke
78013,Simon,Onyango,simon.onyango78013@school.ac.ke
78014,Peter,Chebet,peter.chebet78014@school.ac.ke
78015,Michael,Kasyoka,michael.kasyoka78015@uni.ac.ke
78016,Irene,Gitau,irene.gitau78016@college.ac.ke
78017,Helen,Njuguna,helen.njuguna78017@uni.ac.ke
78018,Esther,Gathoni,esther.gathoni78018@school.ac.ke
78019,Julian,Awuor,julian.awuor78019@uni.ac.ke
78020,Isaac,Wairimu,isaac.wairimu78020@students.ac.ke
78021,Paul,Juma,paul.juma78021@college.ac.ke
78022,Charles,Gitau,charles.gitau78022@college.ac.ke
78023,Carol,Kyalo,carol.kyalo78023@academy.ac.ke
78024,George,Mwangi,george.mwangi78024@college.ac.ke
78025,Samuel,Ngetich,samuel.ngetich78025@school.ac.ke
78026,Victor,Muturi,victor.muturi78026@school.ac.ke
78027,Helen,Ruto,helen.ruto78027@uni.ac.ke
78028,Eleanor,Otieno,eleanor.otieno78028@school.ac.ke
78029,Harriet,Kimani,harriet.kimani78029@uni.ac.ke
78030,Beatrice,Gitau,beatrice.gitau78030@school.ac.ke
78031,Kevin,Musa,kevin.musa78031@uni.ac.ke
78032,Irene,Rotich,irene.rotich78032@school.ac.ke
78033,Naomi,Kamau,naomi.kamau78033@uni.ac.ke
78034,Agnes,Gathoni,agnes.gathoni78034@school.ac.ke
78035,Noah,Kimani,noah.kimani78035@academy.ac.ke
78036,Diana,Mutai,diana.mutai78036@academy.ac.ke
78037,Oscar,Ndegwa,oscar.ndegwa78037@students.ac.ke
78038,Alice,Hassan,alice.hassan78038@students.ac.ke
78039,Beatrice,Mumo,beatrice.mumo78039@academy.ac.ke
78040,Edwin,Lagat,edwin.lagat78040@uni.ac.ke
78041,Oscar,Mutai,oscar.mutai78041@students.ac.ke
78042,Frances,Nzomo,frances.nzomo78042@students.ac.ke
78043,John,Rotich,john.rotich78043@students.ac.ke
78044,Victor,Njoroge,victor.njoroge78044@students.ac.ke
78045,Jacob,Achieng,jacob.achieng78045@college.ac.ke
78046,Harriet,Mwangi,harriet.mwangi78046@students.ac.ke
78047,Edwin,Wanjiku,edwin.wanjiku78047@school.ac.ke
78048,Julian,Kasyoka,julian.kasyoka78048@students.ac.ke
78049,Esther,Awuor,esther.awuor78049@school.ac.ke
78050,Lewis,Mutisya,lewis.mutisya78050@college.ac.ke
78051,Quentin,Owino,quentin.owino78051@uni.ac.ke
78052,James,Ahmed,james.ahmed78052@school.ac.ke
78053,Janet,Abdi,janet.abdi78053@uni.ac.ke
78054,Ruth,Achieng,ruth.achieng78054@uni.ac.ke
78055,Edith,Nduku,edith.nduku78055@college.ac.ke
78056,Hope,Musyoka,hope.musyoka78056@school.ac.ke
78057,Janet,Ngetich,janet.ngetich78057@uni.ac.ke
78058,Harold,Onyango,harold.onyango78058@school.ac.ke
78059,Oscar,Ochieng,oscar.ochieng78059@school.ac.ke
78060,Samuel,Wanjiku,samuel.wanjiku78060@school.ac.ke
78061,Oscar,Maina,oscar.maina78061@school.ac.ke
78062,Faith,Juma,faith.juma78062@students.ac.ke
78063,Irene,Bett,irene.bett78063@college.ac.ke
78064,Gordon,Mwangi,gordon.mwangi78064@academy.ac.ke
78065,Brian,Mutisya,brian.mutisya78065@academy.ac.ke
78066,Eleanor,Musa,eleanor.musa78066@academy.ac.ke
78067,Ruth,Hassan,ruth.hassan78067@uni.ac.ke
78068,Ivan,Gichuki,ivan.gichuki78068@students.ac.ke
78069,James,Mbatha,james.mbatha78069@college.ac.ke
78070,Gladys,Nduku,gladys.nduku78070@school.ac.ke
78071,Edith,Farah,edith.farah78071@college.ac.ke
78072,Victor,Otieno,victor.otieno78072@students.ac.ke
78073,Gladys,Ochieng,gladys.ochieng78073@school.ac.ke
78074,Jacob,Nduku,jacob.nduku78074@uni.ac.ke
78075,Alice,Nduku,alice.nduku78075@uni.ac.ke
78076,Eleanor,Lagat,eleanor.lagat78076@school.ac.ke
78077,Gloria,Lagat,gloria.lagat78077@school.ac.ke
78078,Carol,Otieno,carol.otieno78078@students.ac.ke
78079,Simon,Kasyoka,simon.kasyoka78079@academy.ac.ke
78080,Esther,Chebet,esther.chebet78080@school.ac.ke
78081,Victor,Owino,victor.owino78081@school.ac.ke
78082,Betty,Onyango,betty.onyango78082@uni.ac.ke
78083,Ivan,Wanjiku,ivan.wanjiku78083@school.ac.ke
78084,Dorothy,Koech,dorothy.koech78084@uni.ac.ke
78085,Gordon,Mutua,gordon.mutua78085@uni.ac.ke
78086,Hannah,Njoki,hannah.njoki78086@students.ac.ke
78087,Diana,Abdi,diana.abdi78087@academy.ac.ke
78088,Henry,Otieno,henry.otieno78088@uni.ac.ke
78089,John,Yusuf,john.yusuf78089@college.ac.ke
78090,Noah,Bett,noah.bett78090@academy.ac.ke
78091,Noah,Chebet,noah.chebet78091@uni.ac.ke
78092,Agnes,Ahmed,agnes.ahmed78092@school.ac.ke
78093,Edith,Ahmed,edith.ahmed78093@school.ac.ke
78094,Joyce,Gichuki,joyce.gichuki78094@students.ac.ke
78095,Samuel,Ndegwa,samuel.ndegwa78095@academy.ac.ke
78096,Helen,Omondi,helen.omondi78096@academy.ac.ke
78097,Samuel,Muturi,samuel.muturi78097@college.ac.ke
78098,Hannah,Mwenda,hannah.mwenda78098@academy.ac.ke
78099,Eleanor,Kariuki,eleanor.kariuki78099@uni.ac.ke
78100,Victor,Wanjiku,victor.wanjiku78100@college.ac.ke
78101,Harriet,Chebet,harriet.chebet78101@college.ac.ke
78102,Catherine,Maina,catherine.maina78102@students.ac.ke
78103,Philip,Ahmed,philip.ahmed78103@college.ac.ke
78104,Lydia,Awuor,lydia.awuor78104@academy.ac.ke
78105,Diana,Omondi,diana.omondi78105@academy.ac.ke
78106,Oscar,Omondi,oscar.omondi78106@students.ac.ke
78107,Grace,Musa,grace.musa78107@academy.ac.ke
78108,Philip,Odhiambo,philip.odhiambo78108@academy.ac.ke
78109,Beatrice,Owino,beatrice.owino78109@academy.ac.ke
78110,Irene,Ogolla,irene.ogolla78110@uni.ac.ke
78111,Ruth,Ahmed,ruth.ahmed78111@uni.ac.ke
78112,Raymond,Wanjiku,raymond.wanjiku78112@college.ac.ke
78113,Brian,Koech,brian.koech78113@uni.ac.ke
78114,Frances,Ndegwa,frances.ndegwa78114@academy.ac.ke
78115,Victor,Kiptoo,victor.kiptoo78115@uni.ac.ke
78116,Bernard,Odhiambo,bernard.odhiambo78116@school.ac.ke
78117,Gladys,Kimani,gladys.kimani78117@college.ac.ke
78118,Dennis,Farah,dennis.farah78118@academy.ac.ke
78119,Hope,Achieng,hope.achieng78119@uni.ac.ke
78120,Victor,Ndegwa,victor.ndegwa78120@uni.ac.ke
78121,Florence,Juma,florence.juma78121@academy.ac.ke
78122,Paul,Kinyua,paul.kinyua78122@college.ac.ke
78123,Janet,Kinyua,janet.kinyua78123@college.ac.ke
78124,Harriet,Juma,harriet.juma78124@school.ac.ke
78125,Esther,Ruto,esther.ruto78125@college.ac.ke
78126,Florence,Kinyua,florence.kinyua78126@academy.ac.ke
78127,Philip,Mwangi,philip.mwangi78127@school.ac.ke
78128,Diana,Hassan,diana.hassan78128@uni.ac.ke
78129,Eleanor,Ngetich,eleanor.ngetich78129@academy.ac.ke
78130,Jacob,Kamau,jacob.kamau78130@academy.ac.ke
78131,Douglas,Ndegwa,douglas.ndegwa78131@uni.ac.ke
78132,Kenneth,Onyango,kenneth.onyango78132@school.ac.ke
78133,Raymond,Abdi,raymond.abdi78133@academy.ac.ke
78134,Gloria,Juma,gloria.juma78134@academy.ac.ke
78135,Diana,Gitau,diana.gitau78135@school.ac.ke
78136,Janet,Nduku,janet.nduku78136@school.ac.ke
78137,Gordon,Gitau,gordon.gitau78137@school.ac.ke
78138,Frances,Otieno,frances.otieno78138@academy.ac.ke
78139,Grace,Owino,grace.owino78139@school.ac.ke
78140,Joseph,Kyalo,joseph.kyalo78140@students.ac.ke
78141,Betty,Kamau,betty.kamau78141@students.ac.ke
78142,Joseph,Abdi,joseph.abdi78142@academy.ac.ke
78143,Lewis,Ogolla,lewis.ogolla78143@uni.ac.ke
78144,Victor,Gichuki,victor.gichuki78144@uni.ac.ke
78145,Diana,Mutisya,diana.mutisya78145@school.ac.ke
78146,Gladys,Kamau,gladys.kamau78146@college.ac.ke
78147,Hannah,Wairimu,hannah.wairimu78147@school.ac.ke
78148,James,Ahmed,james.ahmed78148@college.ac.ke
78149,Hannah,Ochieng,hannah.ochieng78149@students.ac.ke
78150,Peter,Ahmed,peter.ahmed78150@college.ac.ke
78151,Janet,Omondi,janet.omondi78151@uni.ac.ke
78152,William,Kyalo,william.kyalo78152@school.ac.ke
78153,Lydia,Bett,lydia.bett78153@school.ac.ke
78154,David,Ochieng,david.ochieng78154@school.ac.ke
78155,Simon,Gichuki,simon.gichuki78155@students.ac.ke
78156,Joy,Muturi,joy.muturi78156@students.ac.ke
78157,Joseph,Khalid,joseph.khalid78157@students.ac.ke
78158,Gordon,Gathoni,gordon.gathoni78158@academy.ac.ke
78159,George,Omar,george.omar78159@students.ac.ke
78160,Kenneth,Waweru,kenneth.waweru78160@college.ac.ke
78161,Michael,Mutua,michael.mutua78161@school.ac.ke
78162,Catherine,Omondi,catherine.omondi78162@school.ac.ke
78163,Florence,Lagat,florence.lagat78163@school.ac.ke
78164,Gordon,Kimani,gordon.kimani78164@uni.ac.ke
78165,Harold,Ochieng,harold.ochieng78165@school.ac.ke
78166,Irene,Achieng,irene.achieng78166@students.ac.ke
78167,Dennis,Gitau,dennis.gitau78167@school.ac.ke
78168,Joyce,Kamau,joyce.kamau78168@school.ac.ke
78169,Jacob,Kyalo,jacob.kyalo78169@college.ac.ke
78170,Irene,Maina,irene.maina78170@academy.ac.ke
78171,Eleanor,Ochieng,eleanor.ochieng78171@college.ac.ke
78172,Joy,Ruto,joy.ruto78172@college.ac.ke
78173,Faith,Mumo,faith.mumo78173@college.ac.ke
78174,George,Koech,george.koech78174@students.ac.ke
78175,Frances,Maina,frances.maina78175@students.ac.ke
78176,Hannah,Ochieng,hannah.ochieng78176@students.ac.ke
78177,Douglas,Ruto,douglas.ruto78177@uni.ac.ke
78178,Joy,Kinyua,joy.kinyua78178@school.ac.ke
78179,Ruth,Ngetich,ruth.ngetich78179@academy.ac.ke
78180,Henry,Omar,henry.omar78180@uni.ac.ke
78181,Edwin,Njoki,edwin.njoki78181@college.ac.ke
78182,Joseph,Gitau,joseph.gitau78182@college.ac.ke
78183,Irene,Owino,irene.owino78183@college.ac.ke
78184,Carol,Chebet,carol.chebet78184@college.ac.ke
78185,Robert,Ngetich,robert.ngetich78185@college.ac.ke
78186,Charles,Ogolla,charles.ogolla78186@school.ac.ke
78187,Adrian,Ndegwa,adrian.ndegwa78187@students.ac.ke
78188,Moses,Ndegwa,moses.ndegwa78188@academy.ac.ke
78189,Hope,Lagat,hope.lagat78189@students.ac.ke
78190,Quentin,Akumu,quentin.akumu78190@academy.ac.ke
78191,Hannah,Ngetich,hannah.ngetich78191@uni.ac.ke
78192,Esther,Juma,esther.juma78192@uni.ac.ke
78193,Francis,Ogolla,francis.ogolla78193@school.ac.ke
78194,Jacob,Juma,jacob.juma78194@academy.ac.ke
78195,Gloria,Omar,gloria.omar78195@students.ac.ke
78196,Carol,Yusuf,carol.yusuf78196@school.ac.ke
78197,Dennis,Kimani,dennis.kimani78197@college.ac.ke
78198,Dennis,Hassan,dennis.hassan78198@uni.ac.ke
78199,Adrian,Kyalo,adrian.kyalo78199@uni.ac.ke
78200,Faith,Wairimu,faith.wairimu78200@uni.ac.ke
78201,David,Abdi,david.abdi78201@students.ac.ke
78202,Douglas,Nzomo,douglas.nzomo78202@uni.ac.ke
78203,John,Omondi,john.omondi78203@students.ac.ke
78204,Joseph,Njuguna,joseph.njuguna78204@school.ac.ke
78205,Edwin,Ruto,edwin.ruto78205@academy.ac.ke
78206,Helen,Rotich,helen.rotich78206@school.ac.ke
78207,Gladys,Juma,gladys.juma78207@college.ac.ke
78208,Diana,Achieng,diana.achieng78208@college.ac.ke
78209,Joseph,Ibrahim,joseph.ibrahim78209@uni.ac.ke
78210,Samuel,Ibrahim,samuel.ibrahim78210@students.ac.ke
78211,Edwin,Mwenda,edwin.mwenda78211@college.ac.ke
78212,Joy,Wanjiku,joy.wanjiku78212@students.ac.ke
78213,Moses,Mutai,moses.mutai78213@school.ac.ke
78214,Lydia,Owino,lydia.owino78214@students.ac.ke
78215,Dorothy,Mutisya,dorothy.mutisya78215@students.ac.ke
78216,Kevin,Ngetich,kevin.ngetich78216@college.ac.ke
78217,Isaac,Muturi,isaac.muturi78217@school.ac.ke
78218,Esther,Kinyua,esther.kinyua78218@college.ac.ke
78219,Harriet,Kiprotich,harriet.kiprotich78219@college.ac.ke
78220,Beatrice,Kasyoka,beatrice.kasyoka78220@college.ac.ke
78221,Hope,Gitau,hope.gitau78221@uni.ac.ke
78222,Edwin,Njoki,edwin.njoki78222@school.ac.ke
78223,Douglas,Nzomo,douglas.nzomo78223@school.ac.ke
78224,Daniel,Mutai,daniel.mutai78224@academy.ac.ke
78225,Simon,Gathoni,simon.gathoni78225@school.ac.ke
78226,Mary,Koech,mary.koech78226@academy.ac.ke
78227,Douglas,Chebet,douglas.chebet78227@students.ac.ke
78228,Alice,Mutai,alice.mutai78228@academy.ac.ke
78229,Robert,Kasyoka,robert.kasyoka78229@college.ac.ke
78230,Kevin,Lagat,kevin.lagat78230@academy.ac.ke
78231,Janet,Koech,janet.koech78231@school.ac.ke
78232,Edwin,Kinyua,edwin.kinyua78232@academy.ac.ke
78233,Charles,Ochieng,charles.ochieng78233@school.ac.ke
78234,Beatrice,Akumu,beatrice.akumu78234@students.ac.ke
78235,Mary,Kiptoo,mary.kiptoo78235@school.ac.ke
78236,Catherine,Mbatha,catherine.mbatha78236@academy.ac.ke
78237,Julian,Onyango,julian.onyango78237@school.ac.ke
78238,Paul,Musyoka,paul.musyoka78238@uni.ac.ke
78239,Lewis,Achieng,lewis.achieng78239@academy.ac.ke
78240,David,Musyoka,david.musyoka78240@students.ac.ke
78241,John,Kamau,john.kamau78241@academy.ac.ke
78242,Henry,Ahmed,henry.ahmed78242@school.ac.ke
78243,Ruth,Chebet,ruth.chebet78243@uni.ac.ke
78244,Janet,Gichuki,janet.gichuki78244@uni.ac.ke
78245,Grace,Mbatha,grace.mbatha78245@college.ac.ke
78246,Daniel,Kimani,daniel.kimani78246@students.ac.ke
78247,Irene,Ogolla,irene.ogolla78247@academy.ac.ke
78248,Joyce,Mwangi,joyce.mwangi78248@college.ac.ke
78249,Jacob,Otieno,jacob.otieno78249@students.ac.ke
78250,Ruth,Koech,ruth.koech78250@academy.ac.ke
78251,Joseph,Njuguna,joseph.njuguna78251@uni.ac.ke
78252,Catherine,Ahmed,catherine.ahmed78252@uni.ac.ke
78253,Michael,Omondi,michael.omondi78253@uni.ac.ke
78254,Francis,Ruto,francis.ruto78254@uni.ac.ke
78255,Kevin,Mumo,kevin.mumo78255@school.ac.ke
78256,Thomas,Njoroge,thomas.njoroge78256@school.ac.ke
78257,Grace,Gichuki,grace.gichuki78257@school.ac.ke
78258,Harriet,Chebet,harriet.chebet78258@school.ac.ke
78259,David,Ahmed,david.ahmed78259@college.ac.ke
78260,Irene,Koech,irene.koech78260@school.ac.ke
78261,Naomi,Gitonga,naomi.gitonga78261@students.ac.ke
78262,Harriet,Njoroge,harriet.njoroge78262@school.ac.ke
78263,Janet,Wairimu,janet.wairimu78263@students.ac.ke
78264,Charles,Lagat,charles.lagat78264@school.ac.ke
78265,Florence,Mwenda,florence.mwenda78265@school.ac.ke
78266,Bernard,Ochieng,bernard.ochieng78266@college.ac.ke
78267,William,Ruto,william.ruto78267@academy.ac.ke
78268,Charles,Ngetich,charles.ngetich78268@academy.ac.ke
78269,Naomi,Otieno,naomi.otieno78269@students.ac.ke
78270,Esther,Achieng,esther.achieng78270@uni.ac.ke
78271,Robert,Mwenda,robert.mwenda78271@school.ac.ke
78272,Kevin,Ndegwa,kevin.ndegwa78272@uni.ac.ke
78273,Faith,Kyalo,faith.kyalo78273@academy.ac.ke
78274,Catherine,Hassan,catherine.hassan78274@school.ac.ke
78275,Samuel,Abdi,samuel.abdi78275@school.ac.ke
78276,Paul,Achieng,paul.achieng78276@college.ac.ke
78277,Douglas,Rotich,douglas.rotich78277@uni.ac.ke
78278,Gloria,Yusuf,gloria.yusuf78278@school.ac.ke
78279,Gladys,Akumu,gladys.akumu78279@college.ac.ke
78280,Dennis,Otieno,dennis.otieno78280@college.ac.ke
78281,Agnes,Kiptoo,agnes.kiptoo78281@students.ac.ke
78282,Catherine,Rotich,catherine.rotich78282@college.ac.ke
78283,Lydia,Odhiambo,lydia.odhiambo78283@academy.ac.ke
78284,Simon,Gathoni,simon.gathoni78284@academy.ac.ke
78285,Charles,Gichuki,charles.gichuki78285@college.ac.ke
78286,Grace,Mutua,grace.mutua78286@students.ac.ke
78287,Eric,Khalid,eric.khalid78287@school.ac.ke
78288,Carol,Bett,carol.bett78288@academy.ac.ke
78289,Gloria,Mutisya,gloria.mutisya78289@academy.ac.ke
78290,Kenneth,Wanjiku,kenneth.wanjiku78290@students.ac.ke
78291,Eric,Kinyua,eric.kinyua78291@students.ac.ke
78292,Quentin,Kimani,quentin.kimani78292@uni.ac.ke
78293,Gladys,Nzomo,gladys.nzomo78293@uni.ac.ke
78294,Francis,Kyalo,francis.kyalo78294@college.ac.ke
78295,Simon,Omar,simon.omar78295@uni.ac.ke
78296,Joy,Adhiambo,joy.adhiambo78296@academy.ac.ke
78297,Agnes,Musyoka,agnes.musyoka78297@uni.ac.ke
78298,Thomas,Owino,thomas.owino78298@school.ac.ke
78299,Oscar,Ibrahim,oscar.ibrahim78299@school.ac.ke
78300,Carol,Abdi,carol.abdi78300@school.ac.ke
78301,Florence,Kiptoo,florence.kiptoo78301@students.ac.ke
78302,Mary,Waweru,mary.waweru78302@academy.ac.ke
78303,Harriet,Omar,harriet.omar78303@students.ac.ke
78304,Bernard,Njoki,bernard.njoki78304@college.ac.ke
78305,Lewis,Koech,lewis.koech78305@college.ac.ke
78306,Ruth,Kimani,ruth.kimani78306@students.ac.ke
78307,Hope,Gitau,hope.gitau78307@uni.ac.ke
78308,Lydia,Awuor,lydia.awuor78308@school.ac.ke
78309,Faith,Kiptoo,faith.kiptoo78309@students.ac.ke
78310,Joy,Kinyua,joy.kinyua78310@college.ac.ke
78311,Jacob,Njuguna,jacob.njuguna78311@students.ac.ke
78312,Gloria,Musa,gloria.musa78312@students.ac.ke
78313,Betty,Kinyua,betty.kinyua78313@college.ac.ke
78314,Harold,Wanjiku,harold.wanjiku78314@uni.ac.ke
78315,Joyce,Yusuf,joyce.yusuf78315@college.ac.ke
78316,Florence,Odhiambo,florence.odhiambo78316@students.ac.ke
78317,Peter,Ochieng,peter.ochieng78317@uni.ac.ke
78318,Faith,Kamau,faith.kamau78318@uni.ac.ke
78319,Gloria,Owino,gloria.owino78319@students.ac.ke
78320,Edith,Mutisya,edith.mutisya78320@college.ac.ke
78321,Dennis,Khalid,dennis.khalid78321@college.ac.ke
78322,Michael,Wanjiku,michael.wanjiku78322@academy.ac.ke
78323,Gordon,Mutua,gordon.mutua78323@students.ac.ke
78324,Adrian,Kiprotich,adrian.kiprotich78324@school.ac.ke
78325,Alice,Mwenda,alice.mwenda78325@college.ac.ke
78326,Robert,Wanjiku,robert.wanjiku78326@uni.ac.ke
78327,William,Kimani,william.kimani78327@school.ac.ke
78328,John,Musyoka,john.musyoka78328@academy.ac.ke
78329,Carol,Rotich,carol.rotich78329@students.ac.ke
78330,Helen,Ahmed,helen.ahmed78330@uni.ac.ke
78331,James,Omar,james.omar78331@academy.ac.ke
78332,Frances,Kinyua,frances.kinyua78332@college.ac.ke
78333,Gordon,Gitau,gordon.gitau78333@college.ac.ke
78334,Simon,Kasyoka,simon.kasyoka78334@uni.ac.ke
78335,Daniel,Abdi,daniel.abdi78335@students.ac.ke
78336,Charles,Kariuki,charles.kariuki78336@uni.ac.ke
78337,Hannah,Hassan,hannah.hassan78337@school.ac.ke
78338,David,Kasyoka,david.kasyoka78338@academy.ac.ke
78339,Simon,Gitau,simon.gitau78339@school.ac.ke
78340,Kenneth,Gathoni,kenneth.gathoni78340@students.ac.ke
78341,Janet,Gathoni,janet.gathoni78341@college.ac.ke
78342,Edith,Ahmed,edith.ahmed78342@uni.ac.ke
78343,Douglas,Koech,douglas.koech78343@college.ac.ke
78344,Charles,Bett,charles.bett78344@college.ac.ke
78345,Faith,Onyango,faith.onyango78345@academy.ac.ke
78346,Victor,Muturi,victor.muturi78346@college.ac.ke
78347,Michael,Omar,michael.omar78347@college.ac.ke
78348,Michael,Nduku,michael.nduku78348@college.ac.ke
78349,Simon,Mbatha,simon.mbatha78349@college.ac.ke
78350,Quentin,Odhiambo,quentin.odhiambo78350@uni.ac.ke
78351,Harold,Lagat,harold.lagat78351@students.ac.ke
78352,Daniel,Ngetich,daniel.ngetich78352@students.ac.ke
78353,Joyce,Ibrahim,joyce.ibrahim78353@uni.ac.ke
78354,Gordon,Ngetich,gordon.ngetich78354@school.ac.ke
78355,Agnes,Gichuki,agnes.gichuki78355@students.ac.ke
78356,Paul,Mumo,paul.mumo78356@uni.ac.ke
78357,Janet,Mutisya,janet.mutisya78357@students.ac.ke
78358,Gloria,Mbatha,gloria.mbatha78358@students.ac.ke
78359,Francis,Otieno,francis.otieno78359@academy.ac.ke
78360,Quentin,Farah,quentin.farah78360@uni.ac.ke
78361,Robert,Wairimu,robert.wairimu78361@academy.ac.ke
78362,Agnes,Koech,agnes.koech78362@uni.ac.ke
78363,Frances,Bett,frances.bett78363@school.ac.ke
78364,Victor,Musa,victor.musa78364@college.ac.ke
78365,Oscar,Okello,oscar.okello78365@academy.ac.ke
78366,Thomas,Kariuki,thomas.kariuki78366@academy.ac.ke
78367,Harold,Mutua,harold.mutua78367@students.ac.ke
78368,Samuel,Akumu,samuel.akumu78368@college.ac.ke
78369,Oscar,Mwangi,oscar.mwangi78369@academy.ac.ke
78370,George,Nduku,george.nduku78370@school.ac.ke
78371,Irene,Onyango,irene.onyango78371@uni.ac.ke
78372,Michael,Abdi,michael.abdi78372@students.ac.ke
78373,Kevin,Yusuf,kevin.yusuf78373@academy.ac.ke
78374,Joseph,Mutisya,joseph.mutisya78374@school.ac.ke
78375,Eric,Akumu,eric.akumu78375@uni.ac.ke
78376,Frances,Maina,frances.maina78376@college.ac.ke
78377,Francis,Mwangi,francis.mwangi78377@uni.ac.ke
78378,Lewis,Ndegwa,lewis.ndegwa78378@school.ac.ke
78379,Carol,Farah,carol.farah78379@academy.ac.ke
78380,Irene,Ogolla,irene.ogolla78380@academy.ac.ke
78381,Gladys,Khalid,gladys.khalid78381@students.ac.ke
78382,Gladys,Njuguna,gladys.njuguna78382@uni.ac.ke
78383,Brian,Gitonga,brian.gitonga78383@uni.ac.ke
78384,Dorothy,Nduku,dorothy.nduku78384@students.ac.ke
78385,Esther,Mutai,esther.mutai78385@uni.ac.ke
78386,Jacob,Kiprotich,jacob.kiprotich78386@college.ac.ke
78387,Douglas,Awuor,douglas.awuor78387@school.ac.ke
78388,Brian,Wanjiku,brian.wanjiku78388@uni.ac.ke
78389,Esther,Mwangi,esther.mwangi78389@students.ac.ke
78390,Charles,Ngetich,charles.ngetich78390@academy.ac.ke
78391,Adrian,Yusuf,adrian.yusuf78391@academy.ac.ke
78392,John,Kariuki,john.kariuki78392@uni.ac.ke
78393,Faith,Kariuki,faith.kariuki78393@academy.ac.ke
78394,Alice,Mwenda,alice.mwenda78394@students.ac.ke
78395,Gloria,Kiptoo,gloria.kiptoo78395@students.ac.ke
78396,Kevin,Hassan,kevin.hassan78396@students.ac.ke
78397,Diana,Wairimu,diana.wairimu78397@uni.ac.ke
78398,Eleanor,Juma,eleanor.juma78398@academy.ac.ke
78399,Douglas,Hassan,douglas.hassan78399@school.ac.ke
78400,Joseph,Waweru,joseph.waweru78400@academy.ac.ke
78401,Harold,Waweru,harold.waweru78401@students.ac.ke
78402,Charles,Mutua,charles.mutua78402@college.ac.ke
78403,Philip,Maina,philip.maina78403@school.ac.ke
78404,Agnes,Koech,agnes.koech78404@uni.ac.ke
78405,Carol,Adhiambo,carol.adhiambo78405@students.ac.ke
78406,Julian,Akumu,julian.akumu78406@uni.ac.ke
78407,Jacob,Kiptoo,jacob.kiptoo78407@school.ac.ke
78408,Julian,Kasyoka,julian.kasyoka78408@school.ac.ke
78409,Samuel,Ruto,samuel.ruto78409@college.ac.ke
78410,Charles,Mutisya,charles.mutisya78410@school.ac.ke
78411,Charles,Khalid,charles.khalid78411@college.ac.ke
78412,Noah,Mumo,noah.mumo78412@uni.ac.ke
78413,Faith,Awuor,faith.awuor78413@students.ac.ke
78414,Kevin,Otieno,kevin.otieno78414@college.ac.ke
78415,Faith,Chebet,faith.chebet78415@college.ac.ke
78416,Joseph,Nduku,joseph.nduku78416@school.ac.ke
78417,Gloria,Yusuf,gloria.yusuf78417@college.ac.ke
78418,Frances,Kasyoka,frances.kasyoka78418@school.ac.ke
78419,Douglas,Mumo,douglas.mumo78419@uni.ac.ke
78420,Simon,Njoki,simon.njoki78420@uni.ac.ke
78421,Dorothy,Kariuki,dorothy.kariuki78421@students.ac.ke
78422,Joseph,Lagat,joseph.lagat78422@uni.ac.ke
78423,Frances,Musa,frances.musa78423@college.ac.ke
78424,Francis,Njoki,francis.njoki78424@uni.ac.ke
78425,George,Akumu,george.akumu78425@academy.ac.ke
78426,Oscar,Gathoni,oscar.gathoni78426@school.ac.ke
78427,Mary,Lagat,mary.lagat78427@academy.ac.ke
78428,Joseph,Awuor,joseph.awuor78428@students.ac.ke
78429,Oscar,Njoroge,oscar.njoroge78429@school.ac.ke
78430,Helen,Gichuki,helen.gichuki78430@uni.ac.ke
78431,Esther,Ngetich,esther.ngetich78431@academy.ac.ke
78432,Oscar,Nzomo,oscar.nzomo78432@uni.ac.ke
78433,Lydia,Kariuki,lydia.kariuki78433@students.ac.ke
78434,Janet,Bett,janet.bett78434@students.ac.ke
78435,Adrian,Maina,adrian.maina78435@students.ac.ke
78436,Bernard,Mbatha,bernard.mbatha78436@school.ac.ke
78437,Florence,Waweru,florence.waweru78437@students.ac.ke
78438,Kenneth,Wanjiku,kenneth.wanjiku78438@students.ac.ke
78439,Harold,Kamau,harold.kamau78439@academy.ac.ke
78440,Kenneth,Njuguna,kenneth.njuguna78440@academy.ac.ke
78441,Kenneth,Gitau,kenneth.gitau78441@college.ac.ke
78442,Alice,Farah,alice.farah78442@uni.ac.ke
78443,Joseph,Ndegwa,joseph.ndegwa78443@students.ac.ke
78444,Jacob,Gitonga,jacob.gitonga78444@school.ac.ke
78445,Thomas,Okello,thomas.okello78445@uni.ac.ke
78446,Jacob,Ruto,jacob.ruto78446@college.ac.ke
78447,James,Musyoka,james.musyoka78447@academy.ac.ke
78448,Robert,Chebet,robert.chebet78448@college.ac.ke
78449,Bernard,Yusuf,bernard.yusuf78449@uni.ac.ke
78450,Isaac,Khalid,isaac.khalid78450@school.ac.ke
78451,Michael,Ogolla,michael.ogolla78451@school.ac.ke
78452,John,Ngetich,john.ngetich78452@college.ac.ke
78453,Ivan,Mutai,ivan.mutai78453@school.ac.ke
78454,Peter,Kariuki,peter.kariuki78454@students.ac.ke
78455,Robert,Kimani,robert.kimani78455@students.ac.ke
78456,Victor,Gitonga,victor.gitonga78456@academy.ac.ke
78457,Eric,Kinyua,eric.kinyua78457@school.ac.ke
78458,David,Hassan,david.hassan78458@students.ac.ke
78459,Frances,Musyoka,frances.musyoka78459@academy.ac.ke
78460,Irene,Kinyua,irene.kinyua78460@school.ac.ke
78461,Kevin,Kyalo,kevin.kyalo78461@college.ac.ke
78462,Samuel,Kiprotich,samuel.kiprotich78462@academy.ac.ke
78463,Esther,Mutisya,esther.mutisya78463@students.ac.ke
78464,Eleanor,Kamau,eleanor.kamau78464@uni.ac.ke
78465,Bernard,Ahmed,bernard.ahmed78465@school.ac.ke
78466,Hope,Kamau,hope.kamau78466@students.ac.ke
78467,Peter,Juma,peter.juma78467@academy.ac.ke
78468,Henry,Ogolla,henry.ogolla78468@students.ac.ke
78469,Florence,Kasyoka,florence.kasyoka78469@academy.ac.ke
78470,Betty,Okello,betty.okello78470@academy.ac.ke
78471,Lewis,Ahmed,lewis.ahmed78471@students.ac.ke
78472,Quentin,Mutisya,quentin.mutisya78472@college.ac.ke
78473,Paul,Adhiambo,paul.adhiambo78473@students.ac.ke
78474,Douglas,Mutai,douglas.mutai78474@uni.ac.ke
78475,Esther,Mutai,esther.mutai78475@school.ac.ke
78476,Helen,Ibrahim,helen.ibrahim78476@academy.ac.ke
78477,Helen,Mbatha,helen.mbatha78477@uni.ac.ke
78478,Victor,Kiptoo,victor.kiptoo78478@uni.ac.ke
78479,Diana,Maina,diana.maina78479@academy.ac.ke
78480,William,Khalid,william.khalid78480@academy.ac.ke
78481,Harold,Gichuki,harold.gichuki78481@college.ac.ke
78482,Robert,Bett,robert.bett78482@college.ac.ke
78483,Julian,Njoki,julian.njoki78483@college.ac.ke
78484,Ivan,Onyango,ivan.onyango78484@students.ac.ke
78485,Eric,Kamau,eric.kamau78485@students.ac.ke
78486,William,Muturi,william.muturi78486@school.ac.ke
78487,Harold,Mutua,harold.mutua78487@academy.ac.ke
78488,Charles,Awuor,charles.awuor78488@uni.ac.ke
78489,Irene,Mumo,irene.mumo78489@school.ac.ke
78490,William,Achieng,william.achieng78490@students.ac.ke
78491,Oscar,Ochieng,oscar.ochieng78491@school.ac.ke
78492,Francis,Owino,francis.owino78492@school.ac.ke
78493,Quentin,Omondi,quentin.omondi78493@uni.ac.ke
78494,Noah,Odhiambo,noah.odhiambo78494@college.ac.ke
78495,Kenneth,Owino,kenneth.owino78495@students.ac.ke
78496,Gladys,Rotich,gladys.rotich78496@school.ac.ke
78497,Joy,Ochieng,joy.ochieng78497@uni.ac.ke
78498,Catherine,Omondi,catherine.omondi78498@uni.ac.ke
78499,William,Omondi,william.omondi78499@academy.ac.ke
78500,Henry,Muturi,henry.muturi78500@students.ac.ke
78501,James,Omar,james.omar78501@students.ac.ke
78502,Alice,Kiptoo,alice.kiptoo78502@uni.ac.ke
78503,Hope,Njoroge,hope.njoroge78503@students.ac.ke
78504,Thomas,Okello,thomas.okello78504@school.ac.ke
78505,Raymond,Wairimu,raymond.wairimu78505@uni.ac.ke
78506,Daniel,Okello,daniel.okello78506@students.ac.ke
78507,Gloria,Kinyua,gloria.kinyua78507@academy.ac.ke
78508,Hope,Mutai,hope.mutai78508@students.ac.ke
78509,Frances,Kyalo,frances.kyalo78509@uni.ac.ke
78510,William,Rotich,william.rotich78510@students.ac.ke
78511,Edwin,Njoroge,edwin.njoroge78511@students.ac.ke
78512,Catherine,Kasyoka,catherine.kasyoka78512@uni.ac.ke
78513,Joseph,Mumo,joseph.mumo78513@uni.ac.ke
78514,Hope,Nzomo,hope.nzomo78514@college.ac.ke
78515,David,Ibrahim,david.ibrahim78515@academy.ac.ke
78516,Beatrice,Gathoni,beatrice.gathoni78516@uni.ac.ke
78517,Kenneth,Owino,kenneth.owino78517@students.ac.ke
78518,Diana,Ochieng,diana.ochieng78518@academy.ac.ke
78519,Florence,Kyalo,florence.kyalo78519@academy.ac.ke
78520,Janet,Mwenda,janet.mwenda78520@uni.ac.ke
78521,Peter,Mumo,peter.mumo78521@academy.ac.ke
78522,Jacob,Hassan,jacob.hassan78522@college.ac.ke
78523,Irene,Muturi,irene.muturi78523@school.ac.ke
78524,Beatrice,Nduku,beatrice.nduku78524@uni.ac.ke
78525,Peter,Waweru,peter.waweru78525@college.ac.ke
78526,Raymond,Yusuf,raymond.yusuf78526@uni.ac.ke
78527,Joseph,Awuor,joseph.awuor78527@academy.ac.ke
78528,Hannah,Mwenda,hannah.mwenda78528@college.ac.ke
78529,Adrian,Mwangi,adrian.mwangi78529@uni.ac.ke
78530,Agnes,Abdi,agnes.abdi78530@students.ac.ke
78531,Eleanor,Mbatha,eleanor.mbatha78531@academy.ac.ke
78532,Robert,Maina,robert.maina78532@school.ac.ke
78533,Esther,Mumo,esther.mumo78533@students.ac.ke
78534,Naomi,Kiprotich,naomi.kiprotich78534@school.ac.ke
78535,William,Nduku,william.nduku78535@students.ac.ke
78536,Brian,Ruto,brian.ruto78536@academy.ac.ke
78537,Ruth,Rotich,ruth.rotich78537@students.ac.ke
78538,Edwin,Omondi,edwin.omondi78538@academy.ac.ke
78539,Agnes,Mumo,agnes.mumo78539@uni.ac.ke
78540,Eric,Gitau,eric.gitau78540@uni.ac.ke
78541,Hope,Omondi,hope.omondi78541@school.ac.ke
78542,Dennis,Mutisya,dennis.mutisya78542@school.ac.ke
78543,Simon,Omar,simon.omar78543@academy.ac.ke
78544,Gordon,Ndegwa,gordon.ndegwa78544@college.ac.ke
78545,Michael,Ahmed,michael.ahmed78545@uni.ac.ke
78546,Kenneth,Kinyua,kenneth.kinyua78546@students.ac.ke
78547,Isaac,Mutisya,isaac.mutisya78547@school.ac.ke
78548,George,Omondi,george.omondi78548@uni.ac.ke
78549,Carol,Njoroge,carol.njoroge78549@academy.ac.ke
78550,James,Maina,james.maina78550@college.ac.ke
78551,Isaac,Odhiambo,isaac.odhiambo78551@college.ac.ke
78552,Janet,Njoroge,janet.njoroge78552@uni.ac.ke
78553,Douglas,Abdi,douglas.abdi78553@students.ac.ke
78554,Naomi,Omondi,naomi.omondi78554@uni.ac.ke
78555,Irene,Lagat,irene.lagat78555@students.ac.ke
78556,Paul,Mwenda,paul.mwenda78556@academy.ac.ke
78557,William,Mwenda,william.mwenda78557@school.ac.ke
78558,William,Gichuki,william.gichuki78558@college.ac.ke
78559,Francis,Koech,francis.koech78559@academy.ac.ke
78560,Simon,Achieng,simon.achieng78560@academy.ac.ke
78561,Lewis,Mbatha,lewis.mbatha78561@school.ac.ke
78562,Ivan,Juma,ivan.juma78562@college.ac.ke
78563,Janet,Odhiambo,janet.odhiambo78563@students.ac.ke
78564,Ivan,Musyoka,ivan.musyoka78564@students.ac.ke
78565,Francis,Wanjiku,francis.wanjiku78565@academy.ac.ke
78566,Victor,Ndegwa,victor.ndegwa78566@academy.ac.ke
78567,Robert,Kiprotich,robert.kiprotich78567@college.ac.ke
78568,Adrian,Nduku,adrian.nduku78568@academy.ac.ke
78569,Noah,Owino,noah.owino78569@uni.ac.ke
78570,Douglas,Omondi,douglas.omondi78570@school.ac.ke
78571,Paul,Okello,paul.okello78571@students.ac.ke
78572,Henry,Muturi,henry.muturi78572@school.ac.ke
78573,Janet,Ndegwa,janet.ndegwa78573@students.ac.ke
78574,Esther,Gitonga,esther.gitonga78574@school.ac.ke
78575,Harold,Omondi,harold.omondi78575@students.ac.ke
78576,Faith,Wanjiku,faith.wanjiku78576@college.ac.ke
78577,Hope,Musa,hope.musa78577@academy.ac.ke
78578,Alice,Njoki,alice.njoki78578@school.ac.ke
78579,Paul,Mumo,paul.mumo78579@academy.ac.ke
78580,Julian,Awuor,julian.awuor78580@academy.ac.ke
78581,Janet,Nduku,janet.nduku78581@school.ac.ke
78582,Moses,Gitau,moses.gitau78582@students.ac.ke
78583,James,Odhiambo,james.odhiambo78583@college.ac.ke
78584,Moses,Nzomo,moses.nzomo78584@academy.ac.ke
78585,Noah,Rotich,noah.rotich78585@college.ac.ke
78586,Lewis,Njoroge,lewis.njoroge78586@school.ac.ke
78587,Paul,Njoroge,paul.njoroge78587@school.ac.ke
78588,Jacob,Ahmed,jacob.ahmed78588@academy.ac.ke
78589,Beatrice,Ngetich,beatrice.ngetich78589@college.ac.ke
78590,Moses,Gitau,moses.gitau78590@academy.ac.ke
78591,Janet,Nduku,janet.nduku78591@academy.ac.ke
78592,Oscar,Kimani,oscar.kimani78592@uni.ac.ke
78593,Raymond,Omar,raymond.omar78593@students.ac.ke
78594,Douglas,Lagat,douglas.lagat78594@academy.ac.ke
78595,Brian,Ruto,brian.ruto78595@college.ac.ke
78596,Paul,Mbatha,paul.mbatha78596@uni.ac.ke
78597,Edith,Kariuki,edith.kariuki78597@students.ac.ke
78598,Kevin,Mutua,kevin.mutua78598@uni.ac.ke
78599,Michael,Owino,michael.owino78599@academy.ac.ke
78600,Isaac,Muturi,isaac.muturi78600@college.ac.ke
78601,Ruth,Omondi,ruth.omondi78601@uni.ac.ke
78602,Irene,Yusuf,irene.yusuf78602@academy.ac.ke
78603,Lewis,Nzomo,lewis.nzomo78603@academy.ac.ke
78604,Beatrice,Lagat,beatrice.lagat78604@uni.ac.ke
78605,Samuel,Njoroge,samuel.njoroge78605@school.ac.ke
78606,Kenneth,Adhiambo,kenneth.adhiambo78606@students.ac.ke
78607,David,Maina,david.maina78607@school.ac.ke
78608,Ruth,Awuor,ruth.awuor78608@uni.ac.ke
78609,Henry,Gitonga,henry.gitonga78609@college.ac.ke
78610,Helen,Ibrahim,helen.ibrahim78610@students.ac.ke
78611,Harriet,Abdi,harriet.abdi78611@academy.ac.ke
78612,Gordon,Nduku,gordon.nduku78612@college.ac.ke
78613,George,Chebet,george.chebet78613@academy.ac.ke
78614,Gordon,Maina,gordon.maina78614@school.ac.ke
78615,Gladys,Rotich,gladys.rotich78615@school.ac.ke
78616,Kenneth,Waweru,kenneth.waweru78616@students.ac.ke
78617,Helen,Mwangi,helen.mwangi78617@uni.ac.ke
78618,Carol,Ahmed,carol.ahmed78618@college.ac.ke
78619,Esther,Musyoka,esther.musyoka78619@school.ac.ke
78620,Gloria,Bett,gloria.bett78620@school.ac.ke
78621,Grace,Nduku,grace.nduku78621@school.ac.ke
78622,Noah,Rotich,noah.rotich78622@students.ac.ke
78623,Oscar,Maina,oscar.maina78623@academy.ac.ke
78624,Julian,Bett,julian.bett78624@uni.ac.ke
78625,Betty,Otieno,betty.otieno78625@school.ac.ke
78626,Jacob,Awuor,jacob.awuor78626@college.ac.ke
78627,Carol,Ogolla,carol.ogolla78627@academy.ac.ke
78628,Helen,Ochieng,helen.ochieng78628@school.ac.ke
78629,Helen,Muturi,helen.muturi78629@school.ac.ke
78630,Robert,Mutisya,robert.mutisya78630@academy.ac.ke
78631,George,Mbatha,george.mbatha78631@school.ac.ke
78632,Helen,Bett,helen.bett78632@college.ac.ke
78633,Bernard,Hassan,bernard.hassan78633@uni.ac.ke
78634,Francis,Farah,francis.farah78634@academy.ac.ke
78635,Adrian,Gitau,adrian.gitau78635@academy.ac.ke
78636,Moses,Achieng,moses.achieng78636@school.ac.ke
78637,Robert,Ahmed,robert.ahmed78637@students.ac.ke
78638,John,Kyalo,john.kyalo78638@college.ac.ke
78639,Noah,Nduku,noah.nduku78639@college.ac.ke
78640,Philip,Maina,philip.maina78640@uni.ac.ke
78641,Joy,Ogolla,joy.ogolla78641@uni.ac.ke
78642,Janet,Wanjiku,janet.wanjiku78642@academy.ac.ke
78643,Noah,Lagat,noah.lagat78643@academy.ac.ke
78644,David,Njoroge,david.njoroge78644@students.ac.ke
78645,Jacob,Gitau,jacob.gitau78645@academy.ac.ke
78646,Oscar,Mutai,oscar.mutai78646@college.ac.ke
78647,Agnes,Rotich,agnes.rotich78647@uni.ac.ke
78648,Agnes,Kamau,agnes.kamau78648@uni.ac.ke
78649,Noah,Ahmed,noah.ahmed78649@uni.ac.ke
78650,William,Muturi,william.muturi78650@school.ac.ke
78651,Raymond,Kyalo,raymond.kyalo78651@school.ac.ke
78652,Beatrice,Awuor,beatrice.awuor78652@school.ac.ke
78653,Oscar,Abdi,oscar.abdi78653@students.ac.ke
78654,Henry,Mwangi,henry.mwangi78654@uni.ac.ke
78655,Irene,Waweru,irene.waweru78655@uni.ac.ke
78656,Raymond,Kiprotich,raymond.kiprotich78656@students.ac.ke
78657,Adrian,Awuor,adrian.awuor78657@uni.ac.ke
78658,Diana,Ibrahim,diana.ibrahim78658@academy.ac.ke
78659,Frances,Mwenda,frances.mwenda78659@uni.ac.ke
78660,Edith,Juma,edith.juma78660@academy.ac.ke
78661,Irene,Kiprotich,irene.kiprotich78661@academy.ac.ke
78662,Bernard,Muturi,bernard.muturi78662@college.ac.ke
78663,Eric,Kariuki,eric.kariuki78663@students.ac.ke
78664,William,Kinyua,william.kinyua78664@uni.ac.ke
78665,James,Kiptoo,james.kiptoo78665@college.ac.ke
78666,Quentin,Gathoni,quentin.gathoni78666@academy.ac.ke
78667,Beatrice,Gitau,beatrice.gitau78667@academy.ac.ke
78668,Betty,Waweru,betty.waweru78668@academy.ac.ke
78669,Paul,Gitau,paul.gitau78669@college.ac.ke
78670,Gladys,Nzomo,gladys.nzomo78670@uni.ac.ke
78671,Irene,Kiptoo,irene.kiptoo78671@school.ac.ke
78672,Edith,Ochieng,edith.ochieng78672@academy.ac.ke
78673,Lewis,Musyoka,lewis.musyoka78673@college.ac.ke
78674,William,Nzomo,william.nzomo78674@school.ac.ke
78675,Peter,Awuor,peter.awuor78675@uni.ac.ke
78676,Kevin,Kamau,kevin.kamau78676@college.ac.ke
78677,Edwin,Mutua,edwin.mutua78677@school.ac.ke
78678,Dennis,Bett,dennis.bett78678@students.ac.ke
78679,Joyce,Gitonga,joyce.gitonga78679@students.ac.ke
78680,Julian,Koech,julian.koech78680@school.ac.ke
78681,Julian,Nzomo,julian.nzomo78681@college.ac.ke
78682,Betty,Mwangi,betty.mwangi78682@uni.ac.ke
78683,Ivan,Mumo,ivan.mumo78683@college.ac.ke
78684,Kenneth,Wanjiku,kenneth.wanjiku78684@academy.ac.ke
78685,Lewis,Mutai,lewis.mutai78685@college.ac.ke
78686,Hannah,Yusuf,hannah.yusuf78686@college.ac.ke
78687,Mary,Khalid,mary.khalid78687@academy.ac.ke
78688,Hannah,Omondi,hannah.omondi78688@students.ac.ke
78689,Philip,Musyoka,philip.musyoka78689@school.ac.ke
78690,Gloria,Ochieng,gloria.ochieng78690@college.ac.ke
78691,Esther,Achieng,esther.achieng78691@uni.ac.ke
78692,Raymond,Rotich,raymond.rotich78692@students.ac.ke
78693,Julian,Mwenda,julian.mwenda78693@academy.ac.ke
78694,Gordon,Mutisya,gordon.mutisya78694@school.ac.ke
78695,Isaac,Kyalo,isaac.kyalo78695@uni.ac.ke
78696,Mary,Njuguna,mary.njuguna78696@students.ac.ke
78697,Charles,Wanjiku,charles.wanjiku78697@college.ac.ke
78698,Adrian,Ibrahim,adrian.ibrahim78698@school.ac.ke
78699,Dorothy,Omondi,dorothy.omondi78699@academy.ac.ke
78700,Oscar,Mbatha,oscar.mbatha78700@school.ac.ke
78701,Harold,Omar,harold.omar78701@uni.ac.ke
78702,Brian,Kiptoo,brian.kiptoo78702@school.ac.ke
78703,Hannah,Yusuf,hannah.yusuf78703@students.ac.ke
78704,Esther,Kariuki,esther.kariuki78704@academy.ac.ke
78705,Hope,Nduku,hope.nduku78705@academy.ac.ke
78706,Henry,Omar,henry.omar78706@school.ac.ke
78707,James,Gathoni,james.gathoni78707@school.ac.ke
78708,Dennis,Akumu,dennis.akumu78708@uni.ac.ke
78709,Gladys,Njoki,gladys.njoki78709@school.ac.ke
78710,Noah,Omondi,noah.omondi78710@college.ac.ke
78711,Robert,Kinyua,robert.kinyua78711@school.ac.ke
78712,Victor,Adhiambo,victor.adhiambo78712@uni.ac.ke
78713,Julian,Kiprotich,julian.kiprotich78713@academy.ac.ke
78714,Florence,Gitau,florence.gitau78714@students.ac.ke
78715,Joy,Mwangi,joy.mwangi78715@students.ac.ke
78716,Catherine,Okello,catherine.okello78716@students.ac.ke
78717,Alice,Gathoni,alice.gathoni78717@uni.ac.ke
78718,Catherine,Omondi,catherine.omondi78718@uni.ac.ke
78719,Beatrice,Mumo,beatrice.mumo78719@uni.ac.ke
78720,Philip,Yusuf,philip.yusuf78720@uni.ac.ke
78721,James,Ahmed,james.ahmed78721@uni.ac.ke
78722,Edith,Musyoka,edith.musyoka78722@uni.ac.ke
78723,Peter,Abdi,peter.abdi78723@college.ac.ke
78724,Dennis,Njuguna,dennis.njuguna78724@school.ac.ke
78725,Ivan,Kyalo,ivan.kyalo78725@school.ac.ke
78726,Irene,Kimani,irene.kimani78726@students.ac.ke
78727,Gladys,Ngetich,gladys.ngetich78727@uni.ac.ke
78728,Florence,Onyango,florence.onyango78728@school.ac.ke
78729,Henry,Odhiambo,henry.odhiambo78729@school.ac.ke
78730,Noah,Musyoka,noah.musyoka78730@college.ac.ke
78731,Gladys,Akumu,gladys.akumu78731@uni.ac.ke
78732,George,Njoroge,george.njoroge78732@uni.ac.ke
78733,Harriet,Ahmed,harriet.ahmed78733@school.ac.ke
78734,Joseph,Akumu,joseph.akumu78734@school.ac.ke
78735,Moses,Ndegwa,moses.ndegwa78735@students.ac.ke
78736,Naomi,Okello,naomi.okello78736@school.ac.ke
78737,Francis,Adhiambo,francis.adhiambo78737@students.ac.ke
78738,Peter,Kiptoo,peter.kiptoo78738@students.ac.ke
78739,Kenneth,Okello,kenneth.okello78739@uni.ac.ke
78740,Robert,Juma,robert.juma78740@academy.ac.ke
78741,Florence,Ochieng,florence.ochieng78741@college.ac.ke
78742,Moses,Abdi,moses.abdi78742@academy.ac.ke
78743,Hope,Ibrahim,hope.ibrahim78743@uni.ac.ke
78744,Douglas,Wanjiku,douglas.wanjiku78744@school.ac.ke
78745,Michael,Kimani,michael.kimani78745@uni.ac.ke
78746,Quentin,Musa,quentin.musa78746@academy.ac.ke
78747,James,Achieng,james.achieng78747@uni.ac.ke
78748,Kenneth,Gitau,kenneth.gitau78748@uni.ac.ke
78749,Hannah,Ngetich,hannah.ngetich78749@college.ac.ke
78750,Robert,Juma,robert.juma78750@uni.ac.ke
78751,Diana,Nzomo,diana.nzomo78751@academy.ac.ke
78752,Quentin,Ahmed,quentin.ahmed78752@school.ac.ke
78753,Helen,Mumo,helen.mumo78753@academy.ac.ke
78754,Helen,Wanjiku,helen.wanjiku78754@college.ac.ke
78755,Douglas,Bett,douglas.bett78755@uni.ac.ke
78756,Bernard,Waweru,bernard.waweru78756@college.ac.ke
78757,Lewis,Awuor,lewis.awuor78757@academy.ac.ke
78758,Edith,Akumu,edith.akumu78758@college.ac.ke
78759,Kevin,Mbatha,kevin.mbatha78759@academy.ac.ke
78760,Florence,Musa,florence.musa78760@school.ac.ke
78761,Hannah,Muturi,hannah.muturi78761@college.ac.ke
78762,Harriet,Juma,harriet.juma78762@students.ac.ke
78763,Michael,Maina,michael.maina78763@school.ac.ke
78764,George,Mumo,george.mumo78764@academy.ac.ke
78765,Raymond,Koech,raymond.koech78765@uni.ac.ke
78766,Raymond,Mutai,raymond.mutai78766@college.ac.ke
78767,Peter,Ogolla,peter.ogolla78767@students.ac.ke
78768,Robert,Kinyua,robert.kinyua78768@college.ac.ke
78769,David,Maina,david.maina78769@school.ac.ke
78770,Diana,Odhiambo,diana.odhiambo78770@college.ac.ke
78771,Moses,Abdi,moses.abdi78771@uni.ac.ke
78772,Harold,Ogolla,harold.ogolla78772@students.ac.ke
78773,Edwin,Okello,edwin.okello78773@students.ac.ke
78774,Ruth,Kiptoo,ruth.kiptoo78774@academy.ac.ke
78775,Irene,Odhiambo,irene.odhiambo78775@uni.ac.ke
78776,Alice,Rotich,alice.rotich78776@students.ac.ke
78777,Raymond,Khalid,raymond.khalid78777@uni.ac.ke
78778,Naomi,Maina,naomi.maina78778@uni.ac.ke
78779,Harold,Achieng,harold.achieng78779@school.ac.ke
78780,Kevin,Njuguna,kevin.njuguna78780@school.ac.ke
78781,Adrian,Omar,adrian.omar78781@college.ac.ke
78782,Irene,Njuguna,irene.njuguna78782@college.ac.ke
78783,Hope,Kamau,hope.kamau78783@students.ac.ke
78784,Irene,Wairimu,irene.wairimu78784@students.ac.ke
78785,Paul,Mbatha,paul.mbatha78785@academy.ac.ke
78786,Simon,Nzomo,simon.nzomo78786@school.ac.ke
78787,Kevin,Mbatha,kevin.mbatha78787@school.ac.ke
78788,Samuel,Ndegwa,samuel.ndegwa78788@college.ac.ke
78789,Samuel,Omondi,samuel.omondi78789@academy.ac.ke
78790,Joyce,Gitonga,joyce.gitonga78790@school.ac.ke
78791,John,Muturi,john.muturi78791@students.ac.ke
78792,Kevin,Musyoka,kevin.musyoka78792@academy.ac.ke
78793,David,Owino,david.owino78793@school.ac.ke
78794,Joy,Ndegwa,joy.ndegwa78794@uni.ac.ke
78795,Agnes,Muturi,agnes.muturi78795@academy.ac.ke
78796,Kevin,Chebet,kevin.chebet78796@college.ac.ke
78797,Ivan,Kasyoka,ivan.kasyoka78797@students.ac.ke
78798,Bernard,Khalid,bernard.khalid78798@students.ac.ke
78799,Esther,Ndegwa,esther.ndegwa78799@college.ac.ke
78800,Simon,Ruto,simon.ruto78800@uni.ac.ke
78801,William,Owino,william.owino78801@academy.ac.ke
78802,Mary,Juma,mary.juma78802@students.ac.ke
78803,Eleanor,Kimani,eleanor.kimani78803@college.ac.ke
78804,Gordon,Waweru,gordon.waweru78804@school.ac.ke
78805,Harriet,Odhiambo,harriet.odhiambo78805@school.ac.ke
78806,Peter,Achieng,peter.achieng78806@college.ac.ke
78807,Diana,Farah,diana.farah78807@uni.ac.ke
78808,Beatrice,Kariuki,beatrice.kariuki78808@school.ac.ke
78809,Philip,Gathoni,philip.gathoni78809@uni.ac.ke
78810,Agnes,Odhiambo,agnes.odhiambo78810@academy.ac.ke
78811,Adrian,Mutua,adrian.mutua78811@uni.ac.ke
78812,Adrian,Lagat,adrian.lagat78812@uni.ac.ke
78813,Edwin,Mutisya,edwin.mutisya78813@college.ac.ke
78814,Kenneth,Achieng,kenneth.achieng78814@college.ac.ke
78815,Charles,Khalid,charles.khalid78815@academy.ac.ke
78816,Alice,Waweru,alice.waweru78816@college.ac.ke
78817,William,Yusuf,william.yusuf78817@school.ac.ke
78818,Jacob,Mutisya,jacob.mutisya78818@college.ac.ke
78819,Edwin,Mutua,edwin.mutua78819@school.ac.ke
78820,Alice,Maina,alice.maina78820@students.ac.ke
78821,David,Okello,david.okello78821@academy.ac.ke
78822,Gordon,Njuguna,gordon.njuguna78822@school.ac.ke
78823,Janet,Kariuki,janet.kariuki78823@uni.ac.ke
78824,Irene,Ngetich,irene.ngetich78824@academy.ac.ke
78825,Faith,Kimani,faith.kimani78825@uni.ac.ke
78826,James,Gichuki,james.gichuki78826@uni.ac.ke
78827,Hope,Muturi,hope.muturi78827@school.ac.ke
78828,Kevin,Mutua,kevin.mutua78828@students.ac.ke
78829,Julian,Mumo,julian.mumo78829@school.ac.ke
78830,Philip,Ndegwa,philip.ndegwa78830@uni.ac.ke
78831,Irene,Otieno,irene.otieno78831@college.ac.ke
78832,Moses,Mwangi,moses.mwangi78832@students.ac.ke
78833,Ivan,Gichuki,ivan.gichuki78833@college.ac.ke
78834,Carol,Kasyoka,carol.kasyoka78834@college.ac.ke
78835,Joy,Maina,joy.maina78835@students.ac.ke
78836,Edwin,Njuguna,edwin.njuguna78836@uni.ac.ke
78837,Joy,Mwangi,joy.mwangi78837@students.ac.ke
78838,Dennis,Kinyua,dennis.kinyua78838@students.ac.ke
78839,Philip,Okello,philip.okello78839@uni.ac.ke
78840,Betty,Kinyua,betty.kinyua78840@academy.ac.ke
78841,Frances,Ruto,frances.ruto78841@students.ac.ke
78842,Eleanor,Muturi,eleanor.muturi78842@uni.ac.ke
78843,Edwin,Musa,edwin.musa78843@students.ac.ke
78844,Alice,Wanjiku,alice.wanjiku78844@uni.ac.ke
78845,Beatrice,Okello,beatrice.okello78845@uni.ac.ke
78846,Lewis,Kiptoo,lewis.kiptoo78846@uni.ac.ke
78847,Francis,Mumo,francis.mumo78847@academy.ac.ke
78848,George,Khalid,george.khalid78848@academy.ac.ke
78849,Francis,Juma,francis.juma78849@academy.ac.ke
78850,Harold,Lagat,harold.lagat78850@college.ac.ke
78851,Harold,Chebet,harold.chebet78851@school.ac.ke
78852,Isaac,Njoroge,isaac.njoroge78852@school.ac.ke
78853,Hope,Njuguna,hope.njuguna78853@students.ac.ke
78854,Ivan,Ndegwa,ivan.ndegwa78854@school.ac.ke
78855,James,Kiprotich,james.kiprotich78855@students.ac.ke
78856,John,Mumo,john.mumo78856@academy.ac.ke
78857,Adrian,Ibrahim,adrian.ibrahim78857@college.ac.ke
78858,Noah,Kasyoka,noah.kasyoka78858@college.ac.ke
78859,Brian,Kyalo,brian.kyalo78859@uni.ac.ke
78860,Peter,Kinyua,peter.kinyua78860@academy.ac.ke
78861,William,Kariuki,william.kariuki78861@college.ac.ke
78862,Edwin,Okello,edwin.okello78862@uni.ac.ke
78863,Gloria,Ruto,gloria.ruto78863@academy.ac.ke
78864,John,Kiptoo,john.kiptoo78864@academy.ac.ke
78865,Catherine,Otieno,catherine.otieno78865@school.ac.ke
78866,Helen,Gathoni,helen.gathoni78866@students.ac.ke
78867,Lewis,Mutisya,lewis.mutisya78867@college.ac.ke
78868,Ivan,Kyalo,ivan.kyalo78868@academy.ac.ke
78869,Irene,Waweru,irene.waweru78869@academy.ac.ke
78870,Irene,Farah,irene.farah78870@academy.ac.ke
78871,Mary,Rotich,mary.rotich78871@college.ac.ke
78872,Henry,Nzomo,henry.nzomo78872@academy.ac.ke
78873,Agnes,Koech,agnes.koech78873@college.ac.ke
78874,Adrian,Gitau,adrian.gitau78874@uni.ac.ke
78875,Joyce,Ahmed,joyce.ahmed78875@school.ac.ke
78876,Isaac,Otieno,isaac.otieno78876@students.ac.ke
78877,Diana,Juma,diana.juma78877@school.ac.ke
78878,Dennis,Rotich,dennis.rotich78878@school.ac.ke
78879,Francis,Ibrahim,francis.ibrahim78879@uni.ac.ke
78880,Thomas,Kariuki,thomas.kariuki78880@school.ac.ke
78881,Moses,Waweru,moses.waweru78881@college.ac.ke
78882,Florence,Ahmed,florence.ahmed78882@college.ac.ke
78883,John,Njuguna,john.njuguna78883@uni.ac.ke
78884,Florence,Omondi,florence.omondi78884@academy.ac.ke
78885,Lydia,Ruto,lydia.ruto78885@college.ac.ke
78886,Eric,Akumu,eric.akumu78886@college.ac.ke
78887,Noah,Gathoni,noah.gathoni78887@students.ac.ke
78888,Grace,Adhiambo,grace.adhiambo78888@college.ac.ke
78889,Jacob,Gathoni,jacob.gathoni78889@students.ac.ke
78890,Joyce,Owino,joyce.owino78890@school.ac.ke
78891,Grace,Onyango,grace.onyango78891@students.ac.ke
78892,Esther,Wanjiku,esther.wanjiku78892@school.ac.ke
78893,Thomas,Omondi,thomas.omondi78893@school.ac.ke
78894,Philip,Chebet,philip.chebet78894@college.ac.ke
78895,David,Kiprotich,david.kiprotich78895@college.ac.ke
78896,Dennis,Mutisya,dennis.mutisya78896@school.ac.ke
78897,William,Ahmed,william.ahmed78897@uni.ac.ke
78898,Lewis,Kasyoka,lewis.kasyoka78898@uni.ac.ke
78899,Joseph,Gichuki,joseph.gichuki78899@students.ac.ke
78900,Ivan,Kyalo,ivan.kyalo78900@students.ac.ke
78901,Naomi,Mutai,naomi.mutai78901@students.ac.ke
78902,Ivan,Gitonga,ivan.gitonga78902@school.ac.ke
78903,Brian,Kiprotich,brian.kiprotich78903@school.ac.ke
78904,Frances,Kinyua,frances.kinyua78904@students.ac.ke
78905,Esther,Ngetich,esther.ngetich78905@college.ac.ke
78906,Ruth,Mwangi,ruth.mwangi78906@school.ac.ke
78907,Florence,Gathoni,florence.gathoni78907@students.ac.ke
78908,Diana,Khalid,diana.khalid78908@students.ac.ke
78909,Edwin,Gitonga,edwin.gitonga78909@students.ac.ke
78910,John,Mutai,john.mutai78910@school.ac.ke
78911,Jacob,Mbatha,jacob.mbatha78911@college.ac.ke
78912,John,Muturi,john.muturi78912@academy.ac.ke
78913,Grace,Mutai,grace.mutai78913@students.ac.ke
78914,Kevin,Nduku,kevin.nduku78914@college.ac.ke
78915,Kevin,Ahmed,kevin.ahmed78915@uni.ac.ke
78916,Dorothy,Farah,dorothy.farah78916@students.ac.ke
78917,Robert,Achieng,robert.achieng78917@college.ac.ke
78918,Diana,Gathoni,diana.gathoni78918@school.ac.ke
78919,Gordon,Kiptoo,gordon.kiptoo78919@college.ac.ke
78920,Noah,Lagat,noah.lagat78920@students.ac.ke
78921,Thomas,Mutisya,thomas.mutisya78921@college.ac.ke
78922,Frances,Ngetich,frances.ngetich78922@college.ac.ke
78923,Julian,Lagat,julian.lagat78923@students.ac.ke
78924,Kevin,Ahmed,kevin.ahmed78924@school.ac.ke
78925,Dorothy,Akumu,dorothy.akumu78925@students.ac.ke
78926,Simon,Odhiambo,simon.odhiambo78926@students.ac.ke
78927,David,Farah,david.farah78927@uni.ac.ke
78928,Grace,Otieno,grace.otieno78928@students.ac.ke
78929,Julian,Juma,julian.juma78929@uni.ac.ke
78930,Lewis,Waweru,lewis.waweru78930@uni.ac.ke
78931,Agnes,Farah,agnes.farah78931@college.ac.ke
78932,George,Rotich,george.rotich78932@uni.ac.ke
78933,Victor,Abdi,victor.abdi78933@school.ac.ke
78934,Joy,Mwangi,joy.mwangi78934@college.ac.ke
78935,Brian,Gathoni,brian.gathoni78935@school.ac.ke
78936,John,Lagat,john.lagat78936@uni.ac.ke
78937,Quentin,Nduku,quentin.nduku78937@college.ac.ke
78938,Adrian,Nzomo,adrian.nzomo78938@uni.ac.ke
78939,Beatrice,Njoroge,beatrice.njoroge78939@uni.ac.ke
78940,Peter,Wairimu,peter.wairimu78940@academy.ac.ke
78941,Henry,Koech,henry.koech78941@college.ac.ke
78942,Simon,Mwenda,simon.mwenda78942@students.ac.ke
78943,Beatrice,Khalid,beatrice.khalid78943@academy.ac.ke
78944,Gordon,Mumo,gordon.mumo78944@students.ac.ke
78945,Diana,Mutua,diana.mutua78945@college.ac.ke
78946,Francis,Gichuki,francis.gichuki78946@students.ac.ke
78947,Quentin,Mutua,quentin.mutua78947@college.ac.ke
78948,John,Okello,john.okello78948@uni.ac.ke
78949,Charles,Musyoka,charles.musyoka78949@students.ac.ke
78950,Dorothy,Achieng,dorothy.achieng78950@students.ac.ke
78951,Esther,Njuguna,esther.njuguna78951@students.ac.ke
78952,Dorothy,Farah,dorothy.farah78952@college.ac.ke
78953,Philip,Akumu,philip.akumu78953@school.ac.ke
78954,Grace,Onyango,grace.onyango78954@uni.ac.ke
78955,Janet,Adhiambo,janet.adhiambo78955@uni.ac.ke
78956,James,Lagat,james.lagat78956@students.ac.ke
78957,Bernard,Ngetich,bernard.ngetich78957@students.ac.ke
78958,Michael,Ruto,michael.ruto78958@students.ac.ke
78959,Victor,Juma,victor.juma78959@college.ac.ke
78960,Frances,Mutai,frances.mutai78960@college.ac.ke
78961,Simon,Khalid,simon.khalid78961@school.ac.ke
78962,Gloria,Ruto,gloria.ruto78962@students.ac.ke
78963,Julian,Abdi,julian.abdi78963@students.ac.ke
78964,Lydia,Muturi,lydia.muturi78964@students.ac.ke
78965,David,Farah,david.farah78965@students.ac.ke
78966,Oscar,Kiprotich,oscar.kiprotich78966@academy.ac.ke
78967,Paul,Koech,paul.koech78967@school.ac.ke
78968,Charles,Gitau,charles.gitau78968@uni.ac.ke
78969,Edwin,Maina,edwin.maina78969@students.ac.ke
78970,Robert,Rotich,robert.rotich78970@school.ac.ke
78971,Kevin,Owino,kevin.owino78971@uni.ac.ke
78972,Peter,Muturi,peter.muturi78972@students.ac.ke
78973,Irene,Yusuf,irene.yusuf78973@students.ac.ke
78974,Lewis,Okello,lewis.okello78974@academy.ac.ke
78975,Oscar,Otieno,oscar.otieno78975@uni.ac.ke
78976,Kenneth,Onyango,kenneth.onyango78976@academy.ac.ke
78977,Ruth,Yusuf,ruth.yusuf78977@uni.ac.ke
78978,Kevin,Hassan,kevin.hassan78978@college.ac.ke
78979,Catherine,Musa,catherine.musa78979@academy.ac.ke
78980,Oscar,Ndegwa,oscar.ndegwa78980@college.ac.ke
78981,Kevin,Maina,kevin.maina78981@uni.ac.ke
78982,Frances,Maina,frances.maina78982@school.ac.ke
78983,Edwin,Achieng,edwin.achieng78983@college.ac.ke
78984,Joyce,Adhiambo,joyce.adhiambo78984@college.ac.ke
78985,Ruth,Abdi,ruth.abdi78985@academy.ac.ke
78986,Paul,Njuguna,paul.njuguna78986@college.ac.ke
78987,Samuel,Awuor,samuel.awuor78987@uni.ac.ke
78988,Gordon,Farah,gordon.farah78988@college.ac.ke
78989,Alice,Wanjiku,alice.wanjiku78989@college.ac.ke
78990,Ivan,Musyoka,ivan.musyoka78990@college.ac.ke
78991,Grace,Mumo,grace.mumo78991@academy.ac.ke
78992,Ivan,Ahmed,ivan.ahmed78992@academy.ac.ke
78993,Peter,Chebet,peter.chebet78993@school.ac.ke
78994,Mary,Bett,mary.bett78994@academy.ac.ke
78995,Florence,Wairimu,florence.wairimu78995@school.ac.ke
78996,Gordon,Yusuf,gordon.yusuf78996@college.ac.ke
78997,Beatrice,Kyalo,beatrice.kyalo78997@students.ac.ke
78998,Jacob,Njoki,jacob.njoki78998@school.ac.ke
78999,Raymond,Mumo,raymond.mumo78999@uni.ac.ke
79000,Peter,Akumu,peter.akumu79000@uni.ac.ke
79001,Frances,Wanjiku,frances.wanjiku79001@school.ac.ke
79002,Isaac,Musyoka,isaac.musyoka79002@college.ac.ke
79003,Grace,Kiptoo,grace.kiptoo79003@uni.ac.ke
79004,Betty,Njoki,betty.njoki79004@uni.ac.ke
79005,Kenneth,Wanjiku,kenneth.wanjiku79005@academy.ac.ke
79006,George,Mwangi,george.mwangi79006@academy.ac.ke
79007,Joyce,Adhiambo,joyce.adhiambo79007@college.ac.ke
79008,Jacob,Njoki,jacob.njoki79008@uni.ac.ke
79009,Joseph,Rotich,joseph.rotich79009@college.ac.ke
79010,Helen,Wairimu,helen.wairimu79010@school.ac.ke
79011,Victor,Kiprotich,victor.kiprotich79011@students.ac.ke
79012,Florence,Omar,florence.omar79012@uni.ac.ke
79013,Eric,Otieno,eric.otieno79013@uni.ac.ke
79014,Joseph,Gitonga,joseph.gitonga79014@academy.ac.ke
79015,Raymond,Ochieng,raymond.ochieng79015@school.ac.ke
79016,Daniel,Mutisya,daniel.mutisya79016@college.ac.ke
79017,Philip,Kariuki,philip.kariuki79017@school.ac.ke
79018,Esther,Juma,esther.juma79018@college.ac.ke
79019,Gladys,Mwenda,gladys.mwenda79019@college.ac.ke
79020,Daniel,Gitau,daniel.gitau79020@school.ac.ke
79021,Francis,Kamau,francis.kamau79021@uni.ac.ke
79022,Peter,Rotich,peter.rotich79022@uni.ac.ke
79023,William,Wanjiku,william.wanjiku79023@uni.ac.ke
79024,Jacob,Ndegwa,jacob.ndegwa79024@academy.ac.ke
79025,Dorothy,Mbatha,dorothy.mbatha79025@academy.ac.ke
79026,Douglas,Odhiambo,douglas.odhiambo79026@academy.ac.ke
79027,Charles,Wairimu,charles.wairimu79027@college.ac.ke
79028,Irene,Farah,irene.farah79028@uni.ac.ke
79029,Mary,Gitonga,mary.gitonga79029@college.ac.ke
79030,Simon,Mbatha,simon.mbatha79030@academy.ac.ke
79031,Beatrice,Wanjiku,beatrice.wanjiku79031@students.ac.ke
79032,Gladys,Musa,gladys.musa79032@school.ac.ke
79033,David,Kinyua,david.kinyua79033@academy.ac.ke
79034,Daniel,Rotich,daniel.rotich79034@academy.ac.ke
79035,Philip,Juma,philip.juma79035@academy.ac.ke
79036,Francis,Mwenda,francis.mwenda79036@school.ac.ke
79037,Julian,Gitonga,julian.gitonga79037@uni.ac.ke
79038,Diana,Farah,diana.farah79038@uni.ac.ke
79039,George,Koech,george.koech79039@school.ac.ke
79040,Oscar,Musyoka,oscar.musyoka79040@school.ac.ke
79041,Esther,Okello,esther.okello79041@college.ac.ke
79042,Raymond,Njuguna,raymond.njuguna79042@college.ac.ke
79043,Thomas,Akumu,thomas.akumu79043@school.ac.ke
79044,Edwin,Musa,edwin.musa79044@school.ac.ke
79045,Julian,Hassan,julian.hassan79045@students.ac.ke
79046,Harriet,Kinyua,harriet.kinyua79046@school.ac.ke
79047,Hannah,Hassan,hannah.hassan79047@uni.ac.ke
79048,Henry,Waweru,henry.waweru79048@students.ac.ke
79049,David,Gichuki,david.gichuki79049@uni.ac.ke
79050,Moses,Maina,moses.maina79050@school.ac.ke
79051,David,Otieno,david.otieno79051@college.ac.ke
79052,Jacob,Kyalo,jacob.kyalo79052@uni.ac.ke
79053,Beatrice,Onyango,beatrice.onyango79053@uni.ac.ke
79054,Ruth,Nduku,ruth.nduku79054@academy.ac.ke
79055,Betty,Wanjiku,betty.wanjiku79055@uni.ac.ke
79056,Jacob,Kiprotich,jacob.kiprotich79056@students.ac.ke
79057,Frances,Musa,frances.musa79057@uni.ac.ke
79058,Grace,Njuguna,grace.njuguna79058@uni.ac.ke
79059,Alice,Awuor,alice.awuor79059@students.ac.ke
79060,Carol,Njoroge,carol.njoroge79060@college.ac.ke
79061,Lydia,Mutai,lydia.mutai79061@school.ac.ke
79062,Esther,Ruto,esther.ruto79062@school.ac.ke
79063,Irene,Ahmed,irene.ahmed79063@college.ac.ke
79064,Oscar,Khalid,oscar.khalid79064@school.ac.ke
79065,Raymond,Rotich,raymond.rotich79065@students.ac.ke
79066,Oscar,Kariuki,oscar.kariuki79066@school.ac.ke
79067,Florence,Gathoni,florence.gathoni79067@students.ac.ke
79068,Dorothy,Mwenda,dorothy.mwenda79068@academy.ac.ke
79069,Thomas,Waweru,thomas.waweru79069@academy.ac.ke
79070,Noah,Mutai,noah.mutai79070@school.ac.ke
79071,Philip,Nduku,philip.nduku79071@academy.ac.ke
79072,William,Kinyua,william.kinyua79072@students.ac.ke
79073,Carol,Njoroge,carol.njoroge79073@uni.ac.ke
79074,Catherine,Koech,catherine.koech79074@students.ac.ke
79075,Francis,Akumu,francis.akumu79075@uni.ac.ke
79076,Gladys,Kiptoo,gladys.kiptoo79076@students.ac.ke
79077,Hannah,Ibrahim,hannah.ibrahim79077@uni.ac.ke
79078,Joy,Mwenda,joy.mwenda79078@uni.ac.ke
79079,Philip,Maina,philip.maina79079@school.ac.ke
79080,Noah,Lagat,noah.lagat79080@school.ac.ke
79081,David,Otieno,david.otieno79081@academy.ac.ke
79082,Philip,Njuguna,philip.njuguna79082@school.ac.ke
79083,Joseph,Gitau,joseph.gitau79083@uni.ac.ke
79084,Henry,Gitau,henry.gitau79084@uni.ac.ke
79085,Gladys,Kimani,gladys.kimani79085@college.ac.ke
79086,James,Kamau,james.kamau79086@college.ac.ke
79087,Julian,Owino,julian.owino79087@school.ac.ke
79088,Thomas,Musa,thomas.musa79088@academy.ac.ke
79089,Dennis,Wairimu,dennis.wairimu79089@school.ac.ke
79090,Henry,Farah,henry.farah79090@school.ac.ke
79091,Carol,Waweru,carol.waweru79091@school.ac.ke
79092,Harriet,Mutisya,harriet.mutisya79092@academy.ac.ke
79093,Ruth,Akumu,ruth.akumu79093@school.ac.ke
79094,Paul,Yusuf,paul.yusuf79094@students.ac.ke
79095,Hannah,Mutua,hannah.mutua79095@students.ac.ke
79096,Betty,Mutisya,betty.mutisya79096@uni.ac.ke
79097,Eric,Wanjiku,eric.wanjiku79097@students.ac.ke
79098,John,Kiptoo,john.kiptoo79098@uni.ac.ke
79099,Alice,Kariuki,alice.kariuki79099@college.ac.ke
79100,Janet,Gitonga,janet.gitonga79100@school.ac.ke
79101,Carol,Maina,carol.maina79101@uni.ac.ke
79102,Ivan,Maina,ivan.maina79102@students.ac.ke
79103,Diana,Omondi,diana.omondi79103@uni.ac.ke
79104,James,Waweru,james.waweru79104@school.ac.ke
79105,Thomas,Mwenda,thomas.mwenda79105@students.ac.ke
79106,Joseph,Ahmed,joseph.ahmed79106@college.ac.ke
79107,Charles,Njuguna,charles.njuguna79107@uni.ac.ke
79108,Eleanor,Nduku,eleanor.nduku79108@students.ac.ke
79109,Oscar,Kimani,oscar.kimani79109@academy.ac.ke
79110,Thomas,Mutisya,thomas.mutisya79110@school.ac.ke
79111,Brian,Odhiambo,brian.odhiambo79111@college.ac.ke
79112,Naomi,Abdi,naomi.abdi79112@college.ac.ke
79113,Thomas,Kinyua,thomas.kinyua79113@academy.ac.ke
79114,Oscar,Gichuki,oscar.gichuki79114@uni.ac.ke
79115,Betty,Mumo,betty.mumo79115@academy.ac.ke
79116,Quentin,Kiprotich,quentin.kiprotich79116@students.ac.ke
79117,Beatrice,Rotich,beatrice.rotich79117@academy.ac.ke
79118,Raymond,Ruto,raymond.ruto79118@students.ac.ke
79119,Philip,Adhiambo,philip.adhiambo79119@college.ac.ke
79120,Moses,Chebet,moses.chebet79120@school.ac.ke
79121,Harriet,Njuguna,harriet.njuguna79121@academy.ac.ke
79122,Daniel,Ogolla,daniel.ogolla79122@school.ac.ke
79123,Daniel,Njoki,daniel.njoki79123@academy.ac.ke
79124,Oscar,Wairimu,oscar.wairimu79124@college.ac.ke
79125,James,Mutua,james.mutua79125@academy.ac.ke
79126,Mary,Maina,mary.maina79126@college.ac.ke
79127,Robert,Abdi,robert.abdi79127@uni.ac.ke
79128,Grace,Kiprotich,grace.kiprotich79128@school.ac.ke
79129,William,Kariuki,william.kariuki79129@academy.ac.ke
79130,Mary,Farah,mary.farah79130@academy.ac.ke
79131,Gloria,Mwangi,gloria.mwangi79131@uni.ac.ke
79132,Faith,Kasyoka,faith.kasyoka79132@students.ac.ke
79133,Janet,Ibrahim,janet.ibrahim79133@academy.ac.ke
79134,Joyce,Kimani,joyce.kimani79134@college.ac.ke
79135,Agnes,Mwenda,agnes.mwenda79135@uni.ac.ke
79136,William,Kyalo,william.kyalo79136@college.ac.ke
79137,Moses,Chebet,moses.chebet79137@school.ac.ke
79138,Simon,Ibrahim,simon.ibrahim79138@school.ac.ke
79139,Hannah,Ngetich,hannah.ngetich79139@school.ac.ke
79140,Francis,Rotich,francis.rotich79140@students.ac.ke
79141,Faith,Bett,faith.bett79141@academy.ac.ke
79142,Irene,Kiprotich,irene.kiprotich79142@uni.ac.ke
79143,James,Ahmed,james.ahmed79143@students.ac.ke
79144,Ruth,Mutisya,ruth.mutisya79144@students.ac.ke
79145,Gordon,Mutua,gordon.mutua79145@uni.ac.ke
79146,Peter,Njuguna,peter.njuguna79146@students.ac.ke
79147,Noah,Wanjiku,noah.wanjiku79147@students.ac.ke
79148,Lydia,Khalid,lydia.khalid79148@academy.ac.ke
79149,Raymond,Wanjiku,raymond.wanjiku79149@academy.ac.ke
79150,Ivan,Omondi,ivan.omondi79150@students.ac.ke
79151,John,Mutisya,john.mutisya79151@college.ac.ke
79152,Bernard,Wanjiku,bernard.wanjiku79152@school.ac.ke
79153,Francis,Lagat,francis.lagat79153@uni.ac.ke
79154,Isaac,Musyoka,isaac.musyoka79154@uni.ac.ke
79155,Quentin,Wanjiku,quentin.wanjiku79155@students.ac.ke
79156,Beatrice,Kiptoo,beatrice.kiptoo79156@students.ac.ke
79157,Daniel,Njoroge,daniel.njoroge79157@uni.ac.ke
79158,Hope,Okello,hope.okello79158@students.ac.ke
79159,Esther,Lagat,esther.lagat79159@students.ac.ke
79160,Victor,Mwenda,victor.mwenda79160@academy.ac.ke
79161,Kevin,Mutai,kevin.mutai79161@school.ac.ke
79162,Simon,Kariuki,simon.kariuki79162@uni.ac.ke
79163,Joyce,Ngetich,joyce.ngetich79163@uni.ac.ke
79164,Moses,Muturi,moses.muturi79164@school.ac.ke
79165,Carol,Ahmed,carol.ahmed79165@uni.ac.ke
79166,Janet,Kamau,janet.kamau79166@school.ac.ke
79167,Dennis,Ahmed,dennis.ahmed79167@students.ac.ke
79168,James,Mumo,james.mumo79168@uni.ac.ke
79169,Hope,Odhiambo,hope.odhiambo79169@uni.ac.ke
79170,Naomi,Omondi,naomi.omondi79170@uni.ac.ke
79171,Gordon,Achieng,gordon.achieng79171@school.ac.ke
79172,Janet,Kimani,janet.kimani79172@students.ac.ke
79173,Esther,Owino,esther.owino79173@students.ac.ke
79174,Irene,Khalid,irene.khalid79174@uni.ac.ke
79175,Carol,Kyalo,carol.kyalo79175@uni.ac.ke
79176,Edwin,Ochieng,edwin.ochieng79176@academy.ac.ke
79177,Gordon,Omar,gordon.omar79177@academy.ac.ke
79178,Mary,Ngetich,mary.ngetich79178@school.ac.ke
79179,Douglas,Gitau,douglas.gitau79179@school.ac.ke
79180,Bernard,Gitau,bernard.gitau79180@uni.ac.ke
79181,Francis,Abdi,francis.abdi79181@college.ac.ke
79182,William,Gichuki,william.gichuki79182@school.ac.ke
79183,Thomas,Kiptoo,thomas.kiptoo79183@school.ac.ke
79184,Robert,Gichuki,robert.gichuki79184@uni.ac.ke
79185,Henry,Akumu,henry.akumu79185@school.ac.ke
79186,Dennis,Gichuki,dennis.gichuki79186@academy.ac.ke
79187,Diana,Onyango,diana.onyango79187@academy.ac.ke
79188,Peter,Mutisya,peter.mutisya79188@students.ac.ke
79189,Janet,Owino,janet.owino79189@academy.ac.ke
79190,Dennis,Odhiambo,dennis.odhiambo79190@uni.ac.ke
79191,Isaac,Awuor,isaac.awuor79191@school.ac.ke
79192,Henry,Mwenda,henry.mwenda79192@academy.ac.ke
79193,Gladys,Muturi,gladys.muturi79193@students.ac.ke
79194,Hannah,Kariuki,hannah.kariuki79194@school.ac.ke
79195,Faith,Lagat,faith.lagat79195@academy.ac.ke
79196,Bernard,Juma,bernard.juma79196@academy.ac.ke
79197,Beatrice,Achieng,beatrice.achieng79197@uni.ac.ke
79198,Dorothy,Mbatha,dorothy.mbatha79198@school.ac.ke
79199,Moses,Mutua,moses.mutua79199@uni.ac.ke
79200,Edith,Nduku,edith.nduku79200@students.ac.ke
79201,Jacob,Awuor,jacob.awuor79201@academy.ac.ke
79202,Catherine,Ruto,catherine.ruto79202@college.ac.ke
79203,Ivan,Wairimu,ivan.wairimu79203@college.ac.ke
79204,Thomas,Yusuf,thomas.yusuf79204@academy.ac.ke
79205,Kevin,Farah,kevin.farah79205@college.ac.ke
79206,Florence,Waweru,florence.waweru79206@academy.ac.ke
79207,Gladys,Nzomo,gladys.nzomo79207@academy.ac.ke
79208,Betty,Gitonga,betty.gitonga79208@school.ac.ke
79209,Florence,Bett,florence.bett79209@school.ac.ke
79210,Edwin,Lagat,edwin.lagat79210@school.ac.ke
79211,Edith,Hassan,edith.hassan79211@college.ac.ke
79212,Thomas,Odhiambo,thomas.odhiambo79212@school.ac.ke
79213,Esther,Chebet,esther.chebet79213@school.ac.ke
79214,Carol,Njoroge,carol.njoroge79214@students.ac.ke
79215,Moses,Ruto,moses.ruto79215@academy.ac.ke
79216,Charles,Chebet,charles.chebet79216@academy.ac.ke
79217,Julian,Mbatha,julian.mbatha79217@school.ac.ke
79218,Samuel,Njoki,samuel.njoki79218@academy.ac.ke
79219,Isaac,Kinyua,isaac.kinyua79219@students.ac.ke
79220,Frances,Akumu,frances.akumu79220@academy.ac.ke
79221,Ivan,Mumo,ivan.mumo79221@uni.ac.ke
79222,Douglas,Njoroge,douglas.njoroge79222@college.ac.ke
79223,Hannah,Ngetich,hannah.ngetich79223@students.ac.ke
79224,Douglas,Mbatha,douglas.mbatha79224@school.ac.ke
79225,Michael,Awuor,michael.awuor79225@school.ac.ke
79226,Edwin,Bett,edwin.bett79226@college.ac.ke
79227,Victor,Nduku,victor.nduku79227@school.ac.ke
79228,Grace,Gichuki,grace.gichuki79228@students.ac.ke
79229,Harold,Odhiambo,harold.odhiambo79229@uni.ac.ke
79230,Joseph,Ogolla,joseph.ogolla79230@school.ac.ke
79231,Eric,Musa,eric.musa79231@school.ac.ke
79232,Douglas,Yusuf,douglas.yusuf79232@school.ac.ke
79233,Joseph,Kyalo,joseph.kyalo79233@academy.ac.ke
79234,John,Wairimu,john.wairimu79234@college.ac.ke
79235,Julian,Mutai,julian.mutai79235@college.ac.ke
79236,Jacob,Hassan,jacob.hassan79236@college.ac.ke
79237,Esther,Maina,esther.maina79237@students.ac.ke
79238,Gladys,Gichuki,gladys.gichuki79238@college.ac.ke
79239,Quentin,Musa,quentin.musa79239@school.ac.ke
79240,Joseph,Wairimu,joseph.wairimu79240@uni.ac.ke
79241,Dennis,Musyoka,dennis.musyoka79241@academy.ac.ke
79242,David,Farah,david.farah79242@school.ac.ke
79243,Alice,Awuor,alice.awuor79243@college.ac.ke
79244,Lydia,Ochieng,lydia.ochieng79244@college.ac.ke
79245,Dennis,Wairimu,dennis.wairimu79245@academy.ac.ke
79246,Robert,Waweru,robert.waweru79246@students.ac.ke
79247,Isaac,Farah,isaac.farah79247@college.ac.ke
79248,Joseph,Achieng,joseph.achieng79248@uni.ac.ke
79249,Edith,Awuor,edith.awuor79249@students.ac.ke
79250,Alice,Lagat,alice.lagat79250@college.ac.ke
79251,Charles,Wairimu,charles.wairimu79251@college.ac.ke
79252,Carol,Achieng,carol.achieng79252@students.ac.ke
79253,Paul,Gathoni,paul.gathoni79253@academy.ac.ke
79254,Betty,Ngetich,betty.ngetich79254@college.ac.ke
79255,Diana,Kyalo,diana.kyalo79255@uni.ac.ke
79256,William,Hassan,william.hassan79256@students.ac.ke
79257,Betty,Mumo,betty.mumo79257@college.ac.ke
79258,Daniel,Owino,daniel.owino79258@college.ac.ke
79259,Gloria,Wairimu,gloria.wairimu79259@uni.ac.ke
79260,Gladys,Farah,gladys.farah79260@college.ac.ke
79261,Eleanor,Njuguna,eleanor.njuguna79261@school.ac.ke
79262,Harold,Farah,harold.farah79262@school.ac.ke
79263,Douglas,Mbatha,douglas.mbatha79263@school.ac.ke
79264,Paul,Owino,paul.owino79264@academy.ac.ke
79265,Beatrice,Kiprotich,beatrice.kiprotich79265@college.ac.ke
79266,Esther,Mutisya,esther.mutisya79266@school.ac.ke
79267,Naomi,Kasyoka,naomi.kasyoka79267@college.ac.ke
79268,Samuel,Mwangi,samuel.mwangi79268@school.ac.ke
79269,Harriet,Achieng,harriet.achieng79269@academy.ac.ke
79270,Robert,Muturi,robert.muturi79270@college.ac.ke
79271,Jacob,Achieng,jacob.achieng79271@school.ac.ke
79272,Joseph,Ndegwa,joseph.ndegwa79272@school.ac.ke
79273,Hope,Rotich,hope.rotich79273@academy.ac.ke
79274,Dennis,Omondi,dennis.omondi79274@uni.ac.ke
79275,Paul,Owino,paul.owino79275@school.ac.ke
79276,Dennis,Abdi,dennis.abdi79276@students.ac.ke
79277,Adrian,Abdi,adrian.abdi79277@students.ac.ke
79278,Catherine,Mbatha,catherine.mbatha79278@academy.ac.ke
79279,Janet,Gathoni,janet.gathoni79279@school.ac.ke
79280,Noah,Musyoka,noah.musyoka79280@academy.ac.ke
79281,Joseph,Farah,joseph.farah79281@students.ac.ke
79282,Betty,Juma,betty.juma79282@college.ac.ke
79283,Betty,Kariuki,betty.kariuki79283@uni.ac.ke
79284,Carol,Abdi,carol.abdi79284@college.ac.ke
79285,Joy,Adhiambo,joy.adhiambo79285@college.ac.ke
79286,Oscar,Mutai,oscar.mutai79286@students.ac.ke
79287,Henry,Otieno,henry.otieno79287@college.ac.ke
79288,Joy,Mwangi,joy.mwangi79288@uni.ac.ke
79289,Raymond,Okello,raymond.okello79289@uni.ac.ke
79290,Robert,Rotich,robert.rotich79290@college.ac.ke
79291,William,Ibrahim,william.ibrahim79291@academy.ac.ke
79292,David,Ruto,david.ruto79292@academy.ac.ke
79293,Irene,Farah,irene.farah79293@students.ac.ke
79294,Lydia,Hassan,lydia.hassan79294@college.ac.ke
79295,Naomi,Mutua,naomi.mutua79295@students.ac.ke
79296,Michael,Owino,michael.owino79296@college.ac.ke
79297,David,Kiprotich,david.kiprotich79297@academy.ac.ke
79298,Paul,Odhiambo,paul.odhiambo79298@academy.ac.ke
79299,Samuel,Kamau,samuel.kamau79299@college.ac.ke
79300,Dennis,Juma,dennis.juma79300@academy.ac.ke
79301,Brian,Yusuf,brian.yusuf79301@school.ac.ke
79302,Catherine,Mutai,catherine.mutai79302@school.ac.ke
79303,Lydia,Ndegwa,lydia.ndegwa79303@uni.ac.ke
79304,Quentin,Hassan,quentin.hassan79304@uni.ac.ke
79305,Philip,Kariuki,philip.kariuki79305@students.ac.ke
79306,Eric,Kasyoka,eric.kasyoka79306@uni.ac.ke
79307,Gordon,Kiprotich,gordon.kiprotich79307@school.ac.ke
79308,Mary,Rotich,mary.rotich79308@students.ac.ke
79309,Robert,Kiptoo,robert.kiptoo79309@school.ac.ke
79310,Moses,Mbatha,moses.mbatha79310@uni.ac.ke
79311,Esther,Wairimu,esther.wairimu79311@college.ac.ke
79312,Joseph,Maina,joseph.maina79312@students.ac.ke
79313,Raymond,Ndegwa,raymond.ndegwa79313@uni.ac.ke
79314,Paul,Kariuki,paul.kariuki79314@college.ac.ke
79315,Gladys,Okello,gladys.okello79315@college.ac.ke
79316,William,Gathoni,william.gathoni79316@uni.ac.ke
79317,Kevin,Gitau,kevin.gitau79317@academy.ac.ke
79318,Dennis,Abdi,dennis.abdi79318@school.ac.ke
79319,Beatrice,Kamau,beatrice.kamau79319@academy.ac.ke
79320,Brian,Kiptoo,brian.kiptoo79320@academy.ac.ke
79321,Grace,Maina,grace.maina79321@college.ac.ke
79322,Irene,Kasyoka,irene.kasyoka79322@students.ac.ke
79323,Carol,Gichuki,carol.gichuki79323@school.ac.ke
79324,Bernard,Kasyoka,bernard.kasyoka79324@school.ac.ke
79325,Diana,Odhiambo,diana.odhiambo79325@college.ac.ke
79326,John,Juma,john.juma79326@students.ac.ke
79327,Dorothy,Waweru,dorothy.waweru79327@academy.ac.ke
79328,Ruth,Wanjiku,ruth.wanjiku79328@academy.ac.ke
79329,Naomi,Odhiambo,naomi.odhiambo79329@academy.ac.ke
79330,Lewis,Chebet,lewis.chebet79330@academy.ac.ke
79331,Dennis,Gitonga,dennis.gitonga79331@uni.ac.ke
79332,Jacob,Khalid,jacob.khalid79332@college.ac.ke
79333,George,Ochieng,george.ochieng79333@uni.ac.ke
79334,Gordon,Otieno,gordon.otieno79334@students.ac.ke
79335,Bernard,Waweru,bernard.waweru79335@students.ac.ke
79336,Noah,Gitau,noah.gitau79336@academy.ac.ke
79337,Florence,Koech,florence.koech79337@academy.ac.ke
79338,Helen,Musyoka,helen.musyoka79338@college.ac.ke
79339,Brian,Chebet,brian.chebet79339@college.ac.ke
79340,Catherine,Akumu,catherine.akumu79340@academy.ac.ke
79341,Harold,Ruto,harold.ruto79341@students.ac.ke
79342,Lydia,Kamau,lydia.kamau79342@uni.ac.ke
79343,Peter,Njoroge,peter.njoroge79343@uni.ac.ke
79344,Ruth,Kyalo,ruth.kyalo79344@school.ac.ke
79345,Hannah,Juma,hannah.juma79345@college.ac.ke
79346,Samuel,Njoroge,samuel.njoroge79346@school.ac.ke
79347,Carol,Mutai,carol.mutai79347@school.ac.ke
79348,Florence,Hassan,florence.hassan79348@students.ac.ke
79349,Dennis,Chebet,dennis.chebet79349@college.ac.ke
79350,Bernard,Mwangi,bernard.mwangi79350@students.ac.ke
79351,William,Ndegwa,william.ndegwa79351@school.ac.ke
79352,Naomi,Waweru,naomi.waweru79352@school.ac.ke
79353,Francis,Gitonga,francis.gitonga79353@uni.ac.ke
79354,Helen,Chebet,helen.chebet79354@school.ac.ke
79355,Francis,Mutisya,francis.mutisya79355@uni.ac.ke
79356,Henry,Nzomo,henry.nzomo79356@school.ac.ke
79357,Simon,Njuguna,simon.njuguna79357@school.ac.ke
79358,Hope,Rotich,hope.rotich79358@students.ac.ke
79359,John,Kiprotich,john.kiprotich79359@school.ac.ke
79360,Harold,Mwenda,harold.mwenda79360@academy.ac.ke
79361,Raymond,Ruto,raymond.ruto79361@school.ac.ke
79362,Helen,Mwenda,helen.mwenda79362@academy.ac.ke
79363,Joseph,Ibrahim,joseph.ibrahim79363@academy.ac.ke
79364,Florence,Omar,florence.omar79364@students.ac.ke
79365,Gloria,Lagat,gloria.lagat79365@uni.ac.ke
79366,Joy,Mutisya,joy.mutisya79366@college.ac.ke
79367,Raymond,Kiprotich,raymond.kiprotich79367@school.ac.ke
79368,Oscar,Kiprotich,oscar.kiprotich79368@uni.ac.ke
79369,Douglas,Ibrahim,douglas.ibrahim79369@students.ac.ke
79370,Eleanor,Gichuki,eleanor.gichuki79370@college.ac.ke
79371,Peter,Musyoka,peter.musyoka79371@students.ac.ke
79372,Joy,Nduku,joy.nduku79372@academy.ac.ke
79373,Irene,Awuor,irene.awuor79373@academy.ac.ke
79374,Gloria,Lagat,gloria.lagat79374@students.ac.ke
79375,Grace,Njoki,grace.njoki79375@school.ac.ke
79376,Henry,Njuguna,henry.njuguna79376@college.ac.ke
79377,Edith,Muturi,edith.muturi79377@academy.ac.ke
79378,Catherine,Kamau,catherine.kamau79378@academy.ac.ke
79379,Janet,Musyoka,janet.musyoka79379@college.ac.ke
79380,Mary,Ibrahim,mary.ibrahim79380@academy.ac.ke
79381,Kenneth,Ahmed,kenneth.ahmed79381@uni.ac.ke
79382,Joseph,Ibrahim,joseph.ibrahim79382@college.ac.ke
79383,Philip,Mwenda,philip.mwenda79383@students.ac.ke
79384,Douglas,Abdi,douglas.abdi79384@school.ac.ke
79385,Eric,Omar,eric.omar79385@college.ac.ke
79386,Edwin,Mutua,edwin.mutua79386@students.ac.ke
79387,Eric,Wairimu,eric.wairimu79387@school.ac.ke
79388,Brian,Mutai,brian.mutai79388@students.ac.ke
79389,Victor,Omondi,victor.omondi79389@students.ac.ke
79390,Eric,Ruto,eric.ruto79390@uni.ac.ke
79391,Kenneth,Musyoka,kenneth.musyoka79391@academy.ac.ke
79392,Kenneth,Njuguna,kenneth.njuguna79392@students.ac.ke
79393,Samuel,Gichuki,samuel.gichuki79393@uni.ac.ke
79394,Helen,Khalid,helen.khalid79394@students.ac.ke
79395,Dennis,Musa,dennis.musa79395@school.ac.ke
79396,Hannah,Mutisya,hannah.mutisya79396@uni.ac.ke
79397,Ivan,Awuor,ivan.awuor79397@college.ac.ke
79398,Naomi,Kamau,naomi.kamau79398@uni.ac.ke
79399,John,Kiprotich,john.kiprotich79399@students.ac.ke
79400,Samuel,Kasyoka,samuel.kasyoka79400@uni.ac.ke
79401,Irene,Adhiambo,irene.adhiambo79401@students.ac.ke
79402,Hannah,Mumo,hannah.mumo79402@college.ac.ke
79403,Harriet,Gitau,harriet.gitau79403@academy.ac.ke
79404,Bernard,Mutisya,bernard.mutisya79404@students.ac.ke
79405,Eric,Rotich,eric.rotich79405@school.ac.ke
79406,Brian,Kiptoo,brian.kiptoo79406@students.ac.ke
79407,Harold,Nzomo,harold.nzomo79407@school.ac.ke
79408,Henry,Musyoka,henry.musyoka79408@uni.ac.ke
79409,Irene,Ochieng,irene.ochieng79409@college.ac.ke
79410,Kevin,Mutisya,kevin.mutisya79410@uni.ac.ke
79411,Frances,Ibrahim,frances.ibrahim79411@uni.ac.ke
79412,Kenneth,Gitonga,kenneth.gitonga79412@academy.ac.ke
79413,Ivan,Maina,ivan.maina79413@students.ac.ke
79414,Kenneth,Wairimu,kenneth.wairimu79414@academy.ac.ke
79415,Irene,Mbatha,irene.mbatha79415@uni.ac.ke
79416,Julian,Mumo,julian.mumo79416@uni.ac.ke
79417,George,Onyango,george.onyango79417@uni.ac.ke
79418,Irene,Abdi,irene.abdi79418@school.ac.ke
79419,Peter,Mumo,peter.mumo79419@uni.ac.ke
79420,Daniel,Ochieng,daniel.ochieng79420@school.ac.ke
79421,Isaac,Musyoka,isaac.musyoka79421@school.ac.ke
79422,Irene,Kimani,irene.kimani79422@uni.ac.ke
79423,Faith,Onyango,faith.onyango79423@school.ac.ke
79424,Irene,Kiprotich,irene.kiprotich79424@academy.ac.ke
79425,Naomi,Nduku,naomi.nduku79425@students.ac.ke
79426,Beatrice,Rotich,beatrice.rotich79426@students.ac.ke
79427,Agnes,Rotich,agnes.rotich79427@academy.ac.ke
79428,Henry,Kariuki,henry.kariuki79428@academy.ac.ke
79429,Gordon,Mutua,gordon.mutua79429@students.ac.ke
79430,Adrian,Onyango,adrian.onyango79430@college.ac.ke
79431,Edith,Odhiambo,edith.odhiambo79431@school.ac.ke
79432,Joseph,Gitonga,joseph.gitonga79432@students.ac.ke
79433,Adrian,Onyango,adrian.onyango79433@uni.ac.ke
79434,Naomi,Njuguna,naomi.njuguna79434@college.ac.ke
79435,Daniel,Maina,daniel.maina79435@academy.ac.ke
79436,Samuel,Mwenda,samuel.mwenda79436@academy.ac.ke
79437,Quentin,Gathoni,quentin.gathoni79437@uni.ac.ke
79438,Irene,Wairimu,irene.wairimu79438@school.ac.ke
79439,Joseph,Ogolla,joseph.ogolla79439@students.ac.ke
79440,George,Mbatha,george.mbatha79440@uni.ac.ke
79441,Kevin,Ogolla,kevin.ogolla79441@college.ac.ke
79442,Quentin,Odhiambo,quentin.odhiambo79442@school.ac.ke
79443,Eleanor,Odhiambo,eleanor.odhiambo79443@uni.ac.ke
79444,Hope,Kariuki,hope.kariuki79444@college.ac.ke
79445,Kenneth,Mutisya,kenneth.mutisya79445@students.ac.ke
79446,Florence,Ibrahim,florence.ibrahim79446@college.ac.ke
79447,Florence,Ngetich,florence.ngetich79447@school.ac.ke
79448,Daniel,Mutisya,daniel.mutisya79448@academy.ac.ke
79449,Helen,Wanjiku,helen.wanjiku79449@uni.ac.ke
79450,Dorothy,Gitau,dorothy.gitau79450@school.ac.ke
79451,Francis,Awuor,francis.awuor79451@academy.ac.ke
79452,John,Achieng,john.achieng79452@school.ac.ke
79453,Gordon,Odhiambo,gordon.odhiambo79453@uni.ac.ke
79454,Lewis,Wanjiku,lewis.wanjiku79454@uni.ac.ke
79455,Daniel,Farah,daniel.farah79455@academy.ac.ke
79456,Agnes,Njoki,agnes.njoki79456@academy.ac.ke
79457,Noah,Onyango,noah.onyango79457@college.ac.ke
79458,James,Gitau,james.gitau79458@school.ac.ke
79459,Joyce,Hassan,joyce.hassan79459@students.ac.ke
79460,James,Koech,james.koech79460@college.ac.ke
79461,Helen,Owino,helen.owino79461@students.ac.ke
79462,Agnes,Kinyua,agnes.kinyua79462@school.ac.ke
79463,Beatrice,Kamau,beatrice.kamau79463@school.ac.ke
79464,Jacob,Waweru,jacob.waweru79464@uni.ac.ke
79465,Catherine,Musyoka,catherine.musyoka79465@school.ac.ke
79466,Harold,Kinyua,harold.kinyua79466@school.ac.ke
79467,Robert,Achieng,robert.achieng79467@academy.ac.ke
79468,Betty,Nduku,betty.nduku79468@uni.ac.ke
79469,Janet,Juma,janet.juma79469@academy.ac.ke
79470,Harold,Awuor,harold.awuor79470@school.ac.ke
79471,Peter,Kariuki,peter.kariuki79471@academy.ac.ke
79472,Kevin,Muturi,kevin.muturi79472@academy.ac.ke
79473,Hope,Nzomo,hope.nzomo79473@students.ac.ke
79474,Betty,Muturi,betty.muturi79474@college.ac.ke
79475,Lydia,Lagat,lydia.lagat79475@uni.ac.ke
79476,Adrian,Yusuf,adrian.yusuf79476@academy.ac.ke
79477,Kenneth,Ibrahim,kenneth.ibrahim79477@school.ac.ke
79478,Francis,Ngetich,francis.ngetich79478@college.ac.ke
79479,Brian,Onyango,brian.onyango79479@school.ac.ke
79480,Naomi,Kasyoka,naomi.kasyoka79480@college.ac.ke
79481,Kenneth,Kiptoo,kenneth.kiptoo79481@uni.ac.ke
79482,Victor,Gitonga,victor.gitonga79482@college.ac.ke
79483,Florence,Ibrahim,florence.ibrahim79483@academy.ac.ke
79484,Daniel,Awuor,daniel.awuor79484@students.ac.ke
79485,Oscar,Nduku,oscar.nduku79485@uni.ac.ke
79486,Samuel,Omar,samuel.omar79486@students.ac.ke
79487,Janet,Mutua,janet.mutua79487@uni.ac.ke
79488,Irene,Juma,irene.juma79488@uni.ac.ke
79489,Frances,Ibrahim,frances.ibrahim79489@uni.ac.ke
79490,Janet,Mutai,janet.mutai79490@uni.ac.ke
79491,Gladys,Otieno,gladys.otieno79491@academy.ac.ke
79492,Carol,Farah,carol.farah79492@students.ac.ke
79493,Ivan,Mutua,ivan.mutua79493@students.ac.ke
79494,Victor,Koech,victor.koech79494@students.ac.ke
79495,Michael,Kasyoka,michael.kasyoka79495@students.ac.ke
79496,Paul,Njoki,paul.njoki79496@academy.ac.ke
79497,Lydia,Kinyua,lydia.kinyua79497@school.ac.ke
79498,William,Waweru,william.waweru79498@uni.ac.ke
79499,Brian,Mutisya,brian.mutisya79499@college.ac.ke
79500,Simon,Nduku,simon.nduku79500@uni.ac.ke
79501,Paul,Wairimu,paul.wairimu79501@students.ac.ke
79502,David,Koech,david.koech79502@school.ac.ke
79503,Lydia,Kasyoka,lydia.kasyoka79503@school.ac.ke
79504,Isaac,Akumu,isaac.akumu79504@school.ac.ke
79505,Esther,Ochieng,esther.ochieng79505@school.ac.ke
79506,Harriet,Kamau,harriet.kamau79506@uni.ac.ke
79507,Paul,Omar,paul.omar79507@college.ac.ke
79508,Kenneth,Musa,kenneth.musa79508@school.ac.ke
79509,Quentin,Njuguna,quentin.njuguna79509@college.ac.ke
79510,Oscar,Gitonga,oscar.gitonga79510@academy.ac.ke
79511,Grace,Achieng,grace.achieng79511@school.ac.ke
79512,Victor,Onyango,victor.onyango79512@school.ac.ke
79513,Thomas,Hassan,thomas.hassan79513@college.ac.ke
79514,Gordon,Bett,gordon.bett79514@academy.ac.ke
79515,Ivan,Ngetich,ivan.ngetich79515@academy.ac.ke
79516,Edwin,Chebet,edwin.chebet79516@students.ac.ke
79517,Lydia,Kimani,lydia.kimani79517@school.ac.ke
79518,Isaac,Gathoni,isaac.gathoni79518@uni.ac.ke
79519,Lewis,Kyalo,lewis.kyalo79519@college.ac.ke
79520,Gladys,Nzomo,gladys.nzomo79520@academy.ac.ke
79521,George,Wanjiku,george.wanjiku79521@students.ac.ke
79522,Bernard,Nzomo,bernard.nzomo79522@academy.ac.ke
79523,Adrian,Njoroge,adrian.njoroge79523@school.ac.ke
79524,Moses,Waweru,moses.waweru79524@academy.ac.ke
79525,Carol,Kamau,carol.kamau79525@school.ac.ke
79526,Irene,Kiprotich,irene.kiprotich79526@academy.ac.ke
79527,Charles,Nduku,charles.nduku79527@uni.ac.ke
79528,Esther,Ogolla,esther.ogolla79528@students.ac.ke
79529,Bernard,Gitau,bernard.gitau79529@academy.ac.ke
79530,Noah,Mutai,noah.mutai79530@academy.ac.ke
79531,Noah,Kimani,noah.kimani79531@students.ac.ke
79532,Peter,Ndegwa,peter.ndegwa79532@uni.ac.ke
79533,Samuel,Kiprotich,samuel.kiprotich79533@college.ac.ke
79534,Frances,Nzomo,frances.nzomo79534@students.ac.ke
79535,Ivan,Juma,ivan.juma79535@uni.ac.ke
79536,Victor,Nduku,victor.nduku79536@uni.ac.ke
79537,Beatrice,Kariuki,beatrice.kariuki79537@school.ac.ke
79538,Daniel,Mumo,daniel.mumo79538@academy.ac.ke
79539,Diana,Nduku,diana.nduku79539@school.ac.ke
79540,Oscar,Rotich,oscar.rotich79540@college.ac.ke
79541,Beatrice,Khalid,beatrice.khalid79541@academy.ac.ke
79542,Francis,Maina,francis.maina79542@college.ac.ke
79543,Gloria,Farah,gloria.farah79543@uni.ac.ke
79544,Michael,Owino,michael.owino79544@students.ac.ke
79545,Dennis,Mutai,dennis.mutai79545@school.ac.ke
79546,Gordon,Rotich,gordon.rotich79546@school.ac.ke
79547,Agnes,Abdi,agnes.abdi79547@academy.ac.ke
79548,Victor,Mbatha,victor.mbatha79548@school.ac.ke
79549,Irene,Okello,irene.okello79549@college.ac.ke
79550,Hannah,Lagat,hannah.lagat79550@uni.ac.ke
79551,Grace,Gitonga,grace.gitonga79551@school.ac.ke
79552,Bernard,Kariuki,bernard.kariuki79552@academy.ac.ke
79553,Gloria,Mutisya,gloria.mutisya79553@uni.ac.ke
79554,Paul,Bett,paul.bett79554@academy.ac.ke
79555,Lydia,Onyango,lydia.onyango79555@students.ac.ke
79556,Noah,Mutai,noah.mutai79556@uni.ac.ke
79557,Harold,Musyoka,harold.musyoka79557@school.ac.ke
79558,Joseph,Ngetich,joseph.ngetich79558@school.ac.ke
79559,Simon,Mwangi,simon.mwangi79559@students.ac.ke
79560,Douglas,Njuguna,douglas.njuguna79560@academy.ac.ke
79561,Noah,Ochieng,noah.ochieng79561@college.ac.ke
79562,Oscar,Kyalo,oscar.kyalo79562@college.ac.ke
79563,James,Yusuf,james.yusuf79563@college.ac.ke
79564,Adrian,Njuguna,adrian.njuguna79564@school.ac.ke
79565,Agnes,Okello,agnes.okello79565@school.ac.ke
79566,Julian,Ibrahim,julian.ibrahim79566@college.ac.ke
79567,Alice,Muturi,alice.muturi79567@uni.ac.ke
79568,Ivan,Mwangi,ivan.mwangi79568@students.ac.ke
79569,Hope,Nzomo,hope.nzomo79569@students.ac.ke
79570,Isaac,Ruto,isaac.ruto79570@uni.ac.ke
79571,Alice,Lagat,alice.lagat79571@academy.ac.ke
79572,Hope,Musyoka,hope.musyoka79572@students.ac.ke
79573,David,Otieno,david.otieno79573@college.ac.ke
79574,Samuel,Kiprotich,samuel.kiprotich79574@school.ac.ke
79575,Irene,Kariuki,irene.kariuki79575@school.ac.ke
79576,Douglas,Ndegwa,douglas.ndegwa79576@uni.ac.ke
79577,Bernard,Mutai,bernard.mutai79577@school.ac.ke
79578,Ruth,Ruto,ruth.ruto79578@uni.ac.ke
79579,Lewis,Gitau,lewis.gitau79579@school.ac.ke
79580,Janet,Koech,janet.koech79580@academy.ac.ke
79581,Irene,Kiprotich,irene.kiprotich79581@school.ac.ke
79582,Samuel,Ogolla,samuel.ogolla79582@school.ac.ke
79583,Kenneth,Yusuf,kenneth.yusuf79583@academy.ac.ke
79584,Oscar,Mutisya,oscar.mutisya79584@uni.ac.ke
79585,Harriet,Ndegwa,harriet.ndegwa79585@students.ac.ke
79586,David,Wairimu,david.wairimu79586@school.ac.ke
79587,Ruth,Mumo,ruth.mumo79587@school.ac.ke
79588,Betty,Gitonga,betty.gitonga79588@school.ac.ke
79589,Douglas,Ochieng,douglas.ochieng79589@students.ac.ke
79590,Naomi,Onyango,naomi.onyango79590@uni.ac.ke
79591,Faith,Kinyua,faith.kinyua79591@academy.ac.ke
79592,Victor,Odhiambo,victor.odhiambo79592@college.ac.ke
79593,Robert,Musa,robert.musa79593@uni.ac.ke
79594,Catherine,Abdi,catherine.abdi79594@students.ac.ke
79595,Francis,Njuguna,francis.njuguna79595@uni.ac.ke
79596,Robert,Kyalo,robert.kyalo79596@uni.ac.ke
79597,Joyce,Koech,joyce.koech79597@academy.ac.ke
79598,Douglas,Kiprotich,douglas.kiprotich79598@uni.ac.ke
79599,Carol,Okello,carol.okello79599@academy.ac.ke
79600,Daniel,Khalid,daniel.khalid79600@academy.ac.ke
79601,Edwin,Muturi,edwin.muturi79601@school.ac.ke
79602,Samuel,Achieng,samuel.achieng79602@college.ac.ke
79603,Gladys,Njoroge,gladys.njoroge79603@academy.ac.ke
79604,Faith,Kasyoka,faith.kasyoka79604@students.ac.ke
79605,Dorothy,Waweru,dorothy.waweru79605@academy.ac.ke
79606,Brian,Odhiambo,brian.odhiambo79606@students.ac.ke
79607,Harriet,Chebet,harriet.chebet79607@college.ac.ke
79608,Noah,Mutisya,noah.mutisya79608@college.ac.ke
79609,Bernard,Odhiambo,bernard.odhiambo79609@college.ac.ke
79610,Ruth,Gitau,ruth.gitau79610@academy.ac.ke
79611,Edith,Kimani,edith.kimani79611@school.ac.ke
79612,Naomi,Ruto,naomi.ruto79612@uni.ac.ke
79613,Eleanor,Gitonga,eleanor.gitonga79613@academy.ac.ke
79614,Eleanor,Ndegwa,eleanor.ndegwa79614@students.ac.ke
79615,Agnes,Kamau,agnes.kamau79615@academy.ac.ke
79616,Dorothy,Yusuf,dorothy.yusuf79616@uni.ac.ke
79617,Betty,Ahmed,betty.ahmed79617@school.ac.ke
79618,Faith,Mwangi,faith.mwangi79618@students.ac.ke
79619,Agnes,Achieng,agnes.achieng79619@college.ac.ke
79620,Edith,Mutua,edith.mutua79620@college.ac.ke
79621,Thomas,Kariuki,thomas.kariuki79621@academy.ac.ke
79622,Faith,Mutai,faith.mutai79622@college.ac.ke
79623,Ruth,Abdi,ruth.abdi79623@school.ac.ke
79624,Hope,Ibrahim,hope.ibrahim79624@college.ac.ke
79625,Simon,Omondi,simon.omondi79625@college.ac.ke
79626,Eric,Okello,eric.okello79626@college.ac.ke
79627,Charles,Kariuki,charles.kariuki79627@uni.ac.ke
79628,Florence,Kasyoka,florence.kasyoka79628@uni.ac.ke
79629,Lewis,Okello,lewis.okello79629@students.ac.ke
79630,Julian,Maina,julian.maina79630@academy.ac.ke
79631,Raymond,Kamau,raymond.kamau79631@college.ac.ke
79632,Raymond,Chebet,raymond.chebet79632@uni.ac.ke
79633,Eric,Mwenda,eric.mwenda79633@school.ac.ke
79634,Edith,Juma,edith.juma79634@college.ac.ke
79635,Dorothy,Abdi,dorothy.abdi79635@school.ac.ke
79636,Joyce,Yusuf,joyce.yusuf79636@students.ac.ke
79637,Catherine,Bett,catherine.bett79637@uni.ac.ke
79638,James,Omar,james.omar79638@school.ac.ke
79639,Betty,Chebet,betty.chebet79639@school.ac.ke
79640,Frances,Mumo,frances.mumo79640@school.ac.ke
79641,Francis,Juma,francis.juma79641@academy.ac.ke
79642,David,Koech,david.koech79642@college.ac.ke
79643,John,Waweru,john.waweru79643@uni.ac.ke
79644,Agnes,Okello,agnes.okello79644@students.ac.ke
79645,Francis,Nzomo,francis.nzomo79645@uni.ac.ke
79646,Julian,Mutisya,julian.mutisya79646@school.ac.ke
79647,Edwin,Gichuki,edwin.gichuki79647@uni.ac.ke
79648,Dennis,Mbatha,dennis.mbatha79648@academy.ac.ke
79649,Grace,Gichuki,grace.gichuki79649@academy.ac.ke
79650,Grace,Ruto,grace.ruto79650@students.ac.ke
79651,Agnes,Njoki,agnes.njoki79651@uni.ac.ke
79652,Grace,Kinyua,grace.kinyua79652@school.ac.ke
79653,Robert,Ndegwa,robert.ndegwa79653@academy.ac.ke
79654,Kevin,Wanjiku,kevin.wanjiku79654@uni.ac.ke
79655,Eleanor,Mutisya,eleanor.mutisya79655@college.ac.ke
79656,Hope,Waweru,hope.waweru79656@uni.ac.ke
79657,Catherine,Musyoka,catherine.musyoka79657@students.ac.ke
79658,Charles,Njuguna,charles.njuguna79658@students.ac.ke
79659,Hannah,Rotich,hannah.rotich79659@academy.ac.ke
79660,Naomi,Mutisya,naomi.mutisya79660@school.ac.ke
79661,Ruth,Koech,ruth.koech79661@uni.ac.ke
79662,James,Maina,james.maina79662@uni.ac.ke
79663,Gordon,Ngetich,gordon.ngetich79663@college.ac.ke
79664,Francis,Muturi,francis.muturi79664@college.ac.ke
79665,Moses,Omar,moses.omar79665@uni.ac.ke
79666,Naomi,Mwenda,naomi.mwenda79666@academy.ac.ke
79667,Florence,Wanjiku,florence.wanjiku79667@academy.ac.ke
79668,Joyce,Kariuki,joyce.kariuki79668@college.ac.ke
79669,Agnes,Bett,agnes.bett79669@school.ac.ke
79670,Jacob,Muturi,jacob.muturi79670@school.ac.ke
79671,Agnes,Owino,agnes.owino79671@school.ac.ke
79672,Hope,Mutai,hope.mutai79672@academy.ac.ke
79673,Joseph,Adhiambo,joseph.adhiambo79673@students.ac.ke
79674,Beatrice,Abdi,beatrice.abdi79674@academy.ac.ke
79675,Douglas,Juma,douglas.juma79675@school.ac.ke
79676,Robert,Otieno,robert.otieno79676@academy.ac.ke
79677,Hannah,Muturi,hannah.muturi79677@college.ac.ke
79678,Alice,Nduku,alice.nduku79678@students.ac.ke
79679,Carol,Gitonga,carol.gitonga79679@students.ac.ke
79680,Dorothy,Okello,dorothy.okello79680@college.ac.ke
79681,Ruth,Ahmed,ruth.ahmed79681@school.ac.ke
79682,Frances,Koech,frances.koech79682@uni.ac.ke
79683,Florence,Omondi,florence.omondi79683@academy.ac.ke
79684,Jacob,Gitonga,jacob.gitonga79684@college.ac.ke
79685,Esther,Waweru,esther.waweru79685@college.ac.ke
79686,Esther,Abdi,esther.abdi79686@students.ac.ke
79687,Samuel,Wanjiku,samuel.wanjiku79687@students.ac.ke
79688,Isaac,Achieng,isaac.achieng79688@school.ac.ke
79689,Mary,Kariuki,mary.kariuki79689@school.ac.ke
79690,Lewis,Otieno,lewis.otieno79690@school.ac.ke
79691,Ruth,Otieno,ruth.otieno79691@college.ac.ke
79692,George,Mwangi,george.mwangi79692@school.ac.ke
79693,Hope,Farah,hope.farah79693@school.ac.ke
79694,Edith,Ndegwa,edith.ndegwa79694@students.ac.ke
79695,Mary,Ruto,mary.ruto79695@college.ac.ke
79696,Henry,Gathoni,henry.gathoni79696@college.ac.ke
79697,Francis,Awuor,francis.awuor79697@academy.ac.ke
79698,Harold,Musyoka,harold.musyoka79698@academy.ac.ke
79699,Edith,Rotich,edith.rotich79699@college.ac.ke
79700,Carol,Lagat,carol.lagat79700@academy.ac.ke
79701,Robert,Njoroge,robert.njoroge79701@school.ac.ke
79702,Eric,Akumu,eric.akumu79702@uni.ac.ke
79703,Bernard,Kiprotich,bernard.kiprotich79703@students.ac.ke
79704,Carol,Ochieng,carol.ochieng79704@college.ac.ke
79705,Dorothy,Kimani,dorothy.kimani79705@school.ac.ke
79706,Irene,Gitau,irene.gitau79706@uni.ac.ke
79707,Gladys,Musyoka,gladys.musyoka79707@school.ac.ke
79708,Harold,Achieng,harold.achieng79708@school.ac.ke
79709,Lydia,Kiptoo,lydia.kiptoo79709@college.ac.ke
79710,Edwin,Ruto,edwin.ruto79710@school.ac.ke
79711,John,Kinyua,john.kinyua79711@college.ac.ke
79712,James,Abdi,james.abdi79712@college.ac.ke
79713,Peter,Lagat,peter.lagat79713@academy.ac.ke
79714,Simon,Kiptoo,simon.kiptoo79714@students.ac.ke
79715,Charles,Maina,charles.maina79715@uni.ac.ke
79716,Harold,Okello,harold.okello79716@college.ac.ke
79717,Irene,Nzomo,irene.nzomo79717@students.ac.ke
79718,Helen,Juma,helen.juma79718@college.ac.ke
79719,Esther,Lagat,esther.lagat79719@school.ac.ke
79720,Paul,Owino,paul.owino79720@students.ac.ke
79721,Hannah,Lagat,hannah.lagat79721@uni.ac.ke
79722,Victor,Akumu,victor.akumu79722@college.ac.ke
79723,Joy,Juma,joy.juma79723@school.ac.ke
79724,Dorothy,Ruto,dorothy.ruto79724@school.ac.ke
79725,Joy,Lagat,joy.lagat79725@college.ac.ke
79726,Paul,Kasyoka,paul.kasyoka79726@college.ac.ke
79727,Helen,Mwangi,helen.mwangi79727@school.ac.ke
79728,Grace,Nzomo,grace.nzomo79728@academy.ac.ke
79729,Eleanor,Gathoni,eleanor.gathoni79729@uni.ac.ke
79730,Ivan,Bett,ivan.bett79730@school.ac.ke
79731,Michael,Omar,michael.omar79731@uni.ac.ke
79732,Agnes,Maina,agnes.maina79732@students.ac.ke
79733,Oscar,Gitonga,oscar.gitonga79733@school.ac.ke
79734,Diana,Lagat,diana.lagat79734@school.ac.ke
79735,Quentin,Odhiambo,quentin.odhiambo79735@students.ac.ke
79736,Agnes,Achieng,agnes.achieng79736@college.ac.ke
79737,Henry,Kiprotich,henry.kiprotich79737@students.ac.ke
79738,Grace,Kiprotich,grace.kiprotich79738@academy.ac.ke
79739,Kenneth,Muturi,kenneth.muturi79739@college.ac.ke
79740,Samuel,Onyango,samuel.onyango79740@uni.ac.ke
79741,Eric,Muturi,eric.muturi79741@students.ac.ke
79742,George,Omondi,george.omondi79742@academy.ac.ke
79743,Victor,Chebet,victor.chebet79743@uni.ac.ke
79744,Gordon,Juma,gordon.juma79744@college.ac.ke
79745,Catherine,Kariuki,catherine.kariuki79745@academy.ac.ke
79746,Samuel,Njuguna,samuel.njuguna79746@students.ac.ke
79747,Eleanor,Mumo,eleanor.mumo79747@college.ac.ke
79748,Isaac,Nduku,isaac.nduku79748@students.ac.ke
79749,Douglas,Njoki,douglas.njoki79749@uni.ac.ke
79750,Catherine,Kasyoka,catherine.kasyoka79750@students.ac.ke
79751,George,Gichuki,george.gichuki79751@college.ac.ke
79752,Noah,Bett,noah.bett79752@uni.ac.ke
79753,Dennis,Mwangi,dennis.mwangi79753@school.ac.ke
79754,Ivan,Gathoni,ivan.gathoni79754@uni.ac.ke
79755,Julian,Abdi,julian.abdi79755@students.ac.ke
79756,Moses,Muturi,moses.muturi79756@uni.ac.ke
79757,Ivan,Ochieng,ivan.ochieng79757@school.ac.ke
79758,Isaac,Chebet,isaac.chebet79758@school.ac.ke
79759,Lewis,Ndegwa,lewis.ndegwa79759@academy.ac.ke
79760,Hope,Ogolla,hope.ogolla79760@uni.ac.ke
79761,Carol,Ngetich,carol.ngetich79761@uni.ac.ke
79762,Hannah,Chebet,hannah.chebet79762@academy.ac.ke
79763,Julian,Nduku,julian.nduku79763@students.ac.ke
79764,Henry,Ruto,henry.ruto79764@uni.ac.ke
79765,Gordon,Nzomo,gordon.nzomo79765@students.ac.ke
79766,Eric,Kinyua,eric.kinyua79766@academy.ac.ke
79767,Bernard,Gitonga,bernard.gitonga79767@school.ac.ke
79768,Dennis,Gitau,dennis.gitau79768@uni.ac.ke
79769,Dennis,Rotich,dennis.rotich79769@students.ac.ke
79770,Irene,Gitonga,irene.gitonga79770@school.ac.ke
79771,Dennis,Kiptoo,dennis.kiptoo79771@students.ac.ke
79772,Irene,Khalid,irene.khalid79772@uni.ac.ke
79773,Eleanor,Okello,eleanor.okello79773@students.ac.ke
79774,Isaac,Lagat,isaac.lagat79774@students.ac.ke
79775,David,Musa,david.musa79775@school.ac.ke
79776,Quentin,Waweru,quentin.waweru79776@students.ac.ke
79777,Joyce,Maina,joyce.maina79777@academy.ac.ke
79778,Joseph,Maina,joseph.maina79778@uni.ac.ke
79779,Ivan,Kyalo,ivan.kyalo79779@uni.ac.ke
79780,Harriet,Abdi,harriet.abdi79780@uni.ac.ke
79781,Kenneth,Njuguna,kenneth.njuguna79781@school.ac.ke
79782,Joseph,Omar,joseph.omar79782@students.ac.ke
79783,Thomas,Achieng,thomas.achieng79783@uni.ac.ke
79784,Daniel,Akumu,daniel.akumu79784@college.ac.ke
79785,Eric,Gitau,eric.gitau79785@students.ac.ke
79786,Carol,Odhiambo,carol.odhiambo79786@academy.ac.ke
79787,James,Gichuki,james.gichuki79787@students.ac.ke
79788,Quentin,Mumo,quentin.mumo79788@academy.ac.ke
79789,Faith,Juma,faith.juma79789@students.ac.ke
79790,Florence,Gichuki,florence.gichuki79790@students.ac.ke
79791,Samuel,Lagat,samuel.lagat79791@students.ac.ke
79792,Mary,Wairimu,mary.wairimu79792@academy.ac.ke
79793,Raymond,Rotich,raymond.rotich79793@college.ac.ke
79794,Irene,Ngetich,irene.ngetich79794@college.ac.ke
79795,Harold,Ngetich,harold.ngetich79795@school.ac.ke
79796,Samuel,Kimani,samuel.kimani79796@academy.ac.ke
79797,Betty,Gitau,betty.gitau79797@students.ac.ke
79798,Oscar,Kiptoo,oscar.kiptoo79798@college.ac.ke
79799,Bernard,Njoki,bernard.njoki79799@academy.ac.ke
79800,Charles,Owino,charles.owino79800@academy.ac.ke
79801,Grace,Gitonga,grace.gitonga79801@academy.ac.ke
79802,Robert,Njoroge,robert.njoroge79802@uni.ac.ke
79803,Quentin,Omondi,quentin.omondi79803@academy.ac.ke
79804,George,Farah,george.farah79804@school.ac.ke
79805,Ruth,Ndegwa,ruth.ndegwa79805@school.ac.ke
79806,Janet,Gitau,janet.gitau79806@school.ac.ke
79807,Catherine,Achieng,catherine.achieng79807@academy.ac.ke
79808,Daniel,Njuguna,daniel.njuguna79808@college.ac.ke
79809,Charles,Owino,charles.owino79809@school.ac.ke
79810,Agnes,Achieng,agnes.achieng79810@school.ac.ke
79811,Thomas,Nduku,thomas.nduku79811@students.ac.ke
79812,Charles,Mutai,charles.mutai79812@academy.ac.ke
79813,Bernard,Njoki,bernard.njoki79813@academy.ac.ke
79814,Philip,Muturi,philip.muturi79814@academy.ac.ke
79815,Agnes,Maina,agnes.maina79815@college.ac.ke
79816,Irene,Gichuki,irene.gichuki79816@school.ac.ke
79817,Henry,Nzomo,henry.nzomo79817@school.ac.ke
79818,Victor,Kariuki,victor.kariuki79818@uni.ac.ke
79819,Peter,Gichuki,peter.gichuki79819@college.ac.ke
79820,Hope,Yusuf,hope.yusuf79820@students.ac.ke
79821,Ivan,Akumu,ivan.akumu79821@academy.ac.ke
79822,George,Musa,george.musa79822@academy.ac.ke
79823,Naomi,Adhiambo,naomi.adhiambo79823@students.ac.ke
79824,Daniel,Njuguna,daniel.njuguna79824@academy.ac.ke
79825,Beatrice,Kimani,beatrice.kimani79825@school.ac.ke
79826,Quentin,Ochieng,quentin.ochieng79826@uni.ac.ke
79827,Eric,Bett,eric.bett79827@uni.ac.ke
79828,Henry,Ngetich,henry.ngetich79828@college.ac.ke
79829,Daniel,Rotich,daniel.rotich79829@students.ac.ke
79830,Philip,Yusuf,philip.yusuf79830@academy.ac.ke
79831,Thomas,Wanjiku,thomas.wanjiku79831@uni.ac.ke
79832,Mary,Omondi,mary.omondi79832@school.ac.ke
79833,George,Omondi,george.omondi79833@academy.ac.ke
79834,Gloria,Gichuki,gloria.gichuki79834@school.ac.ke
79835,David,Omar,david.omar79835@college.ac.ke
79836,Robert,Kinyua,robert.kinyua79836@academy.ac.ke
79837,Eric,Gathoni,eric.gathoni79837@uni.ac.ke
79838,Noah,Mwangi,noah.mwangi79838@uni.ac.ke
79839,Hannah,Owino,hannah.owino79839@academy.ac.ke
79840,Edith,Mbatha,edith.mbatha79840@school.ac.ke
79841,Oscar,Omondi,oscar.omondi79841@school.ac.ke
79842,Irene,Gitau,irene.gitau79842@students.ac.ke
79843,Lewis,Nduku,lewis.nduku79843@academy.ac.ke
79844,Paul,Rotich,paul.rotich79844@academy.ac.ke
79845,Faith,Mbatha,faith.mbatha79845@academy.ac.ke
79846,Julian,Maina,julian.maina79846@students.ac.ke
79847,Charles,Juma,charles.juma79847@school.ac.ke
79848,Irene,Owino,irene.owino79848@school.ac.ke
79849,Carol,Ahmed,carol.ahmed79849@school.ac.ke
79850,Francis,Waweru,francis.waweru79850@students.ac.ke
79851,Dorothy,Maina,dorothy.maina79851@uni.ac.ke
79852,Florence,Lagat,florence.lagat79852@students.ac.ke
79853,James,Omondi,james.omondi79853@uni.ac.ke
79854,Irene,Wairimu,irene.wairimu79854@school.ac.ke
79855,Isaac,Ibrahim,isaac.ibrahim79855@students.ac.ke
79856,Eleanor,Kyalo,eleanor.kyalo79856@college.ac.ke
79857,Edwin,Ahmed,edwin.ahmed79857@school.ac.ke
79858,Kevin,Wairimu,kevin.wairimu79858@students.ac.ke
79859,Janet,Omar,janet.omar79859@school.ac.ke
79860,Brian,Kasyoka,brian.kasyoka79860@academy.ac.ke
79861,Harriet,Njoki,harriet.njoki79861@college.ac.ke
79862,Victor,Wairimu,victor.wairimu79862@school.ac.ke
79863,Kevin,Chebet,kevin.chebet79863@college.ac.ke
79864,Harold,Kyalo,harold.kyalo79864@academy.ac.ke
79865,Victor,Maina,victor.maina79865@school.ac.ke
79866,Edith,Ibrahim,edith.ibrahim79866@school.ac.ke
79867,Janet,Ndegwa,janet.ndegwa79867@school.ac.ke
79868,Naomi,Juma,naomi.juma79868@uni.ac.ke
79869,Janet,Achieng,janet.achieng79869@academy.ac.ke
79870,David,Gichuki,david.gichuki79870@uni.ac.ke
79871,Harriet,Khalid,harriet.khalid79871@school.ac.ke
79872,Quentin,Muturi,quentin.muturi79872@college.ac.ke
79873,Florence,Abdi,florence.abdi79873@college.ac.ke
79874,Esther,Nzomo,esther.nzomo79874@school.ac.ke
79875,Simon,Owino,simon.owino79875@students.ac.ke
79876,Michael,Gitau,michael.gitau79876@students.ac.ke
79877,Catherine,Musa,catherine.musa79877@academy.ac.ke
79878,Samuel,Kasyoka,samuel.kasyoka79878@college.ac.ke
79879,Gladys,Mbatha,gladys.mbatha79879@academy.ac.ke
79880,Gloria,Kamau,gloria.kamau79880@students.ac.ke
79881,John,Nzomo,john.nzomo79881@school.ac.ke
79882,Irene,Nduku,irene.nduku79882@students.ac.ke
79883,David,Otieno,david.otieno79883@school.ac.ke
79884,Raymond,Mumo,raymond.mumo79884@students.ac.ke
79885,Faith,Musa,faith.musa79885@students.ac.ke
79886,Lewis,Akumu,lewis.akumu79886@uni.ac.ke
79887,Julian,Kariuki,julian.kariuki79887@academy.ac.ke
79888,Joseph,Koech,joseph.koech79888@academy.ac.ke
79889,Helen,Mwenda,helen.mwenda79889@uni.ac.ke
79890,Julian,Koech,julian.koech79890@students.ac.ke
79891,Adrian,Gichuki,adrian.gichuki79891@uni.ac.ke
79892,Philip,Gitau,philip.gitau79892@students.ac.ke
79893,Isaac,Mutua,isaac.mutua79893@college.ac.ke
79894,Helen,Wanjiku,helen.wanjiku79894@college.ac.ke
79895,Brian,Mbatha,brian.mbatha79895@academy.ac.ke
79896,Daniel,Mbatha,daniel.mbatha79896@students.ac.ke
79897,Bernard,Kyalo,bernard.kyalo79897@academy.ac.ke
79898,Lydia,Akumu,lydia.akumu79898@students.ac.ke
79899,Joseph,Musyoka,joseph.musyoka79899@uni.ac.ke
79900,Faith,Mutisya,faith.mutisya79900@college.ac.ke
79901,Kenneth,Hassan,kenneth.hassan79901@students.ac.ke
79902,John,Gichuki,john.gichuki79902@uni.ac.ke
79903,Paul,Juma,paul.juma79903@college.ac.ke
79904,Brian,Mutai,brian.mutai79904@academy.ac.ke
79905,Harriet,Chebet,harriet.chebet79905@academy.ac.ke
79906,Eric,Bett,eric.bett79906@school.ac.ke
79907,Henry,Hassan,henry.hassan79907@uni.ac.ke
79908,Gloria,Akumu,gloria.akumu79908@college.ac.ke
79909,Catherine,Mumo,catherine.mumo79909@uni.ac.ke
79910,Henry,Muturi,henry.muturi79910@students.ac.ke
79911,Joseph,Kiprotich,joseph.kiprotich79911@students.ac.ke
79912,Eric,Ogolla,eric.ogolla79912@school.ac.ke
79913,Janet,Akumu,janet.akumu79913@uni.ac.ke
79914,Joy,Hassan,joy.hassan79914@school.ac.ke
79915,Eleanor,Mutisya,eleanor.mutisya79915@academy.ac.ke
79916,Victor,Mbatha,victor.mbatha79916@academy.ac.ke
79917,Irene,Wairimu,irene.wairimu79917@school.ac.ke
79918,Irene,Abdi,irene.abdi79918@academy.ac.ke
79919,Irene,Rotich,irene.rotich79919@students.ac.ke
79920,Charles,Akumu,charles.akumu79920@college.ac.ke
79921,Dennis,Wairimu,dennis.wairimu79921@college.ac.ke
79922,Daniel,Otieno,daniel.otieno79922@students.ac.ke
79923,Charles,Adhiambo,charles.adhiambo79923@academy.ac.ke
79924,Hope,Njuguna,hope.njuguna79924@students.ac.ke
79925,Raymond,Yusuf,raymond.yusuf79925@school.ac.ke
79926,Charles,Kyalo,charles.kyalo79926@uni.ac.ke
79927,Joyce,Wanjiku,joyce.wanjiku79927@academy.ac.ke
79928,Janet,Chebet,janet.chebet79928@academy.ac.ke
79929,Victor,Njoroge,victor.njoroge79929@college.ac.ke
79930,Kenneth,Musa,kenneth.musa79930@students.ac.ke
79931,Julian,Odhiambo,julian.odhiambo79931@students.ac.ke
79932,Harold,Gitau,harold.gitau79932@academy.ac.ke
79933,Victor,Odhiambo,victor.odhiambo79933@school.ac.ke
79934,Samuel,Nzomo,samuel.nzomo79934@academy.ac.ke
79935,Victor,Mumo,victor.mumo79935@school.ac.ke
79936,Bernard,Nduku,bernard.nduku79936@academy.ac.ke
79937,Beatrice,Abdi,beatrice.abdi79937@school.ac.ke
79938,Raymond,Wairimu,raymond.wairimu79938@students.ac.ke
79939,Catherine,Owino,catherine.owino79939@school.ac.ke
79940,Gordon,Abdi,gordon.abdi79940@students.ac.ke
79941,Hope,Owino,hope.owino79941@uni.ac.ke
79942,Esther,Mutai,esther.mutai79942@college.ac.ke
79943,Gladys,Farah,gladys.farah79943@academy.ac.ke
79944,Faith,Ahmed,faith.ahmed79944@uni.ac.ke
79945,David,Odhiambo,david.odhiambo79945@students.ac.ke
79946,Helen,Kyalo,helen.kyalo79946@academy.ac.ke
79947,Gordon,Njoroge,gordon.njoroge79947@college.ac.ke
79948,Philip,Ogolla,philip.ogolla79948@academy.ac.ke
79949,Quentin,Ruto,quentin.ruto79949@uni.ac.ke
79950,Dorothy,Njoroge,dorothy.njoroge79950@uni.ac.ke
79951,Brian,Kariuki,brian.kariuki79951@students.ac.ke
79952,Brian,Ngetich,brian.ngetich79952@school.ac.ke
79953,Oscar,Hassan,oscar.hassan79953@school.ac.ke
79954,Philip,Kasyoka,philip.kasyoka79954@college.ac.ke
79955,Philip,Ruto,philip.ruto79955@college.ac.ke
79956,Agnes,Ibrahim,agnes.ibrahim79956@college.ac.ke
79957,Alice,Mbatha,alice.mbatha79957@academy.ac.ke
79958,Julian,Chebet,julian.chebet79958@academy.ac.ke
79959,Brian,Farah,brian.farah79959@uni.ac.ke
79960,Beatrice,Otieno,beatrice.otieno79960@college.ac.ke
79961,Ivan,Mwangi,ivan.mwangi79961@students.ac.ke
79962,David,Owino,david.owino79962@school.ac.ke
79963,Raymond,Muturi,raymond.muturi79963@uni.ac.ke
79964,Eleanor,Kariuki,eleanor.kariuki79964@academy.ac.ke
79965,Robert,Musyoka,robert.musyoka79965@school.ac.ke
79966,Joseph,Gichuki,joseph.gichuki79966@school.ac.ke
79967,Carol,Maina,carol.maina79967@uni.ac.ke
79968,Thomas,Chebet,thomas.chebet79968@school.ac.ke
79969,Douglas,Adhiambo,douglas.adhiambo79969@academy.ac.ke
79970,Betty,Gichuki,betty.gichuki79970@uni.ac.ke
79971,Daniel,Ahmed,daniel.ahmed79971@college.ac.ke
79972,Simon,Ibrahim,simon.ibrahim79972@school.ac.ke
79973,Lewis,Njoroge,lewis.njoroge79973@academy.ac.ke
79974,Oscar,Farah,oscar.farah79974@college.ac.ke
79975,William,Omar,william.omar79975@college.ac.ke
79976,Thomas,Mutisya,thomas.mutisya79976@students.ac.ke
79977,Thomas,Kiptoo,thomas.kiptoo79977@uni.ac.ke
79978,Hannah,Kimani,hannah.kimani79978@academy.ac.ke
79979,Joseph,Chebet,joseph.chebet79979@school.ac.ke
79980,Charles,Ndegwa,charles.ndegwa79980@college.ac.ke
79981,Paul,Muturi,paul.muturi79981@academy.ac.ke
79982,Betty,Kariuki,betty.kariuki79982@academy.ac.ke
79983,William,Ogolla,william.ogolla79983@uni.ac.ke
79984,Gladys,Kyalo,gladys.kyalo79984@uni.ac.ke
79985,Dennis,Gathoni,dennis.gathoni79985@school.ac.ke
79986,Charles,Akumu,charles.akumu79986@college.ac.ke
79987,Carol,Hassan,carol.hassan79987@academy.ac.ke
79988,Quentin,Maina,quentin.maina79988@college.ac.ke
79989,Jacob,Farah,jacob.farah79989@students.ac.ke
79990,Hannah,Lagat,hannah.lagat79990@students.ac.ke
79991,Daniel,Bett,daniel.bett79991@uni.ac.ke
79992,Julian,Gathoni,julian.gathoni79992@students.ac.ke
79993,Joseph,Khalid,joseph.khalid79993@school.ac.ke
79994,Quentin,Ibrahim,quentin.ibrahim79994@school.ac.ke
79995,Betty,Ogolla,betty.ogolla79995@students.ac.ke
79996,Joseph,Gichuki,joseph.gichuki79996@academy.ac.ke
79997,Helen,Farah,helen.farah79997@academy.ac.ke
79998,Jacob,Abdi,jacob.abdi79998@school.ac.ke
79999,Janet,Kiptoo,janet.kiptoo79999@school.ac.ke
