admission_number,first_name,last_name,email
50000,Ivan,Hassan,ivan.hassan50000@school.ac.ke
50001,Francis,Ndegwa,francis.ndegwa50001@college.ac.ke
50002,Janet,Juma,janet.juma50002@uni.ac.ke
50003,Faith,Hassan,faith.hassan50003@students.ac.ke
50004,Edwin,Kasyoka,edwin.kasyoka50004@uni.ac.ke
50005,Mary,Achieng,mary.achieng50005@college.ac.ke
50006,Irene,Mwangi,irene.mwangi50006@college.ac.ke
50007,Kenneth,Owino,kenneth.owino50007@students.ac.ke
50008,Ivan,Ibrahim,ivan.ibrahim50008@students.ac.ke
50009,Esther,Adhiambo,esther.adhiambo50009@college.ac.ke
50010,Robert,Koech,robert.koech50010@academy.ac.ke
50011,Douglas,Ahmed,douglas.ahmed50011@academy.ac.ke
50012,Gordon,Okello,gordon.okello50012@students.ac.ke
50013,Paul,Wanjiku,paul.wanjiku50013@uni.ac.ke
50014,Bernard,Gitau,bernard.gitau50014@school.ac.ke
50015,Francis,Ngetich,francis.ngetich50015@college.ac.ke
50016,Beatrice,Otieno,beatrice.otieno50016@academy.ac.ke
50017,George,Adhiambo,george.adhiambo50017@students.ac.ke
50018,Hope,Kimani,hope.kimani50018@school.ac.ke
50019,Eric,Nduku,eric.nduku50019@school.ac.ke
50020,Lydia,Farah,lydia.farah50020@school.ac.ke
50021,Naomi,Wairimu,naomi.wairimu50021@uni.ac.ke
50022,Dorothy,Maina,dorothy.maina50022@students.ac.ke
50023,George,Chebet,george.chebet50023@uni.ac.ke
50024,Frances,Mutisya,frances.mutisya50024@school.ac.ke
50025,Carol,Njuguna,carol.njuguna50025@students.ac.ke
50026,Jacob,Yusuf,jacob.yusuf50026@students.ac.ke
50027,Dennis,Mutua,dennis.mutua50027@school.ac.ke
50028,Brian,Gitau,brian.gitau50028@students.ac.ke
50029,Quentin,Koech,quentin.koech50029@college.ac.ke
50030,Diana,Musyoka,diana.musyoka50030@college.ac.ke
50031,Eleanor,Mwangi,eleanor.mwangi50031@uni.ac.ke
50032,John,Bett,john.bett50032@academy.ac.ke
50033,Noah,Ndegwa,noah.ndegwa50033@students.ac.ke
50034,Edwin,Ibrahim,edwin.ibrahim50034@uni.ac.ke
50035,Harriet,Owino,harriet.owino50035@academy.ac.ke
50036,Ivan,Omondi,ivan.omondi50036@students.ac.ke
50037,Edwin,Mwangi,edwin.mwangi50037@uni.ac.ke
50038,Simon,Otieno,simon.otieno50038@students.ac.ke
50039,Gordon,Ogolla,gordon.ogolla50039@students.ac.ke
50040,Edwin,Mutisya,edwin.mutisya50040@college.ac.ke
50041,George,Adhiambo,george.adhiambo50041@students.ac.ke
50042,Charles,Nzomo,charles.nzomo50042@academy.ac.ke
50043,Victor,Mwenda,victor.mwenda50043@college.ac.ke
50044,Dennis,Adhiambo,dennis.adhiambo50044@students.ac.ke
50045,Moses,Mumo,moses.mumo50045@college.ac.ke
50046,Grace,Ndegwa,grace.ndegwa50046@uni.ac.ke
50047,Ivan,Otieno,ivan.otieno50047@students.ac.ke
50048,Ruth,Kiprotich,ruth.kiprotich50048@uni.ac.ke
50049,Gloria,Gitau,gloria.gitau50049@school.ac.ke
50050,James,Farah,james.farah50050@uni.ac.ke
50051,Raymond,Njoki,raymond.njoki50051@academy.ac.ke
50052,Gloria,Ngetich,gloria.ngetich50052@students.ac.ke
50053,Oscar,Kariuki,oscar.kariuki50053@college.ac.ke
50054,Simon,Gitonga,simon.gitonga50054@uni.ac.ke
50055,Daniel,Omar,daniel.omar50055@students.ac.ke
50056,Robert,Awuor,robert.awuor50056@academy.ac.ke
50057,Harold,Mutai,harold.mutai50057@uni.ac.ke
50058,Julian,Odhiambo,julian.odhiambo50058@uni.ac.ke
50059,Beatrice,Omondi,beatrice.omondi50059@college.ac.ke
50060,Agnes,Kamau,agnes.kamau50060@students.ac.ke
50061,Naomi,Chebet,naomi.chebet50061@school.ac.ke
50062,Paul,Waweru,paul.waweru50062@academy.ac.ke
50063,Philip,Gathoni,philip.gathoni50063@school.ac.ke
50064,Raymond,Otieno,raymond.otieno50064@school.ac.ke
50065,Dorothy,Lagat,dorothy.lagat50065@uni.ac.ke
50066,Henry,Mbatha,henry.mbatha50066@school.ac.ke
50067,Joyce,Kamau,joyce.kamau50067@academy.ac.ke
50068,Joseph,Lagat,joseph.lagat50068@students.ac.ke
50069,Ruth,Ngetich,ruth.ngetich50069@students.ac.ke
50070,Edith,Maina,edith.maina50070@college.ac.ke
50071,Hannah,Kyalo,hannah.kyalo50071@college.ac.ke
50072,Paul,Gichuki,paul.gichuki50072@school.ac.ke
50073,Francis,Kariuki,francis.kariuki50073@school.ac.ke
50074,George,Musa,george.musa50074@uni.ac.ke
50075,Henry,Waweru,henry.waweru50075@academy.ac.ke
50076,Agnes,Kiprotich,agnes.kiprotich50076@students.ac.ke
50077,Faith,Okello,faith.okello50077@school.ac.ke
50078,Harriet,Farah,harriet.farah50078@students.ac.ke
50079,Edith,Otieno,edith.otieno50079@college.ac.ke
50080,Carol,Omondi,carol.omondi50080@college.ac.ke
50081,Edwin,Njoroge,edwin.njoroge50081@academy.ac.ke
50082,Isaac,Mutisya,isaac.mutisya50082@school.ac.ke
50083,Samuel,Odhiambo,samuel.odhiambo50083@uni.ac.ke
50084,Beatrice,Akumu,beatrice.akumu50084@uni.ac.ke
50085,Julian,Omar,julian.omar50085@college.ac.ke
50086,Noah,Njuguna,noah.njuguna50086@school.ac.ke
50087,Edith,Mutisya,edith.mutisya50087@school.ac.ke
50088,Lydia,Wairimu,lydia.wairimu50088@college.ac.ke
50089,Carol,Onyango,carol.onyango50089@college.ac.ke
50090,Grace,Omar,grace.omar50090@students.ac.ke
50091,Douglas,Kinyua,douglas.kinyua50091@academy.ac.ke
50092,Kevin,Yusuf,kevin.yusuf50092@students.ac.ke
50093,Henry,Gathoni,henry.gathoni50093@academy.ac.ke
50094,Jacob,Akumu,jacob.akumu50094@students.ac.ke
50095,Charles,Chebet,charles.chebet50095@school.ac.ke
50096,James,Ndegwa,james.ndegwa50096@uni.ac.ke
50097,Philip,Musa,philip.musa50097@students.ac.ke
50098,James,Abdi,james.abdi50098@students.ac.ke
50099,Robert,Akumu,robert.akumu50099@college.ac.ke
50100,George,Juma,george.juma50100@students.ac.ke
50101,Ruth,Mutai,ruth.mutai50101@school.ac.ke
50102,William,Maina,william.maina50102@college.ac.ke
50103,Florence,Chebet,florence.chebet50103@students.ac.ke
50104,Joy,Mbatha,joy.mbatha50104@college.ac.ke
50105,Henry,Juma,henry.juma50105@college.ac.ke
50106,Esther,Ibrahim,esther.ibrahim50106@college.ac.ke
50107,Adrian,Lagat,adrian.lagat50107@uni.ac.ke
50108,Mary,Achieng,mary.achieng50108@students.ac.ke
50109,Paul,Ndegwa,paul.ndegwa50109@academy.ac.ke
50110,Janet,Mumo,janet.mumo50110@academy.ac.ke
50111,Quentin,Awuor,quentin.awuor50111@academy.ac.ke
50112,Ivan,Gitau,ivan.gitau50112@academy.ac.ke
50113,Irene,Njoroge,irene.njoroge50113@uni.ac.ke
50114,Helen,Okello,helen.okello50114@students.ac.ke
50115,Faith,Okello,faith.okello50115@academy.ac.ke
50116,Gordon,Maina,gordon.maina50116@students.ac.ke
50117,Hope,Njuguna,hope.njuguna50117@students.ac.ke
50118,Oscar,Khalid,oscar.khalid50118@school.ac.ke
50119,James,Gitonga,james.gitonga50119@uni.ac.ke
50120,Ruth,Wanjiku,ruth.wanjiku50120@college.ac.ke
50121,Paul,Kyalo,paul.kyalo50121@academy.ac.ke
50122,Eric,Mutua,eric.mutua50122@school.ac.ke
50123,Helen,Kimani,helen.kimani50123@academy.ac.ke
50124,Michael,Waweru,michael.waweru50124@academy.ac.ke
50125,Victor,Kasyoka,victor.kasyoka50125@academy.ac.ke
50126,Ruth,Gitau,ruth.gitau50126@school.ac.ke
50127,Michael,Wairimu,michael.wairimu50127@academy.ac.ke
50128,Naomi,Kamau,naomi.kamau50128@uni.ac.ke
50129,Janet,Lagat,janet.lagat50129@college.ac.ke
50130,Philip,Mbatha,philip.mbatha50130@school.ac.ke
50131,Agnes,Onyango,agnes.onyango50131@college.ac.ke
50132,Harold,Khalid,harold.khalid50132@college.ac.ke
50133,Philip,Abdi,philip.abdi50133@school.ac.ke
50134,Jacob,Koech,jacob.koech50134@students.ac.ke
50135,Isaac,Kinyua,isaac.kinyua50135@school.ac.ke
50136,Florence,Mutua,florence.mutua50136@academy.ac.ke
50137,John,Njuguna,john.njuguna50137@college.ac.ke
50138,Thomas,Wanjiku,thomas.wanjiku50138@college.ac.ke
50139,Moses,Omar,moses.omar50139@school.ac.ke
50140,Peter,Mwenda,peter.mwenda50140@uni.ac.ke
50141,Thomas,Otieno,thomas.otieno50141@college.ac.ke
50142,Daniel,Mutisya,daniel.mutisya50142@college.ac.ke
50143,Ivan,Otieno,ivan.otieno50143@uni.ac.ke
50144,Robert,Nduku,robert.nduku50144@uni.ac.ke
50145,Agnes,Ogolla,agnes.ogolla50145@uni.ac.ke
50146,Robert,Gitau,robert.gitau50146@college.ac.ke
50147,Robert,Mumo,robert.mumo50147@uni.ac.ke
50148,Edwin,Kariuki,edwin.kariuki50148@college.ac.ke
50149,Irene,Bett,irene.bett50149@students.ac.ke
50150,Faith,Omondi,faith.omondi50150@academy.ac.ke
50151,Lewis,Gitau,lewis.gitau50151@students.ac.ke
50152,Robert,Adhiambo,robert.adhiambo50152@school.ac.ke
50153,Eleanor,Bett,eleanor.bett50153@college.ac.ke
50154,Thomas,Ogolla,thomas.ogolla50154@students.ac.ke
50155,Alice,Kiptoo,alice.kiptoo50155@academy.ac.ke
50156,Janet,Achieng,janet.achieng50156@school.ac.ke
50157,James,Gitau,james.gitau50157@students.ac.ke
50158,Alice,Adhiambo,alice.adhiambo50158@students.ac.ke
50159,Gladys,Lagat,gladys.lagat50159@academy.ac.ke
50160,Kenneth,Wanjiku,kenneth.wanjiku50160@school.ac.ke
50161,Janet,Gitonga,janet.gitonga50161@uni.ac.ke
50162,Raymond,Ahmed,raymond.ahmed50162@school.ac.ke
50163,Gloria,Otieno,gloria.otieno50163@students.ac.ke
50164,Edwin,Ochieng,edwin.ochieng50164@college.ac.ke
50165,John,Musyoka,john.musyoka50165@uni.ac.ke
50166,Charles,Ndegwa,charles.ndegwa50166@academy.ac.ke
50167,Jacob,Khalid,jacob.khalid50167@school.ac.ke
50168,Simon,Farah,simon.farah50168@academy.ac.ke
50169,Harriet,Kasyoka,harriet.kasyoka50169@college.ac.ke
50170,Robert,Onyango,robert.onyango50170@uni.ac.ke
50171,Victor,Njoki,victor.njoki50171@uni.ac.ke
50172,Betty,Lagat,betty.lagat50172@uni.ac.ke
50173,Naomi,Akumu,naomi.akumu50173@students.ac.ke
50174,Mary,Mwangi,mary.mwangi50174@school.ac.ke
50175,Peter,Adhiambo,peter.adhiambo50175@school.ac.ke
50176,Dennis,Musa,dennis.musa50176@students.ac.ke
50177,Catherine,Mutua,catherine.mutua50177@school.ac.ke
50178,Gladys,Kasyoka,gladys.kasyoka50178@college.ac.ke
50179,Hope,Gathoni,hope.gathoni50179@uni.ac.ke
50180,Philip,Gathoni,philip.gathoni50180@academy.ac.ke
50181,Paul,Adhiambo,paul.adhiambo50181@college.ac.ke
50182,Janet,Odhiambo,janet.odhiambo50182@students.ac.ke
50183,Gloria,Mumo,gloria.mumo50183@college.ac.ke
50184,Peter,Bett,peter.bett50184@college.ac.ke
50185,Edith,Ruto,edith.ruto50185@students.ac.ke
50186,Harriet,Koech,harriet.koech50186@students.ac.ke
50187,Joseph,Ndegwa,joseph.ndegwa50187@college.ac.ke
50188,Ruth,Omondi,ruth.omondi50188@school.ac.ke
50189,Lydia,Omar,lydia.omar50189@academy.ac.ke
50190,Moses,Wanjiku,moses.wanjiku50190@students.ac.ke
50191,Naomi,Odhiambo,naomi.odhiambo50191@students.ac.ke
50192,Carol,Kinyua,carol.kinyua50192@school.ac.ke
50193,Hope,Muturi,hope.muturi50193@academy.ac.ke
50194,Gladys,Lagat,gladys.lagat50194@academy.ac.ke
50195,Joy,Mwangi,joy.mwangi50195@college.ac.ke
50196,Samuel,Mbatha,samuel.mbatha50196@school.ac.ke
50197,Ruth,Ndegwa,ruth.ndegwa50197@school.ac.ke
50198,Faith,Omondi,faith.omondi50198@students.ac.ke
50199,Henry,Yusuf,henry.yusuf50199@school.ac.ke
50200,Oscar,Kariuki,oscar.kariuki50200@college.ac.ke
50201,Diana,Rotich,diana.rotich50201@college.ac.ke
50202,Simon,Ngetich,simon.ngetich50202@students.ac.ke
50203,Betty,Awuor,betty.awuor50203@academy.ac.ke
50204,Irene,Farah,irene.farah50204@school.ac.ke
50205,Eric,Omar,eric.omar50205@uni.ac.ke
50206,Irene,Kamau,irene.kamau50206@uni.ac.ke
50207,Douglas,Kimani,douglas.kimani50207@academy.ac.ke
50208,Florence,Omar,florence.omar50208@college.ac.ke
50209,Joseph,Kiprotich,joseph.kiprotich50209@school.ac.ke
50210,Eric,Ndegwa,eric.ndegwa50210@students.ac.ke
50211,Agnes,Nduku,agnes.nduku50211@academy.ac.ke
50212,Dorothy,Njoroge,dorothy.njoroge50212@college.ac.ke
50213,Charles,Mwenda,charles.mwenda50213@students.ac.ke
50214,Isaac,Njuguna,isaac.njuguna50214@school.ac.ke
50215,Oscar,Lagat,oscar.lagat50215@academy.ac.ke
50216,Adrian,Musyoka,adrian.musyoka50216@college.ac.ke
50217,Noah,Wairimu,noah.wairimu50217@school.ac.ke
50218,Catherine,Kimani,catherine.kimani50218@students.ac.ke
50219,Edith,Chebet,edith.chebet50219@uni.ac.ke
50220,Julian,Hassan,julian.hassan50220@students.ac.ke
50221,Naomi,Achieng,naomi.achieng50221@college.ac.ke
50222,Lydia,Odhiambo,lydia.odhiambo50222@academy.ac.ke
50223,Bernard,Gichuki,bernard.gichuki50223@school.ac.ke
50224,Lydia,Mutai,lydia.mutai50224@school.ac.ke
50225,Philip,Nzomo,philip.nzomo50225@uni.ac.ke
50226,Edith,Owino,edith.owino50226@academy.ac.ke
50227,Grace,Musa,grace.musa50227@school.ac.ke
50228,Eleanor,Lagat,eleanor.lagat50228@college.ac.ke
50229,Lewis,Okello,lewis.okello50229@college.ac.ke
50230,Kenneth,Muturi,kenneth.muturi50230@school.ac.ke
50231,Alice,Waweru,alice.waweru50231@school.ac.ke
50232,Francis,Juma,francis.juma50232@school.ac.ke
50233,Janet,Musyoka,janet.musyoka50233@college.ac.ke
50234,Oscar,Kinyua,oscar.kinyua50234@uni.ac.ke
50235,Thomas,Onyango,thomas.onyango50235@college.ac.ke
50236,Harriet,Otieno,harriet.otieno50236@college.ac.ke
50237,Dorothy,Kimani,dorothy.kimani50237@students.ac.ke
50238,William,Yusuf,william.yusuf50238@academy.ac.ke
50239,Joseph,Gitonga,joseph.gitonga50239@school.ac.ke
50240,Eleanor,Onyango,eleanor.onyango50240@uni.ac.ke
50241,Lydia,Mwenda,lydia.mwenda50241@college.ac.ke
50242,Julian,Kimani,julian.kimani50242@uni.ac.ke
50243,Edith,Nzomo,edith.nzomo50243@students.ac.ke
50244,Gloria,Yusuf,gloria.yusuf50244@students.ac.ke
50245,Douglas,Gitau,douglas.gitau50245@school.ac.ke
50246,Julian,Muturi,julian.muturi50246@college.ac.ke
50247,Kenneth,Khalid,kenneth.khalid50247@college.ac.ke
50248,William,Gathoni,william.gathoni50248@uni.ac.ke
50249,Gladys,Njoki,gladys.njoki50249@academy.ac.ke
50250,George,Waweru,george.waweru50250@school.ac.ke
50251,Brian,Nduku,brian.nduku50251@academy.ac.ke
50252,Betty,Ndegwa,betty.ndegwa50252@academy.ac.ke
50253,Julian,Koech,julian.koech50253@school.ac.ke
50254,Naomi,Njuguna,naomi.njuguna50254@students.ac.ke
50255,Joseph,Abdi,joseph.abdi50255@school.ac.ke
50256,Daniel,Kyalo,daniel.kyalo50256@school.ac.ke
50257,Ruth,Abdi,ruth.abdi50257@school.ac.ke
50258,Harold,Gathoni,harold.gathoni50258@school.ac.ke
50259,Diana,Rotich,diana.rotich50259@academy.ac.ke
50260,Beatrice,Achieng,beatrice.achieng50260@college.ac.ke
50261,Douglas,Juma,douglas.juma50261@school.ac.ke
50262,Hope,Wanjiku,hope.wanjiku50262@school.ac.ke
50263,Henry,Kinyua,henry.kinyua50263@students.ac.ke
50264,Joseph,Mwangi,joseph.mwangi50264@school.ac.ke
50265,Lewis,Achieng,lewis.achieng50265@uni.ac.ke
50266,Beatrice,Ochieng,beatrice.ochieng50266@college.ac.ke
50267,Dorothy,Adhiambo,dorothy.adhiambo50267@school.ac.ke
50268,Kevin,Mwangi,kevin.mwangi50268@uni.ac.ke
50269,Philip,Omar,philip.omar50269@uni.ac.ke
50270,Edith,Wairimu,edith.wairimu50270@uni.ac.ke
50271,Thomas,Awuor,thomas.awuor50271@uni.ac.ke
50272,John,Omondi,john.omondi50272@college.ac.ke
50273,Edwin,Njoki,edwin.njoki50273@uni.ac.ke
50274,Faith,Lagat,faith.lagat50274@students.ac.ke
50275,Frances,Maina,frances.maina50275@school.ac.ke
50276,Douglas,Adhiambo,douglas.adhiambo50276@college.ac.ke
50277,Lewis,Ngetich,lewis.ngetich50277@students.ac.ke
50278,Joyce,Kyalo,joyce.kyalo50278@school.ac.ke
50279,William,Nzomo,william.nzomo50279@academy.ac.ke
50280,Douglas,Njuguna,douglas.njuguna50280@school.ac.ke
50281,Moses,Maina,moses.maina50281@academy.ac.ke
50282,Thomas,Kinyua,thomas.kinyua50282@school.ac.ke
50283,Jacob,Awuor,jacob.awuor50283@uni.ac.ke
50284,Isaac,Mwenda,isaac.mwenda50284@academy.ac.ke
50285,Irene,Koech,irene.koech50285@school.ac.ke
50286,Eleanor,Ogolla,eleanor.ogolla50286@academy.ac.ke
50287,Edwin,Nzomo,edwin.nzomo50287@students.ac.ke
50288,George,Njoki,george.njoki50288@college.ac.ke
50289,Harriet,Gathoni,harriet.gathoni50289@college.ac.ke
50290,Carol,Okello,carol.okello50290@college.ac.ke
50291,Janet,Waweru,janet.waweru50291@academy.ac.ke
50292,Florence,Ndegwa,florence.ndegwa50292@school.ac.ke
50293,William,Yusuf,william.yusuf50293@academy.ac.ke
50294,Ivan,Chebet,ivan.chebet50294@students.ac.ke
50295,Douglas,Chebet,douglas.chebet50295@students.ac.ke
50296,Hope,Abdi,hope.abdi50296@students.ac.ke
50297,Paul,Kariuki,paul.kariuki50297@students.ac.ke
50298,Harold,Mutisya,harold.mutisya50298@students.ac.ke
50299,Raymond,Gitonga,raymond.gitonga50299@school.ac.ke
50300,Mary,Wairimu,mary.wairimu50300@school.ac.ke
50301,Peter,Adhiambo,peter.adhiambo50301@academy.ac.ke
50302,Irene,Otieno,irene.otieno50302@college.ac.ke
50303,Janet,Mutua,janet.mutua50303@college.ac.ke
50304,Faith,Rotich,faith.rotich50304@academy.ac.ke
50305,George,Abdi,george.abdi50305@college.ac.ke
50306,Edwin,Ruto,edwin.ruto50306@academy.ac.ke
50307,Helen,Wanjiku,helen.wanjiku50307@academy.ac.ke
50308,Francis,Ibrahim,francis.ibrahim50308@uni.ac.ke
50309,Harriet,Gitonga,harriet.gitonga50309@uni.ac.ke
50310,Frances,Kiprotich,frances.kiprotich50310@uni.ac.ke
50311,Faith,Kiprotich,faith.kiprotich50311@college.ac.ke
50312,David,Maina,david.maina50312@students.ac.ke
50313,Paul,Chebet,paul.chebet50313@school.ac.ke
50314,Agnes,Kiprotich,agnes.kiprotich50314@college.ac.ke
50315,Alice,Ndegwa,alice.ndegwa50315@academy.ac.ke
50316,Agnes,Ibrahim,agnes.ibrahim50316@uni.ac.ke
50317,Brian,Mutisya,brian.mutisya50317@students.ac.ke
50318,Brian,Mumo,brian.mumo50318@uni.ac.ke
50319,Joyce,Muturi,joyce.muturi50319@college.ac.ke
50320,Eric,Kiprotich,eric.kiprotich50320@students.ac.ke
50321,Samuel,Njoroge,samuel.njoroge50321@uni.ac.ke
50322,Grace,Gitonga,grace.gitonga50322@college.ac.ke
50323,Betty,Ibrahim,betty.ibrahim50323@uni.ac.ke
50324,Robert,Kimani,robert.kimani50324@students.ac.ke
50325,David,Ochieng,david.ochieng50325@school.ac.ke
50326,Florence,Mwangi,florence.mwangi50326@uni.ac.ke
50327,Betty,Chebet,betty.chebet50327@students.ac.ke
50328,Edith,Omar,edith.omar50328@college.ac.ke
50329,Lewis,Omondi,lewis.omondi50329@school.ac.ke
50330,Noah,Nzomo,noah.nzomo50330@college.ac.ke
50331,Janet,Rotich,janet.rotich50331@academy.ac.ke
50332,Kenneth,Omar,kenneth.omar50332@students.ac.ke
50333,Hope,Bett,hope.bett50333@students.ac.ke
50334,Dennis,Maina,dennis.maina50334@students.ac.ke
50335,Catherine,Juma,catherine.juma50335@academy.ac.ke
50336,Esther,Muturi,esther.muturi50336@college.ac.ke
50337,Esther,Maina,esther.maina50337@college.ac.ke
50338,Harold,Kiptoo,harold.kiptoo50338@college.ac.ke
50339,James,Kiptoo,james.kiptoo50339@college.ac.ke
50340,Jacob,Omar,jacob.omar50340@school.ac.ke
50341,Harriet,Mumo,harriet.mumo50341@students.ac.ke
50342,Janet,Omar,janet.omar50342@academy.ac.ke
50343,Jacob,Odhiambo,jacob.odhiambo50343@uni.ac.ke
50344,Beatrice,Muturi,beatrice.muturi50344@uni.ac.ke
50345,Moses,Chebet,moses.chebet50345@college.ac.ke
50346,Harriet,Mutua,harriet.mutua50346@school.ac.ke
50347,William,Farah,william.farah50347@college.ac.ke
50348,Jacob,Waweru,jacob.waweru50348@school.ac.ke
50349,Daniel,Adhiambo,daniel.adhiambo50349@academy.ac.ke
50350,Esther,Onyango,esther.onyango50350@students.ac.ke
50351,Grace,Achieng,grace.achieng50351@students.ac.ke
50352,Eric,Ochieng,eric.ochieng50352@students.ac.ke
50353,Edith,Mbatha,edith.mbatha50353@academy.ac.ke
50354,Carol,Kinyua,carol.kinyua50354@uni.ac.ke
50355,Michael,Onyango,michael.onyango50355@students.ac.ke
50356,Florence,Musyoka,florence.musyoka50356@students.ac.ke
50357,Grace,Omar,grace.omar50357@college.ac.ke
50358,Naomi,Ibrahim,naomi.ibrahim50358@academy.ac.ke
50359,Peter,Ruto,peter.ruto50359@students.ac.ke
50360,Diana,Khalid,diana.khalid50360@college.ac.ke
50361,Francis,Hassan,francis.hassan50361@uni.ac.ke
50362,Isaac,Owino,isaac.owino50362@college.ac.ke
50363,Samuel,Musa,samuel.musa50363@academy.ac.ke
50364,Edwin,Nduku,edwin.nduku50364@college.ac.ke
50365,Esther,Mwenda,esther.mwenda50365@uni.ac.ke
50366,Mary,Maina,mary.maina50366@academy.ac.ke
50367,Irene,Ogolla,irene.ogolla50367@academy.ac.ke
50368,Hope,Odhiambo,hope.odhiambo50368@college.ac.ke
50369,Naomi,Njoki,naomi.njoki50369@students.ac.ke
50370,Michael,Ndegwa,michael.ndegwa50370@students.ac.ke
50371,Isaac,Khalid,isaac.khalid50371@academy.ac.ke
50372,Oscar,Kimani,oscar.kimani50372@school.ac.ke
50373,Quentin,Wanjiku,quentin.wanjiku50373@uni.ac.ke
50374,George,Juma,george.juma50374@students.ac.ke
50375,George,Yusuf,george.yusuf50375@uni.ac.ke
50376,George,Bett,george.bett50376@school.ac.ke
50377,Kevin,Hassan,kevin.hassan50377@students.ac.ke
50378,Robert,Awuor,robert.awuor50378@school.ac.ke
50379,Samuel,Lagat,samuel.lagat50379@students.ac.ke
50380,Henry,Wanjiku,henry.wanjiku50380@uni.ac.ke
50381,Betty,Wairimu,betty.wairimu50381@uni.ac.ke
50382,Michael,Hassan,michael.hassan50382@college.ac.ke
50383,William,Farah,william.farah50383@students.ac.ke
50384,Lydia,Otieno,lydia.otieno50384@college.ac.ke
50385,Joy,Kinyua,joy.kinyua50385@academy.ac.ke
50386,Quentin,Gichuki,quentin.gichuki50386@students.ac.ke
50387,Joyce,Maina,joyce.maina50387@students.ac.ke
50388,Henry,Njuguna,henry.njuguna50388@school.ac.ke
50389,Florence,Rotich,florence.rotich50389@students.ac.ke
50390,Catherine,Kiprotich,catherine.kiprotich50390@college.ac.ke
50391,Samuel,Koech,samuel.koech50391@academy.ac.ke
50392,Gloria,Adhiambo,gloria.adhiambo50392@uni.ac.ke
50393,Edwin,Kinyua,edwin.kinyua50393@academy.ac.ke
50394,Julian,Kinyua,julian.kinyua50394@school.ac.ke
50395,Florence,Gichuki,florence.gichuki50395@students.ac.ke
50396,Lydia,Bett,lydia.bett50396@students.ac.ke
50397,Joy,Ahmed,joy.ahmed50397@academy.ac.ke
50398,Harriet,Ibrahim,harriet.ibrahim50398@academy.ac.ke
50399,Joy,Akumu,joy.akumu50399@uni.ac.ke
50400,Catherine,Yusuf,catherine.yusuf50400@students.ac.ke
50401,Kevin,Omar,kevin.omar50401@academy.ac.ke
50402,Irene,Ochieng,irene.ochieng50402@college.ac.ke
50403,Thomas,Mutisya,thomas.mutisya50403@college.ac.ke
50404,Naomi,Onyango,naomi.onyango50404@uni.ac.ke
50405,Irene,Nzomo,irene.nzomo50405@uni.ac.ke
50406,Charles,Nzomo,charles.nzomo50406@students.ac.ke
50407,Gordon,Ruto,gordon.ruto50407@students.ac.ke
50408,Henry,Ndegwa,henry.ndegwa50408@academy.ac.ke
50409,William,Wairimu,william.wairimu50409@uni.ac.ke
50410,William,Onyango,william.onyango50410@uni.ac.ke
50411,Gloria,Kamau,gloria.kamau50411@academy.ac.ke
50412,Harriet,Maina,harriet.maina50412@academy.ac.ke
50413,Ruth,Omar,ruth.omar50413@school.ac.ke
50414,Peter,Hassan,peter.hassan50414@uni.ac.ke
50415,David,Kariuki,david.kariuki50415@uni.ac.ke
50416,Victor,Okello,victor.okello50416@uni.ac.ke
50417,Naomi,Musa,naomi.musa50417@uni.ac.ke
50418,Grace,Kariuki,grace.kariuki50418@students.ac.ke
50419,Daniel,Adhiambo,daniel.adhiambo50419@academy.ac.ke
50420,Gloria,Muturi,gloria.muturi50420@college.ac.ke
50421,Florence,Omar,florence.omar50421@college.ac.ke
50422,Joyce,Owino,joyce.owino50422@college.ac.ke
50423,Betty,Kamau,betty.kamau50423@students.ac.ke
50424,John,Awuor,john.awuor50424@students.ac.ke
50425,Gordon,Onyango,gordon.onyango50425@college.ac.ke
50426,Ruth,Ngetich,ruth.ngetich50426@school.ac.ke
50427,Agnes,Khalid,agnes.khalid50427@uni.ac.ke
50428,Joy,Wanjiku,joy.wanjiku50428@students.ac.ke
50429,Philip,Mumo,philip.mumo50429@academy.ac.ke
50430,Harold,Muturi,harold.muturi50430@students.ac.ke
50431,Peter,Kariuki,peter.kariuki50431@uni.ac.ke
50432,Victor,Kiptoo,victor.kiptoo50432@school.ac.ke
50433,Lewis,Kasyoka,lewis.kasyoka50433@students.ac.ke
50434,Thomas,Njoki,thomas.njoki50434@uni.ac.ke
50435,Charles,Mutai,charles.mutai50435@college.ac.ke
50436,Florence,Njuguna,florence.njuguna50436@students.ac.ke
50437,Mary,Farah,mary.farah50437@college.ac.ke
50438,Agnes,Kasyoka,agnes.kasyoka50438@uni.ac.ke
50439,Joyce,Gichuki,joyce.gichuki50439@uni.ac.ke
50440,Bernard,Rotich,bernard.rotich50440@college.ac.ke
50441,Naomi,Mutua,naomi.mutua50441@students.ac.ke
50442,George,Kasyoka,george.kasyoka50442@college.ac.ke
50443,Joyce,Achieng,joyce.achieng50443@school.ac.ke
50444,Catherine,Lagat,catherine.lagat50444@school.ac.ke
50445,Victor,Waweru,victor.waweru50445@school.ac.ke
50446,Joy,Kamau,joy.kamau50446@uni.ac.ke
50447,Henry,Gichuki,henry.gichuki50447@uni.ac.ke
50448,Oscar,Ibrahim,oscar.ibrahim50448@students.ac.ke
50449,Florence,Mutua,florence.mutua50449@students.ac.ke
50450,Noah,Waweru,noah.waweru50450@students.ac.ke
50451,Simon,Koech,simon.koech50451@college.ac.ke
50452,Lydia,Maina,lydia.maina50452@uni.ac.ke
50453,Simon,Nduku,simon.nduku50453@academy.ac.ke
50454,Francis,Hassan,francis.hassan50454@academy.ac.ke
50455,Joyce,Kinyua,joyce.kinyua50455@academy.ac.ke
50456,Oscar,Chebet,oscar.chebet50456@school.ac.ke
50457,Irene,Omar,irene.omar50457@school.ac.ke
50458,Lydia,Kyalo,lydia.kyalo50458@uni.ac.ke
50459,Beatrice,Mbatha,beatrice.mbatha50459@uni.ac.ke
50460,Douglas,Koech,douglas.koech50460@academy.ac.ke
50461,Hope,Mutai,hope.mutai50461@uni.ac.ke
50462,Carol,Omar,carol.omar50462@college.ac.ke
50463,Esther,Maina,esther.maina50463@uni.ac.ke
50464,Joseph,Kamau,joseph.kamau50464@college.ac.ke
50465,Faith,Yusuf,faith.yusuf50465@college.ac.ke
50466,John,Waweru,john.waweru50466@college.ac.ke
50467,Edwin,Kimani,edwin.kimani50467@academy.ac.ke
50468,Noah,Njuguna,noah.njuguna50468@school.ac.ke
50469,David,Nzomo,david.nzomo50469@academy.ac.ke
50470,James,Kiptoo,james.kiptoo50470@students.ac.ke
50471,Eleanor,Kinyua,eleanor.kinyua50471@school.ac.ke
50472,Jacob,Ahmed,jacob.ahmed50472@students.ac.ke
50473,Lydia,Njoroge,lydia.njoroge50473@students.ac.ke
50474,Victor,Omondi,victor.omondi50474@students.ac.ke
50475,Kenneth,Muturi,kenneth.muturi50475@school.ac.ke
50476,Lydia,Gathoni,lydia.gathoni50476@students.ac.ke
50477,Julian,Ndegwa,julian.ndegwa50477@academy.ac.ke
50478,Bernard,Nzomo,bernard.nzomo50478@uni.ac.ke
50479,Grace,Omar,grace.omar50479@academy.ac.ke
50480,Bernard,Njoki,bernard.njoki50480@school.ac.ke
50481,Dorothy,Waweru,dorothy.waweru50481@academy.ac.ke
50482,James,Maina,james.maina50482@college.ac.ke
50483,Lewis,Gathoni,lewis.gathoni50483@students.ac.ke
50484,David,Gathoni,david.gathoni50484@uni.ac.ke
50485,Paul,Ahmed,paul.ahmed50485@academy.ac.ke
50486,Ivan,Kimani,ivan.kimani50486@college.ac.ke
50487,Samuel,Bett,samuel.bett50487@college.ac.ke
50488,Douglas,Koech,douglas.koech50488@school.ac.ke
50489,Charles,Kiprotich,charles.kiprotich50489@college.ac.ke
50490,Joyce,Waweru,joyce.waweru50490@college.ac.ke
50491,Francis,Hassan,francis.hassan50491@academy.ac.ke
50492,Brian,Ruto,brian.ruto50492@college.ac.ke
50493,Lewis,Hassan,lewis.hassan50493@school.ac.ke
50494,Joyce,Gitonga,joyce.gitonga50494@college.ac.ke
50495,George,Rotich,george.rotich50495@academy.ac.ke
50496,Dennis,Ahmed,dennis.ahmed50496@academy.ac.ke
50497,Philip,Bett,philip.bett50497@school.ac.ke
50498,Kenneth,Rotich,kenneth.rotich50498@uni.ac.ke
50499,Joy,Abdi,joy.abdi50499@students.ac.ke
50500,Dorothy,Lagat,dorothy.lagat50500@academy.ac.ke
50501,Eric,Wairimu,eric.wairimu50501@students.ac.ke
50502,Julian,Mwenda,julian.mwenda50502@school.ac.ke
50503,Lydia,Kinyua,lydia.kinyua50503@academy.ac.ke
50504,Joy,Nduku,joy.nduku50504@college.ac.ke
50505,Joy,Ndegwa,joy.ndegwa50505@college.ac.ke
50506,Philip,Chebet,philip.chebet50506@students.ac.ke
50507,Hope,Kasyoka,hope.kasyoka50507@school.ac.ke
50508,Noah,Odhiambo,noah.odhiambo50508@college.ac.ke
50509,Eleanor,Maina,eleanor.maina50509@academy.ac.ke
50510,Faith,Ruto,faith.ruto50510@academy.ac.ke
50511,Victor,Mwenda,victor.mwenda50511@uni.ac.ke
50512,Grace,Kimani,grace.kimani50512@school.ac.ke
50513,Frances,Ogolla,frances.ogolla50513@students.ac.ke
50514,Raymond,Wanjiku,raymond.wanjiku50514@academy.ac.ke
50515,David,Maina,david.maina50515@college.ac.ke
50516,Lydia,Ibrahim,lydia.ibrahim50516@academy.ac.ke
50517,Hope,Adhiambo,hope.adhiambo50517@school.ac.ke
50518,Jacob,Wanjiku,jacob.wanjiku50518@academy.ac.ke
50519,Gloria,Kinyua,gloria.kinyua50519@students.ac.ke
50520,Joseph,Musyoka,joseph.musyoka50520@students.ac.ke
50521,Samuel,Kasyoka,samuel.kasyoka50521@students.ac.ke
50522,Frances,Owino,frances.owino50522@academy.ac.ke
50523,Dennis,Awuor,dennis.awuor50523@uni.ac.ke
50524,Betty,Chebet,betty.chebet50524@students.ac.ke
50525,Kevin,Gitonga,kevin.gitonga50525@uni.ac.ke
50526,Frances,Mutai,frances.mutai50526@school.ac.ke
50527,Gladys,Ochieng,gladys.ochieng50527@uni.ac.ke
50528,Dennis,Kimani,dennis.kimani50528@school.ac.ke
50529,Brian,Kiprotich,brian.kiprotich50529@college.ac.ke
50530,Henry,Onyango,henry.onyango50530@academy.ac.ke
50531,Hope,Juma,hope.juma50531@college.ac.ke
50532,Hannah,Ngetich,hannah.ngetich50532@students.ac.ke
50533,Jacob,Gathoni,jacob.gathoni50533@academy.ac.ke
50534,Henry,Juma,henry.juma50534@uni.ac.ke
50535,Kevin,Ndegwa,kevin.ndegwa50535@school.ac.ke
50536,Carol,Mutisya,carol.mutisya50536@students.ac.ke
50537,Moses,Omar,moses.omar50537@college.ac.ke
50538,Moses,Ogolla,moses.ogolla50538@college.ac.ke
50539,Victor,Lagat,victor.lagat50539@college.ac.ke
50540,William,Achieng,william.achieng50540@students.ac.ke
50541,Lydia,Omar,lydia.omar50541@students.ac.ke
50542,James,Wairimu,james.wairimu50542@school.ac.ke
50543,Agnes,Njuguna,agnes.njuguna50543@school.ac.ke
50544,Peter,Muturi,peter.muturi50544@students.ac.ke
50545,Catherine,Muturi,catherine.muturi50545@uni.ac.ke
50546,Eric,Musa,eric.musa50546@school.ac.ke
50547,Daniel,Ruto,daniel.ruto50547@academy.ac.ke
50548,Dorothy,Juma,dorothy.juma50548@uni.ac.ke
50549,Robert,Achieng,robert.achieng50549@college.ac.ke
50550,Janet,Hassan,janet.hassan50550@uni.ac.ke
50551,Joseph,Kamau,joseph.kamau50551@school.ac.ke
50552,Dorothy,Omondi,dorothy.omondi50552@school.ac.ke
50553,Edith,Wairimu,edith.wairimu50553@college.ac.ke
50554,Joyce,Kiptoo,joyce.kiptoo50554@academy.ac.ke
50555,Simon,Farah,simon.farah50555@academy.ac.ke
50556,William,Achieng,william.achieng50556@college.ac.ke
50557,Naomi,Gitau,naomi.gitau50557@students.ac.ke
50558,Ruth,Mwenda,ruth.mwenda50558@uni.ac.ke
50559,Henry,Waweru,henry.waweru50559@uni.ac.ke
50560,Adrian,Gitau,adrian.gitau50560@college.ac.ke
50561,Bernard,Kamau,bernard.kamau50561@students.ac.ke
50562,Samuel,Gitonga,samuel.gitonga50562@academy.ac.ke
50563,Samuel,Kasyoka,samuel.kasyoka50563@college.ac.ke
50564,Quentin,Mumo,quentin.mumo50564@uni.ac.ke
50565,Charles,Akumu,charles.akumu50565@students.ac.ke
50566,Diana,Owino,diana.owino50566@school.ac.ke
50567,Noah,Kinyua,noah.kinyua50567@college.ac.ke
50568,Charles,Ochieng,charles.ochieng50568@college.ac.ke
50569,Dennis,Mwenda,dennis.mwenda50569@uni.ac.ke
50570,Carol,Gitau,carol.gitau50570@school.ac.ke
50571,Janet,Bett,janet.bett50571@students.ac.ke
50572,Daniel,Mutua,daniel.mutua50572@academy.ac.ke
50573,Isaac,Rotich,isaac.rotich50573@school.ac.ke
50574,Irene,Mwenda,irene.mwenda50574@uni.ac.ke
50575,Oscar,Mwenda,oscar.mwenda50575@school.ac.ke
50576,Irene,Ogolla,irene.ogolla50576@uni.ac.ke
50577,Grace,Gichuki,grace.gichuki50577@academy.ac.ke
50578,Henry,Mwangi,henry.mwangi50578@students.ac.ke
50579,Charles,Kamau,charles.kamau50579@college.ac.ke
50580,Ruth,Owino,ruth.owino50580@college.ac.ke
50581,Irene,Omar,irene.omar50581@school.ac.ke
50582,Catherine,Nzomo,catherine.nzomo50582@college.ac.ke
50583,Gordon,Waweru,gordon.waweru50583@college.ac.ke
50584,Alice,Otieno,alice.otieno50584@school.ac.ke
50585,William,Mutisya,william.mutisya50585@college.ac.ke
50586,Agnes,Kamau,agnes.kamau50586@school.ac.ke
50587,Noah,Wairimu,noah.wairimu50587@college.ac.ke
50588,Irene,Ndegwa,irene.ndegwa50588@uni.ac.ke
50589,Agnes,Otieno,agnes.otieno50589@uni.ac.ke
50590,Dennis,Kiprotich,dennis.kiprotich50590@students.ac.ke
50591,Janet,Gitonga,janet.gitonga50591@school.ac.ke
50592,Paul,Kiptoo,paul.kiptoo50592@uni.ac.ke
50593,Naomi,Odhiambo,naomi.odhiambo50593@students.ac.ke
50594,Eric,Wanjiku,eric.wanjiku50594@school.ac.ke
50595,Noah,Achieng,noah.achieng50595@students.ac.ke
50596,Janet,Mwenda,janet.mwenda50596@students.ac.ke
50597,Esther,Njoroge,esther.njoroge50597@uni.ac.ke
50598,Joy,Gichuki,joy.gichuki50598@academy.ac.ke
50599,Hope,Bett,hope.bett50599@academy.ac.ke
50600,Charles,Omar,charles.omar50600@academy.ac.ke
50601,Irene,Okello,irene.okello50601@college.ac.ke
50602,Edwin,Mbatha,edwin.mbatha50602@uni.ac.ke
50603,Grace,Owino,grace.owino50603@school.ac.ke
50604,Esther,Omar,esther.omar50604@students.ac.ke
50605,Gladys,Kyalo,gladys.kyalo50605@college.ac.ke
50606,Irene,Juma,irene.juma50606@school.ac.ke
50607,Raymond,Khalid,raymond.khalid50607@school.ac.ke
50608,Thomas,Chebet,thomas.chebet50608@students.ac.ke
50609,Joyce,Nduku,joyce.nduku50609@uni.ac.ke
50610,Edith,Onyango,edith.onyango50610@college.ac.ke
50611,Esther,Kariuki,esther.kariuki50611@school.ac.ke
50612,Charles,Maina,charles.maina50612@students.ac.ke
50613,Catherine,Mwenda,catherine.mwenda50613@academy.ac.ke
50614,Oscar,Ngetich,oscar.ngetich50614@school.ac.ke
50615,Gordon,Mwenda,gordon.mwenda50615@students.ac.ke
50616,Irene,Farah,irene.farah50616@academy.ac.ke
50617,Irene,Wanjiku,irene.wanjiku50617@college.ac.ke
50618,Harold,Ochieng,harold.ochieng50618@students.ac.ke
50619,Faith,Nduku,faith.nduku50619@uni.ac.ke
50620,Adrian,Mumo,adrian.mumo50620@academy.ac.ke
50621,Samuel,Mbatha,samuel.mbatha50621@students.ac.ke
50622,Gordon,Mutua,gordon.mutua50622@college.ac.ke
50623,Dennis,Kimani,dennis.kimani50623@students.ac.ke
50624,Beatrice,Njuguna,beatrice.njuguna50624@school.ac.ke
50625,Agnes,Gitau,agnes.gitau50625@school.ac.ke
50626,Mary,Awuor,mary.awuor50626@school.ac.ke
50627,Ivan,Hassan,ivan.hassan50627@college.ac.ke
50628,Julian,Akumu,julian.akumu50628@students.ac.ke
50629,Mary,Ibrahim,mary.ibrahim50629@academy.ac.ke
50630,Janet,Kariuki,janet.kariuki50630@uni.ac.ke
50631,Carol,Otieno,carol.otieno50631@uni.ac.ke
50632,Raymond,Awuor,raymond.awuor50632@uni.ac.ke
50633,John,Ibrahim,john.ibrahim50633@academy.ac.ke
50634,Michael,Kimani,michael.kimani50634@academy.ac.ke
50635,Raymond,Ndegwa,raymond.ndegwa50635@school.ac.ke
50636,Hope,Ibrahim,hope.ibrahim50636@college.ac.ke
50637,Gloria,Njuguna,gloria.njuguna50637@school.ac.ke
50638,Eric,Kimani,eric.kimani50638@uni.ac.ke
50639,Oscar,Mwenda,oscar.mwenda50639@students.ac.ke
50640,Diana,Odhiambo,diana.odhiambo50640@academy.ac.ke
50641,Mary,Gichuki,mary.gichuki50641@students.ac.ke
50642,Gloria,Gitonga,gloria.gitonga50642@academy.ac.ke
50643,Irene,Gitonga,irene.gitonga50643@uni.ac.ke
50644,Grace,Musyoka,grace.musyoka50644@school.ac.ke
50645,Faith,Nduku,faith.nduku50645@school.ac.ke
50646,Betty,Njoroge,betty.njoroge50646@academy.ac.ke
50647,Esther,Nzomo,esther.nzomo50647@academy.ac.ke
50648,Esther,Musa,esther.musa50648@students.ac.ke
50649,Julian,Ruto,julian.ruto50649@school.ac.ke
50650,Catherine,Musyoka,catherine.musyoka50650@school.ac.ke
50651,Mary,Gitau,mary.gitau50651@college.ac.ke
50652,Charles,Rotich,charles.rotich50652@school.ac.ke
50653,Victor,Juma,victor.juma50653@school.ac.ke
50654,Gladys,Owino,gladys.owino50654@students.ac.ke
50655,Adrian,Okello,adrian.okello50655@students.ac.ke
50656,Grace,Ahmed,grace.ahmed50656@school.ac.ke
50657,Grace,Kiprotich,grace.kiprotich50657@uni.ac.ke
50658,John,Ibrahim,john.ibrahim50658@school.ac.ke
50659,Edwin,Abdi,edwin.abdi50659@school.ac.ke
50660,Isaac,Ahmed,isaac.ahmed50660@academy.ac.ke
50661,Charles,Mumo,charles.mumo50661@uni.ac.ke
50662,Carol,Yusuf,carol.yusuf50662@uni.ac.ke
50663,Michael,Nduku,michael.nduku50663@college.ac.ke
50664,Betty,Waweru,betty.waweru50664@school.ac.ke
50665,Gladys,Kiptoo,gladys.kiptoo50665@uni.ac.ke
50666,Catherine,Farah,catherine.farah50666@school.ac.ke
50667,Douglas,Maina,douglas.maina50667@school.ac.ke
50668,Brian,Muturi,brian.muturi50668@students.ac.ke
50669,Peter,Mwenda,peter.mwenda50669@academy.ac.ke
50670,Eric,Omar,eric.omar50670@students.ac.ke
50671,Edith,Wanjiku,edith.wanjiku50671@college.ac.ke
50672,John,Kinyua,john.kinyua50672@school.ac.ke
50673,Gladys,Gitonga,gladys.gitonga50673@school.ac.ke
50674,Paul,Ruto,paul.ruto50674@students.ac.ke
50675,Joy,Mbatha,joy.mbatha50675@school.ac.ke
50676,Catherine,Wairimu,catherine.wairimu50676@college.ac.ke
50677,Edwin,Omondi,edwin.omondi50677@students.ac.ke
50678,Janet,Kimani,janet.kimani50678@school.ac.ke
50679,Henry,Akumu,henry.akumu50679@academy.ac.ke
50680,Julian,Wanjiku,julian.wanjiku50680@uni.ac.ke
50681,Esther,Yusuf,esther.yusuf50681@students.ac.ke
50682,Charles,Wanjiku,charles.wanjiku50682@uni.ac.ke
50683,Peter,Wairimu,peter.wairimu50683@academy.ac.ke
50684,Gordon,Wairimu,gordon.wairimu50684@uni.ac.ke
50685,Frances,Mutisya,frances.mutisya50685@school.ac.ke
50686,Dennis,Abdi,dennis.abdi50686@academy.ac.ke
50687,Moses,Owino,moses.owino50687@college.ac.ke
50688,Mary,Ngetich,mary.ngetich50688@uni.ac.ke
50689,Noah,Njuguna,noah.njuguna50689@students.ac.ke
50690,Samuel,Mutisya,samuel.mutisya50690@students.ac.ke
50691,Michael,Ochieng,michael.ochieng50691@academy.ac.ke
50692,Brian,Musyoka,brian.musyoka50692@academy.ac.ke
50693,Joy,Farah,joy.farah50693@academy.ac.ke
50694,Quentin,Gitonga,quentin.gitonga50694@school.ac.ke
50695,Harold,Kasyoka,harold.kasyoka50695@college.ac.ke
50696,Lydia,Otieno,lydia.otieno50696@school.ac.ke
50697,Thomas,Maina,thomas.maina50697@students.ac.ke
50698,Victor,Omondi,victor.omondi50698@academy.ac.ke
50699,Samuel,Mbatha,samuel.mbatha50699@college.ac.ke
50700,Kevin,Kiptoo,kevin.kiptoo50700@college.ac.ke
50701,Harold,Wairimu,harold.wairimu50701@college.ac.ke
50702,Ivan,Rotich,ivan.rotich50702@school.ac.ke
50703,Dorothy,Wairimu,dorothy.wairimu50703@college.ac.ke
50704,Lydia,Lagat,lydia.lagat50704@college.ac.ke
50705,Joy,Ahmed,joy.ahmed50705@school.ac.ke
50706,Adrian,Onyango,adrian.onyango50706@academy.ac.ke
50707,Agnes,Bett,agnes.bett50707@academy.ac.ke
50708,Diana,Ruto,diana.ruto50708@academy.ac.ke
50709,Dorothy,Musa,dorothy.musa50709@uni.ac.ke
50710,Simon,Mutua,simon.mutua50710@academy.ac.ke
50711,George,Kiptoo,george.kiptoo50711@college.ac.ke
50712,George,Khalid,george.khalid50712@academy.ac.ke
50713,Naomi,Gitau,naomi.gitau50713@uni.ac.ke
50714,Gloria,Achieng,gloria.achieng50714@uni.ac.ke
50715,Carol,Adhiambo,carol.adhiambo50715@school.ac.ke
50716,Isaac,Nzomo,isaac.nzomo50716@uni.ac.ke
50717,Eric,Gitau,eric.gitau50717@uni.ac.ke
50718,Oscar,Farah,oscar.farah50718@students.ac.ke
50719,Gloria,Kyalo,gloria.kyalo50719@school.ac.ke
50720,Mary,Khalid,mary.khalid50720@uni.ac.ke
50721,Naomi,Gathoni,naomi.gathoni50721@academy.ac.ke
50722,Catherine,Njoki,catherine.njoki50722@uni.ac.ke
50723,Mary,Ibrahim,mary.ibrahim50723@college.ac.ke
50724,Philip,Ngetich,philip.ngetich50724@students.ac.ke
50725,Frances,Nzomo,frances.nzomo50725@students.ac.ke
50726,Julian,Mutisya,julian.mutisya50726@college.ac.ke
50727,George,Kimani,george.kimani50727@academy.ac.ke
50728,Florence,Otieno,florence.otieno50728@school.ac.ke
50729,Victor,Nduku,victor.nduku50729@academy.ac.ke
50730,Victor,Muturi,victor.muturi50730@college.ac.ke
50731,Ruth,Mutai,ruth.mutai50731@college.ac.ke
50732,Samuel,Adhiambo,samuel.adhiambo50732@school.ac.ke
50733,Peter,Koech,peter.koech50733@students.ac.ke
50734,Gordon,Adhiambo,gordon.adhiambo50734@college.ac.ke
50735,Daniel,Abdi,daniel.abdi50735@school.ac.ke
50736,Diana,Musyoka,diana.musyoka50736@school.ac.ke
50737,Agnes,Mutai,agnes.mutai50737@college.ac.ke
50738,Hannah,Ogolla,hannah.ogolla50738@uni.ac.ke
50739,Gladys,Musa,gladys.musa50739@students.ac.ke
50740,Faith,Achieng,faith.achieng50740@uni.ac.ke
50741,Ivan,Akumu,ivan.akumu50741@college.ac.ke
50742,Peter,Okello,peter.okello50742@academy.ac.ke
50743,Esther,Akumu,esther.akumu50743@students.ac.ke
50744,Philip,Kinyua,philip.kinyua50744@college.ac.ke
50745,Ivan,Rotich,ivan.rotich50745@academy.ac.ke
50746,Eleanor,Ahmed,eleanor.ahmed50746@academy.ac.ke
50747,Harold,Farah,harold.farah50747@college.ac.ke
50748,Diana,Mutisya,diana.mutisya50748@college.ac.ke
50749,George,Mwangi,george.mwangi50749@school.ac.ke
50750,Douglas,Wairimu,douglas.wairimu50750@college.ac.ke
50751,Helen,Omar,helen.omar50751@uni.ac.ke
50752,Gloria,Juma,gloria.juma50752@school.ac.ke
50753,Eleanor,Otieno,eleanor.otieno50753@school.ac.ke
50754,George,Maina,george.maina50754@students.ac.ke
50755,Henry,Gathoni,henry.gathoni50755@students.ac.ke
50756,Mary,Ogolla,mary.ogolla50756@students.ac.ke
50757,Beatrice,Awuor,beatrice.awuor50757@uni.ac.ke
50758,Carol,Ibrahim,carol.ibrahim50758@students.ac.ke
50759,William,Awuor,william.awuor50759@school.ac.ke
50760,Lewis,Gitau,lewis.gitau50760@college.ac.ke
50761,Florence,Koech,florence.koech50761@college.ac.ke
50762,Michael,Gathoni,michael.gathoni50762@uni.ac.ke
50763,Naomi,Mutua,naomi.mutua50763@school.ac.ke
50764,Joyce,Mutua,joyce.mutua50764@academy.ac.ke
50765,Victor,Wairimu,victor.wairimu50765@school.ac.ke
50766,Ruth,Kamau,ruth.kamau50766@students.ac.ke
50767,Esther,Njoki,esther.njoki50767@uni.ac.ke
50768,Ruth,Kamau,ruth.kamau50768@uni.ac.ke
50769,Philip,Ndegwa,philip.ndegwa50769@college.ac.ke
50770,Philip,Mbatha,philip.mbatha50770@uni.ac.ke
50771,Harriet,Chebet,harriet.chebet50771@uni.ac.ke
50772,Naomi,Yusuf,naomi.yusuf50772@academy.ac.ke
50773,Victor,Kinyua,victor.kinyua50773@students.ac.ke
50774,Hannah,Mutisya,hannah.mutisya50774@students.ac.ke
50775,Kenneth,Muturi,kenneth.muturi50775@school.ac.ke
50776,Esther,Rotich,esther.rotich50776@academy.ac.ke
50777,Naomi,Rotich,naomi.rotich50777@students.ac.ke
50778,George,Njoroge,george.njoroge50778@academy.ac.ke
50779,Oscar,Mutai,oscar.mutai50779@school.ac.ke
50780,Bernard,Onyango,bernard.onyango50780@academy.ac.ke
50781,Irene,Njuguna,irene.njuguna50781@uni.ac.ke
50782,Harriet,Owino,harriet.owino50782@college.ac.ke
50783,Dorothy,Ochieng,dorothy.ochieng50783@students.ac.ke
50784,Samuel,Bett,samuel.bett50784@college.ac.ke
50785,Thomas,Mutisya,thomas.mutisya50785@uni.ac.ke
50786,Eleanor,Kinyua,eleanor.kinyua50786@school.ac.ke
50787,Irene,Owino,irene.owino50787@school.ac.ke
50788,Helen,Kinyua,helen.kinyua50788@college.ac.ke
50789,Gloria,Njoki,gloria.njoki50789@students.ac.ke
50790,Jacob,Bett,jacob.bett50790@academy.ac.ke
50791,Kenneth,Hassan,kenneth.hassan50791@uni.ac.ke
50792,Frances,Lagat,frances.lagat50792@college.ac.ke
50793,Dorothy,Mutai,dorothy.mutai50793@school.ac.ke
50794,Bernard,Hassan,bernard.hassan50794@uni.ac.ke
50795,Simon,Mutisya,simon.mutisya50795@school.ac.ke
50796,Frances,Bett,frances.bett50796@school.ac.ke
50797,Ivan,Kasyoka,ivan.kasyoka50797@students.ac.ke
50798,Eric,Hassan,eric.hassan50798@school.ac.ke
50799,Hannah,Ruto,hannah.ruto50799@college.ac.ke
50800,John,Onyango,john.onyango50800@academy.ac.ke
50801,Harold,Gitau,harold.gitau50801@academy.ac.ke
50802,Eleanor,Farah,eleanor.farah50802@school.ac.ke
50803,Janet,Gathoni,janet.gathoni50803@academy.ac.ke
50804,Joyce,Onyango,joyce.onyango50804@students.ac.ke
50805,Bernard,Adhiambo,bernard.adhiambo50805@uni.ac.ke
50806,Quentin,Njuguna,quentin.njuguna50806@uni.ac.ke
50807,Betty,Kimani,betty.kimani50807@academy.ac.ke
50808,Charles,Khalid,charles.khalid50808@students.ac.ke
50809,Lydia,Bett,lydia.bett50809@school.ac.ke
50810,Daniel,Ahmed,daniel.ahmed50810@school.ac.ke
50811,Mary,Muturi,mary.muturi50811@uni.ac.ke
50812,Florence,Yusuf,florence.yusuf50812@school.ac.ke
50813,Kevin,Gitonga,kevin.gitonga50813@students.ac.ke
50814,Kevin,Yusuf,kevin.yusuf50814@academy.ac.ke
50815,Irene,Ruto,irene.ruto50815@uni.ac.ke
50816,Michael,Akumu,michael.akumu50816@uni.ac.ke
50817,Simon,Njoroge,simon.njoroge50817@students.ac.ke
50818,Charles,Mutai,charles.mutai50818@academy.ac.ke
50819,Brian,Mwenda,brian.mwenda50819@college.ac.ke
50820,Noah,Wairimu,noah.wairimu50820@school.ac.ke
50821,Grace,Mutisya,grace.mutisya50821@school.ac.ke
50822,Alice,Ochieng,alice.ochieng50822@uni.ac.ke
50823,Quentin,Gitonga,quentin.gitonga50823@college.ac.ke
50824,Irene,Njoki,irene.njoki50824@academy.ac.ke
50825,Gloria,Omar,gloria.omar50825@students.ac.ke
50826,Janet,Ndegwa,janet.ndegwa50826@uni.ac.ke
50827,Thomas,Adhiambo,thomas.adhiambo50827@academy.ac.ke
50828,Joseph,Nduku,joseph.nduku50828@school.ac.ke
50829,Lydia,Mwenda,lydia.mwenda50829@students.ac.ke
50830,Dorothy,Ochieng,dorothy.ochieng50830@uni.ac.ke
50831,Harold,Wairimu,harold.wairimu50831@school.ac.ke
50832,Moses,Mumo,moses.mumo50832@college.ac.ke
50833,Oscar,Ogolla,oscar.ogolla50833@students.ac.ke
50834,Beatrice,Ruto,beatrice.ruto50834@school.ac.ke
50835,Ivan,Njoroge,ivan.njoroge50835@academy.ac.ke
50836,Gordon,Muturi,gordon.muturi50836@students.ac.ke
50837,Lewis,Chebet,lewis.chebet50837@academy.ac.ke
50838,Joseph,Kiprotich,joseph.kiprotich50838@students.ac.ke
50839,Victor,Gichuki,victor.gichuki50839@students.ac.ke
50840,Edith,Mwenda,edith.mwenda50840@students.ac.ke
50841,Hope,Musa,hope.musa50841@school.ac.ke
50842,Lydia,Ochieng,lydia.ochieng50842@academy.ac.ke
50843,Daniel,Ahmed,daniel.ahmed50843@college.ac.ke
50844,Naomi,Achieng,naomi.achieng50844@academy.ac.ke
50845,Esther,Koech,esther.koech50845@college.ac.ke
50846,James,Njuguna,james.njuguna50846@school.ac.ke
50847,Lydia,Adhiambo,lydia.adhiambo50847@students.ac.ke
50848,Quentin,Gichuki,quentin.gichuki50848@uni.ac.ke
50849,George,Odhiambo,george.odhiambo50849@academy.ac.ke
50850,Thomas,Odhiambo,thomas.odhiambo50850@academy.ac.ke
50851,James,Odhiambo,james.odhiambo50851@students.ac.ke
50852,Esther,Okello,esther.okello50852@students.ac.ke
50853,Agnes,Gitau,agnes.gitau50853@uni.ac.ke
50854,Harriet,Ibrahim,harriet.ibrahim50854@students.ac.ke
50855,Gordon,Muturi,gordon.muturi50855@academy.ac.ke
50856,Simon,Adhiambo,simon.adhiambo50856@academy.ac.ke
50857,John,Adhiambo,john.adhiambo50857@school.ac.ke
50858,George,Nzomo,george.nzomo50858@academy.ac.ke
50859,Faith,Chebet,faith.chebet50859@students.ac.ke
50860,Ivan,Okello,ivan.okello50860@students.ac.ke
50861,Mary,Khalid,mary.khalid50861@academy.ac.ke
50862,Agnes,Adhiambo,agnes.adhiambo50862@school.ac.ke
50863,Ivan,Kyalo,ivan.kyalo50863@college.ac.ke
50864,Gordon,Hassan,gordon.hassan50864@academy.ac.ke
50865,Quentin,Kyalo,quentin.kyalo50865@uni.ac.ke
50866,William,Gathoni,william.gathoni50866@academy.ac.ke
50867,Paul,Khalid,paul.khalid50867@college.ac.ke
50868,Agnes,Waweru,agnes.waweru50868@students.ac.ke
50869,Edith,Kimani,edith.kimani50869@students.ac.ke
50870,Jacob,Wanjiku,jacob.wanjiku50870@uni.ac.ke
50871,Gladys,Kariuki,gladys.kariuki50871@college.ac.ke
50872,Carol,Abdi,carol.abdi50872@academy.ac.ke
50873,Lydia,Otieno,lydia.otieno50873@uni.ac.ke
50874,Eleanor,Odhiambo,eleanor.odhiambo50874@college.ac.ke
50875,Irene,Musa,irene.musa50875@college.ac.ke
50876,Lewis,Kyalo,lewis.kyalo50876@academy.ac.ke
50877,Dennis,Gichuki,dennis.gichuki50877@school.ac.ke
50878,Hope,Gitonga,hope.gitonga50878@school.ac.ke
50879,Raymond,Abdi,raymond.abdi50879@students.ac.ke
50880,Betty,Gitau,betty.gitau50880@students.ac.ke
50881,John,Bett,john.bett50881@college.ac.ke
50882,Gordon,Omondi,gordon.omondi50882@school.ac.ke
50883,George,Kasyoka,george.kasyoka50883@students.ac.ke
50884,Betty,Kyalo,betty.kyalo50884@students.ac.ke
50885,Joyce,Yusuf,joyce.yusuf50885@school.ac.ke
50886,Douglas,Odhiambo,douglas.odhiambo50886@school.ac.ke
50887,Mary,Gathoni,mary.gathoni50887@students.ac.ke
50888,Eleanor,Otieno,eleanor.otieno50888@students.ac.ke
50889,Quentin,Mwangi,quentin.mwangi50889@college.ac.ke
50890,James,Mwangi,james.mwangi50890@students.ac.ke
50891,Joyce,Akumu,joyce.akumu50891@school.ac.ke
50892,Hope,Omar,hope.omar50892@school.ac.ke
50893,Quentin,Khalid,quentin.khalid50893@academy.ac.ke
50894,Frances,Njoroge,frances.njoroge50894@academy.ac.ke
50895,Joseph,Kyalo,joseph.kyalo50895@academy.ac.ke
50896,Francis,Yusuf,francis.yusuf50896@uni.ac.ke
50897,Naomi,Yusuf,naomi.yusuf50897@college.ac.ke
50898,Ruth,Okello,ruth.okello50898@academy.ac.ke
50899,Bernard,Mwenda,bernard.mwenda50899@students.ac.ke
50900,Charles,Ngetich,charles.ngetich50900@school.ac.ke
50901,Victor,Njoroge,victor.njoroge50901@academy.ac.ke
50902,Betty,Otieno,betty.otieno50902@uni.ac.ke
50903,Philip,Nduku,philip.nduku50903@students.ac.ke
50904,Faith,Gitau,faith.gitau50904@academy.ac.ke
50905,David,Yusuf,david.yusuf50905@students.ac.ke
50906,Charles,Achieng,charles.achieng50906@school.ac.ke
50907,Grace,Ogolla,grace.ogolla50907@college.ac.ke
50908,Charles,Mutisya,charles.mutisya50908@school.ac.ke
50909,Joyce,Kiptoo,joyce.kiptoo50909@students.ac.ke
50910,Simon,Rotich,simon.rotich50910@academy.ac.ke
50911,Betty,Omar,betty.omar50911@students.ac.ke
50912,Thomas,Muturi,thomas.muturi50912@college.ac.ke
50913,Helen,Achieng,helen.achieng50913@students.ac.ke
50914,Moses,Kinyua,moses.kinyua50914@uni.ac.ke
50915,Bernard,Farah,bernard.farah50915@academy.ac.ke
50916,Esther,Nduku,esther.nduku50916@college.ac.ke
50917,Peter,Gichuki,peter.gichuki50917@school.ac.ke
50918,Janet,Ogolla,janet.ogolla50918@school.ac.ke
50919,Carol,Otieno,carol.otieno50919@college.ac.ke
50920,Helen,Ndegwa,helen.ndegwa50920@college.ac.ke
50921,Isaac,Koech,isaac.koech50921@uni.ac.ke
50922,Joy,Gichuki,joy.gichuki50922@academy.ac.ke
50923,Gordon,Musyoka,gordon.musyoka50923@uni.ac.ke
50924,Joyce,Mumo,joyce.mumo50924@college.ac.ke
50925,Betty,Njuguna,betty.njuguna50925@uni.ac.ke
50926,Kenneth,Nzomo,kenneth.nzomo50926@school.ac.ke
50927,Philip,Omar,philip.omar50927@academy.ac.ke
50928,James,Bett,james.bett50928@uni.ac.ke
50929,Isaac,Lagat,isaac.lagat50929@academy.ac.ke
50930,Kevin,Yusuf,kevin.yusuf50930@uni.ac.ke
50931,Kenneth,Abdi,kenneth.abdi50931@students.ac.ke
50932,Oscar,Ochieng,oscar.ochieng50932@college.ac.ke
50933,Dorothy,Otieno,dorothy.otieno50933@uni.ac.ke
50934,Helen,Chebet,helen.chebet50934@academy.ac.ke
50935,Robert,Wairimu,robert.wairimu50935@academy.ac.ke
50936,Mary,Omar,mary.omar50936@uni.ac.ke
50937,Samuel,Musyoka,samuel.musyoka50937@uni.ac.ke
50938,Francis,Omondi,francis.omondi50938@uni.ac.ke
50939,Daniel,Mutisya,daniel.mutisya50939@college.ac.ke
50940,Hope,Njuguna,hope.njuguna50940@academy.ac.ke
50941,Beatrice,Ahmed,beatrice.ahmed50941@uni.ac.ke
50942,Robert,Mutua,robert.mutua50942@college.ac.ke
50943,Oscar,Omar,oscar.omar50943@college.ac.ke
50944,Douglas,Njuguna,douglas.njuguna50944@college.ac.ke
50945,Janet,Waweru,janet.waweru50945@academy.ac.ke
50946,Francis,Kiprotich,francis.kiprotich50946@academy.ac.ke
50947,Peter,Musyoka,peter.musyoka50947@students.ac.ke
50948,Raymond,Gitau,raymond.gitau50948@uni.ac.ke
50949,Oscar,Kinyua,oscar.kinyua50949@academy.ac.ke
50950,David,Lagat,david.lagat50950@students.ac.ke
50951,Philip,Njoki,philip.njoki50951@college.ac.ke
50952,Henry,Bett,henry.bett50952@students.ac.ke
50953,Irene,Yusuf,irene.yusuf50953@uni.ac.ke
50954,Raymond,Chebet,raymond.chebet50954@students.ac.ke
50955,Esther,Njuguna,esther.njuguna50955@students.ac.ke
50956,Hannah,Awuor,hannah.awuor50956@college.ac.ke
50957,Betty,Mbatha,betty.mbatha50957@academy.ac.ke
50958,Oscar,Okello,oscar.okello50958@students.ac.ke
50959,Lydia,Nzomo,lydia.nzomo50959@college.ac.ke
50960,Gladys,Awuor,gladys.awuor50960@uni.ac.ke
50961,Douglas,Abdi,douglas.abdi50961@students.ac.ke
50962,Lydia,Nduku,lydia.nduku50962@college.ac.ke
50963,Edith,Nzomo,edith.nzomo50963@uni.ac.ke
50964,Florence,Koech,florence.koech50964@students.ac.ke
50965,Oscar,Njoroge,oscar.njoroge50965@students.ac.ke
50966,Lydia,Wanjiku,lydia.wanjiku50966@academy.ac.ke
50967,Janet,Kariuki,janet.kariuki50967@school.ac.ke
50968,Eric,Mutisya,eric.mutisya50968@academy.ac.ke
50969,Moses,Okello,moses.okello50969@school.ac.ke
50970,William,Kasyoka,william.kasyoka50970@uni.ac.ke
50971,Frances,Njoroge,frances.njoroge50971@students.ac.ke
50972,Naomi,Ahmed,naomi.ahmed50972@students.ac.ke
50973,Irene,Ruto,irene.ruto50973@academy.ac.ke
50974,Irene,Hassan,irene.hassan50974@students.ac.ke
50975,Irene,Achieng,irene.achieng50975@college.ac.ke
50976,Joseph,Ngetich,joseph.ngetich50976@students.ac.ke
50977,Agnes,Awuor,agnes.awuor50977@academy.ac.ke
50978,Raymond,Owino,raymond.owino50978@academy.ac.ke
50979,Eleanor,Kyalo,eleanor.kyalo50979@students.ac.ke
50980,Isaac,Waweru,isaac.waweru50980@uni.ac.ke
50981,Gordon,Waweru,gordon.waweru50981@students.ac.ke
50982,Esther,Ibrahim,esther.ibrahim50982@college.ac.ke
50983,George,Kasyoka,george.kasyoka50983@school.ac.ke
50984,George,Lagat,george.lagat50984@college.ac.ke
50985,Jacob,Kimani,jacob.kimani50985@school.ac.ke
50986,James,Musyoka,james.musyoka50986@school.ac.ke
50987,Dennis,Akumu,dennis.akumu50987@students.ac.ke
50988,David,Mwangi,david.mwangi50988@school.ac.ke
50989,William,Achieng,william.achieng50989@uni.ac.ke
50990,Beatrice,Ochieng,beatrice.ochieng50990@school.ac.ke
50991,Catherine,Kasyoka,catherine.kasyoka50991@school.ac.ke
50992,Helen,Mutisya,helen.mutisya50992@school.ac.ke
50993,Henry,Owino,henry.owino50993@academy.ac.ke
50994,Diana,Nzomo,diana.nzomo50994@uni.ac.ke
50995,Florence,Kinyua,florence.kinyua50995@uni.ac.ke
50996,Helen,Otieno,helen.otieno50996@school.ac.ke
50997,Ruth,Otieno,ruth.otieno50997@students.ac.ke
50998,Charles,Mwangi,charles.mwangi50998@school.ac.ke
50999,Daniel,Gitonga,daniel.gitonga50999@academy.ac.ke
51000,Michael,Ibrahim,michael.ibrahim51000@uni.ac.ke
51001,Francis,Kariuki,francis.kariuki51001@school.ac.ke
51002,Irene,Kariuki,irene.kariuki51002@uni.ac.ke
51003,Daniel,Maina,daniel.maina51003@uni.ac.ke
51004,Joseph,Owino,joseph.owino51004@students.ac.ke
51005,Helen,Njoroge,helen.njoroge51005@college.ac.ke
51006,Florence,Maina,florence.maina51006@college.ac.ke
51007,Eleanor,Kiprotich,eleanor.kiprotich51007@school.ac.ke
51008,Simon,Njoroge,simon.njoroge51008@uni.ac.ke
51009,Charles,Lagat,charles.lagat51009@uni.ac.ke
51010,Edwin,Muturi,edwin.muturi51010@uni.ac.ke
51011,Frances,Kasyoka,frances.kasyoka51011@school.ac.ke
51012,Quentin,Mutisya,quentin.mutisya51012@uni.ac.ke
51013,Gloria,Kasyoka,gloria.kasyoka51013@school.ac.ke
51014,Ruth,Waweru,ruth.waweru51014@college.ac.ke
51015,Edwin,Musyoka,edwin.musyoka51015@academy.ac.ke
51016,Betty,Otieno,betty.otieno51016@school.ac.ke
51017,Lydia,Wanjiku,lydia.wanjiku51017@college.ac.ke
51018,David,Omar,david.omar51018@college.ac.ke
51019,Florence,Rotich,florence.rotich51019@students.ac.ke
51020,Robert,Maina,robert.maina51020@school.ac.ke
51021,Joy,Waweru,joy.waweru51021@students.ac.ke
51022,Agnes,Ahmed,agnes.ahmed51022@college.ac.ke
51023,Ruth,Akumu,ruth.akumu51023@students.ac.ke
51024,Hannah,Kinyua,hannah.kinyua51024@academy.ac.ke
51025,Adrian,Adhiambo,adrian.adhiambo51025@uni.ac.ke
51026,Robert,Ngetich,robert.ngetich51026@school.ac.ke
51027,Moses,Kamau,moses.kamau51027@school.ac.ke
51028,Samuel,Wanjiku,samuel.wanjiku51028@students.ac.ke
51029,Dorothy,Kiprotich,dorothy.kiprotich51029@uni.ac.ke
51030,Hope,Mbatha,hope.mbatha51030@school.ac.ke
51031,Gordon,Kinyua,gordon.kinyua51031@college.ac.ke
51032,Julian,Ngetich,julian.ngetich51032@students.ac.ke
51033,Irene,Ruto,irene.ruto51033@college.ac.ke
51034,George,Ahmed,george.ahmed51034@academy.ac.ke
51035,Lewis,Gathoni,lewis.gathoni51035@college.ac.ke
51036,Harriet,Okello,harriet.okello51036@students.ac.ke
51037,Edith,Nduku,edith.nduku51037@academy.ac.ke
51038,Carol,Owino,carol.owino51038@uni.ac.ke
51039,Harriet,Omondi,harriet.omondi51039@school.ac.ke
51040,Gloria,Achieng,gloria.achieng51040@students.ac.ke
51041,Thomas,Ngetich,thomas.ngetich51041@uni.ac.ke
51042,Ivan,Ogolla,ivan.ogolla51042@academy.ac.ke
51043,Dennis,Gitau,dennis.gitau51043@school.ac.ke
51044,Kenneth,Otieno,kenneth.otieno51044@uni.ac.ke
51045,Joyce,Maina,joyce.maina51045@academy.ac.ke
51046,Harold,Kamau,harold.kamau51046@college.ac.ke
51047,Lewis,Ogolla,lewis.ogolla51047@uni.ac.ke
51048,Esther,Gathoni,esther.gathoni51048@uni.ac.ke
51049,Henry,Bett,henry.bett51049@students.ac.ke
51050,Gloria,Adhiambo,gloria.adhiambo51050@academy.ac.ke
51051,Quentin,Achieng,quentin.achieng51051@college.ac.ke
51052,Catherine,Njoki,catherine.njoki51052@college.ac.ke
51053,Joseph,Mutai,joseph.mutai51053@academy.ac.ke
51054,Ivan,Ruto,ivan.ruto51054@uni.ac.ke
51055,Julian,Wairimu,julian.wairimu51055@school.ac.ke
51056,Raymond,Nduku,raymond.nduku51056@school.ac.ke
51057,Julian,Kinyua,julian.kinyua51057@academy.ac.ke
51058,Joyce,Bett,joyce.bett51058@students.ac.ke
51059,Peter,Odhiambo,peter.odhiambo51059@academy.ac.ke
51060,Moses,Kinyua,moses.kinyua51060@school.ac.ke
51061,Naomi,Njoroge,naomi.njoroge51061@academy.ac.ke
51062,Ivan,Odhiambo,ivan.odhiambo51062@school.ac.ke
51063,Kevin,Ndegwa,kevin.ndegwa51063@uni.ac.ke
51064,John,Kinyua,john.kinyua51064@academy.ac.ke
51065,Edwin,Mumo,edwin.mumo51065@college.ac.ke
51066,Dorothy,Abdi,dorothy.abdi51066@college.ac.ke
51067,Harold,Akumu,harold.akumu51067@college.ac.ke
51068,Julian,Njoroge,julian.njoroge51068@college.ac.ke
51069,Kenneth,Njoroge,kenneth.njoroge51069@school.ac.ke
51070,Harold,Rotich,harold.rotich51070@college.ac.ke
51071,Harold,Yusuf,harold.yusuf51071@students.ac.ke
51072,Alice,Gathoni,alice.gathoni51072@school.ac.ke
51073,Lydia,Kiprotich,lydia.kiprotich51073@uni.ac.ke
51074,Beatrice,Kasyoka,beatrice.kasyoka51074@school.ac.ke
51075,Grace,Bett,grace.bett51075@academy.ac.ke
51076,James,Kamau,james.kamau51076@students.ac.ke
51077,John,Muturi,john.muturi51077@uni.ac.ke
51078,Moses,Ibrahim,moses.ibrahim51078@college.ac.ke
51079,William,Akumu,william.akumu51079@academy.ac.ke
51080,Dorothy,Nzomo,dorothy.nzomo51080@school.ac.ke
51081,Harriet,Ngetich,harriet.ngetich51081@students.ac.ke
51082,Helen,Gitau,helen.gitau51082@college.ac.ke
51083,Faith,Wanjiku,faith.wanjiku51083@academy.ac.ke
51084,Michael,Gitonga,michael.gitonga51084@uni.ac.ke
51085,Isaac,Yusuf,isaac.yusuf51085@students.ac.ke
51086,Kenneth,Mwangi,kenneth.mwangi51086@uni.ac.ke
51087,Edwin,Omondi,edwin.omondi51087@academy.ac.ke
51088,Gladys,Ogolla,gladys.ogolla51088@college.ac.ke
51089,Kevin,Ogolla,kevin.ogolla51089@school.ac.ke
51090,Lydia,Muturi,lydia.muturi51090@college.ac.ke
51091,Bernard,Mwenda,bernard.mwenda51091@school.ac.ke
51092,Carol,Farah,carol.farah51092@college.ac.ke
51093,Samuel,Kimani,samuel.kimani51093@school.ac.ke
51094,Florence,Lagat,florence.lagat51094@uni.ac.ke
51095,Edwin,Njuguna,edwin.njuguna51095@uni.ac.ke
51096,Thomas,Farah,thomas.farah51096@students.ac.ke
51097,Harold,Khalid,harold.khalid51097@college.ac.ke
51098,Alice,Rotich,alice.rotich51098@college.ac.ke
51099,William,Awuor,william.awuor51099@uni.ac.ke
51100,James,Nduku,james.nduku51100@academy.ac.ke
51101,Raymond,Njuguna,raymond.njuguna51101@academy.ac.ke
51102,Noah,Nduku,noah.nduku51102@academy.ac.ke
51103,Hope,Lagat,hope.lagat51103@academy.ac.ke
51104,Joyce,Bett,joyce.bett51104@academy.ac.ke
51105,Lewis,Hassan,lewis.hassan51105@college.ac.ke
51106,Brian,Mbatha,brian.mbatha51106@academy.ac.ke
51107,Daniel,Ogolla,daniel.ogolla51107@school.ac.ke
51108,Dennis,Musa,dennis.musa51108@academy.ac.ke
51109,Ruth,Mwenda,ruth.mwenda51109@school.ac.ke
51110,Esther,Okello,esther.okello51110@uni.ac.ke
51111,Gordon,Mwenda,gordon.mwenda51111@academy.ac.ke
51112,Agnes,Mutua,agnes.mutua51112@college.ac.ke
51113,Dennis,Koech,dennis.koech51113@school.ac.ke
51114,Joseph,Omondi,joseph.omondi51114@students.ac.ke
51115,Oscar,Onyango,oscar.onyango51115@school.ac.ke
51116,Gordon,Nzomo,gordon.nzomo51116@academy.ac.ke
51117,Philip,Gathoni,philip.gathoni51117@uni.ac.ke
51118,Lydia,Hassan,lydia.hassan51118@academy.ac.ke
51119,Ivan,Farah,ivan.farah51119@school.ac.ke
51120,William,Odhiambo,william.odhiambo51120@college.ac.ke
51121,Thomas,Nzomo,thomas.nzomo51121@uni.ac.ke
51122,Catherine,Kiptoo,catherine.kiptoo51122@uni.ac.ke
51123,Moses,Mutua,moses.mutua51123@academy.ac.ke
51124,Hope,Mumo,hope.mumo51124@uni.ac.ke
51125,Harriet,Musyoka,harriet.musyoka51125@school.ac.ke
51126,Hannah,Gathoni,hannah.gathoni51126@school.ac.ke
51127,Edith,Lagat,edith.lagat51127@academy.ac.ke
51128,Helen,Wairimu,helen.wairimu51128@uni.ac.ke
51129,Victor,Owino,victor.owino51129@students.ac.ke
51130,Joy,Kimani,joy.kimani51130@school.ac.ke
51131,Thomas,Chebet,thomas.chebet51131@academy.ac.ke
51132,Thomas,Nzomo,thomas.nzomo51132@college.ac.ke
51133,Francis,Awuor,francis.awuor51133@students.ac.ke
51134,Francis,Muturi,francis.muturi51134@school.ac.ke
51135,Dorothy,Mwangi,dorothy.mwangi51135@uni.ac.ke
51136,Edith,Onyango,edith.onyango51136@school.ac.ke
51137,Adrian,Adhiambo,adrian.adhiambo51137@academy.ac.ke
51138,Jacob,Nzomo,jacob.nzomo51138@college.ac.ke
51139,Douglas,Nduku,douglas.nduku51139@uni.ac.ke
51140,Julian,Ruto,julian.ruto51140@academy.ac.ke
51141,Isaac,Wanjiku,isaac.wanjiku51141@academy.ac.ke
51142,Agnes,Kiprotich,agnes.kiprotich51142@academy.ac.ke
51143,Agnes,Owino,agnes.owino51143@college.ac.ke
51144,Michael,Otieno,michael.otieno51144@uni.ac.ke
51145,Florence,Maina,florence.maina51145@school.ac.ke
51146,Ruth,Khalid,ruth.khalid51146@uni.ac.ke
51147,William,Rotich,william.rotich51147@students.ac.ke
51148,Samuel,Waweru,samuel.waweru51148@school.ac.ke
51149,Gloria,Hassan,gloria.hassan51149@academy.ac.ke
51150,William,Ngetich,william.ngetich51150@college.ac.ke
51151,Esther,Ahmed,esther.ahmed51151@academy.ac.ke
51152,Joyce,Njoki,joyce.njoki51152@college.ac.ke
51153,Julian,Mutisya,julian.mutisya51153@academy.ac.ke
51154,Kenneth,Awuor,kenneth.awuor51154@students.ac.ke
51155,Eleanor,Chebet,eleanor.chebet51155@students.ac.ke
51156,Esther,Ibrahim,esther.ibrahim51156@uni.ac.ke
51157,Carol,Chebet,carol.chebet51157@school.ac.ke
51158,Dennis,Ahmed,dennis.ahmed51158@uni.ac.ke
51159,Irene,Rotich,irene.rotich51159@academy.ac.ke
51160,Thomas,Hassan,thomas.hassan51160@students.ac.ke
51161,Noah,Ahmed,noah.ahmed51161@school.ac.ke
51162,Irene,Otieno,irene.otieno51162@academy.ac.ke
51163,Peter,Wairimu,peter.wairimu51163@school.ac.ke
51164,Philip,Omar,philip.omar51164@students.ac.ke
51165,Faith,Muturi,faith.muturi51165@academy.ac.ke
51166,Helen,Gitonga,helen.gitonga51166@students.ac.ke
51167,Faith,Mbatha,faith.mbatha51167@uni.ac.ke
51168,Henry,Kasyoka,henry.kasyoka51168@college.ac.ke
51169,Simon,Waweru,simon.waweru51169@school.ac.ke
51170,Janet,Akumu,janet.akumu51170@college.ac.ke
51171,Thomas,Owino,thomas.owino51171@school.ac.ke
51172,Julian,Muturi,julian.muturi51172@college.ac.ke
51173,Joyce,Mbatha,joyce.mbatha51173@students.ac.ke
51174,Philip,Musa,philip.musa51174@academy.ac.ke
51175,Alice,Kiprotich,alice.kiprotich51175@college.ac.ke
51176,Bernard,Chebet,bernard.chebet51176@academy.ac.ke
51177,Adrian,Ndegwa,adrian.ndegwa51177@school.ac.ke
51178,Alice,Kasyoka,alice.kasyoka51178@academy.ac.ke
51179,Joseph,Farah,joseph.farah51179@uni.ac.ke
51180,Gladys,Gitonga,gladys.gitonga51180@school.ac.ke
51181,Eric,Bett,eric.bett51181@academy.ac.ke
51182,Noah,Njoki,noah.njoki51182@academy.ac.ke
51183,Dennis,Owino,dennis.owino51183@students.ac.ke
51184,Gloria,Ogolla,gloria.ogolla51184@college.ac.ke
51185,Florence,Otieno,florence.otieno51185@college.ac.ke
51186,Charles,Musa,charles.musa51186@uni.ac.ke
51187,William,Njuguna,william.njuguna51187@academy.ac.ke
51188,Peter,Odhiambo,peter.odhiambo51188@uni.ac.ke
51189,John,Kasyoka,john.kasyoka51189@academy.ac.ke
51190,Betty,Nduku,betty.nduku51190@school.ac.ke
51191,Faith,Kasyoka,faith.kasyoka51191@students.ac.ke
51192,Irene,Gichuki,irene.gichuki51192@students.ac.ke
51193,Francis,Nduku,francis.nduku51193@students.ac.ke
51194,Dorothy,Abdi,dorothy.abdi51194@uni.ac.ke
51195,William,Kariuki,william.kariuki51195@uni.ac.ke
51196,Robert,Yusuf,robert.yusuf51196@uni.ac.ke
51197,Noah,Ahmed,noah.ahmed51197@academy.ac.ke
51198,Alice,Mbatha,alice.mbatha51198@uni.ac.ke
51199,Harold,Bett,harold.bett51199@academy.ac.ke
51200,Mary,Ogolla,mary.ogolla51200@school.ac.ke
51201,Joy,Wairimu,joy.wairimu51201@college.ac.ke
51202,Gloria,Awuor,gloria.awuor51202@school.ac.ke
51203,Raymond,Khalid,raymond.khalid51203@school.ac.ke
51204,Harriet,Nzomo,harriet.nzomo51204@college.ac.ke
51205,Noah,Gitau,noah.gitau51205@school.ac.ke
51206,Esther,Bett,esther.bett51206@school.ac.ke
51207,Hannah,Mutua,hannah.mutua51207@students.ac.ke
51208,Edwin,Ochieng,edwin.ochieng51208@uni.ac.ke
51209,Diana,Chebet,diana.chebet51209@school.ac.ke
51210,Edith,Mwangi,edith.mwangi51210@students.ac.ke
51211,Julian,Musyoka,julian.musyoka51211@students.ac.ke
51212,Michael,Gathoni,michael.gathoni51212@college.ac.ke
51213,David,Njoroge,david.njoroge51213@uni.ac.ke
51214,Hannah,Achieng,hannah.achieng51214@students.ac.ke
51215,Paul,Omondi,paul.omondi51215@college.ac.ke
51216,Lewis,Omondi,lewis.omondi51216@college.ac.ke
51217,Victor,Gathoni,victor.gathoni51217@college.ac.ke
51218,Joy,Okello,joy.okello51218@college.ac.ke
51219,Michael,Achieng,michael.achieng51219@school.ac.ke
51220,Lydia,Wairimu,lydia.wairimu51220@academy.ac.ke
51221,Ivan,Otieno,ivan.otieno51221@uni.ac.ke
51222,Jacob,Ogolla,jacob.ogolla51222@academy.ac.ke
51223,Eric,Kiprotich,eric.kiprotich51223@uni.ac.ke
51224,Robert,Ahmed,robert.ahmed51224@students.ac.ke
51225,Eric,Mumo,eric.mumo51225@school.ac.ke
51226,Naomi,Ochieng,naomi.ochieng51226@academy.ac.ke
51227,Irene,Lagat,irene.lagat51227@uni.ac.ke
51228,Carol,Mutua,carol.mutua51228@college.ac.ke
51229,Beatrice,Ngetich,beatrice.ngetich51229@college.ac.ke
51230,Francis,Ngetich,francis.ngetich51230@school.ac.ke
51231,Adrian,Abdi,adrian.abdi51231@uni.ac.ke
51232,Ruth,Ibrahim,ruth.ibrahim51232@school.ac.ke
51233,Adrian,Kinyua,adrian.kinyua51233@college.ac.ke
51234,Dennis,Adhiambo,dennis.adhiambo51234@uni.ac.ke
51235,Mary,Ogolla,mary.ogolla51235@students.ac.ke
51236,Joseph,Wairimu,joseph.wairimu51236@students.ac.ke
51237,Edwin,Nzomo,edwin.nzomo51237@college.ac.ke
51238,Agnes,Mbatha,agnes.mbatha51238@college.ac.ke
51239,Peter,Adhiambo,peter.adhiambo51239@uni.ac.ke
51240,Dennis,Awuor,dennis.awuor51240@students.ac.ke
51241,Gordon,Farah,gordon.farah51241@students.ac.ke
51242,Samuel,Kamau,samuel.kamau51242@uni.ac.ke
51243,Adrian,Yusuf,adrian.yusuf51243@school.ac.ke
51244,Janet,Njuguna,janet.njuguna51244@students.ac.ke
51245,George,Ibrahim,george.ibrahim51245@academy.ac.ke
51246,Adrian,Gathoni,adrian.gathoni51246@academy.ac.ke
51247,Daniel,Hassan,daniel.hassan51247@students.ac.ke
51248,Simon,Onyango,simon.onyango51248@college.ac.ke
51249,Janet,Njuguna,janet.njuguna51249@uni.ac.ke
51250,Philip,Waweru,philip.waweru51250@students.ac.ke
51251,Agnes,Koech,agnes.koech51251@college.ac.ke
51252,Raymond,Musa,raymond.musa51252@uni.ac.ke
51253,Helen,Nzomo,helen.nzomo51253@students.ac.ke
51254,Beatrice,Njuguna,beatrice.njuguna51254@uni.ac.ke
51255,Joyce,Musa,joyce.musa51255@academy.ac.ke
51256,Janet,Kyalo,janet.kyalo51256@school.ac.ke
51257,Gladys,Owino,gladys.owino51257@school.ac.ke
51258,Brian,Achieng,brian.achieng51258@college.ac.ke
51259,Harriet,Ngetich,harriet.ngetich51259@school.ac.ke
51260,John,Owino,john.owino51260@uni.ac.ke
51261,Helen,Khalid,helen.khalid51261@students.ac.ke
51262,Agnes,Mutua,agnes.mutua51262@school.ac.ke
51263,Florence,Mbatha,florence.mbatha51263@college.ac.ke
51264,Betty,Gitau,betty.gitau51264@college.ac.ke
51265,Irene,Chebet,irene.chebet51265@students.ac.ke
51266,Eleanor,Kasyoka,eleanor.kasyoka51266@uni.ac.ke
51267,Esther,Khalid,esther.khalid51267@students.ac.ke
51268,Grace,Maina,grace.maina51268@college.ac.ke
51269,Hope,Onyango,hope.onyango51269@academy.ac.ke
51270,Harriet,Juma,harriet.juma51270@academy.ac.ke
51271,John,Kinyua,john.kinyua51271@college.ac.ke
51272,Grace,Musa,grace.musa51272@college.ac.ke
51273,Ivan,Wanjiku,ivan.wanjiku51273@students.ac.ke
51274,Diana,Adhiambo,diana.adhiambo51274@academy.ac.ke
51275,Harold,Juma,harold.juma51275@students.ac.ke
51276,Paul,Odhiambo,paul.odhiambo51276@college.ac.ke
51277,Betty,Odhiambo,betty.odhiambo51277@students.ac.ke
51278,Eric,Akumu,eric.akumu51278@academy.ac.ke
51279,Edwin,Ruto,edwin.ruto51279@school.ac.ke
51280,Frances,Ibrahim,frances.ibrahim51280@college.ac.ke
51281,Joyce,Wairimu,joyce.wairimu51281@college.ac.ke
51282,David,Kariuki,david.kariuki51282@students.ac.ke
51283,Catherine,Chebet,catherine.chebet51283@uni.ac.ke
51284,John,Musa,john.musa51284@college.ac.ke
51285,Irene,Musyoka,irene.musyoka51285@academy.ac.ke
51286,Francis,Mwangi,francis.mwangi51286@college.ac.ke
51287,Oscar,Musyoka,oscar.musyoka51287@college.ac.ke
51288,William,Kimani,william.kimani51288@college.ac.ke
51289,Irene,Njoroge,irene.njoroge51289@school.ac.ke
51290,Joseph,Gitonga,joseph.gitonga51290@college.ac.ke
51291,Simon,Onyango,simon.onyango51291@uni.ac.ke
51292,Diana,Awuor,diana.awuor51292@uni.ac.ke
51293,Brian,Gitonga,brian.gitonga51293@students.ac.ke
51294,Mary,Gathoni,mary.gathoni51294@academy.ac.ke
51295,Ivan,Adhiambo,ivan.adhiambo51295@students.ac.ke
51296,Douglas,Mbatha,douglas.mbatha51296@students.ac.ke
51297,Esther,Achieng,esther.achieng51297@school.ac.ke
51298,Quentin,Akumu,quentin.akumu51298@school.ac.ke
51299,Catherine,Kinyua,catherine.kinyua51299@academy.ac.ke
51300,Moses,Owino,moses.owino51300@uni.ac.ke
51301,Mary,Kinyua,mary.kinyua51301@school.ac.ke
51302,John,Mutai,john.mutai51302@students.ac.ke
51303,Irene,Mwangi,irene.mwangi51303@college.ac.ke
51304,Kevin,Ngetich,kevin.ngetich51304@academy.ac.ke
51305,Simon,Musa,simon.musa51305@school.ac.ke
51306,Betty,Kiprotich,betty.kiprotich51306@uni.ac.ke
51307,Joy,Muturi,joy.muturi51307@school.ac.ke
51308,Eric,Hassan,eric.hassan51308@college.ac.ke
51309,Raymond,Nduku,raymond.nduku51309@academy.ac.ke
51310,Jacob,Kiptoo,jacob.kiptoo51310@academy.ac.ke
51311,Hannah,Kinyua,hannah.kinyua51311@school.ac.ke
51312,John,Waweru,john.waweru51312@academy.ac.ke
51313,Helen,Kimani,helen.kimani51313@uni.ac.ke
51314,Hope,Gichuki,hope.gichuki51314@school.ac.ke
51315,Quentin,Maina,quentin.maina51315@uni.ac.ke
51316,Lydia,Nzomo,lydia.nzomo51316@academy.ac.ke
51317,Florence,Okello,florence.okello51317@college.ac.ke
51318,Joseph,Gathoni,joseph.gathoni51318@uni.ac.ke
51319,Alice,Musa,alice.musa51319@college.ac.ke
51320,Henry,Wanjiku,henry.wanjiku51320@students.ac.ke
51321,Brian,Koech,brian.koech51321@academy.ac.ke
51322,Esther,Juma,esther.juma51322@college.ac.ke
51323,Hope,Mutua,hope.mutua51323@college.ac.ke
51324,Isaac,Akumu,isaac.akumu51324@school.ac.ke
51325,Betty,Otieno,betty.otieno51325@college.ac.ke
51326,Lydia,Mutua,lydia.mutua51326@college.ac.ke
51327,Esther,Ahmed,esther.ahmed51327@college.ac.ke
51328,Jacob,Musyoka,jacob.musyoka51328@students.ac.ke
51329,Isaac,Waweru,isaac.waweru51329@uni.ac.ke
51330,Raymond,Farah,raymond.farah51330@academy.ac.ke
51331,Michael,Khalid,michael.khalid51331@academy.ac.ke
51332,Harold,Mumo,harold.mumo51332@students.ac.ke
51333,Charles,Onyango,charles.onyango51333@college.ac.ke
51334,Michael,Abdi,michael.abdi51334@academy.ac.ke
51335,Michael,Kasyoka,michael.kasyoka51335@academy.ac.ke
51336,Helen,Kiptoo,helen.kiptoo51336@uni.ac.ke
51337,Hannah,Abdi,hannah.abdi51337@school.ac.ke
51338,Hope,Gitonga,hope.gitonga51338@uni.ac.ke
51339,Eric,Mutua,eric.mutua51339@students.ac.ke
51340,Julian,Awuor,julian.awuor51340@uni.ac.ke
51341,Agnes,Juma,agnes.juma51341@students.ac.ke
51342,Eric,Kinyua,eric.kinyua51342@college.ac.ke
51343,Edith,Ngetich,edith.ngetich51343@school.ac.ke
51344,John,Muturi,john.muturi51344@uni.ac.ke
51345,Florence,Hassan,florence.hassan51345@school.ac.ke
51346,Helen,Mutua,helen.mutua51346@school.ac.ke
51347,Gordon,Rotich,gordon.rotich51347@college.ac.ke
51348,Francis,Ochieng,francis.ochieng51348@college.ac.ke
51349,Thomas,Mwangi,thomas.mwangi51349@academy.ac.ke
51350,Joseph,Musyoka,joseph.musyoka51350@students.ac.ke
51351,Edwin,Wanjiku,edwin.wanjiku51351@school.ac.ke
51352,Noah,Wairimu,noah.wairimu51352@college.ac.ke
51353,Joseph,Akumu,joseph.akumu51353@academy.ac.ke
51354,Thomas,Wairimu,thomas.wairimu51354@students.ac.ke
51355,Adrian,Kariuki,adrian.kariuki51355@academy.ac.ke
51356,Kevin,Njoroge,kevin.njoroge51356@academy.ac.ke
51357,Michael,Mutai,michael.mutai51357@uni.ac.ke
51358,Robert,Nzomo,robert.nzomo51358@school.ac.ke
51359,Eric,Mutisya,eric.mutisya51359@academy.ac.ke
51360,Robert,Ngetich,robert.ngetich51360@academy.ac.ke
51361,Raymond,Akumu,raymond.akumu51361@school.ac.ke
51362,Agnes,Hassan,agnes.hassan51362@uni.ac.ke
51363,Hope,Rotich,hope.rotich51363@school.ac.ke
51364,James,Juma,james.juma51364@academy.ac.ke
51365,Adrian,Ibrahim,adrian.ibrahim51365@school.ac.ke
51366,Brian,Awuor,brian.awuor51366@school.ac.ke
51367,James,Waweru,james.waweru51367@school.ac.ke
51368,Noah,Wairimu,noah.wairimu51368@academy.ac.ke
51369,Hope,Gitonga,hope.gitonga51369@school.ac.ke
51370,Philip,Lagat,philip.lagat51370@uni.ac.ke
51371,Joseph,Njuguna,joseph.njuguna51371@uni.ac.ke
51372,Dennis,Gichuki,dennis.gichuki51372@school.ac.ke
51373,Francis,Onyango,francis.onyango51373@school.ac.ke
51374,Lydia,Akumu,lydia.akumu51374@school.ac.ke
51375,Raymond,Omondi,raymond.omondi51375@academy.ac.ke
51376,Joseph,Maina,joseph.maina51376@students.ac.ke
51377,Edwin,Muturi,edwin.muturi51377@academy.ac.ke
51378,Frances,Wanjiku,frances.wanjiku51378@students.ac.ke
51379,Agnes,Mwenda,agnes.mwenda51379@students.ac.ke
51380,James,Farah,james.farah51380@school.ac.ke
51381,Brian,Onyango,brian.onyango51381@academy.ac.ke
51382,Julian,Omar,julian.omar51382@uni.ac.ke
51383,Julian,Akumu,julian.akumu51383@academy.ac.ke
51384,Isaac,Lagat,isaac.lagat51384@students.ac.ke
51385,Robert,Kasyoka,robert.kasyoka51385@college.ac.ke
51386,Beatrice,Kyalo,beatrice.kyalo51386@college.ac.ke
51387,Esther,Mbatha,esther.mbatha51387@academy.ac.ke
51388,Naomi,Gichuki,naomi.gichuki51388@academy.ac.ke
51389,Harriet,Kinyua,harriet.kinyua51389@students.ac.ke
51390,Joy,Ruto,joy.ruto51390@college.ac.ke
51391,Agnes,Njoki,agnes.njoki51391@uni.ac.ke
51392,Thomas,Ruto,thomas.ruto51392@uni.ac.ke
51393,George,Ahmed,george.ahmed51393@college.ac.ke
51394,Victor,Koech,victor.koech51394@academy.ac.ke
51395,Grace,Muturi,grace.muturi51395@academy.ac.ke
51396,Ruth,Chebet,ruth.chebet51396@college.ac.ke
51397,Adrian,Awuor,adrian.awuor51397@academy.ac.ke
51398,Raymond,Kasyoka,raymond.kasyoka51398@uni.ac.ke
51399,Helen,Kyalo,helen.kyalo51399@academy.ac.ke
51400,Julian,Gitau,julian.gitau51400@college.ac.ke
51401,Noah,Kariuki,noah.kariuki51401@college.ac.ke
51402,John,Adhiambo,john.adhiambo51402@uni.ac.ke
51403,Kevin,Njuguna,kevin.njuguna51403@school.ac.ke
51404,Hope,Ruto,hope.ruto51404@college.ac.ke
51405,Janet,Gitau,janet.gitau51405@college.ac.ke
51406,Quentin,Njoki,quentin.njoki51406@uni.ac.ke
51407,John,Ochieng,john.ochieng51407@college.ac.ke
51408,Quentin,Onyango,quentin.onyango51408@academy.ac.ke
51409,Victor,Wairimu,victor.wairimu51409@college.ac.ke
51410,Isaac,Ndegwa,isaac.ndegwa51410@academy.ac.ke
51411,Hannah,Okello,hannah.okello51411@academy.ac.ke
51412,Victor,Njoki,victor.njoki51412@academy.ac.ke
51413,Lydia,Kariuki,lydia.kariuki51413@uni.ac.ke
51414,George,Rotich,george.rotich51414@students.ac.ke
51415,Naomi,Musa,naomi.musa51415@academy.ac.ke
51416,Douglas,Chebet,douglas.chebet51416@uni.ac.ke
51417,Betty,Muturi,betty.muturi51417@academy.ac.ke
51418,Eric,Lagat,eric.lagat51418@academy.ac.ke
51419,Carol,Hassan,carol.hassan51419@academy.ac.ke
51420,Robert,Mutua,robert.mutua51420@college.ac.ke
51421,Lewis,Farah,lewis.farah51421@uni.ac.ke
51422,Janet,Otieno,janet.otieno51422@uni.ac.ke
51423,Mary,Hassan,mary.hassan51423@academy.ac.ke
51424,Philip,Kiprotich,philip.kiprotich51424@academy.ac.ke
51425,Oscar,Kimani,oscar.kimani51425@uni.ac.ke
51426,Samuel,Nzomo,samuel.nzomo51426@school.ac.ke
51427,Samuel,Koech,samuel.koech51427@academy.ac.ke
51428,David,Okello,david.okello51428@school.ac.ke
51429,Isaac,Kiprotich,isaac.kiprotich51429@students.ac.ke
51430,Francis,Kasyoka,francis.kasyoka51430@uni.ac.ke
51431,Esther,Musa,esther.musa51431@college.ac.ke
51432,Naomi,Kasyoka,naomi.kasyoka51432@academy.ac.ke
51433,Edith,Yusuf,edith.yusuf51433@students.ac.ke
51434,George,Omondi,george.omondi51434@uni.ac.ke
51435,Dorothy,Farah,dorothy.farah51435@academy.ac.ke
51436,Naomi,Kariuki,naomi.kariuki51436@uni.ac.ke
51437,Oscar,Ibrahim,oscar.ibrahim51437@uni.ac.ke
51438,Florence,Odhiambo,florence.odhiambo51438@academy.ac.ke
51439,Michael,Odhiambo,michael.odhiambo51439@uni.ac.ke
51440,Hannah,Gitonga,hannah.gitonga51440@students.ac.ke
51441,Joseph,Ndegwa,joseph.ndegwa51441@academy.ac.ke
51442,Michael,Lagat,michael.lagat51442@school.ac.ke
51443,Philip,Wairimu,philip.wairimu51443@college.ac.ke
51444,Betty,Kariuki,betty.kariuki51444@school.ac.ke
51445,Philip,Kariuki,philip.kariuki51445@uni.ac.ke
51446,Dorothy,Ndegwa,dorothy.ndegwa51446@uni.ac.ke
51447,Brian,Mwenda,brian.mwenda51447@college.ac.ke
51448,Adrian,Mumo,adrian.mumo51448@students.ac.ke
51449,Ivan,Awuor,ivan.awuor51449@uni.ac.ke
51450,Eric,Wairimu,eric.wairimu51450@students.ac.ke
51451,James,Nzomo,james.nzomo51451@academy.ac.ke
51452,Joy,Nduku,joy.nduku51452@school.ac.ke
51453,Quentin,Chebet,quentin.chebet51453@uni.ac.ke
51454,Lewis,Bett,lewis.bett51454@students.ac.ke
51455,Adrian,Kamau,adrian.kamau51455@academy.ac.ke
51456,Helen,Nzomo,helen.nzomo51456@school.ac.ke
51457,Charles,Njoroge,charles.njoroge51457@students.ac.ke
51458,James,Wairimu,james.wairimu51458@uni.ac.ke
51459,Alice,Akumu,alice.akumu51459@students.ac.ke
51460,Henry,Mutai,henry.mutai51460@academy.ac.ke
51461,Jacob,Musa,jacob.musa51461@students.ac.ke
51462,Betty,Wanjiku,betty.wanjiku51462@school.ac.ke
51463,Frances,Kiptoo,frances.kiptoo51463@academy.ac.ke
51464,Daniel,Koech,daniel.koech51464@students.ac.ke
51465,Janet,Farah,janet.farah51465@college.ac.ke
51466,Irene,Kiprotich,irene.kiprotich51466@school.ac.ke
51467,Brian,Rotich,brian.rotich51467@students.ac.ke
51468,Eleanor,Juma,eleanor.juma51468@college.ac.ke
51469,David,Akumu,david.akumu51469@students.ac.ke
51470,Harold,Hassan,harold.hassan51470@school.ac.ke
51471,Florence,Njoki,florence.njoki51471@academy.ac.ke
51472,Grace,Maina,grace.maina51472@college.ac.ke
51473,Dorothy,Farah,dorothy.farah51473@uni.ac.ke
51474,Naomi,Abdi,naomi.abdi51474@academy.ac.ke
51475,Simon,Kimani,simon.kimani51475@uni.ac.ke
51476,Irene,Okello,irene.okello51476@school.ac.ke
51477,Agnes,Khalid,agnes.khalid51477@uni.ac.ke
51478,Noah,Chebet,noah.chebet51478@students.ac.ke
51479,Brian,Otieno,brian.otieno51479@uni.ac.ke
51480,Henry,Gitau,henry.gitau51480@academy.ac.ke
51481,Gloria,Rotich,gloria.rotich51481@academy.ac.ke
51482,Julian,Abdi,julian.abdi51482@school.ac.ke
51483,Lewis,Muturi,lewis.muturi51483@uni.ac.ke
51484,Moses,Mutisya,moses.mutisya51484@academy.ac.ke
51485,Diana,Mwenda,diana.mwenda51485@school.ac.ke
51486,Agnes,Owino,agnes.owino51486@students.ac.ke
51487,Kenneth,Hassan,kenneth.hassan51487@uni.ac.ke
51488,Ruth,Kimani,ruth.kimani51488@students.ac.ke
51489,Charles,Wairimu,charles.wairimu51489@school.ac.ke
51490,Francis,Njuguna,francis.njuguna51490@school.ac.ke
51491,Esther,Kiprotich,esther.kiprotich51491@students.ac.ke
51492,Jacob,Yusuf,jacob.yusuf51492@school.ac.ke
51493,Frances,Mutisya,frances.mutisya51493@academy.ac.ke
51494,Henry,Nzomo,henry.nzomo51494@students.ac.ke
51495,Hope,Kinyua,hope.kinyua51495@uni.ac.ke
51496,Isaac,Mumo,isaac.mumo51496@students.ac.ke
51497,Mary,Rotich,mary.rotich51497@school.ac.ke
51498,Florence,Kimani,florence.kimani51498@academy.ac.ke
51499,Diana,Gitau,diana.gitau51499@students.ac.ke
51500,Dorothy,Ogolla,dorothy.ogolla51500@students.ac.ke
51501,Harriet,Mwangi,harriet.mwangi51501@students.ac.ke
51502,Thomas,Ochieng,thomas.ochieng51502@uni.ac.ke
51503,Irene,Omar,irene.omar51503@uni.ac.ke
51504,Isaac,Kariuki,isaac.kariuki51504@uni.ac.ke
51505,Francis,Okello,francis.okello51505@uni.ac.ke
51506,Adrian,Njuguna,adrian.njuguna51506@uni.ac.ke
51507,Charles,Lagat,charles.lagat51507@college.ac.ke
51508,Jacob,Onyango,jacob.onyango51508@college.ac.ke
51509,Moses,Musa,moses.musa51509@academy.ac.ke
51510,Joy,Nzomo,joy.nzomo51510@school.ac.ke
51511,Isaac,Kyalo,isaac.kyalo51511@college.ac.ke
51512,Lydia,Omar,lydia.omar51512@uni.ac.ke
51513,Samuel,Rotich,samuel.rotich51513@academy.ac.ke
51514,Mary,Maina,mary.maina51514@uni.ac.ke
51515,Beatrice,Mbatha,beatrice.mbatha51515@students.ac.ke
51516,Victor,Kiprotich,victor.kiprotich51516@college.ac.ke
51517,Faith,Gitonga,faith.gitonga51517@students.ac.ke
51518,Joy,Mutisya,joy.mutisya51518@school.ac.ke
51519,Dennis,Gathoni,dennis.gathoni51519@college.ac.ke
51520,Eric,Ndegwa,eric.ndegwa51520@school.ac.ke
51521,Gladys,Ogolla,gladys.ogolla51521@school.ac.ke
51522,David,Odhiambo,david.odhiambo51522@uni.ac.ke
51523,Harriet,Koech,harriet.koech51523@uni.ac.ke
51524,Joseph,Bett,joseph.bett51524@uni.ac.ke
51525,Joyce,Omar,joyce.omar51525@academy.ac.ke
51526,Hannah,Gitau,hannah.gitau51526@students.ac.ke
51527,Dennis,Yusuf,dennis.yusuf51527@academy.ac.ke
51528,Harriet,Khalid,harriet.khalid51528@college.ac.ke
51529,Eric,Ngetich,eric.ngetich51529@uni.ac.ke
51530,Agnes,Kiptoo,agnes.kiptoo51530@students.ac.ke
51531,Michael,Njuguna,michael.njuguna51531@school.ac.ke
51532,Noah,Gathoni,noah.gathoni51532@college.ac.ke
51533,Naomi,Ngetich,naomi.ngetich51533@academy.ac.ke
51534,Michael,Ochieng,michael.ochieng51534@academy.ac.ke
51535,Hope,Abdi,hope.abdi51535@academy.ac.ke
51536,Francis,Musyoka,francis.musyoka51536@academy.ac.ke
51537,Hope,Nzomo,hope.nzomo51537@school.ac.ke
51538,Betty,Abdi,betty.abdi51538@students.ac.ke
51539,Agnes,Nzomo,agnes.nzomo51539@uni.ac.ke
51540,Brian,Mutisya,brian.mutisya51540@uni.ac.ke
51541,David,Nduku,david.nduku51541@academy.ac.ke
51542,Quentin,Wairimu,quentin.wairimu51542@school.ac.ke
51543,Simon,Njoki,simon.njoki51543@students.ac.ke
51544,Thomas,Omondi,thomas.omondi51544@school.ac.ke
51545,Harold,Njoki,harold.njoki51545@uni.ac.ke
51546,Hannah,Juma,hannah.juma51546@academy.ac.ke
51547,Douglas,Awuor,douglas.awuor51547@academy.ac.ke
51548,Peter,Juma,peter.juma51548@students.ac.ke
51549,Ruth,Okello,ruth.okello51549@college.ac.ke
51550,Alice,Juma,alice.juma51550@college.ac.ke
51551,Julian,Omar,julian.omar51551@college.ac.ke
51552,Robert,Njoki,robert.njoki51552@students.ac.ke
51553,Florence,Awuor,florence.awuor51553@uni.ac.ke
51554,Faith,Yusuf,faith.yusuf51554@college.ac.ke
51555,Samuel,Musyoka,samuel.musyoka51555@college.ac.ke
51556,Julian,Nzomo,julian.nzomo51556@uni.ac.ke
51557,Hannah,Njoroge,hannah.njoroge51557@college.ac.ke
51558,Janet,Njoki,janet.njoki51558@students.ac.ke
51559,David,Achieng,david.achieng51559@academy.ac.ke
51560,Kenneth,Musa,kenneth.musa51560@college.ac.ke
51561,James,Ochieng,james.ochieng51561@school.ac.ke
51562,Irene,Omondi,irene.omondi51562@college.ac.ke
51563,Kevin,Kasyoka,kevin.kasyoka51563@academy.ac.ke
51564,Hannah,Gichuki,hannah.gichuki51564@uni.ac.ke
51565,Kenneth,Achieng,kenneth.achieng51565@college.ac.ke
51566,Eleanor,Akumu,eleanor.akumu51566@students.ac.ke
51567,Moses,Kasyoka,moses.kasyoka51567@uni.ac.ke
51568,Paul,Mwenda,paul.mwenda51568@students.ac.ke
51569,Victor,Wairimu,victor.wairimu51569@school.ac.ke
51570,George,Otieno,george.otieno51570@students.ac.ke
51571,Florence,Omar,florence.omar51571@college.ac.ke
51572,Charles,Kimani,charles.kimani51572@school.ac.ke
51573,Isaac,Musa,isaac.musa51573@school.ac.ke
51574,Oscar,Omar,oscar.omar51574@academy.ac.ke
51575,Dennis,Bett,dennis.bett51575@uni.ac.ke
51576,Oscar,Onyango,oscar.onyango51576@students.ac.ke
51577,Joseph,Hassan,joseph.hassan51577@academy.ac.ke
51578,Eleanor,Awuor,eleanor.awuor51578@academy.ac.ke
51579,Thomas,Owino,thomas.owino51579@uni.ac.ke
51580,Kenneth,Omar,kenneth.omar51580@students.ac.ke
51581,Moses,Ogolla,moses.ogolla51581@uni.ac.ke
51582,Gloria,Ngetich,gloria.ngetich51582@uni.ac.ke
51583,Bernard,Njuguna,bernard.njuguna51583@college.ac.ke
51584,Raymond,Omar,raymond.omar51584@school.ac.ke
51585,Douglas,Khalid,douglas.khalid51585@school.ac.ke
51586,Hannah,Omondi,hannah.omondi51586@students.ac.ke
51587,Isaac,Kinyua,isaac.kinyua51587@college.ac.ke
51588,Oscar,Mwenda,oscar.mwenda51588@college.ac.ke
51589,Harriet,Omondi,harriet.omondi51589@uni.ac.ke
51590,Ivan,Mwangi,ivan.mwangi51590@uni.ac.ke
51591,Joseph,Bett,joseph.bett51591@academy.ac.ke
51592,Lydia,Kiptoo,lydia.kiptoo51592@school.ac.ke
51593,Gordon,Kiptoo,gordon.kiptoo51593@students.ac.ke
51594,Bernard,Njuguna,bernard.njuguna51594@uni.ac.ke
51595,Florence,Gichuki,florence.gichuki51595@academy.ac.ke
51596,Thomas,Mbatha,thomas.mbatha51596@uni.ac.ke
51597,Kevin,Ahmed,kevin.ahmed51597@uni.ac.ke
51598,Raymond,Okello,raymond.okello51598@uni.ac.ke
51599,Helen,Bett,helen.bett51599@college.ac.ke
51600,Lewis,Njoki,lewis.njoki51600@school.ac.ke
51601,Frances,Maina,frances.maina51601@students.ac.ke
51602,Janet,Njoki,janet.njoki51602@school.ac.ke
51603,Ivan,Kiptoo,ivan.kiptoo51603@students.ac.ke
51604,Edith,Nduku,edith.nduku51604@students.ac.ke
51605,Brian,Juma,brian.juma51605@college.ac.ke
51606,Faith,Muturi,faith.muturi51606@school.ac.ke
51607,Hannah,Mutisya,hannah.mutisya51607@uni.ac.ke
51608,Betty,Ochieng,betty.ochieng51608@academy.ac.ke
51609,Douglas,Wairimu,douglas.wairimu51609@school.ac.ke
51610,Agnes,Lagat,agnes.lagat51610@students.ac.ke
51611,Dorothy,Mwangi,dorothy.mwangi51611@uni.ac.ke
51612,Harold,Otieno,harold.otieno51612@school.ac.ke
51613,Helen,Koech,helen.koech51613@school.ac.ke
51614,Agnes,Omondi,agnes.omondi51614@school.ac.ke
51615,Lydia,Gichuki,lydia.gichuki51615@students.ac.ke
51616,Thomas,Omar,thomas.omar51616@uni.ac.ke
51617,Raymond,Omondi,raymond.omondi51617@uni.ac.ke
51618,Isaac,Ruto,isaac.ruto51618@school.ac.ke
51619,Irene,Wairimu,irene.wairimu51619@uni.ac.ke
51620,Esther,Ogolla,esther.ogolla51620@school.ac.ke
51621,Bernard,Mwangi,bernard.mwangi51621@uni.ac.ke
51622,Simon,Njoroge,simon.njoroge51622@uni.ac.ke
51623,Agnes,Rotich,agnes.rotich51623@school.ac.ke
51624,William,Achieng,william.achieng51624@academy.ac.ke
51625,William,Kyalo,william.kyalo51625@school.ac.ke
51626,Naomi,Wanjiku,naomi.wanjiku51626@school.ac.ke
51627,Florence,Nzomo,florence.nzomo51627@college.ac.ke
51628,Eleanor,Rotich,eleanor.rotich51628@academy.ac.ke
51629,Adrian,Wairimu,adrian.wairimu51629@college.ac.ke
51630,Helen,Gitau,helen.gitau51630@school.ac.ke
51631,Mary,Kyalo,mary.kyalo51631@uni.ac.ke
51632,Lewis,Wanjiku,lewis.wanjiku51632@uni.ac.ke
51633,Harriet,Ogolla,harriet.ogolla51633@uni.ac.ke
51634,Catherine,Wairimu,catherine.wairimu51634@academy.ac.ke
51635,Gladys,Koech,gladys.koech51635@students.ac.ke
51636,James,Ochieng,james.ochieng51636@students.ac.ke
51637,Helen,Kiprotich,helen.kiprotich51637@school.ac.ke
51638,John,Gitonga,john.gitonga51638@uni.ac.ke
51639,Douglas,Maina,douglas.maina51639@college.ac.ke
51640,Michael,Mutisya,michael.mutisya51640@academy.ac.ke
51641,Irene,Gitau,irene.gitau51641@college.ac.ke
51642,Harriet,Ibrahim,harriet.ibrahim51642@students.ac.ke
51643,Paul,Kinyua,paul.kinyua51643@students.ac.ke
51644,Simon,Kyalo,simon.kyalo51644@uni.ac.ke
51645,Helen,Ruto,helen.ruto51645@school.ac.ke
51646,Francis,Kiptoo,francis.kiptoo51646@academy.ac.ke
51647,Faith,Wanjiku,faith.wanjiku51647@uni.ac.ke
51648,Thomas,Maina,thomas.maina51648@uni.ac.ke
51649,Noah,Mwenda,noah.mwenda51649@academy.ac.ke
51650,Henry,Ruto,henry.ruto51650@academy.ac.ke
51651,Robert,Abdi,robert.abdi51651@academy.ac.ke
51652,Jacob,Ahmed,jacob.ahmed51652@uni.ac.ke
51653,David,Koech,david.koech51653@school.ac.ke
51654,Raymond,Mutua,raymond.mutua51654@school.ac.ke
51655,Kevin,Njoki,kevin.njoki51655@school.ac.ke
51656,Daniel,Gitonga,daniel.gitonga51656@college.ac.ke
51657,Moses,Otieno,moses.otieno51657@students.ac.ke
51658,Philip,Njoroge,philip.njoroge51658@academy.ac.ke
51659,Hope,Kinyua,hope.kinyua51659@uni.ac.ke
51660,Eleanor,Chebet,eleanor.chebet51660@college.ac.ke
51661,Joseph,Khalid,joseph.khalid51661@school.ac.ke
51662,Robert,Njuguna,robert.njuguna51662@students.ac.ke
51663,Robert,Hassan,robert.hassan51663@uni.ac.ke
51664,Eleanor,Hassan,eleanor.hassan51664@uni.ac.ke
51665,Henry,Kyalo,henry.kyalo51665@school.ac.ke
51666,Charles,Juma,charles.juma51666@uni.ac.ke
51667,Beatrice,Mutai,beatrice.mutai51667@students.ac.ke
51668,Adrian,Rotich,adrian.rotich51668@academy.ac.ke
51669,Victor,Njoki,victor.njoki51669@uni.ac.ke
51670,Thomas,Maina,thomas.maina51670@students.ac.ke
51671,Isaac,Rotich,isaac.rotich51671@academy.ac.ke
51672,Kevin,Kyalo,kevin.kyalo51672@academy.ac.ke
51673,Isaac,Mutai,isaac.mutai51673@academy.ac.ke
51674,David,Kiptoo,david.kiptoo51674@students.ac.ke
51675,David,Ibrahim,david.ibrahim51675@uni.ac.ke
51676,Henry,Ahmed,henry.ahmed51676@school.ac.ke
51677,Edwin,Nduku,edwin.nduku51677@uni.ac.ke
51678,Ruth,Njoroge,ruth.njoroge51678@college.ac.ke
51679,Ruth,Farah,ruth.farah51679@uni.ac.ke
51680,Dorothy,Nzomo,dorothy.nzomo51680@students.ac.ke
51681,Lewis,Nduku,lewis.nduku51681@college.ac.ke
51682,Naomi,Owino,naomi.owino51682@school.ac.ke
51683,Hope,Owino,hope.owino51683@students.ac.ke
51684,Douglas,Owino,douglas.owino51684@college.ac.ke
51685,Eric,Kinyua,eric.kinyua51685@students.ac.ke
51686,Ivan,Owino,ivan.owino51686@students.ac.ke
51687,Gordon,Mwenda,gordon.mwenda51687@uni.ac.ke
51688,Julian,Mutai,julian.mutai51688@uni.ac.ke
51689,Esther,Odhiambo,esther.odhiambo51689@students.ac.ke
51690,Quentin,Kariuki,quentin.kariuki51690@college.ac.ke
51691,Naomi,Mwangi,naomi.mwangi51691@uni.ac.ke
51692,Esther,Odhiambo,esther.odhiambo51692@college.ac.ke
51693,Noah,Nduku,noah.nduku51693@uni.ac.ke
51694,Quentin,Ruto,quentin.ruto51694@school.ac.ke
51695,Ruth,Farah,ruth.farah51695@school.ac.ke
51696,David,Yusuf,david.yusuf51696@school.ac.ke
51697,Kevin,Farah,kevin.farah51697@students.ac.ke
51698,Lewis,Kiptoo,lewis.kiptoo51698@students.ac.ke
51699,Gloria,Njuguna,gloria.njuguna51699@school.ac.ke
51700,Eleanor,Ahmed,eleanor.ahmed51700@college.ac.ke
51701,Mary,Kyalo,mary.kyalo51701@students.ac.ke
51702,Peter,Onyango,peter.onyango51702@academy.ac.ke
51703,Raymond,Mbatha,raymond.mbatha51703@academy.ac.ke
51704,James,Ahmed,james.ahmed51704@academy.ac.ke
51705,Thomas,Ahmed,thomas.ahmed51705@school.ac.ke
51706,Agnes,Ndegwa,agnes.ndegwa51706@college.ac.ke
51707,Irene,Abdi,irene.abdi51707@school.ac.ke
51708,Naomi,Kimani,naomi.kimani51708@uni.ac.ke
51709,Lydia,Waweru,lydia.waweru51709@students.ac.ke
51710,Samuel,Kamau,samuel.kamau51710@school.ac.ke
51711,Julian,Muturi,julian.muturi51711@school.ac.ke
51712,Oscar,Mbatha,oscar.mbatha51712@academy.ac.ke
51713,George,Mwangi,george.mwangi51713@academy.ac.ke
51714,Irene,Khalid,irene.khalid51714@students.ac.ke
51715,Ivan,Musa,ivan.musa51715@students.ac.ke
51716,Victor,Owino,victor.owino51716@students.ac.ke
51717,Daniel,Muturi,daniel.muturi51717@school.ac.ke
51718,Frances,Musa,frances.musa51718@school.ac.ke
51719,Florence,Bett,florence.bett51719@college.ac.ke
51720,Faith,Mwenda,faith.mwenda51720@students.ac.ke
51721,Joyce,Maina,joyce.maina51721@uni.ac.ke
51722,Robert,Gitau,robert.gitau51722@students.ac.ke
51723,Adrian,Nduku,adrian.nduku51723@school.ac.ke
51724,Dorothy,Gitonga,dorothy.gitonga51724@students.ac.ke
51725,Irene,Juma,irene.juma51725@school.ac.ke
51726,Charles,Hassan,charles.hassan51726@uni.ac.ke
51727,Dorothy,Mwangi,dorothy.mwangi51727@college.ac.ke
51728,Gloria,Ruto,gloria.ruto51728@academy.ac.ke
51729,Frances,Odhiambo,frances.odhiambo51729@uni.ac.ke
51730,Joseph,Otieno,joseph.otieno51730@students.ac.ke
51731,Charles,Rotich,charles.rotich51731@students.ac.ke
51732,Lydia,Omondi,lydia.omondi51732@students.ac.ke
51733,Joy,Kiprotich,joy.kiprotich51733@students.ac.ke
51734,Dennis,Omar,dennis.omar51734@uni.ac.ke
51735,Douglas,Lagat,douglas.lagat51735@school.ac.ke
51736,Grace,Hassan,grace.hassan51736@uni.ac.ke
51737,Victor,Otieno,victor.otieno51737@uni.ac.ke
51738,Joy,Wanjiku,joy.wanjiku51738@uni.ac.ke
51739,Lydia,Ahmed,lydia.ahmed51739@college.ac.ke
51740,Peter,Abdi,peter.abdi51740@school.ac.ke
51741,Eric,Ochieng,eric.ochieng51741@school.ac.ke
51742,Naomi,Wairimu,naomi.wairimu51742@uni.ac.ke
51743,Frances,Ndegwa,frances.ndegwa51743@academy.ac.ke
51744,Bernard,Gitonga,bernard.gitonga51744@uni.ac.ke
51745,Moses,Ibrahim,moses.ibrahim51745@students.ac.ke
51746,Gloria,Wairimu,gloria.wairimu51746@uni.ac.ke
51747,Joseph,Omar,joseph.omar51747@academy.ac.ke
51748,Quentin,Muturi,quentin.muturi51748@academy.ac.ke
51749,Brian,Ahmed,brian.ahmed51749@uni.ac.ke
51750,Hannah,Ndegwa,hannah.ndegwa51750@uni.ac.ke
51751,Joyce,Ahmed,joyce.ahmed51751@uni.ac.ke
51752,David,Gitonga,david.gitonga51752@students.ac.ke
51753,Thomas,Achieng,thomas.achieng51753@students.ac.ke
51754,Joyce,Ruto,joyce.ruto51754@academy.ac.ke
51755,Philip,Farah,philip.farah51755@school.ac.ke
51756,Frances,Omondi,frances.omondi51756@uni.ac.ke
51757,Moses,Nduku,moses.nduku51757@school.ac.ke
51758,Douglas,Mutai,douglas.mutai51758@students.ac.ke
51759,Alice,Abdi,alice.abdi51759@college.ac.ke
51760,John,Kiptoo,john.kiptoo51760@uni.ac.ke
51761,Eric,Wanjiku,eric.wanjiku51761@uni.ac.ke
51762,John,Gitonga,john.gitonga51762@school.ac.ke
51763,John,Ibrahim,john.ibrahim51763@college.ac.ke
51764,Hannah,Ogolla,hannah.ogolla51764@academy.ac.ke
51765,Eric,Chebet,eric.chebet51765@college.ac.ke
51766,Charles,Waweru,charles.waweru51766@school.ac.ke
51767,Samuel,Mwenda,samuel.mwenda51767@academy.ac.ke
51768,Kevin,Bett,kevin.bett51768@academy.ac.ke
51769,Edith,Musa,edith.musa51769@college.ac.ke
51770,Dennis,Kinyua,dennis.kinyua51770@college.ac.ke
51771,Harriet,Njoki,harriet.njoki51771@academy.ac.ke
51772,Charles,Odhiambo,charles.odhiambo51772@academy.ac.ke
51773,Dennis,Abdi,dennis.abdi51773@uni.ac.ke
51774,David,Wanjiku,david.wanjiku51774@college.ac.ke
51775,Simon,Kiprotich,simon.kiprotich51775@college.ac.ke
51776,Joseph,Ndegwa,joseph.ndegwa51776@school.ac.ke
51777,Ruth,Yusuf,ruth.yusuf51777@students.ac.ke
51778,Joseph,Kinyua,joseph.kinyua51778@uni.ac.ke
51779,Quentin,Rotich,quentin.rotich51779@students.ac.ke
51780,Philip,Owino,philip.owino51780@school.ac.ke
51781,Hope,Gichuki,hope.gichuki51781@college.ac.ke
51782,Thomas,Njuguna,thomas.njuguna51782@students.ac.ke
51783,Naomi,Muturi,naomi.muturi51783@academy.ac.ke
51784,Kenneth,Gitau,kenneth.gitau51784@college.ac.ke
51785,Janet,Mwenda,janet.mwenda51785@school.ac.ke
51786,Carol,Nzomo,carol.nzomo51786@uni.ac.ke
51787,Faith,Rotich,faith.rotich51787@school.ac.ke
51788,Mary,Gathoni,mary.gathoni51788@academy.ac.ke
51789,Dennis,Adhiambo,dennis.adhiambo51789@school.ac.ke
51790,Betty,Musyoka,betty.musyoka51790@academy.ac.ke
51791,Harriet,Mbatha,harriet.mbatha51791@students.ac.ke
51792,Paul,Otieno,paul.otieno51792@uni.ac.ke
51793,Frances,Mwangi,frances.mwangi51793@college.ac.ke
51794,John,Lagat,john.lagat51794@school.ac.ke
51795,Naomi,Ngetich,naomi.ngetich51795@academy.ac.ke
51796,Esther,Kiptoo,esther.kiptoo51796@students.ac.ke
51797,Naomi,Omar,naomi.omar51797@college.ac.ke
51798,Grace,Juma,grace.juma51798@college.ac.ke
51799,Michael,Okello,michael.okello51799@students.ac.ke
51800,Edith,Njoroge,edith.njoroge51800@school.ac.ke
51801,Florence,Mutua,florence.mutua51801@students.ac.ke
51802,Joyce,Akumu,joyce.akumu51802@uni.ac.ke
51803,Douglas,Mwenda,douglas.mwenda51803@school.ac.ke
51804,Henry,Khalid,henry.khalid51804@uni.ac.ke
51805,Douglas,Kinyua,douglas.kinyua51805@school.ac.ke
51806,Michael,Achieng,michael.achieng51806@uni.ac.ke
51807,Catherine,Chebet,catherine.chebet51807@school.ac.ke
51808,Peter,Okello,peter.okello51808@college.ac.ke
51809,Brian,Waweru,brian.waweru51809@school.ac.ke
51810,Lewis,Juma,lewis.juma51810@uni.ac.ke
51811,Noah,Adhiambo,noah.adhiambo51811@college.ac.ke
51812,Jacob,Omondi,jacob.omondi51812@academy.ac.ke
51813,Raymond,Bett,raymond.bett51813@school.ac.ke
51814,Lydia,Achieng,lydia.achieng51814@college.ac.ke
51815,Robert,Ngetich,robert.ngetich51815@academy.ac.ke
51816,John,Ogolla,john.ogolla51816@uni.ac.ke
51817,Henry,Njuguna,henry.njuguna51817@college.ac.ke
51818,George,Koech,george.koech51818@school.ac.ke
51819,George,Bett,george.bett51819@school.ac.ke
51820,Alice,Gichuki,alice.gichuki51820@college.ac.ke
51821,Ruth,Njoroge,ruth.njoroge51821@students.ac.ke
51822,Brian,Yusuf,brian.yusuf51822@school.ac.ke
51823,Douglas,Khalid,douglas.khalid51823@students.ac.ke
51824,Peter,Kiptoo,peter.kiptoo51824@academy.ac.ke
51825,Helen,Maina,helen.maina51825@uni.ac.ke
51826,Gordon,Mutua,gordon.mutua51826@college.ac.ke
51827,James,Waweru,james.waweru51827@college.ac.ke
51828,Eleanor,Musyoka,eleanor.musyoka51828@academy.ac.ke
51829,Charles,Koech,charles.koech51829@academy.ac.ke
51830,Harold,Kasyoka,harold.kasyoka51830@academy.ac.ke
51831,Gordon,Maina,gordon.maina51831@academy.ac.ke
51832,Eleanor,Kiptoo,eleanor.kiptoo51832@college.ac.ke
51833,Catherine,Awuor,catherine.awuor51833@uni.ac.ke
51834,Naomi,Odhiambo,naomi.odhiambo51834@students.ac.ke
51835,Irene,Musa,irene.musa51835@academy.ac.ke
51836,Irene,Bett,irene.bett51836@students.ac.ke
51837,Eleanor,Ochieng,eleanor.ochieng51837@academy.ac.ke
51838,Gloria,Musa,gloria.musa51838@academy.ac.ke
51839,Philip,Njuguna,philip.njuguna51839@school.ac.ke
51840,Gladys,Ogolla,gladys.ogolla51840@academy.ac.ke
51841,Irene,Nzomo,irene.nzomo51841@uni.ac.ke
51842,Beatrice,Kiprotich,beatrice.kiprotich51842@uni.ac.ke
51843,Mary,Mutua,mary.mutua51843@uni.ac.ke
51844,Moses,Juma,moses.juma51844@school.ac.ke
51845,Alice,Mwenda,alice.mwenda51845@school.ac.ke
51846,Gordon,Kiptoo,gordon.kiptoo51846@academy.ac.ke
51847,Hope,Kiprotich,hope.kiprotich51847@school.ac.ke
51848,Henry,Okello,henry.okello51848@academy.ac.ke
51849,Esther,Awuor,esther.awuor51849@college.ac.ke
51850,George,Kasyoka,george.kasyoka51850@academy.ac.ke
51851,Moses,Wairimu,moses.wairimu51851@students.ac.ke
51852,Joseph,Ochieng,joseph.ochieng51852@students.ac.ke
51853,Mary,Mwangi,mary.mwangi51853@students.ac.ke
51854,David,Khalid,david.khalid51854@students.ac.ke
51855,Joy,Kinyua,joy.kinyua51855@academy.ac.ke
51856,Eric,Wanjiku,eric.wanjiku51856@school.ac.ke
51857,Philip,Njuguna,philip.njuguna51857@school.ac.ke
51858,Harriet,Ruto,harriet.ruto51858@uni.ac.ke
51859,Carol,Gathoni,carol.gathoni51859@college.ac.ke
51860,Raymond,Yusuf,raymond.yusuf51860@college.ac.ke
51861,Philip,Mutua,philip.mutua51861@school.ac.ke
51862,Gloria,Kimani,gloria.kimani51862@college.ac.ke
51863,Ruth,Farah,ruth.farah51863@uni.ac.ke
51864,Quentin,Adhiambo,quentin.adhiambo51864@academy.ac.ke
51865,Gordon,Mbatha,gordon.mbatha51865@academy.ac.ke
51866,Henry,Mutisya,henry.mutisya51866@students.ac.ke
51867,James,Mwenda,james.mwenda51867@uni.ac.ke
51868,Oscar,Ibrahim,oscar.ibrahim51868@students.ac.ke
51869,Betty,Kiprotich,betty.kiprotich51869@uni.ac.ke
51870,Quentin,Waweru,quentin.waweru51870@academy.ac.ke
51871,Harold,Waweru,harold.waweru51871@college.ac.ke
51872,Hope,Khalid,hope.khalid51872@school.ac.ke
51873,Irene,Ochieng,irene.ochieng51873@school.ac.ke
51874,Michael,Achieng,michael.achieng51874@school.ac.ke
51875,Jacob,Yusuf,jacob.yusuf51875@college.ac.ke
51876,Harriet,Ahmed,harriet.ahmed51876@academy.ac.ke
51877,Dorothy,Gitau,dorothy.gitau51877@school.ac.ke
51878,Lydia,Rotich,lydia.rotich51878@academy.ac.ke
51879,Mary,Ruto,mary.ruto51879@uni.ac.ke
51880,Frances,Ahmed,frances.ahmed51880@uni.ac.ke
51881,Julian,Otieno,julian.otieno51881@students.ac.ke
51882,Bernard,Kyalo,bernard.kyalo51882@academy.ac.ke
51883,Quentin,Otieno,quentin.otieno51883@college.ac.ke
51884,Catherine,Omar,catherine.omar51884@college.ac.ke
51885,Helen,Mutai,helen.mutai51885@academy.ac.ke
51886,Faith,Kamau,faith.kamau51886@school.ac.ke
51887,Peter,Mutisya,peter.mutisya51887@uni.ac.ke
51888,Eric,Kiprotich,eric.kiprotich51888@college.ac.ke
51889,Lydia,Kasyoka,lydia.kasyoka51889@college.ac.ke
51890,Noah,Onyango,noah.onyango51890@school.ac.ke
51891,Faith,Gitonga,faith.gitonga51891@academy.ac.ke
51892,Peter,Mumo,peter.mumo51892@uni.ac.ke
51893,Beatrice,Khalid,beatrice.khalid51893@college.ac.ke
51894,Kenneth,Muturi,kenneth.muturi51894@students.ac.ke
51895,Hannah,Farah,hannah.farah51895@school.ac.ke
51896,Janet,Gitau,janet.gitau51896@school.ac.ke
51897,Henry,Chebet,henry.chebet51897@students.ac.ke
51898,Hannah,Mwenda,hannah.mwenda51898@academy.ac.ke
51899,John,Omondi,john.omondi51899@uni.ac.ke
51900,Gordon,Abdi,gordon.abdi51900@college.ac.ke
51901,Noah,Abdi,noah.abdi51901@students.ac.ke
51902,Helen,Akumu,helen.akumu51902@academy.ac.ke
51903,Michael,Juma,michael.juma51903@school.ac.ke
51904,Quentin,Maina,quentin.maina51904@school.ac.ke
51905,Florence,Njoroge,florence.njoroge51905@students.ac.ke
51906,James,Ogolla,james.ogolla51906@college.ac.ke
51907,Oscar,Mumo,oscar.mumo51907@school.ac.ke
51908,Diana,Njoroge,diana.njoroge51908@college.ac.ke
51909,Isaac,Akumu,isaac.akumu51909@uni.ac.ke
51910,Paul,Omondi,paul.omondi51910@uni.ac.ke
51911,Irene,Hassan,irene.hassan51911@academy.ac.ke
51912,Isaac,Okello,isaac.okello51912@college.ac.ke
51913,John,Kariuki,john.kariuki51913@students.ac.ke
51914,Carol,Ochieng,carol.ochieng51914@students.ac.ke
51915,Dorothy,Kiprotich,dorothy.kiprotich51915@college.ac.ke
51916,Moses,Kariuki,moses.kariuki51916@school.ac.ke
51917,Hannah,Gathoni,hannah.gathoni51917@uni.ac.ke
51918,George,Njuguna,george.njuguna51918@uni.ac.ke
51919,Raymond,Njoki,raymond.njoki51919@uni.ac.ke
51920,Philip,Musa,philip.musa51920@uni.ac.ke
51921,Harriet,Ndegwa,harriet.ndegwa51921@uni.ac.ke
51922,Grace,Lagat,grace.lagat51922@school.ac.ke
51923,Helen,Adhiambo,helen.adhiambo51923@uni.ac.ke
51924,Edith,Omondi,edith.omondi51924@uni.ac.ke
51925,William,Gitau,william.gitau51925@school.ac.ke
51926,Noah,Kiptoo,noah.kiptoo51926@school.ac.ke
51927,Dennis,Ahmed,dennis.ahmed51927@students.ac.ke
51928,Henry,Njoroge,henry.njoroge51928@academy.ac.ke
51929,Eleanor,Kiprotich,eleanor.kiprotich51929@school.ac.ke
51930,Dennis,Akumu,dennis.akumu51930@college.ac.ke
51931,David,Wairimu,david.wairimu51931@college.ac.ke
51932,Charles,Khalid,charles.khalid51932@uni.ac.ke
51933,Harriet,Owino,harriet.owino51933@uni.ac.ke
51934,Simon,Njuguna,simon.njuguna51934@school.ac.ke
51935,Irene,Chebet,irene.chebet51935@uni.ac.ke
51936,John,Waweru,john.waweru51936@uni.ac.ke
51937,Joseph,Njoroge,joseph.njoroge51937@college.ac.ke
51938,William,Ogolla,william.ogolla51938@students.ac.ke
51939,Ruth,Gathoni,ruth.gathoni51939@college.ac.ke
51940,Diana,Mutisya,diana.mutisya51940@college.ac.ke
51941,Mary,Nzomo,mary.nzomo51941@uni.ac.ke
51942,Harriet,Bett,harriet.bett51942@college.ac.ke
51943,Francis,Gathoni,francis.gathoni51943@students.ac.ke
51944,Kenneth,Omondi,kenneth.omondi51944@academy.ac.ke
51945,Noah,Njuguna,noah.njuguna51945@college.ac.ke
51946,Ivan,Koech,ivan.koech51946@students.ac.ke
51947,Harold,Okello,harold.okello51947@school.ac.ke
51948,Eleanor,Gitau,eleanor.gitau51948@uni.ac.ke
51949,Esther,Mwangi,esther.mwangi51949@students.ac.ke
51950,Kevin,Khalid,kevin.khalid51950@academy.ac.ke
51951,Oscar,Omondi,oscar.omondi51951@college.ac.ke
51952,George,Mwenda,george.mwenda51952@uni.ac.ke
51953,Isaac,Musyoka,isaac.musyoka51953@uni.ac.ke
51954,Joy,Njoki,joy.njoki51954@uni.ac.ke
51955,John,Kyalo,john.kyalo51955@college.ac.ke
51956,Lydia,Nduku,lydia.nduku51956@academy.ac.ke
51957,Bernard,Kariuki,bernard.kariuki51957@students.ac.ke
51958,Grace,Musa,grace.musa51958@college.ac.ke
51959,Kenneth,Yusuf,kenneth.yusuf51959@school.ac.ke
51960,Adrian,Ndegwa,adrian.ndegwa51960@college.ac.ke
51961,Dennis,Khalid,dennis.khalid51961@students.ac.ke
51962,Kenneth,Khalid,kenneth.khalid51962@academy.ac.ke
51963,Joy,Gichuki,joy.gichuki51963@uni.ac.ke
51964,Philip,Nzomo,philip.nzomo51964@uni.ac.ke
51965,Florence,Mutisya,florence.mutisya51965@school.ac.ke
51966,Jacob,Kimani,jacob.kimani51966@academy.ac.ke
51967,Eleanor,Yusuf,eleanor.yusuf51967@college.ac.ke
51968,Moses,Onyango,moses.onyango51968@academy.ac.ke
51969,Mary,Yusuf,mary.yusuf51969@college.ac.ke
51970,Raymond,Owino,raymond.owino51970@college.ac.ke
51971,Victor,Chebet,victor.chebet51971@college.ac.ke
51972,Eric,Chebet,eric.chebet51972@students.ac.ke
51973,Faith,Bett,faith.bett51973@students.ac.ke
51974,Edwin,Ruto,edwin.ruto51974@academy.ac.ke
51975,Bernard,Yusuf,bernard.yusuf51975@college.ac.ke
51976,Robert,Musyoka,robert.musyoka51976@college.ac.ke
51977,Gloria,Maina,gloria.maina51977@college.ac.ke
51978,Frances,Ibrahim,frances.ibrahim51978@academy.ac.ke
51979,Catherine,Mutai,catherine.mutai51979@academy.ac.ke
51980,Eric,Waweru,eric.waweru51980@academy.ac.ke
51981,Robert,Musyoka,robert.musyoka51981@academy.ac.ke
51982,Edith,Njoroge,edith.njoroge51982@academy.ac.ke
51983,Agnes,Mwenda,agnes.mwenda51983@academy.ac.ke
51984,Faith,Ahmed,faith.ahmed51984@students.ac.ke
51985,Lewis,Kiptoo,lewis.kiptoo51985@uni.ac.ke
51986,Daniel,Musa,daniel.musa51986@academy.ac.ke
51987,Thomas,Ndegwa,thomas.ndegwa51987@school.ac.ke
51988,Paul,Mutai,paul.mutai51988@college.ac.ke
51989,Lewis,Kiptoo,lewis.kiptoo51989@academy.ac.ke
51990,Ruth,Omar,ruth.omar51990@college.ac.ke
51991,Joy,Ndegwa,joy.ndegwa51991@college.ac.ke
51992,Francis,Omar,francis.omar51992@college.ac.ke
51993,Edith,Kasyoka,edith.kasyoka51993@uni.ac.ke
51994,Catherine,Wairimu,catherine.wairimu51994@academy.ac.ke
51995,Diana,Akumu,diana.akumu51995@college.ac.ke
51996,Raymond,Abdi,raymond.abdi51996@academy.ac.ke
51997,Douglas,Nduku,douglas.nduku51997@academy.ac.ke
51998,Oscar,Bett,oscar.bett51998@academy.ac.ke
51999,Paul,Farah,paul.farah51999@school.ac.ke
52000,Noah,Mwenda,noah.mwenda52000@school.ac.ke
52001,Quentin,Omar,quentin.omar52001@students.ac.ke
52002,Quentin,Kinyua,quentin.kinyua52002@uni.ac.ke
52003,Simon,Yusuf,simon.yusuf52003@students.ac.ke
52004,Irene,Ibrahim,irene.ibrahim52004@college.ac.ke
52005,Peter,Ruto,peter.ruto52005@school.ac.ke
52006,James,Mwenda,james.mwenda52006@college.ac.ke
52007,Harriet,Kasyoka,harriet.kasyoka52007@school.ac.ke
52008,Ruth,Abdi,ruth.abdi52008@academy.ac.ke
52009,Faith,Mwenda,faith.mwenda52009@college.ac.ke
52010,Florence,Achieng,florence.achieng52010@college.ac.ke
52011,Mary,Nduku,mary.nduku52011@school.ac.ke
52012,Irene,Ahmed,irene.ahmed52012@school.ac.ke
52013,Quentin,Kiptoo,quentin.kiptoo52013@school.ac.ke
52014,Janet,Kariuki,janet.kariuki52014@college.ac.ke
52015,George,Nzomo,george.nzomo52015@uni.ac.ke
52016,Isaac,Ahmed,isaac.ahmed52016@college.ac.ke
52017,Mary,Kariuki,mary.kariuki52017@college.ac.ke
52018,Adrian,Kiptoo,adrian.kiptoo52018@school.ac.ke
52019,Francis,Hassan,francis.hassan52019@uni.ac.ke
52020,Robert,Kiptoo,robert.kiptoo52020@academy.ac.ke
52021,Douglas,Khalid,douglas.khalid52021@students.ac.ke
52022,Edith,Gitau,edith.gitau52022@students.ac.ke
52023,Agnes,Akumu,agnes.akumu52023@college.ac.ke
52024,Charles,Ochieng,charles.ochieng52024@school.ac.ke
52025,Lydia,Kinyua,lydia.kinyua52025@students.ac.ke
52026,Hope,Waweru,hope.waweru52026@students.ac.ke
52027,Eleanor,Ngetich,eleanor.ngetich52027@school.ac.ke
52028,Daniel,Lagat,daniel.lagat52028@college.ac.ke
52029,Helen,Ngetich,helen.ngetich52029@students.ac.ke
52030,Mary,Ngetich,mary.ngetich52030@academy.ac.ke
52031,Beatrice,Kasyoka,beatrice.kasyoka52031@college.ac.ke
52032,Oscar,Mumo,oscar.mumo52032@academy.ac.ke
52033,Irene,Njoki,irene.njoki52033@uni.ac.ke
52034,Eric,Kiptoo,eric.kiptoo52034@college.ac.ke
52035,Edith,Akumu,edith.akumu52035@academy.ac.ke
52036,Joy,Ngetich,joy.ngetich52036@school.ac.ke
52037,Victor,Abdi,victor.abdi52037@students.ac.ke
52038,Kenneth,Omar,kenneth.omar52038@uni.ac.ke
52039,Daniel,Ngetich,daniel.ngetich52039@college.ac.ke
52040,Irene,Hassan,irene.hassan52040@students.ac.ke
52041,Grace,Awuor,grace.awuor52041@college.ac.ke
52042,Eleanor,Omondi,eleanor.omondi52042@school.ac.ke
52043,George,Wairimu,george.wairimu52043@students.ac.ke
52044,Florence,Wanjiku,florence.wanjiku52044@college.ac.ke
52045,Charles,Juma,charles.juma52045@academy.ac.ke
52046,Julian,Kasyoka,julian.kasyoka52046@school.ac.ke
52047,Hope,Musyoka,hope.musyoka52047@school.ac.ke
52048,Alice,Farah,alice.farah52048@school.ac.ke
52049,Beatrice,Otieno,beatrice.otieno52049@college.ac.ke
52050,Harold,Maina,harold.maina52050@college.ac.ke
52051,George,Abdi,george.abdi52051@college.ac.ke
52052,Alice,Rotich,alice.rotich52052@school.ac.ke
52053,Gloria,Njoki,gloria.njoki52053@academy.ac.ke
52054,Moses,Mutai,moses.mutai52054@academy.ac.ke
52055,Grace,Khalid,grace.khalid52055@college.ac.ke
52056,Jacob,Kiptoo,jacob.kiptoo52056@school.ac.ke
52057,Carol,Ngetich,carol.ngetich52057@uni.ac.ke
52058,Edith,Gichuki,edith.gichuki52058@students.ac.ke
52059,Beatrice,Maina,beatrice.maina52059@school.ac.ke
52060,Hannah,Mutua,hannah.mutua52060@students.ac.ke
52061,Alice,Khalid,alice.khalid52061@college.ac.ke
52062,Joyce,Ibrahim,joyce.ibrahim52062@uni.ac.ke
52063,Irene,Nduku,irene.nduku52063@school.ac.ke
52064,Mary,Wanjiku,mary.wanjiku52064@college.ac.ke
52065,Philip,Abdi,philip.abdi52065@school.ac.ke
52066,Lewis,Owino,lewis.owino52066@school.ac.ke
52067,Henry,Otieno,henry.otieno52067@academy.ac.ke
52068,Oscar,Ibrahim,oscar.ibrahim52068@school.ac.ke
52069,Lewis,Mbatha,lewis.mbatha52069@uni.ac.ke
52070,Michael,Akumu,michael.akumu52070@students.ac.ke
52071,Diana,Nzomo,diana.nzomo52071@college.ac.ke
52072,Helen,Gitonga,helen.gitonga52072@school.ac.ke
52073,Hope,Gathoni,hope.gathoni52073@college.ac.ke
52074,Dorothy,Gichuki,dorothy.gichuki52074@academy.ac.ke
52075,Ivan,Mutisya,ivan.mutisya52075@academy.ac.ke
52076,Peter,Kariuki,peter.kariuki52076@academy.ac.ke
52077,Hope,Omar,hope.omar52077@college.ac.ke
52078,Samuel,Owino,samuel.owino52078@uni.ac.ke
52079,Hope,Kinyua,hope.kinyua52079@college.ac.ke
52080,Charles,Mutua,charles.mutua52080@school.ac.ke
52081,Simon,Omar,simon.omar52081@students.ac.ke
52082,Hope,Achieng,hope.achieng52082@school.ac.ke
52083,James,Gitonga,james.gitonga52083@uni.ac.ke
52084,Harold,Gichuki,harold.gichuki52084@college.ac.ke
52085,Victor,Mwenda,victor.mwenda52085@academy.ac.ke
52086,Naomi,Njoroge,naomi.njoroge52086@academy.ac.ke
52087,Joseph,Mbatha,joseph.mbatha52087@college.ac.ke
52088,Faith,Lagat,faith.lagat52088@academy.ac.ke
52089,Francis,Ahmed,francis.ahmed52089@academy.ac.ke
52090,Betty,Mutisya,betty.mutisya52090@academy.ac.ke
52091,John,Abdi,john.abdi52091@college.ac.ke
52092,Esther,Musa,esther.musa52092@students.ac.ke
52093,Douglas,Mutai,douglas.mutai52093@school.ac.ke
52094,Samuel,Mwangi,samuel.mwangi52094@school.ac.ke
52095,Paul,Kyalo,paul.kyalo52095@academy.ac.ke
52096,Bernard,Achieng,bernard.achieng52096@school.ac.ke
52097,Irene,Wairimu,irene.wairimu52097@students.ac.ke
52098,Brian,Kasyoka,brian.kasyoka52098@school.ac.ke
52099,Carol,Koech,carol.koech52099@students.ac.ke
52100,Kenneth,Musa,kenneth.musa52100@college.ac.ke
52101,Eric,Gathoni,eric.gathoni52101@school.ac.ke
52102,Hope,Nduku,hope.nduku52102@school.ac.ke
52103,Charles,Okello,charles.okello52103@college.ac.ke
52104,Joyce,Omondi,joyce.omondi52104@uni.ac.ke
52105,Beatrice,Kiptoo,beatrice.kiptoo52105@college.ac.ke
52106,Harold,Njoroge,harold.njoroge52106@school.ac.ke
52107,Irene,Owino,irene.owino52107@academy.ac.ke
52108,William,Chebet,william.chebet52108@college.ac.ke
52109,Michael,Hassan,michael.hassan52109@academy.ac.ke
52110,Daniel,Musa,daniel.musa52110@school.ac.ke
52111,Jacob,Otieno,jacob.otieno52111@school.ac.ke
52112,Ivan,Wanjiku,ivan.wanjiku52112@school.ac.ke
52113,Bernard,Ochieng,bernard.ochieng52113@school.ac.ke
52114,Quentin,Abdi,quentin.abdi52114@academy.ac.ke
52115,Ivan,Kamau,ivan.kamau52115@academy.ac.ke
52116,Irene,Omondi,irene.omondi52116@students.ac.ke
52117,Mary,Mwangi,mary.mwangi52117@college.ac.ke
52118,Irene,Khalid,irene.khalid52118@uni.ac.ke
52119,Bernard,Mutua,bernard.mutua52119@students.ac.ke
52120,Kevin,Mutai,kevin.mutai52120@students.ac.ke
52121,Bernard,Farah,bernard.farah52121@students.ac.ke
52122,Lewis,Muturi,lewis.muturi52122@school.ac.ke
52123,Henry,Abdi,henry.abdi52123@college.ac.ke
52124,George,Musa,george.musa52124@academy.ac.ke
52125,Irene,Ibrahim,irene.ibrahim52125@students.ac.ke
52126,Simon,Mutisya,simon.mutisya52126@academy.ac.ke
52127,Harold,Abdi,harold.abdi52127@school.ac.ke
52128,Harriet,Mumo,harriet.mumo52128@school.ac.ke
52129,Naomi,Mbatha,naomi.mbatha52129@school.ac.ke
52130,Lewis,Ahmed,lewis.ahmed52130@uni.ac.ke
52131,Esther,Kinyua,esther.kinyua52131@uni.ac.ke
52132,Ivan,Mwenda,ivan.mwenda52132@academy.ac.ke
52133,Betty,Waweru,betty.waweru52133@uni.ac.ke
52134,Agnes,Lagat,agnes.lagat52134@college.ac.ke
52135,Naomi,Yusuf,naomi.yusuf52135@college.ac.ke
52136,Grace,Musyoka,grace.musyoka52136@college.ac.ke
52137,Janet,Bett,janet.bett52137@academy.ac.ke
52138,Janet,Juma,janet.juma52138@uni.ac.ke
52139,Harriet,Kiprotich,harriet.kiprotich52139@students.ac.ke
52140,Agnes,Rotich,agnes.rotich52140@uni.ac.ke
52141,Brian,Musyoka,brian.musyoka52141@uni.ac.ke
52142,Grace,Gitonga,grace.gitonga52142@academy.ac.ke
52143,Noah,Hassan,noah.hassan52143@school.ac.ke
52144,Frances,Otieno,frances.otieno52144@uni.ac.ke
52145,Grace,Okello,grace.okello52145@academy.ac.ke
52146,Kevin,Abdi,kevin.abdi52146@school.ac.ke
52147,Naomi,Ochieng,naomi.ochieng52147@college.ac.ke
52148,Florence,Mutua,florence.mutua52148@school.ac.ke
52149,Ruth,Ochieng,ruth.ochieng52149@students.ac.ke
52150,Florence,Wanjiku,florence.wanjiku52150@uni.ac.ke
52151,Gloria,Bett,gloria.bett52151@academy.ac.ke
52152,Ivan,Mutua,ivan.mutua52152@college.ac.ke
52153,Florence,Adhiambo,florence.adhiambo52153@academy.ac.ke
52154,Esther,Akumu,esther.akumu52154@academy.ac.ke
52155,Harriet,Owino,harriet.owino52155@school.ac.ke
52156,Joyce,Bett,joyce.bett52156@academy.ac.ke
52157,Paul,Lagat,paul.lagat52157@college.ac.ke
52158,Ruth,Gathoni,ruth.gathoni52158@college.ac.ke
52159,Joyce,Mwangi,joyce.mwangi52159@uni.ac.ke
52160,Robert,Gitonga,robert.gitonga52160@academy.ac.ke
52161,Bernard,Ruto,bernard.ruto52161@school.ac.ke
52162,Jacob,Musa,jacob.musa52162@college.ac.ke
52163,Helen,Hassan,helen.hassan52163@uni.ac.ke
52164,Adrian,Gichuki,adrian.gichuki52164@uni.ac.ke
52165,Eric,Adhiambo,eric.adhiambo52165@school.ac.ke
52166,Henry,Kasyoka,henry.kasyoka52166@school.ac.ke
52167,Agnes,Onyango,agnes.onyango52167@students.ac.ke
52168,Paul,Khalid,paul.khalid52168@students.ac.ke
52169,Brian,Mbatha,brian.mbatha52169@school.ac.ke
52170,Diana,Ngetich,diana.ngetich52170@uni.ac.ke
52171,Oscar,Gichuki,oscar.gichuki52171@uni.ac.ke
52172,Joseph,Kariuki,joseph.kariuki52172@academy.ac.ke
52173,Michael,Odhiambo,michael.odhiambo52173@students.ac.ke
52174,Beatrice,Wairimu,beatrice.wairimu52174@college.ac.ke
52175,Paul,Mwangi,paul.mwangi52175@students.ac.ke
52176,Carol,Nzomo,carol.nzomo52176@school.ac.ke
52177,Edith,Hassan,edith.hassan52177@students.ac.ke
52178,Irene,Omondi,irene.omondi52178@college.ac.ke
52179,Samuel,Maina,samuel.maina52179@students.ac.ke
52180,Lydia,Bett,lydia.bett52180@college.ac.ke
52181,Lydia,Musyoka,lydia.musyoka52181@school.ac.ke
52182,Moses,Mumo,moses.mumo52182@uni.ac.ke
52183,Daniel,Ibrahim,daniel.ibrahim52183@uni.ac.ke
52184,Samuel,Ogolla,samuel.ogolla52184@college.ac.ke
52185,William,Nduku,william.nduku52185@students.ac.ke
52186,Victor,Nduku,victor.nduku52186@students.ac.ke
52187,Peter,Koech,peter.koech52187@academy.ac.ke
52188,Betty,Achieng,betty.achieng52188@school.ac.ke
52189,Esther,Kamau,esther.kamau52189@students.ac.ke
52190,Francis,Okello,francis.okello52190@academy.ac.ke
52191,Beatrice,Waweru,beatrice.waweru52191@school.ac.ke
52192,Joyce,Ngetich,joyce.ngetich52192@college.ac.ke
52193,Julian,Kariuki,julian.kariuki52193@uni.ac.ke
52194,Carol,Maina,carol.maina52194@uni.ac.ke
52195,Noah,Kimani,noah.kimani52195@school.ac.ke
52196,Lydia,Ogolla,lydia.ogolla52196@academy.ac.ke
52197,Julian,Omondi,julian.omondi52197@students.ac.ke
52198,Daniel,Mbatha,daniel.mbatha52198@uni.ac.ke
52199,Carol,Chebet,carol.chebet52199@school.ac.ke
52200,Ivan,Omar,ivan.omar52200@academy.ac.ke
52201,Irene,Abdi,irene.abdi52201@uni.ac.ke
52202,Daniel,Nduku,daniel.nduku52202@school.ac.ke
52203,Kenneth,Awuor,kenneth.awuor52203@students.ac.ke
52204,Douglas,Mutai,douglas.mutai52204@academy.ac.ke
52205,Thomas,Omondi,thomas.omondi52205@school.ac.ke
52206,Joyce,Rotich,joyce.rotich52206@uni.ac.ke
52207,Gladys,Mwangi,gladys.mwangi52207@college.ac.ke
52208,Harriet,Musyoka,harriet.musyoka52208@students.ac.ke
52209,Grace,Nduku,grace.nduku52209@academy.ac.ke
52210,Hope,Mwenda,hope.mwenda52210@students.ac.ke
52211,Frances,Hassan,frances.hassan52211@students.ac.ke
52212,Beatrice,Njoki,beatrice.njoki52212@school.ac.ke
52213,Frances,Nzomo,frances.nzomo52213@academy.ac.ke
52214,Paul,Yusuf,paul.yusuf52214@college.ac.ke
52215,Joy,Mbatha,joy.mbatha52215@academy.ac.ke
52216,Frances,Mutua,frances.mutua52216@college.ac.ke
52217,Philip,Omar,philip.omar52217@students.ac.ke
52218,Beatrice,Kiptoo,beatrice.kiptoo52218@students.ac.ke
52219,Ivan,Owino,ivan.owino52219@college.ac.ke
52220,James,Kiprotich,james.kiprotich52220@college.ac.ke
52221,Catherine,Muturi,catherine.muturi52221@college.ac.ke
52222,Daniel,Koech,daniel.koech52222@academy.ac.ke
52223,Hope,Achieng,hope.achieng52223@college.ac.ke
52224,Peter,Wairimu,peter.wairimu52224@college.ac.ke
52225,Janet,Musyoka,janet.musyoka52225@college.ac.ke
52226,Joyce,Nzomo,joyce.nzomo52226@students.ac.ke
52227,Agnes,Mwenda,agnes.mwenda52227@college.ac.ke
52228,John,Kimani,john.kimani52228@students.ac.ke
52229,Florence,Okello,florence.okello52229@students.ac.ke
52230,Henry,Nduku,henry.nduku52230@college.ac.ke
52231,Hannah,Omondi,hannah.omondi52231@academy.ac.ke
52232,James,Juma,james.juma52232@academy.ac.ke
52233,Naomi,Wairimu,naomi.wairimu52233@students.ac.ke
52234,Simon,Abdi,simon.abdi52234@college.ac.ke
52235,Ivan,Gichuki,ivan.gichuki52235@uni.ac.ke
52236,Harriet,Njoki,harriet.njoki52236@school.ac.ke
52237,Joyce,Kamau,joyce.kamau52237@uni.ac.ke
52238,Carol,Farah,carol.farah52238@college.ac.ke
52239,Florence,Ogolla,florence.ogolla52239@college.ac.ke
52240,Frances,Kinyua,frances.kinyua52240@students.ac.ke
52241,Jacob,Kasyoka,jacob.kasyoka52241@college.ac.ke
52242,Edith,Mbatha,edith.mbatha52242@school.ac.ke
52243,Kenneth,Muturi,kenneth.muturi52243@students.ac.ke
52244,Harriet,Okello,harriet.okello52244@academy.ac.ke
52245,Simon,Kasyoka,simon.kasyoka52245@uni.ac.ke
52246,Brian,Musyoka,brian.musyoka52246@school.ac.ke
52247,Joyce,Khalid,joyce.khalid52247@school.ac.ke
52248,Julian,Kiprotich,julian.kiprotich52248@students.ac.ke
52249,Joseph,Gathoni,joseph.gathoni52249@students.ac.ke
52250,Gloria,Khalid,gloria.khalid52250@uni.ac.ke
52251,Gladys,Waweru,gladys.waweru52251@students.ac.ke
52252,Agnes,Awuor,agnes.awuor52252@academy.ac.ke
52253,Alice,Mutisya,alice.mutisya52253@school.ac.ke
52254,Peter,Okello,peter.okello52254@academy.ac.ke
52255,Daniel,Nduku,daniel.nduku52255@school.ac.ke
52256,Irene,Mutisya,irene.mutisya52256@students.ac.ke
52257,Irene,Mutua,irene.mutua52257@school.ac.ke
52258,Joyce,Odhiambo,joyce.odhiambo52258@uni.ac.ke
52259,Edith,Chebet,edith.chebet52259@school.ac.ke
52260,Gladys,Kimani,gladys.kimani52260@school.ac.ke
52261,Bernard,Akumu,bernard.akumu52261@academy.ac.ke
52262,Gordon,Kinyua,gordon.kinyua52262@school.ac.ke
52263,Harriet,Khalid,harriet.khalid52263@school.ac.ke
52264,Samuel,Njoroge,samuel.njoroge52264@uni.ac.ke
52265,Hope,Njoki,hope.njoki52265@school.ac.ke
52266,Gloria,Waweru,gloria.waweru52266@uni.ac.ke
52267,Adrian,Kiprotich,adrian.kiprotich52267@college.ac.ke
52268,Oscar,Odhiambo,oscar.odhiambo52268@academy.ac.ke
52269,Edwin,Ochieng,edwin.ochieng52269@college.ac.ke
52270,Naomi,Ochieng,naomi.ochieng52270@college.ac.ke
52271,Joyce,Kiprotich,joyce.kiprotich52271@school.ac.ke
52272,James,Kyalo,james.kyalo52272@college.ac.ke
52273,Brian,Omar,brian.omar52273@college.ac.ke
52274,Carol,Njuguna,carol.njuguna52274@uni.ac.ke
52275,Philip,Kamau,philip.kamau52275@school.ac.ke
52276,Lydia,Mutua,lydia.mutua52276@college.ac.ke
52277,Harriet,Gitonga,harriet.gitonga52277@college.ac.ke
52278,Julian,Gathoni,julian.gathoni52278@uni.ac.ke
52279,Simon,Maina,simon.maina52279@uni.ac.ke
52280,Helen,Nzomo,helen.nzomo52280@school.ac.ke
52281,Dennis,Musa,dennis.musa52281@uni.ac.ke
52282,Thomas,Gitau,thomas.gitau52282@school.ac.ke
52283,Carol,Njuguna,carol.njuguna52283@uni.ac.ke
52284,Irene,Kimani,irene.kimani52284@school.ac.ke
52285,Gloria,Mwangi,gloria.mwangi52285@college.ac.ke
52286,Henry,Owino,henry.owino52286@uni.ac.ke
52287,Alice,Hassan,alice.hassan52287@college.ac.ke
52288,Hope,Ibrahim,hope.ibrahim52288@students.ac.ke
52289,Betty,Wanjiku,betty.wanjiku52289@uni.ac.ke
52290,Betty,Yusuf,betty.yusuf52290@college.ac.ke
52291,Diana,Nduku,diana.nduku52291@uni.ac.ke
52292,Charles,Odhiambo,charles.odhiambo52292@uni.ac.ke
52293,Ruth,Kiptoo,ruth.kiptoo52293@uni.ac.ke
52294,Gloria,Awuor,gloria.awuor52294@college.ac.ke
52295,Dennis,Adhiambo,dennis.adhiambo52295@academy.ac.ke
52296,Joseph,Okello,joseph.okello52296@academy.ac.ke
52297,Eleanor,Mutisya,eleanor.mutisya52297@academy.ac.ke
52298,Samuel,Wanjiku,samuel.wanjiku52298@college.ac.ke
52299,Naomi,Mutisya,naomi.mutisya52299@uni.ac.ke
52300,Philip,Mutai,philip.mutai52300@school.ac.ke
52301,Agnes,Gathoni,agnes.gathoni52301@uni.ac.ke
52302,Moses,Kiprotich,moses.kiprotich52302@college.ac.ke
52303,Joseph,Okello,joseph.okello52303@uni.ac.ke
52304,Charles,Owino,charles.owino52304@students.ac.ke
52305,Diana,Kiprotich,diana.kiprotich52305@school.ac.ke
52306,Francis,Musyoka,francis.musyoka52306@uni.ac.ke
52307,Frances,Kasyoka,frances.kasyoka52307@academy.ac.ke
52308,Victor,Nduku,victor.nduku52308@academy.ac.ke
52309,Lydia,Onyango,lydia.onyango52309@uni.ac.ke
52310,Lydia,Mutua,lydia.mutua52310@uni.ac.ke
52311,Joyce,Kiprotich,joyce.kiprotich52311@students.ac.ke
52312,Michael,Mwangi,michael.mwangi52312@students.ac.ke
52313,Oscar,Waweru,oscar.waweru52313@academy.ac.ke
52314,Harriet,Omar,harriet.omar52314@students.ac.ke
52315,Edwin,Otieno,edwin.otieno52315@uni.ac.ke
52316,Helen,Okello,helen.okello52316@academy.ac.ke
52317,Harriet,Mumo,harriet.mumo52317@school.ac.ke
52318,Daniel,Kimani,daniel.kimani52318@academy.ac.ke
52319,Thomas,Mwenda,thomas.mwenda52319@school.ac.ke
52320,Bernard,Kamau,bernard.kamau52320@school.ac.ke
52321,Dennis,Chebet,dennis.chebet52321@college.ac.ke
52322,Kenneth,Gitonga,kenneth.gitonga52322@uni.ac.ke
52323,Eric,Mutisya,eric.mutisya52323@school.ac.ke
52324,Daniel,Kiptoo,daniel.kiptoo52324@uni.ac.ke
52325,Hannah,Ogolla,hannah.ogolla52325@academy.ac.ke
52326,Diana,Achieng,diana.achieng52326@students.ac.ke
52327,Lydia,Abdi,lydia.abdi52327@academy.ac.ke
52328,Gladys,Kiptoo,gladys.kiptoo52328@college.ac.ke
52329,Isaac,Maina,isaac.maina52329@school.ac.ke
52330,Faith,Awuor,faith.awuor52330@students.ac.ke
52331,Carol,Mutai,carol.mutai52331@school.ac.ke
52332,Eleanor,Yusuf,eleanor.yusuf52332@uni.ac.ke
52333,Eleanor,Mutua,eleanor.mutua52333@college.ac.ke
52334,Beatrice,Owino,beatrice.owino52334@college.ac.ke
52335,Samuel,Maina,samuel.maina52335@school.ac.ke
52336,Paul,Musa,paul.musa52336@school.ac.ke
52337,Victor,Nduku,victor.nduku52337@college.ac.ke
52338,Joyce,Wairimu,joyce.wairimu52338@college.ac.ke
52339,David,Chebet,david.chebet52339@uni.ac.ke
52340,Moses,Ochieng,moses.ochieng52340@uni.ac.ke
52341,Edwin,Njoroge,edwin.njoroge52341@uni.ac.ke
52342,James,Hassan,james.hassan52342@academy.ac.ke
52343,Joy,Kamau,joy.kamau52343@students.ac.ke
52344,Samuel,Juma,samuel.juma52344@students.ac.ke
52345,Oscar,Kinyua,oscar.kinyua52345@students.ac.ke
52346,Daniel,Abdi,daniel.abdi52346@uni.ac.ke
52347,Frances,Okello,frances.okello52347@students.ac.ke
52348,Irene,Achieng,irene.achieng52348@academy.ac.ke
52349,Adrian,Mutisya,adrian.mutisya52349@college.ac.ke
52350,Gladys,Achieng,gladys.achieng52350@students.ac.ke
52351,Carol,Rotich,carol.rotich52351@students.ac.ke
52352,Raymond,Mutua,raymond.mutua52352@school.ac.ke
52353,Simon,Musa,simon.musa52353@academy.ac.ke
52354,Eric,Wairimu,eric.wairimu52354@students.ac.ke
52355,James,Juma,james.juma52355@school.ac.ke
52356,Francis,Gichuki,francis.gichuki52356@college.ac.ke
52357,Isaac,Mutua,isaac.mutua52357@students.ac.ke
52358,James,Njoki,james.njoki52358@academy.ac.ke
52359,Philip,Otieno,philip.otieno52359@uni.ac.ke
52360,Dorothy,Okello,dorothy.okello52360@college.ac.ke
52361,Paul,Lagat,paul.lagat52361@academy.ac.ke
52362,Agnes,Rotich,agnes.rotich52362@college.ac.ke
52363,Charles,Lagat,charles.lagat52363@students.ac.ke
52364,Esther,Kasyoka,esther.kasyoka52364@academy.ac.ke
52365,Eleanor,Maina,eleanor.maina52365@academy.ac.ke
52366,Julian,Wairimu,julian.wairimu52366@academy.ac.ke
52367,Faith,Ochieng,faith.ochieng52367@college.ac.ke
52368,Irene,Chebet,irene.chebet52368@academy.ac.ke
52369,Peter,Onyango,peter.onyango52369@college.ac.ke
52370,Bernard,Gitau,bernard.gitau52370@school.ac.ke
52371,Agnes,Awuor,agnes.awuor52371@school.ac.ke
52372,Victor,Mutisya,victor.mutisya52372@school.ac.ke
52373,Lewis,Muturi,lewis.muturi52373@academy.ac.ke
52374,Grace,Ogolla,grace.ogolla52374@students.ac.ke
52375,Paul,Kariuki,paul.kariuki52375@academy.ac.ke
52376,Janet,Waweru,janet.waweru52376@college.ac.ke
52377,William,Mwenda,william.mwenda52377@college.ac.ke
52378,Ivan,Koech,ivan.koech52378@students.ac.ke
52379,Daniel,Njoroge,daniel.njoroge52379@uni.ac.ke
52380,Grace,Njoroge,grace.njoroge52380@academy.ac.ke
52381,Diana,Abdi,diana.abdi52381@students.ac.ke
52382,Beatrice,Waweru,beatrice.waweru52382@college.ac.ke
52383,Adrian,Ochieng,adrian.ochieng52383@college.ac.ke
52384,Faith,Juma,faith.juma52384@uni.ac.ke
52385,Lydia,Ruto,lydia.ruto52385@uni.ac.ke
52386,Dennis,Maina,dennis.maina52386@college.ac.ke
52387,Joyce,Farah,joyce.farah52387@school.ac.ke
52388,Lewis,Wairimu,lewis.wairimu52388@college.ac.ke
52389,Janet,Kariuki,janet.kariuki52389@college.ac.ke
52390,Gladys,Mumo,gladys.mumo52390@school.ac.ke
52391,Kevin,Omar,kevin.omar52391@uni.ac.ke
52392,Julian,Ahmed,julian.ahmed52392@students.ac.ke
52393,Frances,Bett,frances.bett52393@college.ac.ke
52394,Adrian,Otieno,adrian.otieno52394@school.ac.ke
52395,Faith,Ogolla,faith.ogolla52395@uni.ac.ke
52396,Brian,Kyalo,brian.kyalo52396@students.ac.ke
52397,Brian,Juma,brian.juma52397@students.ac.ke
52398,Victor,Onyango,victor.onyango52398@college.ac.ke
52399,Betty,Kyalo,betty.kyalo52399@academy.ac.ke
52400,Isaac,Mwenda,isaac.mwenda52400@school.ac.ke
52401,Irene,Gichuki,irene.gichuki52401@school.ac.ke
52402,Eric,Adhiambo,eric.adhiambo52402@uni.ac.ke
52403,Helen,Mutisya,helen.mutisya52403@students.ac.ke
52404,Paul,Omondi,paul.omondi52404@academy.ac.ke
52405,Charles,Gathoni,charles.gathoni52405@uni.ac.ke
52406,Helen,Mbatha,helen.mbatha52406@students.ac.ke
52407,Joseph,Ogolla,joseph.ogolla52407@college.ac.ke
52408,Joy,Kiptoo,joy.kiptoo52408@college.ac.ke
52409,Charles,Muturi,charles.muturi52409@students.ac.ke
52410,Thomas,Akumu,thomas.akumu52410@school.ac.ke
52411,Harold,Akumu,harold.akumu52411@uni.ac.ke
52412,Joy,Gitonga,joy.gitonga52412@college.ac.ke
52413,Henry,Mwenda,henry.mwenda52413@uni.ac.ke
52414,George,Wairimu,george.wairimu52414@students.ac.ke
52415,Catherine,Khalid,catherine.khalid52415@students.ac.ke
52416,James,Akumu,james.akumu52416@academy.ac.ke
52417,Hannah,Njuguna,hannah.njuguna52417@school.ac.ke
52418,Daniel,Hassan,daniel.hassan52418@uni.ac.ke
52419,Edith,Wairimu,edith.wairimu52419@uni.ac.ke
52420,Francis,Gathoni,francis.gathoni52420@school.ac.ke
52421,Douglas,Hassan,douglas.hassan52421@students.ac.ke
52422,Julian,Juma,julian.juma52422@school.ac.ke
52423,Irene,Achieng,irene.achieng52423@school.ac.ke
52424,Grace,Kasyoka,grace.kasyoka52424@school.ac.ke
52425,Janet,Kyalo,janet.kyalo52425@school.ac.ke
52426,Harold,Rotich,harold.rotich52426@school.ac.ke
52427,Noah,Omar,noah.omar52427@students.ac.ke
52428,Robert,Mbatha,robert.mbatha52428@students.ac.ke
52429,Irene,Kiptoo,irene.kiptoo52429@uni.ac.ke
52430,Thomas,Okello,thomas.okello52430@uni.ac.ke
52431,Harold,Ibrahim,harold.ibrahim52431@school.ac.ke
52432,Kenneth,Abdi,kenneth.abdi52432@students.ac.ke
52433,Frances,Hassan,frances.hassan52433@students.ac.ke
52434,Faith,Ahmed,faith.ahmed52434@academy.ac.ke
52435,Harriet,Juma,harriet.juma52435@students.ac.ke
52436,Janet,Kiptoo,janet.kiptoo52436@college.ac.ke
52437,George,Adhiambo,george.adhiambo52437@school.ac.ke
52438,Samuel,Mbatha,samuel.mbatha52438@uni.ac.ke
52439,Hannah,Gitau,hannah.gitau52439@college.ac.ke
52440,Faith,Koech,faith.koech52440@academy.ac.ke
52441,Lewis,Juma,lewis.juma52441@school.ac.ke
52442,Samuel,Achieng,samuel.achieng52442@students.ac.ke
52443,Adrian,Ibrahim,adrian.ibrahim52443@uni.ac.ke
52444,Edith,Musyoka,edith.musyoka52444@college.ac.ke
52445,Gordon,Mutua,gordon.mutua52445@uni.ac.ke
52446,Carol,Yusuf,carol.yusuf52446@school.ac.ke
52447,Dorothy,Khalid,dorothy.khalid52447@academy.ac.ke
52448,Harold,Achieng,harold.achieng52448@school.ac.ke
52449,Florence,Wanjiku,florence.wanjiku52449@college.ac.ke
52450,Harriet,Nduku,harriet.nduku52450@academy.ac.ke
52451,Henry,Khalid,henry.khalid52451@students.ac.ke
52452,Irene,Akumu,irene.akumu52452@uni.ac.ke
52453,Lydia,Mwenda,lydia.mwenda52453@academy.ac.ke
52454,Janet,Maina,janet.maina52454@college.ac.ke
52455,Joyce,Waweru,joyce.waweru52455@school.ac.ke
52456,Gordon,Musa,gordon.musa52456@academy.ac.ke
52457,Isaac,Wanjiku,isaac.wanjiku52457@students.ac.ke
52458,Paul,Njoroge,paul.njoroge52458@school.ac.ke
52459,Charles,Ogolla,charles.ogolla52459@college.ac.ke
52460,Irene,Kiptoo,irene.kiptoo52460@students.ac.ke
52461,Betty,Odhiambo,betty.odhiambo52461@academy.ac.ke
52462,Oscar,Mumo,oscar.mumo52462@academy.ac.ke
52463,Edwin,Owino,edwin.owino52463@academy.ac.ke
52464,Frances,Wanjiku,frances.wanjiku52464@uni.ac.ke
52465,James,Gitonga,james.gitonga52465@school.ac.ke
52466,Joy,Muturi,joy.muturi52466@academy.ac.ke
52467,John,Waweru,john.waweru52467@academy.ac.ke
52468,Jacob,Akumu,jacob.akumu52468@school.ac.ke
52469,Isaac,Gitonga,isaac.gitonga52469@college.ac.ke
52470,John,Ruto,john.ruto52470@uni.ac.ke
52471,Kevin,Gathoni,kevin.gathoni52471@college.ac.ke
52472,Kenneth,Juma,kenneth.juma52472@school.ac.ke
52473,James,Kamau,james.kamau52473@school.ac.ke
52474,Harold,Kimani,harold.kimani52474@college.ac.ke
52475,Isaac,Nzomo,isaac.nzomo52475@academy.ac.ke
52476,Michael,Adhiambo,michael.adhiambo52476@college.ac.ke
52477,Gordon,Mutua,gordon.mutua52477@academy.ac.ke
52478,Hope,Musyoka,hope.musyoka52478@academy.ac.ke
52479,Noah,Nduku,noah.nduku52479@students.ac.ke
52480,John,Gathoni,john.gathoni52480@uni.ac.ke
52481,Harold,Bett,harold.bett52481@academy.ac.ke
52482,Thomas,Kimani,thomas.kimani52482@college.ac.ke
52483,Joseph,Akumu,joseph.akumu52483@students.ac.ke
52484,Lydia,Wanjiku,lydia.wanjiku52484@students.ac.ke
52485,Kenneth,Okello,kenneth.okello52485@academy.ac.ke
52486,Agnes,Koech,agnes.koech52486@school.ac.ke
52487,Brian,Lagat,brian.lagat52487@academy.ac.ke
52488,Diana,Kasyoka,diana.kasyoka52488@college.ac.ke
52489,Gloria,Lagat,gloria.lagat52489@college.ac.ke
52490,Samuel,Awuor,samuel.awuor52490@school.ac.ke
52491,Edith,Ibrahim,edith.ibrahim52491@students.ac.ke
52492,Beatrice,Njuguna,beatrice.njuguna52492@uni.ac.ke
52493,Noah,Mumo,noah.mumo52493@uni.ac.ke
52494,Harriet,Yusuf,harriet.yusuf52494@students.ac.ke
52495,Bernard,Ruto,bernard.ruto52495@academy.ac.ke
52496,Joseph,Kasyoka,joseph.kasyoka52496@students.ac.ke
52497,Betty,Lagat,betty.lagat52497@students.ac.ke
52498,Dorothy,Kinyua,dorothy.kinyua52498@college.ac.ke
52499,Beatrice,Wanjiku,beatrice.wanjiku52499@students.ac.ke
52500,Irene,Achieng,irene.achieng52500@uni.ac.ke
52501,Mary,Ochieng,mary.ochieng52501@school.ac.ke
52502,Paul,Musa,paul.musa52502@students.ac.ke
52503,John,Achieng,john.achieng52503@academy.ac.ke
52504,Samuel,Maina,samuel.maina52504@academy.ac.ke
52505,Isaac,Mwenda,isaac.mwenda52505@academy.ac.ke
52506,Douglas,Maina,douglas.maina52506@college.ac.ke
52507,Joseph,Njoki,joseph.njoki52507@academy.ac.ke
52508,Isaac,Mutua,isaac.mutua52508@students.ac.ke
52509,Harriet,Bett,harriet.bett52509@school.ac.ke
52510,Victor,Waweru,victor.waweru52510@school.ac.ke
52511,Harold,Ruto,harold.ruto52511@school.ac.ke
52512,John,Juma,john.juma52512@academy.ac.ke
52513,Moses,Mutai,moses.mutai52513@school.ac.ke
52514,Julian,Farah,julian.farah52514@students.ac.ke
52515,Faith,Mbatha,faith.mbatha52515@students.ac.ke
52516,Raymond,Ruto,raymond.ruto52516@college.ac.ke
52517,Gladys,Rotich,gladys.rotich52517@students.ac.ke
52518,Robert,Kamau,robert.kamau52518@school.ac.ke
52519,Jacob,Ruto,jacob.ruto52519@school.ac.ke
52520,Naomi,Nduku,naomi.nduku52520@school.ac.ke
52521,Janet,Nduku,janet.nduku52521@school.ac.ke
52522,George,Kariuki,george.kariuki52522@academy.ac.ke
52523,Moses,Achieng,moses.achieng52523@school.ac.ke
52524,Thomas,Mwangi,thomas.mwangi52524@students.ac.ke
52525,Dennis,Kimani,dennis.kimani52525@academy.ac.ke
52526,Hannah,Ngetich,hannah.ngetich52526@school.ac.ke
52527,Victor,Farah,victor.farah52527@uni.ac.ke
52528,Florence,Kinyua,florence.kinyua52528@college.ac.ke
52529,Ivan,Kiprotich,ivan.kiprotich52529@school.ac.ke
52530,James,Adhiambo,james.adhiambo52530@college.ac.ke
52531,Janet,Mutisya,janet.mutisya52531@uni.ac.ke
52532,Lewis,Kyalo,lewis.kyalo52532@students.ac.ke
52533,Henry,Mumo,henry.mumo52533@college.ac.ke
52534,Edwin,Koech,edwin.koech52534@academy.ac.ke
52535,Brian,Gichuki,brian.gichuki52535@school.ac.ke
52536,Lewis,Gitonga,lewis.gitonga52536@students.ac.ke
52537,Edith,Mbatha,edith.mbatha52537@uni.ac.ke
52538,Paul,Maina,paul.maina52538@school.ac.ke
52539,Esther,Njoroge,esther.njoroge52539@uni.ac.ke
52540,Douglas,Omar,douglas.omar52540@school.ac.ke
52541,Brian,Waweru,brian.waweru52541@uni.ac.ke
52542,Dennis,Khalid,dennis.khalid52542@college.ac.ke
52543,Joy,Maina,joy.maina52543@college.ac.ke
52544,Noah,Hassan,noah.hassan52544@students.ac.ke
52545,John,Kariuki,john.kariuki52545@school.ac.ke
52546,Helen,Ngetich,helen.ngetich52546@school.ac.ke
52547,Moses,Okello,moses.okello52547@academy.ac.ke
52548,Daniel,Akumu,daniel.akumu52548@college.ac.ke
52549,Philip,Mutai,philip.mutai52549@uni.ac.ke
52550,Samuel,Wanjiku,samuel.wanjiku52550@students.ac.ke
52551,Thomas,Lagat,thomas.lagat52551@academy.ac.ke
52552,Irene,Kinyua,irene.kinyua52552@students.ac.ke
52553,Diana,Ibrahim,diana.ibrahim52553@college.ac.ke
52554,Michael,Onyango,michael.onyango52554@academy.ac.ke
52555,Brian,Chebet,brian.chebet52555@academy.ac.ke
52556,Alice,Mwenda,alice.mwenda52556@academy.ac.ke
52557,Ivan,Maina,ivan.maina52557@school.ac.ke
52558,Henry,Ochieng,henry.ochieng52558@academy.ac.ke
52559,Joseph,Okello,joseph.okello52559@school.ac.ke
52560,George,Owino,george.owino52560@college.ac.ke
52561,Faith,Akumu,faith.akumu52561@school.ac.ke
52562,Samuel,Kariuki,samuel.kariuki52562@college.ac.ke
52563,Dennis,Gichuki,dennis.gichuki52563@students.ac.ke
52564,Henry,Wanjiku,henry.wanjiku52564@college.ac.ke
52565,Harold,Kyalo,harold.kyalo52565@school.ac.ke
52566,Moses,Mbatha,moses.mbatha52566@college.ac.ke
52567,Edith,Mwangi,edith.mwangi52567@uni.ac.ke
52568,Agnes,Akumu,agnes.akumu52568@college.ac.ke
52569,Hannah,Lagat,hannah.lagat52569@school.ac.ke
52570,David,Lagat,david.lagat52570@college.ac.ke
52571,Eric,Koech,eric.koech52571@school.ac.ke
52572,Raymond,Farah,raymond.farah52572@students.ac.ke
52573,Dorothy,Maina,dorothy.maina52573@school.ac.ke
52574,Esther,Omondi,esther.omondi52574@uni.ac.ke
52575,Julian,Nduku,julian.nduku52575@school.ac.ke
52576,Brian,Otieno,brian.otieno52576@academy.ac.ke
52577,Gordon,Omondi,gordon.omondi52577@students.ac.ke
52578,Ivan,Koech,ivan.koech52578@uni.ac.ke
52579,Hope,Lagat,hope.lagat52579@uni.ac.ke
52580,Naomi,Gitonga,naomi.gitonga52580@college.ac.ke
52581,John,Musyoka,john.musyoka52581@academy.ac.ke
52582,Hope,Mwenda,hope.mwenda52582@uni.ac.ke
52583,Douglas,Adhiambo,douglas.adhiambo52583@school.ac.ke
52584,Edith,Mumo,edith.mumo52584@students.ac.ke
52585,Naomi,Mwenda,naomi.mwenda52585@college.ac.ke
52586,Gloria,Njoroge,gloria.njoroge52586@uni.ac.ke
52587,Jacob,Wairimu,jacob.wairimu52587@students.ac.ke
52588,Kenneth,Ngetich,kenneth.ngetich52588@college.ac.ke
52589,Dorothy,Ndegwa,dorothy.ndegwa52589@academy.ac.ke
52590,Irene,Onyango,irene.onyango52590@school.ac.ke
52591,James,Kiptoo,james.kiptoo52591@students.ac.ke
52592,Mary,Juma,mary.juma52592@school.ac.ke
52593,Eric,Koech,eric.koech52593@uni.ac.ke
52594,Gloria,Gitau,gloria.gitau52594@college.ac.ke
52595,Hannah,Farah,hannah.farah52595@college.ac.ke
52596,Catherine,Wanjiku,catherine.wanjiku52596@school.ac.ke
52597,Irene,Mutua,irene.mutua52597@school.ac.ke
52598,Grace,Yusuf,grace.yusuf52598@students.ac.ke
52599,Catherine,Mutisya,catherine.mutisya52599@school.ac.ke
52600,Francis,Awuor,francis.awuor52600@students.ac.ke
52601,Naomi,Koech,naomi.koech52601@school.ac.ke
52602,Francis,Wairimu,francis.wairimu52602@school.ac.ke
52603,Kenneth,Farah,kenneth.farah52603@students.ac.ke
52604,Jacob,Rotich,jacob.rotich52604@students.ac.ke
52605,Irene,Gitau,irene.gitau52605@academy.ac.ke
52606,Julian,Abdi,julian.abdi52606@college.ac.ke
52607,Francis,Wanjiku,francis.wanjiku52607@school.ac.ke
52608,Naomi,Kariuki,naomi.kariuki52608@school.ac.ke
52609,Hope,Kariuki,hope.kariuki52609@college.ac.ke
52610,Adrian,Nzomo,adrian.nzomo52610@academy.ac.ke
52611,Esther,Kimani,esther.kimani52611@students.ac.ke
52612,Robert,Rotich,robert.rotich52612@uni.ac.ke
52613,Harriet,Khalid,harriet.khalid52613@students.ac.ke
52614,Catherine,Mbatha,catherine.mbatha52614@school.ac.ke
52615,Lydia,Nduku,lydia.nduku52615@academy.ac.ke
52616,Irene,Nzomo,irene.nzomo52616@uni.ac.ke
52617,Janet,Kiptoo,janet.kiptoo52617@school.ac.ke
52618,Edwin,Mbatha,edwin.mbatha52618@academy.ac.ke
52619,Thomas,Kimani,thomas.kimani52619@uni.ac.ke
52620,Douglas,Rotich,douglas.rotich52620@college.ac.ke
52621,Esther,Ahmed,esther.ahmed52621@college.ac.ke
52622,Ivan,Ngetich,ivan.ngetich52622@students.ac.ke
52623,Irene,Waweru,irene.waweru52623@students.ac.ke
52624,Dennis,Waweru,dennis.waweru52624@students.ac.ke
52625,Faith,Ndegwa,faith.ndegwa52625@school.ac.ke
52626,Faith,Ruto,faith.ruto52626@college.ac.ke
52627,Betty,Nzomo,betty.nzomo52627@students.ac.ke
52628,Daniel,Ibrahim,daniel.ibrahim52628@school.ac.ke
52629,Alice,Njoroge,alice.njoroge52629@academy.ac.ke
52630,Harold,Hassan,harold.hassan52630@uni.ac.ke
52631,Oscar,Owino,oscar.owino52631@students.ac.ke
52632,Diana,Nduku,diana.nduku52632@school.ac.ke
52633,Lydia,Mumo,lydia.mumo52633@uni.ac.ke
52634,Harriet,Hassan,harriet.hassan52634@uni.ac.ke
52635,Francis,Mbatha,francis.mbatha52635@academy.ac.ke
52636,Oscar,Mutai,oscar.mutai52636@college.ac.ke
52637,Daniel,Maina,daniel.maina52637@school.ac.ke
52638,Janet,Ngetich,janet.ngetich52638@students.ac.ke
52639,Bernard,Yusuf,bernard.yusuf52639@academy.ac.ke
52640,Kenneth,Onyango,kenneth.onyango52640@academy.ac.ke
52641,Hope,Gitonga,hope.gitonga52641@school.ac.ke
52642,Mary,Chebet,mary.chebet52642@uni.ac.ke
52643,Irene,Chebet,irene.chebet52643@students.ac.ke
52644,Gordon,Mutai,gordon.mutai52644@uni.ac.ke
52645,Hannah,Ngetich,hannah.ngetich52645@academy.ac.ke
52646,Irene,Abdi,irene.abdi52646@school.ac.ke
52647,Moses,Lagat,moses.lagat52647@academy.ac.ke
52648,Quentin,Kimani,quentin.kimani52648@uni.ac.ke
52649,Daniel,Yusuf,daniel.yusuf52649@school.ac.ke
52650,Hope,Mutisya,hope.mutisya52650@students.ac.ke
52651,Lydia,Gitonga,lydia.gitonga52651@school.ac.ke
52652,Dennis,Mutisya,dennis.mutisya52652@school.ac.ke
52653,Dorothy,Onyango,dorothy.onyango52653@uni.ac.ke
52654,Mary,Kimani,mary.kimani52654@academy.ac.ke
52655,Raymond,Mwenda,raymond.mwenda52655@academy.ac.ke
52656,Ruth,Lagat,ruth.lagat52656@college.ac.ke
52657,Naomi,Kamau,naomi.kamau52657@school.ac.ke
52658,Dorothy,Akumu,dorothy.akumu52658@students.ac.ke
52659,Joseph,Hassan,joseph.hassan52659@school.ac.ke
52660,Diana,Gathoni,diana.gathoni52660@uni.ac.ke
52661,Eric,Koech,eric.koech52661@uni.ac.ke
52662,Samuel,Farah,samuel.farah52662@college.ac.ke
52663,Moses,Farah,moses.farah52663@college.ac.ke
52664,Gordon,Wanjiku,gordon.wanjiku52664@school.ac.ke
52665,John,Awuor,john.awuor52665@uni.ac.ke
52666,Bernard,Ahmed,bernard.ahmed52666@school.ac.ke
52667,Diana,Njoroge,diana.njoroge52667@school.ac.ke
52668,Dennis,Nduku,dennis.nduku52668@academy.ac.ke
52669,Samuel,Mwenda,samuel.mwenda52669@students.ac.ke
52670,Jacob,Ochieng,jacob.ochieng52670@school.ac.ke
52671,Hannah,Muturi,hannah.muturi52671@academy.ac.ke
52672,Ruth,Kiprotich,ruth.kiprotich52672@college.ac.ke
52673,Frances,Bett,frances.bett52673@school.ac.ke
52674,Gloria,Mutua,gloria.mutua52674@college.ac.ke
52675,John,Gichuki,john.gichuki52675@uni.ac.ke
52676,Catherine,Ogolla,catherine.ogolla52676@academy.ac.ke
52677,Robert,Juma,robert.juma52677@school.ac.ke
52678,Eleanor,Kiptoo,eleanor.kiptoo52678@students.ac.ke
52679,Victor,Maina,victor.maina52679@students.ac.ke
52680,Brian,Rotich,brian.rotich52680@college.ac.ke
52681,Gladys,Mwenda,gladys.mwenda52681@students.ac.ke
52682,David,Achieng,david.achieng52682@college.ac.ke
52683,Julian,Ogolla,julian.ogolla52683@uni.ac.ke
52684,George,Abdi,george.abdi52684@uni.ac.ke
52685,Quentin,Mwangi,quentin.mwangi52685@students.ac.ke
52686,Helen,Nzomo,helen.nzomo52686@college.ac.ke
52687,Oscar,Odhiambo,oscar.odhiambo52687@school.ac.ke
52688,Samuel,Njoroge,samuel.njoroge52688@students.ac.ke
52689,Hannah,Rotich,hannah.rotich52689@uni.ac.ke
52690,Simon,Chebet,simon.chebet52690@students.ac.ke
52691,Eric,Wairimu,eric.wairimu52691@academy.ac.ke
52692,Moses,Kimani,moses.kimani52692@uni.ac.ke
52693,Ruth,Wanjiku,ruth.wanjiku52693@college.ac.ke
52694,Henry,Otieno,henry.otieno52694@school.ac.ke
52695,Grace,Kimani,grace.kimani52695@academy.ac.ke
52696,Eric,Hassan,eric.hassan52696@college.ac.ke
52697,Thomas,Wanjiku,thomas.wanjiku52697@uni.ac.ke
52698,Edwin,Onyango,edwin.onyango52698@school.ac.ke
52699,Joyce,Mwangi,joyce.mwangi52699@uni.ac.ke
52700,James,Musyoka,james.musyoka52700@academy.ac.ke
52701,Robert,Wairimu,robert.wairimu52701@college.ac.ke
52702,Philip,Kariuki,philip.kariuki52702@college.ac.ke
52703,Eric,Farah,eric.farah52703@school.ac.ke
52704,Beatrice,Mutai,beatrice.mutai52704@uni.ac.ke
52705,Joseph,Mutai,joseph.mutai52705@school.ac.ke
52706,Naomi,Waweru,naomi.waweru52706@academy.ac.ke
52707,Julian,Gitau,julian.gitau52707@school.ac.ke
52708,Douglas,Gitonga,douglas.gitonga52708@students.ac.ke
52709,Noah,Chebet,noah.chebet52709@college.ac.ke
52710,Noah,Kinyua,noah.kinyua52710@college.ac.ke
52711,Kenneth,Kiprotich,kenneth.kiprotich52711@academy.ac.ke
52712,Frances,Omondi,frances.omondi52712@school.ac.ke
52713,Catherine,Kamau,catherine.kamau52713@school.ac.ke
52714,George,Kinyua,george.kinyua52714@school.ac.ke
52715,Gladys,Khalid,gladys.khalid52715@uni.ac.ke
52716,Philip,Abdi,philip.abdi52716@academy.ac.ke
52717,Janet,Mutisya,janet.mutisya52717@college.ac.ke
52718,Philip,Kinyua,philip.kinyua52718@students.ac.ke
52719,Joseph,Maina,joseph.maina52719@students.ac.ke
52720,George,Maina,george.maina52720@school.ac.ke
52721,Irene,Mutisya,irene.mutisya52721@students.ac.ke
52722,Raymond,Mutisya,raymond.mutisya52722@school.ac.ke
52723,Peter,Otieno,peter.otieno52723@uni.ac.ke
52724,Gordon,Bett,gordon.bett52724@uni.ac.ke
52725,Joyce,Akumu,joyce.akumu52725@college.ac.ke
52726,Simon,Waweru,simon.waweru52726@college.ac.ke
52727,Victor,Kinyua,victor.kinyua52727@students.ac.ke
52728,Faith,Mwangi,faith.mwangi52728@academy.ac.ke
52729,Harold,Bett,harold.bett52729@academy.ac.ke
52730,James,Musyoka,james.musyoka52730@uni.ac.ke
52731,Frances,Muturi,frances.muturi52731@college.ac.ke
52732,Paul,Mutua,paul.mutua52732@uni.ac.ke
52733,Grace,Wairimu,grace.wairimu52733@students.ac.ke
52734,Beatrice,Waweru,beatrice.waweru52734@students.ac.ke
52735,Florence,Mwenda,florence.mwenda52735@school.ac.ke
52736,Florence,Okello,florence.okello52736@uni.ac.ke
52737,Simon,Kyalo,simon.kyalo52737@school.ac.ke
52738,Mary,Owino,mary.owino52738@school.ac.ke
52739,Paul,Wairimu,paul.wairimu52739@academy.ac.ke
52740,Philip,Bett,philip.bett52740@students.ac.ke
52741,George,Gichuki,george.gichuki52741@students.ac.ke
52742,Gloria,Achieng,gloria.achieng52742@uni.ac.ke
52743,Edwin,Mutua,edwin.mutua52743@students.ac.ke
52744,Faith,Gitonga,faith.gitonga52744@uni.ac.ke
52745,Thomas,Wairimu,thomas.wairimu52745@college.ac.ke
52746,Gloria,Gitonga,gloria.gitonga52746@college.ac.ke
52747,Ruth,Maina,ruth.maina52747@academy.ac.ke
52748,Irene,Abdi,irene.abdi52748@college.ac.ke
52749,Paul,Owino,paul.owino52749@academy.ac.ke
52750,Gordon,Musyoka,gordon.musyoka52750@college.ac.ke
52751,Naomi,Wairimu,naomi.wairimu52751@students.ac.ke
52752,Kenneth,Ruto,kenneth.ruto52752@school.ac.ke
52753,Kenneth,Kiprotich,kenneth.kiprotich52753@college.ac.ke
52754,Betty,Musa,betty.musa52754@school.ac.ke
52755,Naomi,Abdi,naomi.abdi52755@school.ac.ke
52756,Agnes,Mbatha,agnes.mbatha52756@school.ac.ke
52757,William,Awuor,william.awuor52757@school.ac.ke
52758,Frances,Otieno,frances.otieno52758@uni.ac.ke
52759,Faith,Mwangi,faith.mwangi52759@school.ac.ke
52760,David,Mutai,david.mutai52760@students.ac.ke
52761,Naomi,Kamau,naomi.kamau52761@academy.ac.ke
52762,Hannah,Bett,hannah.bett52762@college.ac.ke
52763,Isaac,Kimani,isaac.kimani52763@college.ac.ke
52764,Irene,Gitau,irene.gitau52764@students.ac.ke
52765,Lewis,Nduku,lewis.nduku52765@students.ac.ke
52766,Robert,Ndegwa,robert.ndegwa52766@academy.ac.ke
52767,Michael,Ruto,michael.ruto52767@school.ac.ke
52768,Betty,Mumo,betty.mumo52768@students.ac.ke
52769,Betty,Ahmed,betty.ahmed52769@college.ac.ke
52770,Florence,Ngetich,florence.ngetich52770@college.ac.ke
52771,Kevin,Ngetich,kevin.ngetich52771@college.ac.ke
52772,Joy,Yusuf,joy.yusuf52772@students.ac.ke
52773,Adrian,Yusuf,adrian.yusuf52773@students.ac.ke
52774,Lydia,Maina,lydia.maina52774@school.ac.ke
52775,Helen,Ruto,helen.ruto52775@uni.ac.ke
52776,Irene,Ogolla,irene.ogolla52776@school.ac.ke
52777,Alice,Mbatha,alice.mbatha52777@academy.ac.ke
52778,Joy,Gitonga,joy.gitonga52778@academy.ac.ke
52779,Joseph,Gitau,joseph.gitau52779@college.ac.ke
52780,George,Mumo,george.mumo52780@uni.ac.ke
52781,Betty,Mutisya,betty.mutisya52781@school.ac.ke
52782,Mary,Gitau,mary.gitau52782@academy.ac.ke
52783,Noah,Mwangi,noah.mwangi52783@students.ac.ke
52784,Catherine,Kimani,catherine.kimani52784@uni.ac.ke
52785,Gladys,Owino,gladys.owino52785@students.ac.ke
52786,Dennis,Nduku,dennis.nduku52786@students.ac.ke
52787,Simon,Ndegwa,simon.ndegwa52787@college.ac.ke
52788,Douglas,Kyalo,douglas.kyalo52788@uni.ac.ke
52789,Harold,Achieng,harold.achieng52789@academy.ac.ke
52790,William,Akumu,william.akumu52790@college.ac.ke
52791,Oscar,Onyango,oscar.onyango52791@school.ac.ke
52792,Gladys,Akumu,gladys.akumu52792@students.ac.ke
52793,Edith,Kyalo,edith.kyalo52793@college.ac.ke
52794,Esther,Njoki,esther.njoki52794@uni.ac.ke
52795,Edwin,Mwenda,edwin.mwenda52795@uni.ac.ke
52796,Irene,Muturi,irene.muturi52796@students.ac.ke
52797,Agnes,Omondi,agnes.omondi52797@academy.ac.ke
52798,Florence,Wairimu,florence.wairimu52798@school.ac.ke
52799,Simon,Mumo,simon.mumo52799@school.ac.ke
52800,Brian,Ahmed,brian.ahmed52800@college.ac.ke
52801,Oscar,Kariuki,oscar.kariuki52801@academy.ac.ke
52802,Thomas,Owino,thomas.owino52802@uni.ac.ke
52803,Faith,Omar,faith.omar52803@academy.ac.ke
52804,Charles,Hassan,charles.hassan52804@uni.ac.ke
52805,Faith,Ndegwa,faith.ndegwa52805@uni.ac.ke
52806,Gordon,Juma,gordon.juma52806@uni.ac.ke
52807,George,Kiptoo,george.kiptoo52807@school.ac.ke
52808,Michael,Koech,michael.koech52808@uni.ac.ke
52809,Quentin,Musa,quentin.musa52809@school.ac.ke
52810,Adrian,Wanjiku,adrian.wanjiku52810@college.ac.ke
52811,Betty,Njoki,betty.njoki52811@uni.ac.ke
52812,Francis,Waweru,francis.waweru52812@academy.ac.ke
52813,Catherine,Farah,catherine.farah52813@students.ac.ke
52814,Gordon,Bett,gordon.bett52814@college.ac.ke
52815,Moses,Kamau,moses.kamau52815@uni.ac.ke
52816,Raymond,Ndegwa,raymond.ndegwa52816@uni.ac.ke
52817,Eleanor,Odhiambo,eleanor.odhiambo52817@students.ac.ke
52818,Edwin,Koech,edwin.koech52818@college.ac.ke
52819,Harriet,Ngetich,harriet.ngetich52819@uni.ac.ke
52820,Dorothy,Muturi,dorothy.muturi52820@uni.ac.ke
52821,Alice,Yusuf,alice.yusuf52821@students.ac.ke
52822,Gordon,Kyalo,gordon.kyalo52822@uni.ac.ke
52823,Lydia,Ogolla,lydia.ogolla52823@students.ac.ke
52824,Beatrice,Njuguna,beatrice.njuguna52824@uni.ac.ke
52825,Edith,Yusuf,edith.yusuf52825@uni.ac.ke
52826,Irene,Kamau,irene.kamau52826@school.ac.ke
52827,Lydia,Bett,lydia.bett52827@uni.ac.ke
52828,Gordon,Muturi,gordon.muturi52828@school.ac.ke
52829,Dorothy,Onyango,dorothy.onyango52829@academy.ac.ke
52830,Michael,Juma,michael.juma52830@college.ac.ke
52831,Robert,Otieno,robert.otieno52831@school.ac.ke
52832,Irene,Ngetich,irene.ngetich52832@students.ac.ke
52833,Charles,Omar,charles.omar52833@academy.ac.ke
52834,Alice,Odhiambo,alice.odhiambo52834@academy.ac.ke
52835,Douglas,Achieng,douglas.achieng52835@academy.ac.ke
52836,Irene,Mutai,irene.mutai52836@uni.ac.ke
52837,Diana,Gathoni,diana.gathoni52837@students.ac.ke
52838,Joy,Odhiambo,joy.odhiambo52838@uni.ac.ke
52839,Eleanor,Wairimu,eleanor.wairimu52839@academy.ac.ke
52840,Charles,Kimani,charles.kimani52840@school.ac.ke
52841,Betty,Kamau,betty.kamau52841@academy.ac.ke
52842,Eric,Rotich,eric.rotich52842@uni.ac.ke
52843,Francis,Gitonga,francis.gitonga52843@college.ac.ke
52844,Hannah,Awuor,hannah.awuor52844@school.ac.ke
52845,Carol,Chebet,carol.chebet52845@students.ac.ke
52846,Alice,Kinyua,alice.kinyua52846@uni.ac.ke
52847,Brian,Musyoka,brian.musyoka52847@uni.ac.ke
52848,Edwin,Lagat,edwin.lagat52848@school.ac.ke
52849,Alice,Kimani,alice.kimani52849@uni.ac.ke
52850,Irene,Odhiambo,irene.odhiambo52850@uni.ac.ke
52851,Grace,Mbatha,grace.mbatha52851@uni.ac.ke
52852,Agnes,Ochieng,agnes.ochieng52852@uni.ac.ke
52853,Jacob,Gathoni,jacob.gathoni52853@uni.ac.ke
52854,Henry,Bett,henry.bett52854@school.ac.ke
52855,Irene,Awuor,irene.awuor52855@academy.ac.ke
52856,Mary,Kyalo,mary.kyalo52856@academy.ac.ke
52857,Peter,Odhiambo,peter.odhiambo52857@academy.ac.ke
52858,Edwin,Kasyoka,edwin.kasyoka52858@school.ac.ke
52859,Irene,Yusuf,irene.yusuf52859@uni.ac.ke
52860,Hope,Mutisya,hope.mutisya52860@school.ac.ke
52861,James,Owino,james.owino52861@students.ac.ke
52862,Simon,Onyango,simon.onyango52862@uni.ac.ke
52863,David,Abdi,david.abdi52863@academy.ac.ke
52864,Kenneth,Kasyoka,kenneth.kasyoka52864@academy.ac.ke
52865,Joseph,Akumu,joseph.akumu52865@students.ac.ke
52866,Charles,Kasyoka,charles.kasyoka52866@uni.ac.ke
52867,Jacob,Kamau,jacob.kamau52867@school.ac.ke
52868,Naomi,Kiptoo,naomi.kiptoo52868@uni.ac.ke
52869,Esther,Mwangi,esther.mwangi52869@uni.ac.ke
52870,Brian,Kiptoo,brian.kiptoo52870@school.ac.ke
52871,Ruth,Awuor,ruth.awuor52871@school.ac.ke
52872,David,Khalid,david.khalid52872@college.ac.ke
52873,Julian,Kinyua,julian.kinyua52873@academy.ac.ke
52874,Brian,Kiprotich,brian.kiprotich52874@academy.ac.ke
52875,Joyce,Ahmed,joyce.ahmed52875@school.ac.ke
52876,Thomas,Onyango,thomas.onyango52876@students.ac.ke
52877,Brian,Waweru,brian.waweru52877@college.ac.ke
52878,Grace,Ndegwa,grace.ndegwa52878@college.ac.ke
52879,Irene,Ogolla,irene.ogolla52879@students.ac.ke
52880,Joy,Kamau,joy.kamau52880@college.ac.ke
52881,Agnes,Njoroge,agnes.njoroge52881@academy.ac.ke
52882,Simon,Kiprotich,simon.kiprotich52882@students.ac.ke
52883,Michael,Kiprotich,michael.kiprotich52883@school.ac.ke
52884,Bernard,Omar,bernard.omar52884@college.ac.ke
52885,Janet,Wanjiku,janet.wanjiku52885@school.ac.ke
52886,Moses,Nzomo,moses.nzomo52886@students.ac.ke
52887,Henry,Mumo,henry.mumo52887@uni.ac.ke
52888,Edwin,Mbatha,edwin.mbatha52888@students.ac.ke
52889,Simon,Mumo,simon.mumo52889@school.ac.ke
52890,Dorothy,Mwenda,dorothy.mwenda52890@academy.ac.ke
52891,Esther,Kyalo,esther.kyalo52891@college.ac.ke
52892,Philip,Omondi,philip.omondi52892@college.ac.ke
52893,Noah,Musyoka,noah.musyoka52893@college.ac.ke
52894,Florence,Wairimu,florence.wairimu52894@college.ac.ke
52895,Irene,Kasyoka,irene.kasyoka52895@college.ac.ke
52896,Lewis,Maina,lewis.maina52896@uni.ac.ke
52897,Carol,Ahmed,carol.ahmed52897@uni.ac.ke
52898,Dorothy,Ogolla,dorothy.ogolla52898@academy.ac.ke
52899,Henry,Kasyoka,henry.kasyoka52899@uni.ac.ke
52900,Alice,Koech,alice.koech52900@college.ac.ke
52901,Betty,Mwangi,betty.mwangi52901@students.ac.ke
52902,Lewis,Yusuf,lewis.yusuf52902@school.ac.ke
52903,Helen,Mwangi,helen.mwangi52903@students.ac.ke
52904,Edwin,Mbatha,edwin.mbatha52904@students.ac.ke
52905,Lydia,Kiptoo,lydia.kiptoo52905@academy.ac.ke
52906,Naomi,Gitau,naomi.gitau52906@academy.ac.ke
52907,Francis,Kyalo,francis.kyalo52907@students.ac.ke
52908,Paul,Akumu,paul.akumu52908@students.ac.ke
52909,James,Nzomo,james.nzomo52909@college.ac.ke
52910,Samuel,Chebet,samuel.chebet52910@academy.ac.ke
52911,Irene,Mumo,irene.mumo52911@college.ac.ke
52912,Beatrice,Farah,beatrice.farah52912@students.ac.ke
52913,Harriet,Mutai,harriet.mutai52913@college.ac.ke
52914,Robert,Khalid,robert.khalid52914@school.ac.ke
52915,Diana,Gitau,diana.gitau52915@academy.ac.ke
52916,Brian,Gichuki,brian.gichuki52916@academy.ac.ke
52917,Adrian,Musyoka,adrian.musyoka52917@uni.ac.ke
52918,Joyce,Otieno,joyce.otieno52918@academy.ac.ke
52919,Quentin,Juma,quentin.juma52919@academy.ac.ke
52920,Lewis,Chebet,lewis.chebet52920@college.ac.ke
52921,Lewis,Kiprotich,lewis.kiprotich52921@academy.ac.ke
52922,Philip,Ochieng,philip.ochieng52922@school.ac.ke
52923,Naomi,Kiptoo,naomi.kiptoo52923@college.ac.ke
52924,Daniel,Wairimu,daniel.wairimu52924@school.ac.ke
52925,Kevin,Kasyoka,kevin.kasyoka52925@school.ac.ke
52926,Catherine,Lagat,catherine.lagat52926@school.ac.ke
52927,Kevin,Kamau,kevin.kamau52927@college.ac.ke
52928,Peter,Nduku,peter.nduku52928@college.ac.ke
52929,Oscar,Mutua,oscar.mutua52929@academy.ac.ke
52930,Daniel,Nduku,daniel.nduku52930@college.ac.ke
52931,Adrian,Muturi,adrian.muturi52931@students.ac.ke
52932,Daniel,Mutai,daniel.mutai52932@school.ac.ke
52933,Adrian,Mumo,adrian.mumo52933@academy.ac.ke
52934,Edith,Mwangi,edith.mwangi52934@school.ac.ke
52935,Francis,Kasyoka,francis.kasyoka52935@uni.ac.ke
52936,Betty,Achieng,betty.achieng52936@academy.ac.ke
52937,Moses,Kariuki,moses.kariuki52937@students.ac.ke
52938,Helen,Kinyua,helen.kinyua52938@uni.ac.ke
52939,Dennis,Gathoni,dennis.gathoni52939@college.ac.ke
52940,Raymond,Adhiambo,raymond.adhiambo52940@students.ac.ke
52941,Jacob,Nduku,jacob.nduku52941@college.ac.ke
52942,Philip,Otieno,philip.otieno52942@students.ac.ke
52943,Gordon,Otieno,gordon.otieno52943@school.ac.ke
52944,Dennis,Gichuki,dennis.gichuki52944@students.ac.ke
52945,Ivan,Awuor,ivan.awuor52945@college.ac.ke
52946,David,Omar,david.omar52946@academy.ac.ke
52947,Esther,Mumo,esther.mumo52947@academy.ac.ke
52948,Daniel,Mwenda,daniel.mwenda52948@school.ac.ke
52949,Betty,Ibrahim,betty.ibrahim52949@college.ac.ke
52950,Alice,Nzomo,alice.nzomo52950@academy.ac.ke
52951,Gladys,Adhiambo,gladys.adhiambo52951@uni.ac.ke
52952,Faith,Ruto,faith.ruto52952@school.ac.ke
52953,Philip,Wairimu,philip.wairimu52953@students.ac.ke
52954,Isaac,Awuor,isaac.awuor52954@academy.ac.ke
52955,Ruth,Nduku,ruth.nduku52955@college.ac.ke
52956,Harriet,Owino,harriet.owino52956@students.ac.ke
52957,Mary,Nzomo,mary.nzomo52957@students.ac.ke
52958,George,Gitonga,george.gitonga52958@students.ac.ke
52959,Catherine,Yusuf,catherine.yusuf52959@academy.ac.ke
52960,Harold,Khalid,harold.khalid52960@college.ac.ke
52961,Paul,Mutai,paul.mutai52961@academy.ac.ke
52962,Faith,Kimani,faith.kimani52962@students.ac.ke
52963,Philip,Gichuki,philip.gichuki52963@students.ac.ke
52964,Gloria,Kasyoka,gloria.kasyoka52964@uni.ac.ke
52965,Hannah,Nzomo,hannah.nzomo52965@college.ac.ke
52966,Betty,Hassan,betty.hassan52966@college.ac.ke
52967,Daniel,Omar,daniel.omar52967@academy.ac.ke
52968,Paul,Mutai,paul.mutai52968@college.ac.ke
52969,Dorothy,Hassan,dorothy.hassan52969@college.ac.ke
52970,Francis,Kiprotich,francis.kiprotich52970@students.ac.ke
52971,Florence,Mwangi,florence.mwangi52971@uni.ac.ke
52972,Alice,Yusuf,alice.yusuf52972@academy.ac.ke
52973,Simon,Njuguna,simon.njuguna52973@college.ac.ke
52974,Daniel,Kyalo,daniel.kyalo52974@academy.ac.ke
52975,Edith,Mutisya,edith.mutisya52975@students.ac.ke
52976,Kevin,Owino,kevin.owino52976@students.ac.ke
52977,George,Njoki,george.njoki52977@academy.ac.ke
52978,Gladys,Kyalo,gladys.kyalo52978@uni.ac.ke
52979,Gloria,Kimani,gloria.kimani52979@college.ac.ke
52980,Thomas,Bett,thomas.bett52980@academy.ac.ke
52981,Adrian,Achieng,adrian.achieng52981@college.ac.ke
52982,Adrian,Kiprotich,adrian.kiprotich52982@students.ac.ke
52983,Michael,Onyango,michael.onyango52983@college.ac.ke
52984,Julian,Rotich,julian.rotich52984@students.ac.ke
52985,Joseph,Gathoni,joseph.gathoni52985@school.ac.ke
52986,Agnes,Omar,agnes.omar52986@students.ac.ke
52987,Charles,Ngetich,charles.ngetich52987@academy.ac.ke
52988,Lydia,Musa,lydia.musa52988@school.ac.ke
52989,Julian,Akumu,julian.akumu52989@college.ac.ke
52990,Irene,Mbatha,irene.mbatha52990@academy.ac.ke
52991,Mary,Nduku,mary.nduku52991@college.ac.ke
52992,Hannah,Wanjiku,hannah.wanjiku52992@academy.ac.ke
52993,Agnes,Gathoni,agnes.gathoni52993@uni.ac.ke
52994,Edwin,Mutisya,edwin.mutisya52994@students.ac.ke
52995,Dennis,Gathoni,dennis.gathoni52995@college.ac.ke
52996,Lydia,Bett,lydia.bett52996@students.ac.ke
52997,James,Yusuf,james.yusuf52997@college.ac.ke
52998,Edwin,Gitau,edwin.gitau52998@college.ac.ke
52999,Thomas,Nduku,thomas.nduku52999@students.ac.ke
53000,Dorothy,Wanjiku,dorothy.wanjiku53000@students.ac.ke
53001,Carol,Okello,carol.okello53001@academy.ac.ke
53002,Lydia,Ogolla,lydia.ogolla53002@academy.ac.ke
53003,Eric,Nzomo,eric.nzomo53003@college.ac.ke
53004,Ruth,Khalid,ruth.khalid53004@academy.ac.ke
53005,Michael,Maina,michael.maina53005@school.ac.ke
53006,Jacob,Awuor,jacob.awuor53006@students.ac.ke
53007,Gladys,Kinyua,gladys.kinyua53007@school.ac.ke
53008,Agnes,Lagat,agnes.lagat53008@uni.ac.ke
53009,Alice,Nzomo,alice.nzomo53009@students.ac.ke
53010,Charles,Njoki,charles.njoki53010@uni.ac.ke
53011,Kenneth,Gitonga,kenneth.gitonga53011@college.ac.ke
53012,Francis,Wairimu,francis.wairimu53012@students.ac.ke
53013,Dorothy,Wanjiku,dorothy.wanjiku53013@school.ac.ke
53014,Victor,Mutai,victor.mutai53014@college.ac.ke
53015,Paul,Wairimu,paul.wairimu53015@students.ac.ke
53016,Edwin,Gitonga,edwin.gitonga53016@uni.ac.ke
53017,Esther,Akumu,esther.akumu53017@uni.ac.ke
53018,Joy,Ogolla,joy.ogolla53018@students.ac.ke
53019,Gloria,Okello,gloria.okello53019@school.ac.ke
53020,Carol,Njuguna,carol.njuguna53020@college.ac.ke
53021,Hope,Omar,hope.omar53021@academy.ac.ke
53022,Robert,Mumo,robert.mumo53022@academy.ac.ke
53023,Florence,Nduku,florence.nduku53023@academy.ac.ke
53024,Henry,Wanjiku,henry.wanjiku53024@college.ac.ke
53025,Lydia,Kamau,lydia.kamau53025@school.ac.ke
53026,Edith,Nduku,edith.nduku53026@students.ac.ke
53027,Moses,Gichuki,moses.gichuki53027@uni.ac.ke
53028,Julian,Mwenda,julian.mwenda53028@school.ac.ke
53029,Hope,Otieno,hope.otieno53029@college.ac.ke
53030,Dorothy,Otieno,dorothy.otieno53030@uni.ac.ke
53031,Edwin,Odhiambo,edwin.odhiambo53031@students.ac.ke
53032,Naomi,Ochieng,naomi.ochieng53032@college.ac.ke
53033,Douglas,Achieng,douglas.achieng53033@uni.ac.ke
53034,Catherine,Ahmed,catherine.ahmed53034@students.ac.ke
53035,Hope,Omar,hope.omar53035@academy.ac.ke
53036,Joseph,Okello,joseph.okello53036@school.ac.ke
53037,Hope,Ahmed,hope.ahmed53037@college.ac.ke
53038,Charles,Kimani,charles.kimani53038@academy.ac.ke
53039,Simon,Achieng,simon.achieng53039@school.ac.ke
53040,Eric,Nzomo,eric.nzomo53040@school.ac.ke
53041,Raymond,Musyoka,raymond.musyoka53041@academy.ac.ke
53042,Hope,Ndegwa,hope.ndegwa53042@students.ac.ke
53043,Thomas,Juma,thomas.juma53043@college.ac.ke
53044,Betty,Kariuki,betty.kariuki53044@academy.ac.ke
53045,Eleanor,Ochieng,eleanor.ochieng53045@uni.ac.ke
53046,Samuel,Ndegwa,samuel.ndegwa53046@students.ac.ke
53047,Philip,Gitonga,philip.gitonga53047@school.ac.ke
53048,Alice,Okello,alice.okello53048@college.ac.ke
53049,Paul,Mwenda,paul.mwenda53049@students.ac.ke
53050,Florence,Omondi,florence.omondi53050@college.ac.ke
53051,Gordon,Chebet,gordon.chebet53051@uni.ac.ke
53052,Eric,Njoki,eric.njoki53052@uni.ac.ke
53053,Victor,Gitonga,victor.gitonga53053@college.ac.ke
53054,William,Njuguna,william.njuguna53054@uni.ac.ke
53055,Grace,Yusuf,grace.yusuf53055@students.ac.ke
53056,Kevin,Onyango,kevin.onyango53056@students.ac.ke
53057,Hannah,Farah,hannah.farah53057@school.ac.ke
53058,Faith,Muturi,faith.muturi53058@academy.ac.ke
53059,Irene,Wairimu,irene.wairimu53059@academy.ac.ke
53060,Esther,Ochieng,esther.ochieng53060@school.ac.ke
53061,Ruth,Mwangi,ruth.mwangi53061@uni.ac.ke
53062,Quentin,Rotich,quentin.rotich53062@uni.ac.ke
53063,Eleanor,Ogolla,eleanor.ogolla53063@school.ac.ke
53064,Alice,Yusuf,alice.yusuf53064@uni.ac.ke
53065,Adrian,Mumo,adrian.mumo53065@academy.ac.ke
53066,Naomi,Mumo,naomi.mumo53066@uni.ac.ke
53067,Gladys,Ibrahim,gladys.ibrahim53067@uni.ac.ke
53068,Noah,Onyango,noah.onyango53068@students.ac.ke
53069,Carol,Musa,carol.musa53069@academy.ac.ke
53070,Francis,Omondi,francis.omondi53070@college.ac.ke
53071,George,Njuguna,george.njuguna53071@academy.ac.ke
53072,David,Kinyua,david.kinyua53072@college.ac.ke
53073,Peter,Ogolla,peter.ogolla53073@uni.ac.ke
53074,Adrian,Muturi,adrian.muturi53074@academy.ac.ke
53075,Agnes,Abdi,agnes.abdi53075@students.ac.ke
53076,Catherine,Kiprotich,catherine.kiprotich53076@students.ac.ke
53077,Alice,Hassan,alice.hassan53077@students.ac.ke
53078,Janet,Akumu,janet.akumu53078@academy.ac.ke
53079,Kevin,Mumo,kevin.mumo53079@academy.ac.ke
53080,Janet,Ogolla,janet.ogolla53080@students.ac.ke
53081,Kevin,Awuor,kevin.awuor53081@school.ac.ke
53082,Victor,Wairimu,victor.wairimu53082@college.ac.ke
53083,Thomas,Mutai,thomas.mutai53083@students.ac.ke
53084,Kevin,Gitonga,kevin.gitonga53084@students.ac.ke
53085,Hannah,Rotich,hannah.rotich53085@school.ac.ke
53086,Ivan,Nduku,ivan.nduku53086@academy.ac.ke
53087,Carol,Musyoka,carol.musyoka53087@college.ac.ke
53088,Ivan,Otieno,ivan.otieno53088@college.ac.ke
53089,Mary,Juma,mary.juma53089@school.ac.ke
53090,Gladys,Odhiambo,gladys.odhiambo53090@college.ac.ke
53091,Peter,Adhiambo,peter.adhiambo53091@academy.ac.ke
53092,Harriet,Mumo,harriet.mumo53092@students.ac.ke
53093,Hope,Ochieng,hope.ochieng53093@students.ac.ke
53094,Gloria,Waweru,gloria.waweru53094@students.ac.ke
53095,Moses,Nduku,moses.nduku53095@students.ac.ke
53096,Paul,Nzomo,paul.nzomo53096@students.ac.ke
53097,George,Maina,george.maina53097@academy.ac.ke
53098,Mary,Koech,mary.koech53098@students.ac.ke
53099,Julian,Awuor,julian.awuor53099@college.ac.ke
53100,Edwin,Ibrahim,edwin.ibrahim53100@school.ac.ke
53101,Florence,Akumu,florence.akumu53101@uni.ac.ke
53102,Bernard,Mwangi,bernard.mwangi53102@students.ac.ke
53103,Julian,Gathoni,julian.gathoni53103@students.ac.ke
53104,Mary,Nzomo,mary.nzomo53104@academy.ac.ke
53105,Edwin,Otieno,edwin.otieno53105@uni.ac.ke
53106,Carol,Kamau,carol.kamau53106@academy.ac.ke
53107,Beatrice,Ruto,beatrice.ruto53107@academy.ac.ke
53108,Philip,Njoroge,philip.njoroge53108@academy.ac.ke
53109,Joyce,Yusuf,joyce.yusuf53109@students.ac.ke
53110,Charles,Ahmed,charles.ahmed53110@students.ac.ke
53111,Moses,Onyango,moses.onyango53111@school.ac.ke
53112,Robert,Kiprotich,robert.kiprotich53112@school.ac.ke
53113,Kevin,Koech,kevin.koech53113@uni.ac.ke
53114,Edwin,Kamau,edwin.kamau53114@students.ac.ke
53115,Joy,Kasyoka,joy.kasyoka53115@academy.ac.ke
53116,Charles,Gichuki,charles.gichuki53116@students.ac.ke
53117,Samuel,Njoki,samuel.njoki53117@uni.ac.ke
53118,Philip,Kiprotich,philip.kiprotich53118@uni.ac.ke
53119,Kevin,Ogolla,kevin.ogolla53119@college.ac.ke
53120,Edwin,Mwenda,edwin.mwenda53120@uni.ac.ke
53121,Diana,Owino,diana.owino53121@students.ac.ke
53122,Eric,Gitonga,eric.gitonga53122@college.ac.ke
53123,Ivan,Mwenda,ivan.mwenda53123@academy.ac.ke
53124,Henry,Ahmed,henry.ahmed53124@college.ac.ke
53125,James,Nzomo,james.nzomo53125@academy.ac.ke
53126,Agnes,Kiptoo,agnes.kiptoo53126@uni.ac.ke
53127,Isaac,Akumu,isaac.akumu53127@college.ac.ke
53128,Adrian,Chebet,adrian.chebet53128@uni.ac.ke
53129,Kenneth,Mwangi,kenneth.mwangi53129@students.ac.ke
53130,Carol,Njuguna,carol.njuguna53130@academy.ac.ke
53131,Oscar,Wanjiku,oscar.wanjiku53131@academy.ac.ke
53132,Joseph,Yusuf,joseph.yusuf53132@academy.ac.ke
53133,Helen,Gitau,helen.gitau53133@college.ac.ke
53134,Adrian,Maina,adrian.maina53134@uni.ac.ke
53135,Janet,Omondi,janet.omondi53135@students.ac.ke
53136,Paul,Hassan,paul.hassan53136@uni.ac.ke
53137,Victor,Okello,victor.okello53137@school.ac.ke
53138,Hope,Mumo,hope.mumo53138@students.ac.ke
53139,Beatrice,Yusuf,beatrice.yusuf53139@college.ac.ke
53140,Douglas,Waweru,douglas.waweru53140@uni.ac.ke
53141,Ivan,Ibrahim,ivan.ibrahim53141@students.ac.ke
53142,Faith,Otieno,faith.otieno53142@academy.ac.ke
53143,George,Musyoka,george.musyoka53143@school.ac.ke
53144,Gladys,Mutua,gladys.mutua53144@college.ac.ke
53145,Janet,Khalid,janet.khalid53145@students.ac.ke
53146,Victor,Nzomo,victor.nzomo53146@students.ac.ke
53147,Mary,Kyalo,mary.kyalo53147@school.ac.ke
53148,Kevin,Rotich,kevin.rotich53148@academy.ac.ke
53149,Oscar,Kyalo,oscar.kyalo53149@uni.ac.ke
53150,Raymond,Mutua,raymond.mutua53150@academy.ac.ke
53151,Kenneth,Kimani,kenneth.kimani53151@students.ac.ke
53152,Isaac,Kamau,isaac.kamau53152@school.ac.ke
53153,Alice,Farah,alice.farah53153@students.ac.ke
53154,Bernard,Ahmed,bernard.ahmed53154@academy.ac.ke
53155,Irene,Gichuki,irene.gichuki53155@college.ac.ke
53156,Michael,Yusuf,michael.yusuf53156@uni.ac.ke
53157,Joyce,Rotich,joyce.rotich53157@college.ac.ke
53158,Janet,Muturi,janet.muturi53158@uni.ac.ke
53159,Francis,Kiptoo,francis.kiptoo53159@students.ac.ke
53160,Beatrice,Awuor,beatrice.awuor53160@school.ac.ke
53161,Michael,Mbatha,michael.mbatha53161@students.ac.ke
53162,Lewis,Musyoka,lewis.musyoka53162@college.ac.ke
53163,Philip,Okello,philip.okello53163@academy.ac.ke
53164,Eric,Otieno,eric.otieno53164@students.ac.ke
53165,Moses,Omar,moses.omar53165@uni.ac.ke
53166,Esther,Gathoni,esther.gathoni53166@academy.ac.ke
53167,Oscar,Omar,oscar.omar53167@students.ac.ke
53168,Harriet,Ogolla,harriet.ogolla53168@students.ac.ke
53169,David,Ogolla,david.ogolla53169@uni.ac.ke
53170,Moses,Achieng,moses.achieng53170@uni.ac.ke
53171,Julian,Yusuf,julian.yusuf53171@academy.ac.ke
53172,Douglas,Mutua,douglas.mutua53172@academy.ac.ke
53173,George,Musyoka,george.musyoka53173@school.ac.ke
53174,Beatrice,Njuguna,beatrice.njuguna53174@academy.ac.ke
53175,Simon,Njuguna,simon.njuguna53175@school.ac.ke
53176,Ruth,Kariuki,ruth.kariuki53176@academy.ac.ke
53177,Beatrice,Mutisya,beatrice.mutisya53177@college.ac.ke
53178,James,Musyoka,james.musyoka53178@students.ac.ke
53179,Dorothy,Ahmed,dorothy.ahmed53179@students.ac.ke
53180,Moses,Mutisya,moses.mutisya53180@uni.ac.ke
53181,Janet,Juma,janet.juma53181@academy.ac.ke
53182,Frances,Wanjiku,frances.wanjiku53182@college.ac.ke
53183,Beatrice,Chebet,beatrice.chebet53183@academy.ac.ke
53184,Irene,Otieno,irene.otieno53184@school.ac.ke
53185,Raymond,Juma,raymond.juma53185@school.ac.ke
53186,Robert,Kamau,robert.kamau53186@students.ac.ke
53187,Dennis,Musyoka,dennis.musyoka53187@academy.ac.ke
53188,Gloria,Kimani,gloria.kimani53188@school.ac.ke
53189,Victor,Maina,victor.maina53189@academy.ac.ke
53190,Noah,Koech,noah.koech53190@school.ac.ke
53191,Dorothy,Kariuki,dorothy.kariuki53191@students.ac.ke
53192,Victor,Hassan,victor.hassan53192@uni.ac.ke
53193,Michael,Omondi,michael.omondi53193@school.ac.ke
53194,Faith,Ndegwa,faith.ndegwa53194@school.ac.ke
53195,Harriet,Wairimu,harriet.wairimu53195@students.ac.ke
53196,Joseph,Adhiambo,joseph.adhiambo53196@school.ac.ke
53197,Paul,Omar,paul.omar53197@school.ac.ke
53198,Jacob,Kiprotich,jacob.kiprotich53198@college.ac.ke
53199,Francis,Maina,francis.maina53199@academy.ac.ke
53200,Hannah,Bett,hannah.bett53200@college.ac.ke
53201,Ivan,Gichuki,ivan.gichuki53201@college.ac.ke
53202,Faith,Gitau,faith.gitau53202@college.ac.ke
53203,Adrian,Kimani,adrian.kimani53203@students.ac.ke
53204,Gladys,Yusuf,gladys.yusuf53204@college.ac.ke
53205,Douglas,Mutua,douglas.mutua53205@school.ac.ke
53206,Edwin,Ogolla,edwin.ogolla53206@academy.ac.ke
53207,Alice,Rotich,alice.rotich53207@college.ac.ke
53208,Henry,Hassan,henry.hassan53208@uni.ac.ke
53209,Esther,Ochieng,esther.ochieng53209@school.ac.ke
53210,Hope,Mutua,hope.mutua53210@college.ac.ke
53211,Oscar,Kiprotich,oscar.kiprotich53211@academy.ac.ke
53212,Bernard,Abdi,bernard.abdi53212@college.ac.ke
53213,Thomas,Farah,thomas.farah53213@college.ac.ke
53214,William,Maina,william.maina53214@school.ac.ke
53215,Quentin,Wanjiku,quentin.wanjiku53215@students.ac.ke
53216,Joy,Kyalo,joy.kyalo53216@students.ac.ke
53217,Hannah,Mumo,hannah.mumo53217@college.ac.ke
53218,Oscar,Njoroge,oscar.njoroge53218@uni.ac.ke
53219,David,Otieno,david.otieno53219@college.ac.ke
53220,Mary,Mutai,mary.mutai53220@college.ac.ke
53221,George,Farah,george.farah53221@college.ac.ke
53222,Frances,Mutua,frances.mutua53222@academy.ac.ke
53223,John,Gichuki,john.gichuki53223@students.ac.ke
53224,Daniel,Mbatha,daniel.mbatha53224@school.ac.ke
53225,Samuel,Rotich,samuel.rotich53225@students.ac.ke
53226,Hope,Mutua,hope.mutua53226@school.ac.ke
53227,Frances,Kiprotich,frances.kiprotich53227@students.ac.ke
53228,Charles,Ibrahim,charles.ibrahim53228@school.ac.ke
53229,Faith,Kyalo,faith.kyalo53229@students.ac.ke
53230,Joyce,Adhiambo,joyce.adhiambo53230@college.ac.ke
53231,Frances,Ruto,frances.ruto53231@students.ac.ke
53232,Adrian,Mutisya,adrian.mutisya53232@school.ac.ke
53233,Helen,Gichuki,helen.gichuki53233@students.ac.ke
53234,Helen,Onyango,helen.onyango53234@school.ac.ke
53235,Gloria,Akumu,gloria.akumu53235@college.ac.ke
53236,Thomas,Waweru,thomas.waweru53236@uni.ac.ke
53237,Agnes,Gichuki,agnes.gichuki53237@school.ac.ke
53238,Moses,Yusuf,moses.yusuf53238@college.ac.ke
53239,Irene,Odhiambo,irene.odhiambo53239@school.ac.ke
53240,Robert,Onyango,robert.onyango53240@uni.ac.ke
53241,Diana,Wairimu,diana.wairimu53241@students.ac.ke
53242,Grace,Ngetich,grace.ngetich53242@uni.ac.ke
53243,Gordon,Kasyoka,gordon.kasyoka53243@academy.ac.ke
53244,Dennis,Muturi,dennis.muturi53244@academy.ac.ke
53245,Robert,Juma,robert.juma53245@students.ac.ke
53246,Eleanor,Achieng,eleanor.achieng53246@school.ac.ke
53247,Hope,Ochieng,hope.ochieng53247@academy.ac.ke
53248,Quentin,Ngetich,quentin.ngetich53248@college.ac.ke
53249,Mary,Mutua,mary.mutua53249@college.ac.ke
53250,Faith,Juma,faith.juma53250@school.ac.ke
53251,Victor,Onyango,victor.onyango53251@students.ac.ke
53252,Irene,Yusuf,irene.yusuf53252@uni.ac.ke
53253,Dorothy,Muturi,dorothy.muturi53253@academy.ac.ke
53254,Edith,Adhiambo,edith.adhiambo53254@academy.ac.ke
53255,Douglas,Nzomo,douglas.nzomo53255@uni.ac.ke
53256,Jacob,Nzomo,jacob.nzomo53256@students.ac.ke
53257,David,Juma,david.juma53257@students.ac.ke
53258,Gordon,Ahmed,gordon.ahmed53258@students.ac.ke
53259,Kevin,Gathoni,kevin.gathoni53259@uni.ac.ke
53260,Gordon,Onyango,gordon.onyango53260@college.ac.ke
53261,Naomi,Otieno,naomi.otieno53261@students.ac.ke
53262,Thomas,Waweru,thomas.waweru53262@academy.ac.ke
53263,Samuel,Rotich,samuel.rotich53263@college.ac.ke
53264,Hannah,Ruto,hannah.ruto53264@college.ac.ke
53265,Noah,Gitonga,noah.gitonga53265@college.ac.ke
53266,Oscar,Ndegwa,oscar.ndegwa53266@uni.ac.ke
53267,Henry,Awuor,henry.awuor53267@school.ac.ke
53268,Eric,Ahmed,eric.ahmed53268@academy.ac.ke
53269,Irene,Ahmed,irene.ahmed53269@school.ac.ke
53270,Bernard,Lagat,bernard.lagat53270@school.ac.ke
53271,Gladys,Juma,gladys.juma53271@college.ac.ke
53272,Gordon,Okello,gordon.okello53272@uni.ac.ke
53273,George,Chebet,george.chebet53273@uni.ac.ke
53274,Victor,Gichuki,victor.gichuki53274@school.ac.ke
53275,Agnes,Onyango,agnes.onyango53275@uni.ac.ke
53276,Dennis,Onyango,dennis.onyango53276@academy.ac.ke
53277,Dorothy,Kamau,dorothy.kamau53277@academy.ac.ke
53278,Douglas,Chebet,douglas.chebet53278@students.ac.ke
53279,Hannah,Ogolla,hannah.ogolla53279@school.ac.ke
53280,Kenneth,Juma,kenneth.juma53280@students.ac.ke
53281,Daniel,Musyoka,daniel.musyoka53281@college.ac.ke
53282,Esther,Awuor,esther.awuor53282@uni.ac.ke
53283,Mary,Adhiambo,mary.adhiambo53283@school.ac.ke
53284,Bernard,Kinyua,bernard.kinyua53284@uni.ac.ke
53285,Gordon,Mumo,gordon.mumo53285@uni.ac.ke
53286,Peter,Achieng,peter.achieng53286@school.ac.ke
53287,Douglas,Lagat,douglas.lagat53287@uni.ac.ke
53288,Beatrice,Mwenda,beatrice.mwenda53288@school.ac.ke
53289,Lewis,Farah,lewis.farah53289@college.ac.ke
53290,Victor,Yusuf,victor.yusuf53290@students.ac.ke
53291,Lydia,Abdi,lydia.abdi53291@school.ac.ke
53292,William,Ahmed,william.ahmed53292@school.ac.ke
53293,Ruth,Koech,ruth.koech53293@students.ac.ke
53294,Isaac,Wairimu,isaac.wairimu53294@college.ac.ke
53295,Catherine,Mutua,catherine.mutua53295@academy.ac.ke
53296,Douglas,Gathoni,douglas.gathoni53296@uni.ac.ke
53297,Bernard,Khalid,bernard.khalid53297@academy.ac.ke
53298,Hope,Musa,hope.musa53298@uni.ac.ke
53299,Joyce,Ndegwa,joyce.ndegwa53299@college.ac.ke
53300,Moses,Khalid,moses.khalid53300@college.ac.ke
53301,Ivan,Musyoka,ivan.musyoka53301@students.ac.ke
53302,Oscar,Adhiambo,oscar.adhiambo53302@students.ac.ke
53303,Frances,Kariuki,frances.kariuki53303@school.ac.ke
53304,Philip,Kiptoo,philip.kiptoo53304@academy.ac.ke
53305,Eric,Ochieng,eric.ochieng53305@academy.ac.ke
53306,Samuel,Ibrahim,samuel.ibrahim53306@uni.ac.ke
53307,Carol,Bett,carol.bett53307@school.ac.ke
53308,Paul,Lagat,paul.lagat53308@uni.ac.ke
53309,Henry,Okello,henry.okello53309@uni.ac.ke
53310,Victor,Akumu,victor.akumu53310@uni.ac.ke
53311,Isaac,Gichuki,isaac.gichuki53311@uni.ac.ke
53312,Edwin,Mutua,edwin.mutua53312@uni.ac.ke
53313,Samuel,Kiptoo,samuel.kiptoo53313@college.ac.ke
53314,Carol,Mutai,carol.mutai53314@students.ac.ke
53315,Raymond,Lagat,raymond.lagat53315@students.ac.ke
53316,Raymond,Njoki,raymond.njoki53316@school.ac.ke
53317,Julian,Gathoni,julian.gathoni53317@students.ac.ke
53318,Joseph,Khalid,joseph.khalid53318@school.ac.ke
53319,Diana,Gitonga,diana.gitonga53319@college.ac.ke
53320,Helen,Mutua,helen.mutua53320@academy.ac.ke
53321,Hope,Nduku,hope.nduku53321@students.ac.ke
53322,Philip,Gitau,philip.gitau53322@school.ac.ke
53323,Esther,Gitonga,esther.gitonga53323@school.ac.ke
53324,Dorothy,Mutisya,dorothy.mutisya53324@academy.ac.ke
53325,Eleanor,Mutua,eleanor.mutua53325@college.ac.ke
53326,Brian,Otieno,brian.otieno53326@students.ac.ke
53327,George,Awuor,george.awuor53327@uni.ac.ke
53328,Bernard,Wairimu,bernard.wairimu53328@academy.ac.ke
53329,Mary,Kiprotich,mary.kiprotich53329@uni.ac.ke
53330,Edith,Kinyua,edith.kinyua53330@students.ac.ke
53331,Joyce,Kamau,joyce.kamau53331@students.ac.ke
53332,Victor,Rotich,victor.rotich53332@uni.ac.ke
53333,Simon,Ndegwa,simon.ndegwa53333@students.ac.ke
53334,Gordon,Owino,gordon.owino53334@school.ac.ke
53335,Gloria,Ogolla,gloria.ogolla53335@uni.ac.ke
53336,Simon,Wairimu,simon.wairimu53336@uni.ac.ke
53337,Gladys,Mutua,gladys.mutua53337@academy.ac.ke
53338,Diana,Lagat,diana.lagat53338@college.ac.ke
53339,Philip,Bett,philip.bett53339@academy.ac.ke
53340,Dorothy,Rotich,dorothy.rotich53340@academy.ac.ke
53341,Samuel,Kariuki,samuel.kariuki53341@school.ac.ke
53342,Dennis,Onyango,dennis.onyango53342@college.ac.ke
53343,Philip,Ruto,philip.ruto53343@college.ac.ke
53344,Edith,Waweru,edith.waweru53344@college.ac.ke
53345,Kenneth,Mutua,kenneth.mutua53345@uni.ac.ke
53346,Joseph,Wairimu,joseph.wairimu53346@academy.ac.ke
53347,Henry,Ndegwa,henry.ndegwa53347@college.ac.ke
53348,James,Odhiambo,james.odhiambo53348@school.ac.ke
53349,Thomas,Hassan,thomas.hassan53349@uni.ac.ke
53350,Thomas,Kyalo,thomas.kyalo53350@school.ac.ke
53351,Naomi,Ochieng,naomi.ochieng53351@students.ac.ke
53352,Mary,Gitonga,mary.gitonga53352@academy.ac.ke
53353,Victor,Mutua,victor.mutua53353@students.ac.ke
53354,Florence,Njoroge,florence.njoroge53354@uni.ac.ke
53355,Hannah,Kariuki,hannah.kariuki53355@college.ac.ke
53356,Grace,Musyoka,grace.musyoka53356@uni.ac.ke
53357,Kenneth,Adhiambo,kenneth.adhiambo53357@school.ac.ke
53358,Adrian,Rotich,adrian.rotich53358@students.ac.ke
53359,Adrian,Koech,adrian.koech53359@college.ac.ke
53360,Edith,Kiprotich,edith.kiprotich53360@academy.ac.ke
53361,Kenneth,Njuguna,kenneth.njuguna53361@school.ac.ke
53362,Dennis,Wairimu,dennis.wairimu53362@school.ac.ke
53363,Agnes,Odhiambo,agnes.odhiambo53363@uni.ac.ke
53364,Dennis,Njuguna,dennis.njuguna53364@uni.ac.ke
53365,Michael,Mutisya,michael.mutisya53365@academy.ac.ke
53366,Douglas,Chebet,douglas.chebet53366@academy.ac.ke
53367,Daniel,Lagat,daniel.lagat53367@college.ac.ke
53368,Gordon,Khalid,gordon.khalid53368@uni.ac.ke
53369,Daniel,Adhiambo,daniel.adhiambo53369@academy.ac.ke
53370,Paul,Abdi,paul.abdi53370@college.ac.ke
53371,Edwin,Khalid,edwin.khalid53371@school.ac.ke
53372,Beatrice,Kiprotich,beatrice.kiprotich53372@academy.ac.ke
53373,Bernard,Ruto,bernard.ruto53373@school.ac.ke
53374,Lewis,Kiprotich,lewis.kiprotich53374@students.ac.ke
53375,Robert,Mutisya,robert.mutisya53375@uni.ac.ke
53376,John,Njuguna,john.njuguna53376@college.ac.ke
53377,Isaac,Ndegwa,isaac.ndegwa53377@college.ac.ke
53378,David,Mutua,david.mutua53378@students.ac.ke
53379,Lydia,Mutai,lydia.mutai53379@uni.ac.ke
53380,Ruth,Wairimu,ruth.wairimu53380@academy.ac.ke
53381,Quentin,Ochieng,quentin.ochieng53381@academy.ac.ke
53382,Alice,Musa,alice.musa53382@school.ac.ke
53383,Beatrice,Njuguna,beatrice.njuguna53383@uni.ac.ke
53384,Quentin,Bett,quentin.bett53384@school.ac.ke
53385,Beatrice,Bett,beatrice.bett53385@school.ac.ke
53386,Florence,Musa,florence.musa53386@uni.ac.ke
53387,Raymond,Omar,raymond.omar53387@uni.ac.ke
53388,Eric,Kyalo,eric.kyalo53388@college.ac.ke
53389,Julian,Mumo,julian.mumo53389@students.ac.ke
53390,Henry,Kariuki,henry.kariuki53390@academy.ac.ke
53391,Moses,Waweru,moses.waweru53391@school.ac.ke
53392,Robert,Waweru,robert.waweru53392@academy.ac.ke
53393,Jacob,Mutisya,jacob.mutisya53393@school.ac.ke
53394,Gladys,Koech,gladys.koech53394@students.ac.ke
53395,Helen,Onyango,helen.onyango53395@school.ac.ke
53396,Grace,Gitonga,grace.gitonga53396@college.ac.ke
53397,Betty,Ngetich,betty.ngetich53397@students.ac.ke
53398,Janet,Nzomo,janet.nzomo53398@school.ac.ke
53399,Irene,Farah,irene.farah53399@school.ac.ke
53400,Paul,Omondi,paul.omondi53400@uni.ac.ke
53401,Harriet,Kamau,harriet.kamau53401@academy.ac.ke
53402,Robert,Mutai,robert.mutai53402@academy.ac.ke
53403,Peter,Abdi,peter.abdi53403@uni.ac.ke
53404,Frances,Mbatha,frances.mbatha53404@uni.ac.ke
53405,Edwin,Mumo,edwin.mumo53405@uni.ac.ke
53406,Lydia,Gathoni,lydia.gathoni53406@uni.ac.ke
53407,Ruth,Waweru,ruth.waweru53407@college.ac.ke
53408,Michael,Kiptoo,michael.kiptoo53408@students.ac.ke
53409,Michael,Hassan,michael.hassan53409@uni.ac.ke
53410,Jacob,Abdi,jacob.abdi53410@college.ac.ke
53411,Irene,Gathoni,irene.gathoni53411@college.ac.ke
53412,Douglas,Omar,douglas.omar53412@college.ac.ke
53413,Beatrice,Omar,beatrice.omar53413@uni.ac.ke
53414,Alice,Kimani,alice.kimani53414@academy.ac.ke
53415,John,Akumu,john.akumu53415@college.ac.ke
53416,Eleanor,Lagat,eleanor.lagat53416@uni.ac.ke
53417,Naomi,Muturi,naomi.muturi53417@school.ac.ke
53418,Irene,Hassan,irene.hassan53418@academy.ac.ke
53419,Joy,Ahmed,joy.ahmed53419@uni.ac.ke
53420,Mary,Koech,mary.koech53420@uni.ac.ke
53421,Lewis,Mutua,lewis.mutua53421@academy.ac.ke
53422,Ivan,Khalid,ivan.khalid53422@academy.ac.ke
53423,Bernard,Mwenda,bernard.mwenda53423@school.ac.ke
53424,Faith,Odhiambo,faith.odhiambo53424@students.ac.ke
53425,Edwin,Owino,edwin.owino53425@students.ac.ke
53426,Jacob,Onyango,jacob.onyango53426@school.ac.ke
53427,Beatrice,Kinyua,beatrice.kinyua53427@college.ac.ke
53428,Gloria,Farah,gloria.farah53428@students.ac.ke
53429,Moses,Bett,moses.bett53429@uni.ac.ke
53430,Harold,Ruto,harold.ruto53430@uni.ac.ke
53431,Thomas,Kiprotich,thomas.kiprotich53431@academy.ac.ke
53432,Esther,Kiprotich,esther.kiprotich53432@school.ac.ke
53433,Douglas,Mwangi,douglas.mwangi53433@students.ac.ke
53434,Dorothy,Ahmed,dorothy.ahmed53434@students.ac.ke
53435,Diana,Musa,diana.musa53435@uni.ac.ke
53436,Janet,Ndegwa,janet.ndegwa53436@college.ac.ke
53437,Simon,Yusuf,simon.yusuf53437@academy.ac.ke
53438,Joy,Bett,joy.bett53438@uni.ac.ke
53439,Simon,Kariuki,simon.kariuki53439@academy.ac.ke
53440,Harriet,Mwangi,harriet.mwangi53440@uni.ac.ke
53441,Noah,Gitonga,noah.gitonga53441@college.ac.ke
53442,Isaac,Kamau,isaac.kamau53442@uni.ac.ke
53443,Irene,Juma,irene.juma53443@academy.ac.ke
53444,Bernard,Otieno,bernard.otieno53444@uni.ac.ke
53445,Dorothy,Koech,dorothy.koech53445@students.ac.ke
53446,Edith,Mumo,edith.mumo53446@students.ac.ke
53447,Alice,Kasyoka,alice.kasyoka53447@students.ac.ke
53448,Diana,Nduku,diana.nduku53448@academy.ac.ke
53449,William,Kinyua,william.kinyua53449@students.ac.ke
53450,Dorothy,Muturi,dorothy.muturi53450@academy.ac.ke
53451,Philip,Gichuki,philip.gichuki53451@uni.ac.ke
53452,Naomi,Mutisya,naomi.mutisya53452@school.ac.ke
53453,Robert,Khalid,robert.khalid53453@uni.ac.ke
53454,Grace,Adhiambo,grace.adhiambo53454@college.ac.ke
53455,Dorothy,Kinyua,dorothy.kinyua53455@college.ac.ke
53456,Adrian,Bett,adrian.bett53456@uni.ac.ke
53457,Grace,Maina,grace.maina53457@uni.ac.ke
53458,Joseph,Akumu,joseph.akumu53458@college.ac.ke
53459,George,Waweru,george.waweru53459@students.ac.ke
53460,Isaac,Gitau,isaac.gitau53460@uni.ac.ke
53461,Eric,Abdi,eric.abdi53461@academy.ac.ke
53462,Joseph,Wanjiku,joseph.wanjiku53462@school.ac.ke
53463,Faith,Nduku,faith.nduku53463@academy.ac.ke
53464,Michael,Njuguna,michael.njuguna53464@academy.ac.ke
53465,Dorothy,Achieng,dorothy.achieng53465@school.ac.ke
53466,Edith,Onyango,edith.onyango53466@school.ac.ke
53467,George,Ibrahim,george.ibrahim53467@uni.ac.ke
53468,Noah,Nzomo,noah.nzomo53468@uni.ac.ke
53469,Dorothy,Ibrahim,dorothy.ibrahim53469@uni.ac.ke
53470,Kenneth,Ngetich,kenneth.ngetich53470@academy.ac.ke
53471,Hannah,Mbatha,hannah.mbatha53471@uni.ac.ke
53472,Kevin,Kamau,kevin.kamau53472@uni.ac.ke
53473,Joy,Njoki,joy.njoki53473@school.ac.ke
53474,Henry,Omar,henry.omar53474@uni.ac.ke
53475,Eric,Ngetich,eric.ngetich53475@school.ac.ke
53476,John,Kamau,john.kamau53476@college.ac.ke
53477,William,Mbatha,william.mbatha53477@students.ac.ke
53478,Esther,Kyalo,esther.kyalo53478@uni.ac.ke
53479,Brian,Gathoni,brian.gathoni53479@school.ac.ke
53480,Charles,Njuguna,charles.njuguna53480@college.ac.ke
53481,Gladys,Kariuki,gladys.kariuki53481@uni.ac.ke
53482,Carol,Hassan,carol.hassan53482@academy.ac.ke
53483,Helen,Mwangi,helen.mwangi53483@college.ac.ke
53484,Philip,Gitonga,philip.gitonga53484@academy.ac.ke
53485,Thomas,Kiprotich,thomas.kiprotich53485@uni.ac.ke
53486,Simon,Omondi,simon.omondi53486@students.ac.ke
53487,Eric,Kiprotich,eric.kiprotich53487@school.ac.ke
53488,Dennis,Yusuf,dennis.yusuf53488@school.ac.ke
53489,Gladys,Kasyoka,gladys.kasyoka53489@students.ac.ke
53490,Eleanor,Muturi,eleanor.muturi53490@school.ac.ke
53491,Joyce,Awuor,joyce.awuor53491@academy.ac.ke
53492,Joyce,Otieno,joyce.otieno53492@school.ac.ke
53493,Hope,Musa,hope.musa53493@academy.ac.ke
53494,Grace,Hassan,grace.hassan53494@school.ac.ke
53495,Joseph,Kiprotich,joseph.kiprotich53495@uni.ac.ke
53496,Harriet,Njoroge,harriet.njoroge53496@school.ac.ke
53497,George,Owino,george.owino53497@academy.ac.ke
53498,Irene,Lagat,irene.lagat53498@school.ac.ke
53499,Helen,Waweru,helen.waweru53499@college.ac.ke
53500,George,Ruto,george.ruto53500@college.ac.ke
53501,Michael,Njoki,michael.njoki53501@academy.ac.ke
53502,Dorothy,Ndegwa,dorothy.ndegwa53502@uni.ac.ke
53503,Kenneth,Ahmed,kenneth.ahmed53503@college.ac.ke
53504,Charles,Koech,charles.koech53504@academy.ac.ke
53505,Kevin,Onyango,kevin.onyango53505@school.ac.ke
53506,Frances,Ogolla,frances.ogolla53506@uni.ac.ke
53507,Mary,Njoki,mary.njoki53507@school.ac.ke
53508,George,Koech,george.koech53508@college.ac.ke
53509,Peter,Juma,peter.juma53509@school.ac.ke
53510,Hope,Akumu,hope.akumu53510@students.ac.ke
53511,Philip,Kiprotich,philip.kiprotich53511@school.ac.ke
53512,Noah,Omondi,noah.omondi53512@college.ac.ke
53513,Oscar,Hassan,oscar.hassan53513@uni.ac.ke
53514,Agnes,Gitonga,agnes.gitonga53514@college.ac.ke
53515,Florence,Mumo,florence.mumo53515@academy.ac.ke
53516,Lewis,Otieno,lewis.otieno53516@college.ac.ke
53517,Francis,Ahmed,francis.ahmed53517@students.ac.ke
53518,Eric,Omar,eric.omar53518@uni.ac.ke
53519,Paul,Omondi,paul.omondi53519@school.ac.ke
53520,Oscar,Odhiambo,oscar.odhiambo53520@academy.ac.ke
53521,Mary,Chebet,mary.chebet53521@students.ac.ke
53522,Naomi,Koech,naomi.koech53522@college.ac.ke
53523,James,Onyango,james.onyango53523@students.ac.ke
53524,Douglas,Njuguna,douglas.njuguna53524@school.ac.ke
53525,Diana,Nzomo,diana.nzomo53525@college.ac.ke
53526,Gladys,Onyango,gladys.onyango53526@school.ac.ke
53527,Grace,Abdi,grace.abdi53527@academy.ac.ke
53528,Eleanor,Nzomo,eleanor.nzomo53528@students.ac.ke
53529,Edith,Kasyoka,edith.kasyoka53529@academy.ac.ke
53530,Lydia,Wairimu,lydia.wairimu53530@students.ac.ke
53531,Philip,Kiptoo,philip.kiptoo53531@uni.ac.ke
53532,William,Odhiambo,william.odhiambo53532@college.ac.ke
53533,Adrian,Wanjiku,adrian.wanjiku53533@students.ac.ke
53534,Helen,Abdi,helen.abdi53534@school.ac.ke
53535,David,Kasyoka,david.kasyoka53535@students.ac.ke
53536,Harriet,Gathoni,harriet.gathoni53536@uni.ac.ke
53537,Hope,Kiptoo,hope.kiptoo53537@school.ac.ke
53538,Lewis,Gichuki,lewis.gichuki53538@academy.ac.ke
53539,Harriet,Bett,harriet.bett53539@academy.ac.ke
53540,Ruth,Lagat,ruth.lagat53540@students.ac.ke
53541,Hope,Musyoka,hope.musyoka53541@school.ac.ke
53542,Naomi,Njuguna,naomi.njuguna53542@students.ac.ke
53543,Simon,Njuguna,simon.njuguna53543@college.ac.ke
53544,Peter,Kasyoka,peter.kasyoka53544@college.ac.ke
53545,Paul,Awuor,paul.awuor53545@school.ac.ke
53546,Philip,Mwenda,philip.mwenda53546@school.ac.ke
53547,Dorothy,Mwenda,dorothy.mwenda53547@school.ac.ke
53548,Eric,Otieno,eric.otieno53548@students.ac.ke
53549,Frances,Ogolla,frances.ogolla53549@college.ac.ke
53550,Robert,Okello,robert.okello53550@college.ac.ke
53551,Lewis,Okello,lewis.okello53551@students.ac.ke
53552,Jacob,Farah,jacob.farah53552@academy.ac.ke
53553,Agnes,Ochieng,agnes.ochieng53553@uni.ac.ke
53554,Charles,Kariuki,charles.kariuki53554@school.ac.ke
53555,Paul,Hassan,paul.hassan53555@academy.ac.ke
53556,Raymond,Maina,raymond.maina53556@school.ac.ke
53557,Kenneth,Waweru,kenneth.waweru53557@academy.ac.ke
53558,Eric,Gathoni,eric.gathoni53558@school.ac.ke
53559,Harold,Wairimu,harold.wairimu53559@school.ac.ke
53560,Janet,Musyoka,janet.musyoka53560@school.ac.ke
53561,Janet,Mumo,janet.mumo53561@uni.ac.ke
53562,Catherine,Ruto,catherine.ruto53562@school.ac.ke
53563,Irene,Hassan,irene.hassan53563@academy.ac.ke
53564,Helen,Gitau,helen.gitau53564@college.ac.ke
53565,Naomi,Omar,naomi.omar53565@students.ac.ke
53566,John,Ibrahim,john.ibrahim53566@academy.ac.ke
53567,David,Otieno,david.otieno53567@students.ac.ke
53568,Carol,Wanjiku,carol.wanjiku53568@uni.ac.ke
53569,Quentin,Musa,quentin.musa53569@students.ac.ke
53570,Henry,Rotich,henry.rotich53570@uni.ac.ke
53571,Ivan,Odhiambo,ivan.odhiambo53571@college.ac.ke
53572,Alice,Nduku,alice.nduku53572@academy.ac.ke
53573,Hannah,Wanjiku,hannah.wanjiku53573@uni.ac.ke
53574,Thomas,Abdi,thomas.abdi53574@academy.ac.ke
53575,Irene,Njuguna,irene.njuguna53575@uni.ac.ke
53576,George,Bett,george.bett53576@academy.ac.ke
53577,Bernard,Kinyua,bernard.kinyua53577@uni.ac.ke
53578,William,Gitau,william.gitau53578@students.ac.ke
53579,Lewis,Onyango,lewis.onyango53579@students.ac.ke
53580,Oscar,Kimani,oscar.kimani53580@school.ac.ke
53581,Jacob,Mutai,jacob.mutai53581@college.ac.ke
53582,Gordon,Omar,gordon.omar53582@academy.ac.ke
53583,Dorothy,Kyalo,dorothy.kyalo53583@students.ac.ke
53584,Irene,Njoroge,irene.njoroge53584@school.ac.ke
53585,Eleanor,Khalid,eleanor.khalid53585@college.ac.ke
53586,Gladys,Maina,gladys.maina53586@uni.ac.ke
53587,Irene,Muturi,irene.muturi53587@students.ac.ke
53588,Kevin,Muturi,kevin.muturi53588@uni.ac.ke
53589,Robert,Mumo,robert.mumo53589@school.ac.ke
53590,Lydia,Bett,lydia.bett53590@academy.ac.ke
53591,Helen,Gitonga,helen.gitonga53591@academy.ac.ke
53592,Betty,Mutua,betty.mutua53592@students.ac.ke
53593,Adrian,Njoki,adrian.njoki53593@students.ac.ke
53594,Daniel,Muturi,daniel.muturi53594@students.ac.ke
53595,Charles,Kimani,charles.kimani53595@college.ac.ke
53596,Harold,Mwenda,harold.mwenda53596@students.ac.ke
53597,Faith,Ndegwa,faith.ndegwa53597@uni.ac.ke
53598,Beatrice,Omondi,beatrice.omondi53598@students.ac.ke
53599,Harriet,Mwangi,harriet.mwangi53599@uni.ac.ke
53600,Paul,Gichuki,paul.gichuki53600@students.ac.ke
53601,Lydia,Awuor,lydia.awuor53601@college.ac.ke
53602,Mary,Yusuf,mary.yusuf53602@college.ac.ke
53603,Agnes,Kiprotich,agnes.kiprotich53603@college.ac.ke
53604,Grace,Kinyua,grace.kinyua53604@school.ac.ke
53605,Irene,Musa,irene.musa53605@college.ac.ke
53606,Francis,Rotich,francis.rotich53606@academy.ac.ke
53607,David,Adhiambo,david.adhiambo53607@school.ac.ke
53608,Edith,Nzomo,edith.nzomo53608@students.ac.ke
53609,Joy,Mwenda,joy.mwenda53609@uni.ac.ke
53610,Betty,Kasyoka,betty.kasyoka53610@college.ac.ke
53611,Helen,Otieno,helen.otieno53611@students.ac.ke
53612,Moses,Wanjiku,moses.wanjiku53612@students.ac.ke
53613,Henry,Kimani,henry.kimani53613@students.ac.ke
53614,Henry,Omar,henry.omar53614@students.ac.ke
53615,Ivan,Yusuf,ivan.yusuf53615@school.ac.ke
53616,Victor,Mwangi,victor.mwangi53616@academy.ac.ke
53617,Quentin,Wanjiku,quentin.wanjiku53617@school.ac.ke
53618,Hope,Nzomo,hope.nzomo53618@uni.ac.ke
53619,Lewis,Awuor,lewis.awuor53619@school.ac.ke
53620,Eric,Gitau,eric.gitau53620@academy.ac.ke
53621,Francis,Abdi,francis.abdi53621@school.ac.ke
53622,Edith,Gathoni,edith.gathoni53622@academy.ac.ke
53623,John,Onyango,john.onyango53623@academy.ac.ke
53624,Lewis,Kasyoka,lewis.kasyoka53624@school.ac.ke
53625,Naomi,Omondi,naomi.omondi53625@college.ac.ke
53626,Janet,Chebet,janet.chebet53626@uni.ac.ke
53627,Harold,Odhiambo,harold.odhiambo53627@school.ac.ke
53628,Diana,Odhiambo,diana.odhiambo53628@school.ac.ke
53629,William,Owino,william.owino53629@academy.ac.ke
53630,James,Gitau,james.gitau53630@uni.ac.ke
53631,Daniel,Chebet,daniel.chebet53631@uni.ac.ke
53632,Catherine,Nduku,catherine.nduku53632@uni.ac.ke
53633,Thomas,Ahmed,thomas.ahmed53633@students.ac.ke
53634,Simon,Hassan,simon.hassan53634@students.ac.ke
53635,Charles,Awuor,charles.awuor53635@students.ac.ke
53636,James,Mwenda,james.mwenda53636@school.ac.ke
53637,John,Ogolla,john.ogolla53637@college.ac.ke
53638,Dorothy,Gathoni,dorothy.gathoni53638@college.ac.ke
53639,Noah,Lagat,noah.lagat53639@college.ac.ke
53640,Oscar,Bett,oscar.bett53640@college.ac.ke
53641,Bernard,Mumo,bernard.mumo53641@academy.ac.ke
53642,Agnes,Nzomo,agnes.nzomo53642@uni.ac.ke
53643,Paul,Omondi,paul.omondi53643@academy.ac.ke
53644,Grace,Abdi,grace.abdi53644@college.ac.ke
53645,Diana,Ruto,diana.ruto53645@uni.ac.ke
53646,Douglas,Mwenda,douglas.mwenda53646@academy.ac.ke
53647,Brian,Ibrahim,brian.ibrahim53647@school.ac.ke
53648,Joyce,Wanjiku,joyce.wanjiku53648@students.ac.ke
53649,Joyce,Adhiambo,joyce.adhiambo53649@uni.ac.ke
53650,George,Musa,george.musa53650@uni.ac.ke
53651,Douglas,Omondi,douglas.omondi53651@school.ac.ke
53652,Isaac,Yusuf,isaac.yusuf53652@academy.ac.ke
53653,Edith,Nzomo,edith.nzomo53653@school.ac.ke
53654,Edith,Khalid,edith.khalid53654@students.ac.ke
53655,Florence,Odhiambo,florence.odhiambo53655@school.ac.ke
53656,Mary,Akumu,mary.akumu53656@students.ac.ke
53657,Gloria,Maina,gloria.maina53657@academy.ac.ke
53658,Harold,Kamau,harold.kamau53658@school.ac.ke
53659,Francis,Khalid,francis.khalid53659@college.ac.ke
53660,Lydia,Kiprotich,lydia.kiprotich53660@school.ac.ke
53661,Harold,Maina,harold.maina53661@college.ac.ke
53662,Eric,Lagat,eric.lagat53662@college.ac.ke
53663,Helen,Akumu,helen.akumu53663@students.ac.ke
53664,Harold,Musyoka,harold.musyoka53664@students.ac.ke
53665,Quentin,Kiprotich,quentin.kiprotich53665@academy.ac.ke
53666,John,Gichuki,john.gichuki53666@academy.ac.ke
53667,Thomas,Juma,thomas.juma53667@school.ac.ke
53668,Adrian,Omondi,adrian.omondi53668@school.ac.ke
53669,Janet,Ochieng,janet.ochieng53669@students.ac.ke
53670,Alice,Njoki,alice.njoki53670@school.ac.ke
53671,Irene,Omondi,irene.omondi53671@school.ac.ke
53672,Frances,Hassan,frances.hassan53672@students.ac.ke
53673,Carol,Nzomo,carol.nzomo53673@school.ac.ke
53674,Janet,Odhiambo,janet.odhiambo53674@students.ac.ke
53675,Samuel,Lagat,samuel.lagat53675@academy.ac.ke
53676,Diana,Kyalo,diana.kyalo53676@college.ac.ke
53677,Gladys,Omondi,gladys.omondi53677@academy.ac.ke
53678,Charles,Kamau,charles.kamau53678@school.ac.ke
53679,Edith,Kinyua,edith.kinyua53679@academy.ac.ke
53680,Eric,Mwenda,eric.mwenda53680@uni.ac.ke
53681,James,Kyalo,james.kyalo53681@students.ac.ke
53682,Joy,Farah,joy.farah53682@students.ac.ke
53683,Ruth,Gathoni,ruth.gathoni53683@college.ac.ke
53684,Edith,Mutua,edith.mutua53684@school.ac.ke
53685,Francis,Kamau,francis.kamau53685@uni.ac.ke
53686,Diana,Mutisya,diana.mutisya53686@school.ac.ke
53687,Hannah,Ibrahim,hannah.ibrahim53687@academy.ac.ke
53688,Isaac,Mutai,isaac.mutai53688@uni.ac.ke
53689,Harold,Farah,harold.farah53689@academy.ac.ke
53690,Helen,Kasyoka,helen.kasyoka53690@academy.ac.ke
53691,Grace,Kariuki,grace.kariuki53691@school.ac.ke
53692,Lewis,Kiprotich,lewis.kiprotich53692@uni.ac.ke
53693,Julian,Wanjiku,julian.wanjiku53693@college.ac.ke
53694,Grace,Rotich,grace.rotich53694@uni.ac.ke
53695,Kevin,Mwenda,kevin.mwenda53695@college.ac.ke
53696,Mary,Ndegwa,mary.ndegwa53696@college.ac.ke
53697,Florence,Ahmed,florence.ahmed53697@uni.ac.ke
53698,Joy,Ahmed,joy.ahmed53698@college.ac.ke
53699,Francis,Mwenda,francis.mwenda53699@students.ac.ke
53700,Catherine,Khalid,catherine.khalid53700@academy.ac.ke
53701,Ivan,Kimani,ivan.kimani53701@college.ac.ke
53702,Julian,Gitonga,julian.gitonga53702@college.ac.ke
53703,William,Muturi,william.muturi53703@uni.ac.ke
53704,Edwin,Mbatha,edwin.mbatha53704@uni.ac.ke
53705,Moses,Ngetich,moses.ngetich53705@school.ac.ke
53706,Oscar,Ahmed,oscar.ahmed53706@college.ac.ke
53707,Lydia,Gitau,lydia.gitau53707@college.ac.ke
53708,Joyce,Mutua,joyce.mutua53708@uni.ac.ke
53709,Raymond,Waweru,raymond.waweru53709@students.ac.ke
53710,Joyce,Nduku,joyce.nduku53710@academy.ac.ke
53711,John,Odhiambo,john.odhiambo53711@students.ac.ke
53712,Bernard,Waweru,bernard.waweru53712@college.ac.ke
53713,Eric,Njoki,eric.njoki53713@college.ac.ke
53714,Edith,Kasyoka,edith.kasyoka53714@academy.ac.ke
53715,Ruth,Lagat,ruth.lagat53715@academy.ac.ke
53716,Moses,Kiprotich,moses.kiprotich53716@students.ac.ke
53717,Frances,Rotich,frances.rotich53717@uni.ac.ke
53718,Gloria,Mwangi,gloria.mwangi53718@school.ac.ke
53719,Daniel,Mutai,daniel.mutai53719@uni.ac.ke
53720,Henry,Mbatha,henry.mbatha53720@academy.ac.ke
53721,Gordon,Kiptoo,gordon.kiptoo53721@academy.ac.ke
53722,Mary,Hassan,mary.hassan53722@school.ac.ke
53723,Hannah,Njuguna,hannah.njuguna53723@college.ac.ke
53724,Naomi,Kiptoo,naomi.kiptoo53724@students.ac.ke
53725,Peter,Ochieng,peter.ochieng53725@uni.ac.ke
53726,Faith,Odhiambo,faith.odhiambo53726@students.ac.ke
53727,Philip,Gitonga,philip.gitonga53727@school.ac.ke
53728,Kenneth,Waweru,kenneth.waweru53728@college.ac.ke
53729,Brian,Nzomo,brian.nzomo53729@uni.ac.ke
53730,Dennis,Akumu,dennis.akumu53730@college.ac.ke
53731,Hope,Kimani,hope.kimani53731@students.ac.ke
53732,Julian,Onyango,julian.onyango53732@students.ac.ke
53733,Edith,Ngetich,edith.ngetich53733@uni.ac.ke
53734,Alice,Wanjiku,alice.wanjiku53734@uni.ac.ke
53735,John,Mutisya,john.mutisya53735@uni.ac.ke
53736,Moses,Abdi,moses.abdi53736@academy.ac.ke
53737,Carol,Kamau,carol.kamau53737@school.ac.ke
53738,Francis,Musyoka,francis.musyoka53738@college.ac.ke
53739,Bernard,Khalid,bernard.khalid53739@uni.ac.ke
53740,Julian,Juma,julian.juma53740@school.ac.ke
53741,Naomi,Wanjiku,naomi.wanjiku53741@students.ac.ke
53742,Mary,Kasyoka,mary.kasyoka53742@school.ac.ke
53743,Thomas,Khalid,thomas.khalid53743@uni.ac.ke
53744,Ruth,Kyalo,ruth.kyalo53744@uni.ac.ke
53745,Kenneth,Kamau,kenneth.kamau53745@college.ac.ke
53746,David,Kyalo,david.kyalo53746@uni.ac.ke
53747,Hope,Kimani,hope.kimani53747@uni.ac.ke
53748,William,Omar,william.omar53748@college.ac.ke
53749,Joyce,Onyango,joyce.onyango53749@college.ac.ke
53750,George,Omar,george.omar53750@school.ac.ke
53751,Adrian,Nduku,adrian.nduku53751@college.ac.ke
53752,Joy,Kiptoo,joy.kiptoo53752@school.ac.ke
53753,Douglas,Juma,douglas.juma53753@uni.ac.ke
53754,Kevin,Juma,kevin.juma53754@school.ac.ke
53755,Harold,Ibrahim,harold.ibrahim53755@college.ac.ke
53756,Joy,Adhiambo,joy.adhiambo53756@academy.ac.ke
53757,Edith,Nzomo,edith.nzomo53757@academy.ac.ke
53758,Catherine,Mwangi,catherine.mwangi53758@students.ac.ke
53759,Gloria,Awuor,gloria.awuor53759@school.ac.ke
53760,Eleanor,Abdi,eleanor.abdi53760@college.ac.ke
53761,George,Mutua,george.mutua53761@uni.ac.ke
53762,Michael,Awuor,michael.awuor53762@uni.ac.ke
53763,Quentin,Gichuki,quentin.gichuki53763@school.ac.ke
53764,Isaac,Mutua,isaac.mutua53764@academy.ac.ke
53765,Paul,Bett,paul.bett53765@students.ac.ke
53766,Gladys,Gitonga,gladys.gitonga53766@academy.ac.ke
53767,Grace,Kiprotich,grace.kiprotich53767@uni.ac.ke
53768,William,Wairimu,william.wairimu53768@uni.ac.ke
53769,Agnes,Achieng,agnes.achieng53769@college.ac.ke
53770,Julian,Ndegwa,julian.ndegwa53770@school.ac.ke
53771,Charles,Kamau,charles.kamau53771@uni.ac.ke
53772,Eleanor,Mwenda,eleanor.mwenda53772@uni.ac.ke
53773,Edwin,Ahmed,edwin.ahmed53773@school.ac.ke
53774,Raymond,Ogolla,raymond.ogolla53774@college.ac.ke
53775,Frances,Adhiambo,frances.adhiambo53775@students.ac.ke
53776,Charles,Muturi,charles.muturi53776@college.ac.ke
53777,John,Bett,john.bett53777@academy.ac.ke
53778,Moses,Njoki,moses.njoki53778@school.ac.ke
53779,Edwin,Hassan,edwin.hassan53779@college.ac.ke
53780,Alice,Maina,alice.maina53780@school.ac.ke
53781,Ruth,Owino,ruth.owino53781@school.ac.ke
53782,Jacob,Khalid,jacob.khalid53782@college.ac.ke
53783,Eleanor,Omondi,eleanor.omondi53783@students.ac.ke
53784,Ruth,Omar,ruth.omar53784@college.ac.ke
53785,Julian,Odhiambo,julian.odhiambo53785@academy.ac.ke
53786,Daniel,Farah,daniel.farah53786@school.ac.ke
53787,Philip,Waweru,philip.waweru53787@uni.ac.ke
53788,Samuel,Muturi,samuel.muturi53788@college.ac.ke
53789,Joseph,Ngetich,joseph.ngetich53789@college.ac.ke
53790,Florence,Adhiambo,florence.adhiambo53790@college.ac.ke
53791,John,Kariuki,john.kariuki53791@academy.ac.ke
53792,Joyce,Chebet,joyce.chebet53792@academy.ac.ke
53793,Quentin,Rotich,quentin.rotich53793@students.ac.ke
53794,Jacob,Omar,jacob.omar53794@academy.ac.ke
53795,Ivan,Khalid,ivan.khalid53795@academy.ac.ke
53796,Philip,Musa,philip.musa53796@uni.ac.ke
53797,Michael,Kamau,michael.kamau53797@school.ac.ke
53798,Beatrice,Mutua,beatrice.mutua53798@students.ac.ke
53799,Mary,Gathoni,mary.gathoni53799@academy.ac.ke
53800,Oscar,Khalid,oscar.khalid53800@uni.ac.ke
53801,Paul,Ibrahim,paul.ibrahim53801@students.ac.ke
53802,Mary,Mutua,mary.mutua53802@students.ac.ke
53803,Kevin,Kasyoka,kevin.kasyoka53803@college.ac.ke
53804,Samuel,Odhiambo,samuel.odhiambo53804@college.ac.ke
53805,Simon,Kiprotich,simon.kiprotich53805@uni.ac.ke
53806,Alice,Wairimu,alice.wairimu53806@college.ac.ke
53807,Beatrice,Mutisya,beatrice.mutisya53807@academy.ac.ke
53808,Quentin,Maina,quentin.maina53808@uni.ac.ke
53809,James,Mutai,james.mutai53809@college.ac.ke
53810,Gladys,Mwenda,gladys.mwenda53810@uni.ac.ke
53811,Eric,Rotich,eric.rotich53811@college.ac.ke
53812,David,Gichuki,david.gichuki53812@students.ac.ke
53813,Esther,Bett,esther.bett53813@college.ac.ke
53814,Ivan,Ruto,ivan.ruto53814@uni.ac.ke
53815,Lewis,Musa,lewis.musa53815@college.ac.ke
53816,Isaac,Wanjiku,isaac.wanjiku53816@academy.ac.ke
53817,Charles,Omar,charles.omar53817@academy.ac.ke
53818,Brian,Khalid,brian.khalid53818@school.ac.ke
53819,Betty,Achieng,betty.achieng53819@students.ac.ke
53820,Joy,Kamau,joy.kamau53820@academy.ac.ke
53821,Julian,Mutisya,julian.mutisya53821@school.ac.ke
53822,Florence,Chebet,florence.chebet53822@students.ac.ke
53823,Dorothy,Rotich,dorothy.rotich53823@students.ac.ke
53824,William,Juma,william.juma53824@academy.ac.ke
53825,Joseph,Abdi,joseph.abdi53825@college.ac.ke
53826,James,Waweru,james.waweru53826@students.ac.ke
53827,Lewis,Mwenda,lewis.mwenda53827@college.ac.ke
53828,George,Owino,george.owino53828@students.ac.ke
53829,Joyce,Kiptoo,joyce.kiptoo53829@students.ac.ke
53830,Catherine,Gitonga,catherine.gitonga53830@school.ac.ke
53831,Eric,Odhiambo,eric.odhiambo53831@students.ac.ke
53832,Thomas,Musyoka,thomas.musyoka53832@uni.ac.ke
53833,Naomi,Mutua,naomi.mutua53833@academy.ac.ke
53834,Julian,Kinyua,julian.kinyua53834@students.ac.ke
53835,Mary,Kiprotich,mary.kiprotich53835@students.ac.ke
53836,Daniel,Chebet,daniel.chebet53836@college.ac.ke
53837,Michael,Mumo,michael.mumo53837@academy.ac.ke
53838,Janet,Ndegwa,janet.ndegwa53838@school.ac.ke
53839,Ivan,Akumu,ivan.akumu53839@uni.ac.ke
53840,Raymond,Ngetich,raymond.ngetich53840@school.ac.ke
53841,Naomi,Yusuf,naomi.yusuf53841@college.ac.ke
53842,Faith,Njuguna,faith.njuguna53842@uni.ac.ke
53843,Betty,Ibrahim,betty.ibrahim53843@college.ac.ke
53844,Kevin,Ruto,kevin.ruto53844@uni.ac.ke
53845,Joy,Gitonga,joy.gitonga53845@school.ac.ke
53846,Gloria,Adhiambo,gloria.adhiambo53846@uni.ac.ke
53847,Daniel,Kamau,daniel.kamau53847@uni.ac.ke
53848,Henry,Muturi,henry.muturi53848@college.ac.ke
53849,Alice,Otieno,alice.otieno53849@school.ac.ke
53850,Francis,Mumo,francis.mumo53850@college.ac.ke
53851,Charles,Onyango,charles.onyango53851@college.ac.ke
53852,Catherine,Njoki,catherine.njoki53852@school.ac.ke
53853,Victor,Yusuf,victor.yusuf53853@students.ac.ke
53854,Peter,Adhiambo,peter.adhiambo53854@students.ac.ke
53855,James,Ochieng,james.ochieng53855@students.ac.ke
53856,Brian,Onyango,brian.onyango53856@uni.ac.ke
53857,Dorothy,Koech,dorothy.koech53857@academy.ac.ke
53858,Moses,Mutisya,moses.mutisya53858@students.ac.ke
53859,Janet,Mwenda,janet.mwenda53859@students.ac.ke
53860,Janet,Bett,janet.bett53860@academy.ac.ke
53861,Hope,Ahmed,hope.ahmed53861@academy.ac.ke
53862,Philip,Mutai,philip.mutai53862@students.ac.ke
53863,Frances,Gitonga,frances.gitonga53863@school.ac.ke
53864,Mary,Ahmed,mary.ahmed53864@students.ac.ke
53865,Victor,Hassan,victor.hassan53865@uni.ac.ke
53866,Oscar,Kiptoo,oscar.kiptoo53866@school.ac.ke
53867,Lewis,Akumu,lewis.akumu53867@students.ac.ke
53868,Henry,Kamau,henry.kamau53868@school.ac.ke
53869,Edwin,Mwenda,edwin.mwenda53869@academy.ac.ke
53870,Noah,Kiprotich,noah.kiprotich53870@academy.ac.ke
53871,Helen,Okello,helen.okello53871@academy.ac.ke
53872,Catherine,Kinyua,catherine.kinyua53872@uni.ac.ke
53873,Jacob,Juma,jacob.juma53873@students.ac.ke
53874,Hannah,Njoki,hannah.njoki53874@students.ac.ke
53875,Bernard,Ruto,bernard.ruto53875@academy.ac.ke
53876,Eleanor,Mumo,eleanor.mumo53876@uni.ac.ke
53877,Ruth,Ibrahim,ruth.ibrahim53877@college.ac.ke
53878,Kevin,Ruto,kevin.ruto53878@students.ac.ke
53879,Gloria,Omondi,gloria.omondi53879@school.ac.ke
53880,Eleanor,Chebet,eleanor.chebet53880@uni.ac.ke
53881,Grace,Nzomo,grace.nzomo53881@uni.ac.ke
53882,Gordon,Mutua,gordon.mutua53882@college.ac.ke
53883,Naomi,Mutai,naomi.mutai53883@students.ac.ke
53884,Catherine,Lagat,catherine.lagat53884@academy.ac.ke
53885,Henry,Ibrahim,henry.ibrahim53885@school.ac.ke
53886,Henry,Gathoni,henry.gathoni53886@students.ac.ke
53887,Frances,Musa,frances.musa53887@uni.ac.ke
53888,William,Ibrahim,william.ibrahim53888@uni.ac.ke
53889,Thomas,Ruto,thomas.ruto53889@college.ac.ke
53890,Eleanor,Mutai,eleanor.mutai53890@students.ac.ke
53891,Lydia,Kasyoka,lydia.kasyoka53891@students.ac.ke
53892,Daniel,Kamau,daniel.kamau53892@students.ac.ke
53893,Janet,Ochieng,janet.ochieng53893@uni.ac.ke
53894,Lewis,Musyoka,lewis.musyoka53894@college.ac.ke
53895,Mary,Ndegwa,mary.ndegwa53895@school.ac.ke
53896,Jacob,Mutua,jacob.mutua53896@academy.ac.ke
53897,David,Odhiambo,david.odhiambo53897@school.ac.ke
53898,Faith,Njuguna,faith.njuguna53898@academy.ac.ke
53899,Alice,Rotich,alice.rotich53899@academy.ac.ke
53900,Moses,Mutua,moses.mutua53900@students.ac.ke
53901,Gladys,Khalid,gladys.khalid53901@uni.ac.ke
53902,George,Mbatha,george.mbatha53902@academy.ac.ke
53903,Diana,Kiptoo,diana.kiptoo53903@school.ac.ke
53904,Beatrice,Ibrahim,beatrice.ibrahim53904@students.ac.ke
53905,Catherine,Wairimu,catherine.wairimu53905@school.ac.ke
53906,Lydia,Wanjiku,lydia.wanjiku53906@uni.ac.ke
53907,William,Mumo,william.mumo53907@school.ac.ke
53908,Esther,Kyalo,esther.kyalo53908@academy.ac.ke
53909,Philip,Kasyoka,philip.kasyoka53909@academy.ac.ke
53910,Carol,Hassan,carol.hassan53910@uni.ac.ke
53911,Catherine,Ogolla,catherine.ogolla53911@uni.ac.ke
53912,Frances,Owino,frances.owino53912@students.ac.ke
53913,Raymond,Musa,raymond.musa53913@school.ac.ke
53914,Noah,Kiprotich,noah.kiprotich53914@school.ac.ke
53915,Samuel,Kimani,samuel.kimani53915@school.ac.ke
53916,Oscar,Onyango,oscar.onyango53916@school.ac.ke
53917,Agnes,Mutisya,agnes.mutisya53917@students.ac.ke
53918,Joseph,Odhiambo,joseph.odhiambo53918@college.ac.ke
53919,Victor,Odhiambo,victor.odhiambo53919@academy.ac.ke
53920,Joy,Maina,joy.maina53920@uni.ac.ke
53921,Alice,Kinyua,alice.kinyua53921@uni.ac.ke
53922,Julian,Nzomo,julian.nzomo53922@uni.ac.ke
53923,Robert,Awuor,robert.awuor53923@students.ac.ke
53924,Brian,Ahmed,brian.ahmed53924@uni.ac.ke
53925,Peter,Musa,peter.musa53925@academy.ac.ke
53926,Edwin,Abdi,edwin.abdi53926@students.ac.ke
53927,Dorothy,Gitonga,dorothy.gitonga53927@students.ac.ke
53928,Dennis,Achieng,dennis.achieng53928@academy.ac.ke
53929,Betty,Kariuki,betty.kariuki53929@college.ac.ke
53930,Agnes,Owino,agnes.owino53930@academy.ac.ke
53931,Philip,Omondi,philip.omondi53931@academy.ac.ke
53932,Eric,Mbatha,eric.mbatha53932@school.ac.ke
53933,Charles,Koech,charles.koech53933@college.ac.ke
53934,Francis,Njoki,francis.njoki53934@school.ac.ke
53935,Brian,Odhiambo,brian.odhiambo53935@students.ac.ke
53936,Jacob,Okello,jacob.okello53936@uni.ac.ke
53937,Harriet,Kiprotich,harriet.kiprotich53937@academy.ac.ke
53938,Frances,Yusuf,frances.yusuf53938@college.ac.ke
53939,Philip,Kinyua,philip.kinyua53939@students.ac.ke
53940,Lydia,Kariuki,lydia.kariuki53940@academy.ac.ke
53941,Diana,Chebet,diana.chebet53941@students.ac.ke
53942,Diana,Odhiambo,diana.odhiambo53942@academy.ac.ke
53943,Simon,Wairimu,simon.wairimu53943@school.ac.ke
53944,Robert,Odhiambo,robert.odhiambo53944@school.ac.ke
53945,Frances,Kiprotich,frances.kiprotich53945@academy.ac.ke
53946,Brian,Ndegwa,brian.ndegwa53946@school.ac.ke
53947,Agnes,Kyalo,agnes.kyalo53947@academy.ac.ke
53948,Dorothy,Abdi,dorothy.abdi53948@uni.ac.ke
53949,Michael,Gitau,michael.gitau53949@school.ac.ke
53950,Robert,Ndegwa,robert.ndegwa53950@students.ac.ke
53951,Michael,Bett,michael.bett53951@school.ac.ke
53952,Henry,Onyango,henry.onyango53952@college.ac.ke
53953,Michael,Lagat,michael.lagat53953@uni.ac.ke
53954,Betty,Musyoka,betty.musyoka53954@academy.ac.ke
53955,Julian,Kinyua,julian.kinyua53955@college.ac.ke
53956,George,Mwenda,george.mwenda53956@school.ac.ke
53957,Diana,Nzomo,diana.nzomo53957@uni.ac.ke
53958,George,Abdi,george.abdi53958@uni.ac.ke
53959,Helen,Mumo,helen.mumo53959@school.ac.ke
53960,Gordon,Muturi,gordon.muturi53960@school.ac.ke
53961,Carol,Bett,carol.bett53961@college.ac.ke
53962,Helen,Mwangi,helen.mwangi53962@students.ac.ke
53963,Paul,Hassan,paul.hassan53963@college.ac.ke
53964,Lydia,Rotich,lydia.rotich53964@academy.ac.ke
53965,Moses,Mumo,moses.mumo53965@school.ac.ke
53966,Gladys,Abdi,gladys.abdi53966@students.ac.ke
53967,John,Kiprotich,john.kiprotich53967@academy.ac.ke
53968,Eric,Njoki,eric.njoki53968@uni.ac.ke
53969,Peter,Maina,peter.maina53969@uni.ac.ke
53970,Beatrice,Mbatha,beatrice.mbatha53970@school.ac.ke
53971,Peter,Njuguna,peter.njuguna53971@academy.ac.ke
53972,Philip,Ruto,philip.ruto53972@academy.ac.ke
53973,John,Ahmed,john.ahmed53973@uni.ac.ke
53974,Paul,Hassan,paul.hassan53974@school.ac.ke
53975,George,Mutua,george.mutua53975@uni.ac.ke
53976,Lewis,Abdi,lewis.abdi53976@school.ac.ke
53977,Samuel,Khalid,samuel.khalid53977@academy.ac.ke
53978,Adrian,Musyoka,adrian.musyoka53978@school.ac.ke
53979,Hannah,Kiprotich,hannah.kiprotich53979@college.ac.ke
53980,Ruth,Adhiambo,ruth.adhiambo53980@school.ac.ke
53981,Oscar,Njuguna,oscar.njuguna53981@school.ac.ke
53982,Raymond,Ngetich,raymond.ngetich53982@school.ac.ke
53983,Edith,Odhiambo,edith.odhiambo53983@college.ac.ke
53984,Quentin,Nzomo,quentin.nzomo53984@college.ac.ke
53985,Naomi,Nzomo,naomi.nzomo53985@uni.ac.ke
53986,Grace,Mutua,grace.mutua53986@uni.ac.ke
53987,Henry,Ochieng,henry.ochieng53987@uni.ac.ke
53988,Harriet,Ochieng,harriet.ochieng53988@school.ac.ke
53989,Julian,Ngetich,julian.ngetich53989@students.ac.ke
53990,James,Njoki,james.njoki53990@uni.ac.ke
53991,Thomas,Akumu,thomas.akumu53991@uni.ac.ke
53992,Kenneth,Mwenda,kenneth.mwenda53992@students.ac.ke
53993,Esther,Ndegwa,esther.ndegwa53993@college.ac.ke
53994,Moses,Okello,moses.okello53994@school.ac.ke
53995,Quentin,Muturi,quentin.muturi53995@college.ac.ke
53996,George,Njoki,george.njoki53996@academy.ac.ke
53997,Alice,Ogolla,alice.ogolla53997@uni.ac.ke
53998,Eleanor,Wairimu,eleanor.wairimu53998@school.ac.ke
53999,Dorothy,Chebet,dorothy.chebet53999@academy.ac.ke
54000,John,Farah,john.farah54000@academy.ac.ke
54001,Victor,Owino,victor.owino54001@students.ac.ke
54002,Francis,Mutua,francis.mutua54002@academy.ac.ke
54003,Agnes,Nduku,agnes.nduku54003@school.ac.ke
54004,Naomi,Hassan,naomi.hassan54004@uni.ac.ke
54005,Robert,Njoroge,robert.njoroge54005@students.ac.ke
54006,Faith,Ahmed,faith.ahmed54006@school.ac.ke
54007,Alice,Awuor,alice.awuor54007@school.ac.ke
54008,Daniel,Wanjiku,daniel.wanjiku54008@academy.ac.ke
54009,Oscar,Njoki,oscar.njoki54009@school.ac.ke
54010,Lydia,Farah,lydia.farah54010@school.ac.ke
54011,Joseph,Adhiambo,joseph.adhiambo54011@students.ac.ke
54012,Florence,Kimani,florence.kimani54012@college.ac.ke
54013,Edith,Hassan,edith.hassan54013@college.ac.ke
54014,Charles,Chebet,charles.chebet54014@college.ac.ke
54015,Grace,Wairimu,grace.wairimu54015@academy.ac.ke
54016,Agnes,Wanjiku,agnes.wanjiku54016@uni.ac.ke
54017,Paul,Abdi,paul.abdi54017@academy.ac.ke
54018,Naomi,Mumo,naomi.mumo54018@students.ac.ke
54019,Bernard,Gitonga,bernard.gitonga54019@school.ac.ke
54020,Alice,Mutua,alice.mutua54020@students.ac.ke
54021,Harold,Omondi,harold.omondi54021@school.ac.ke
54022,Lydia,Mwenda,lydia.mwenda54022@college.ac.ke
54023,Hannah,Kiprotich,hannah.kiprotich54023@academy.ac.ke
54024,Florence,Odhiambo,florence.odhiambo54024@students.ac.ke
54025,Peter,Achieng,peter.achieng54025@students.ac.ke
54026,Brian,Kariuki,brian.kariuki54026@students.ac.ke
54027,Beatrice,Waweru,beatrice.waweru54027@college.ac.ke
54028,Simon,Achieng,simon.achieng54028@school.ac.ke
54029,Lydia,Ndegwa,lydia.ndegwa54029@college.ac.ke
54030,Frances,Bett,frances.bett54030@school.ac.ke
54031,Paul,Musyoka,paul.musyoka54031@uni.ac.ke
54032,Irene,Nduku,irene.nduku54032@academy.ac.ke
54033,Gladys,Kyalo,gladys.kyalo54033@academy.ac.ke
54034,Julian,Juma,julian.juma54034@academy.ac.ke
54035,Eric,Koech,eric.koech54035@students.ac.ke
54036,Eric,Njoki,eric.njoki54036@uni.ac.ke
54037,Hannah,Khalid,hannah.khalid54037@academy.ac.ke
54038,Lydia,Kariuki,lydia.kariuki54038@school.ac.ke
54039,Mary,Wairimu,mary.wairimu54039@school.ac.ke
54040,Henry,Njoki,henry.njoki54040@uni.ac.ke
54041,Brian,Ruto,brian.ruto54041@uni.ac.ke
54042,Hannah,Muturi,hannah.muturi54042@college.ac.ke
54043,Esther,Njoroge,esther.njoroge54043@academy.ac.ke
54044,Robert,Omondi,robert.omondi54044@school.ac.ke
54045,Faith,Gitau,faith.gitau54045@college.ac.ke
54046,Ruth,Okello,ruth.okello54046@academy.ac.ke
54047,Michael,Kinyua,michael.kinyua54047@school.ac.ke
54048,Gloria,Mbatha,gloria.mbatha54048@students.ac.ke
54049,Hope,Wairimu,hope.wairimu54049@college.ac.ke
54050,Irene,Gitonga,irene.gitonga54050@college.ac.ke
54051,Beatrice,Njoroge,beatrice.njoroge54051@academy.ac.ke
54052,Victor,Njoki,victor.njoki54052@school.ac.ke
54053,Grace,Kasyoka,grace.kasyoka54053@school.ac.ke
54054,Harriet,Khalid,harriet.khalid54054@uni.ac.ke
54055,Julian,Kinyua,julian.kinyua54055@academy.ac.ke
54056,Brian,Juma,brian.juma54056@school.ac.ke
54057,Beatrice,Wanjiku,beatrice.wanjiku54057@uni.ac.ke
54058,Ruth,Gathoni,ruth.gathoni54058@academy.ac.ke
54059,Henry,Maina,henry.maina54059@college.ac.ke
54060,Eleanor,Omondi,eleanor.omondi54060@school.ac.ke
54061,Ruth,Omondi,ruth.omondi54061@students.ac.ke
54062,Diana,Onyango,diana.onyango54062@students.ac.ke
54063,Janet,Kiprotich,janet.kiprotich54063@uni.ac.ke
54064,Edwin,Bett,edwin.bett54064@academy.ac.ke
54065,Harold,Ahmed,harold.ahmed54065@academy.ac.ke
54066,Janet,Njuguna,janet.njuguna54066@college.ac.ke
54067,Michael,Kamau,michael.kamau54067@school.ac.ke
54068,Daniel,Muturi,daniel.muturi54068@uni.ac.ke
54069,Douglas,Adhiambo,douglas.adhiambo54069@school.ac.ke
54070,Harold,Yusuf,harold.yusuf54070@school.ac.ke
54071,Robert,Ngetich,robert.ngetich54071@college.ac.ke
54072,Joseph,Wanjiku,joseph.wanjiku54072@academy.ac.ke
54073,Henry,Mutisya,henry.mutisya54073@uni.ac.ke
54074,Simon,Mutua,simon.mutua54074@academy.ac.ke
54075,Moses,Musa,moses.musa54075@college.ac.ke
54076,Brian,Kamau,brian.kamau54076@students.ac.ke
54077,Esther,Bett,esther.bett54077@school.ac.ke
54078,Irene,Yusuf,irene.yusuf54078@school.ac.ke
54079,Douglas,Ahmed,douglas.ahmed54079@uni.ac.ke
54080,Edwin,Kamau,edwin.kamau54080@academy.ac.ke
54081,Philip,Mbatha,philip.mbatha54081@school.ac.ke
54082,Edith,Kyalo,edith.kyalo54082@uni.ac.ke
54083,Joy,Mutua,joy.mutua54083@school.ac.ke
54084,Douglas,Kyalo,douglas.kyalo54084@college.ac.ke
54085,Samuel,Omondi,samuel.omondi54085@academy.ac.ke
54086,Eric,Maina,eric.maina54086@school.ac.ke
54087,Daniel,Kimani,daniel.kimani54087@academy.ac.ke
54088,Moses,Hassan,moses.hassan54088@school.ac.ke
54089,Oscar,Maina,oscar.maina54089@college.ac.ke
54090,Eric,Otieno,eric.otieno54090@school.ac.ke
54091,Jacob,Musyoka,jacob.musyoka54091@academy.ac.ke
54092,David,Ibrahim,david.ibrahim54092@college.ac.ke
54093,Esther,Abdi,esther.abdi54093@uni.ac.ke
54094,Robert,Musa,robert.musa54094@college.ac.ke
54095,Henry,Awuor,henry.awuor54095@academy.ac.ke
54096,Diana,Mutua,diana.mutua54096@college.ac.ke
54097,Dennis,Kamau,dennis.kamau54097@college.ac.ke
54098,Julian,Musa,julian.musa54098@school.ac.ke
54099,Victor,Kimani,victor.kimani54099@academy.ac.ke
54100,Paul,Gichuki,paul.gichuki54100@school.ac.ke
54101,Joseph,Kiprotich,joseph.kiprotich54101@academy.ac.ke
54102,Alice,Musyoka,alice.musyoka54102@college.ac.ke
54103,Janet,Gitau,janet.gitau54103@uni.ac.ke
54104,Raymond,Gichuki,raymond.gichuki54104@school.ac.ke
54105,Daniel,Yusuf,daniel.yusuf54105@uni.ac.ke
54106,Joy,Ruto,joy.ruto54106@academy.ac.ke
54107,Thomas,Odhiambo,thomas.odhiambo54107@college.ac.ke
54108,Victor,Otieno,victor.otieno54108@students.ac.ke
54109,James,Adhiambo,james.adhiambo54109@college.ac.ke
54110,Helen,Hassan,helen.hassan54110@academy.ac.ke
54111,Philip,Odhiambo,philip.odhiambo54111@school.ac.ke
54112,Gordon,Mutisya,gordon.mutisya54112@school.ac.ke
54113,Ruth,Musyoka,ruth.musyoka54113@students.ac.ke
54114,Henry,Gichuki,henry.gichuki54114@academy.ac.ke
54115,Faith,Wanjiku,faith.wanjiku54115@academy.ac.ke
54116,James,Kimani,james.kimani54116@academy.ac.ke
54117,Charles,Ogolla,charles.ogolla54117@academy.ac.ke
54118,George,Mumo,george.mumo54118@academy.ac.ke
54119,Ivan,Awuor,ivan.awuor54119@uni.ac.ke
54120,Helen,Owino,helen.owino54120@academy.ac.ke
54121,Bernard,Rotich,bernard.rotich54121@academy.ac.ke
54122,Florence,Bett,florence.bett54122@students.ac.ke
54123,Edwin,Njoki,edwin.njoki54123@academy.ac.ke
54124,Daniel,Nzomo,daniel.nzomo54124@students.ac.ke
54125,Kenneth,Gichuki,kenneth.gichuki54125@students.ac.ke
54126,Charles,Bett,charles.bett54126@students.ac.ke
54127,Ruth,Lagat,ruth.lagat54127@academy.ac.ke
54128,Peter,Njoroge,peter.njoroge54128@college.ac.ke
54129,Robert,Waweru,robert.waweru54129@students.ac.ke
54130,Carol,Ndegwa,carol.ndegwa54130@students.ac.ke
54131,George,Nzomo,george.nzomo54131@students.ac.ke
54132,Moses,Rotich,moses.rotich54132@academy.ac.ke
54133,Esther,Mbatha,esther.mbatha54133@college.ac.ke
54134,Agnes,Kiprotich,agnes.kiprotich54134@school.ac.ke
54135,David,Musyoka,david.musyoka54135@college.ac.ke
54136,Jacob,Yusuf,jacob.yusuf54136@school.ac.ke
54137,Moses,Musyoka,moses.musyoka54137@academy.ac.ke
54138,Michael,Abdi,michael.abdi54138@school.ac.ke
54139,Carol,Ngetich,carol.ngetich54139@academy.ac.ke
54140,Philip,Omar,philip.omar54140@school.ac.ke
54141,Douglas,Musa,douglas.musa54141@college.ac.ke
54142,Florence,Abdi,florence.abdi54142@students.ac.ke
54143,Daniel,Musyoka,daniel.musyoka54143@academy.ac.ke
54144,Irene,Mbatha,irene.mbatha54144@academy.ac.ke
54145,Robert,Musa,robert.musa54145@school.ac.ke
54146,Kenneth,Musa,kenneth.musa54146@college.ac.ke
54147,James,Waweru,james.waweru54147@school.ac.ke
54148,Hannah,Kiprotich,hannah.kiprotich54148@uni.ac.ke
54149,Grace,Ochieng,grace.ochieng54149@college.ac.ke
54150,Peter,Mwangi,peter.mwangi54150@academy.ac.ke
54151,Dennis,Otieno,dennis.otieno54151@students.ac.ke
54152,Peter,Abdi,peter.abdi54152@college.ac.ke
54153,Raymond,Wanjiku,raymond.wanjiku54153@academy.ac.ke
54154,Ivan,Abdi,ivan.abdi54154@school.ac.ke
54155,Gloria,Khalid,gloria.khalid54155@college.ac.ke
54156,Lydia,Awuor,lydia.awuor54156@college.ac.ke
54157,Victor,Kyalo,victor.kyalo54157@uni.ac.ke
54158,Moses,Kinyua,moses.kinyua54158@college.ac.ke
54159,Alice,Maina,alice.maina54159@school.ac.ke
54160,Daniel,Gitonga,daniel.gitonga54160@college.ac.ke
54161,Kenneth,Kyalo,kenneth.kyalo54161@academy.ac.ke
54162,Francis,Ahmed,francis.ahmed54162@uni.ac.ke
54163,Simon,Mutua,simon.mutua54163@academy.ac.ke
54164,Carol,Khalid,carol.khalid54164@uni.ac.ke
54165,Samuel,Adhiambo,samuel.adhiambo54165@uni.ac.ke
54166,James,Mbatha,james.mbatha54166@school.ac.ke
54167,Joyce,Kiptoo,joyce.kiptoo54167@academy.ac.ke
54168,Adrian,Ibrahim,adrian.ibrahim54168@school.ac.ke
54169,Joyce,Kimani,joyce.kimani54169@academy.ac.ke
54170,Kenneth,Gitonga,kenneth.gitonga54170@school.ac.ke
54171,Frances,Mumo,frances.mumo54171@students.ac.ke
54172,Joseph,Musa,joseph.musa54172@uni.ac.ke
54173,Harold,Omar,harold.omar54173@academy.ac.ke
54174,David,Mumo,david.mumo54174@academy.ac.ke
54175,Victor,Chebet,victor.chebet54175@college.ac.ke
54176,Joseph,Mutai,joseph.mutai54176@academy.ac.ke
54177,Janet,Gitonga,janet.gitonga54177@academy.ac.ke
54178,Paul,Mumo,paul.mumo54178@academy.ac.ke
54179,Irene,Kiptoo,irene.kiptoo54179@school.ac.ke
54180,Catherine,Gathoni,catherine.gathoni54180@students.ac.ke
54181,Ruth,Abdi,ruth.abdi54181@school.ac.ke
54182,Francis,Khalid,francis.khalid54182@students.ac.ke
54183,Naomi,Rotich,naomi.rotich54183@academy.ac.ke
54184,Francis,Juma,francis.juma54184@uni.ac.ke
54185,George,Rotich,george.rotich54185@school.ac.ke
54186,Peter,Nzomo,peter.nzomo54186@students.ac.ke
54187,Janet,Gitau,janet.gitau54187@academy.ac.ke
54188,Quentin,Waweru,quentin.waweru54188@college.ac.ke
54189,Francis,Musyoka,francis.musyoka54189@academy.ac.ke
54190,Hope,Gathoni,hope.gathoni54190@college.ac.ke
54191,James,Mwangi,james.mwangi54191@college.ac.ke
54192,Edwin,Yusuf,edwin.yusuf54192@academy.ac.ke
54193,Catherine,Abdi,catherine.abdi54193@students.ac.ke
54194,Joy,Bett,joy.bett54194@academy.ac.ke
54195,Jacob,Odhiambo,jacob.odhiambo54195@uni.ac.ke
54196,Peter,Hassan,peter.hassan54196@students.ac.ke
54197,Carol,Khalid,carol.khalid54197@academy.ac.ke
54198,Robert,Njoki,robert.njoki54198@academy.ac.ke
54199,Moses,Otieno,moses.otieno54199@uni.ac.ke
54200,William,Adhiambo,william.adhiambo54200@school.ac.ke
54201,Lydia,Lagat,lydia.lagat54201@academy.ac.ke
54202,Diana,Mutua,diana.mutua54202@academy.ac.ke
54203,Victor,Koech,victor.koech54203@students.ac.ke
54204,Adrian,Mwangi,adrian.mwangi54204@college.ac.ke
54205,Helen,Akumu,helen.akumu54205@academy.ac.ke
54206,Gordon,Omondi,gordon.omondi54206@college.ac.ke
54207,Esther,Gitau,esther.gitau54207@school.ac.ke
54208,Florence,Gichuki,florence.gichuki54208@academy.ac.ke
54209,Adrian,Kasyoka,adrian.kasyoka54209@uni.ac.ke
54210,Gordon,Gitonga,gordon.gitonga54210@school.ac.ke
54211,Gladys,Abdi,gladys.abdi54211@students.ac.ke
54212,Joyce,Musyoka,joyce.musyoka54212@students.ac.ke
54213,Joyce,Lagat,joyce.lagat54213@students.ac.ke
54214,Janet,Juma,janet.juma54214@school.ac.ke
54215,Samuel,Gitau,samuel.gitau54215@students.ac.ke
54216,Moses,Kasyoka,moses.kasyoka54216@students.ac.ke
54217,Henry,Kiprotich,henry.kiprotich54217@uni.ac.ke
54218,Francis,Ochieng,francis.ochieng54218@academy.ac.ke
54219,David,Rotich,david.rotich54219@academy.ac.ke
54220,Oscar,Achieng,oscar.achieng54220@uni.ac.ke
54221,Raymond,Mutai,raymond.mutai54221@college.ac.ke
54222,Irene,Ibrahim,irene.ibrahim54222@college.ac.ke
54223,Esther,Rotich,esther.rotich54223@uni.ac.ke
54224,Edwin,Koech,edwin.koech54224@uni.ac.ke
54225,David,Gathoni,david.gathoni54225@school.ac.ke
54226,Diana,Owino,diana.owino54226@uni.ac.ke
54227,Hope,Musyoka,hope.musyoka54227@college.ac.ke
54228,Hope,Musa,hope.musa54228@students.ac.ke
54229,Diana,Musyoka,diana.musyoka54229@school.ac.ke
54230,Kevin,Achieng,kevin.achieng54230@uni.ac.ke
54231,Naomi,Onyango,naomi.onyango54231@uni.ac.ke
54232,Edwin,Akumu,edwin.akumu54232@academy.ac.ke
54233,Michael,Okello,michael.okello54233@academy.ac.ke
54234,Edith,Omondi,edith.omondi54234@college.ac.ke
54235,Ivan,Kinyua,ivan.kinyua54235@school.ac.ke
54236,Douglas,Rotich,douglas.rotich54236@school.ac.ke
54237,Edwin,Mbatha,edwin.mbatha54237@students.ac.ke
54238,Kenneth,Odhiambo,kenneth.odhiambo54238@uni.ac.ke
54239,Lewis,Ahmed,lewis.ahmed54239@academy.ac.ke
54240,Carol,Kiprotich,carol.kiprotich54240@school.ac.ke
54241,Hope,Musa,hope.musa54241@students.ac.ke
54242,Harriet,Odhiambo,harriet.odhiambo54242@students.ac.ke
54243,Kevin,Mumo,kevin.mumo54243@school.ac.ke
54244,Samuel,Kiprotich,samuel.kiprotich54244@school.ac.ke
54245,Oscar,Kiptoo,oscar.kiptoo54245@school.ac.ke
54246,Oscar,Ochieng,oscar.ochieng54246@college.ac.ke
54247,Douglas,Bett,douglas.bett54247@uni.ac.ke
54248,Brian,Kasyoka,brian.kasyoka54248@uni.ac.ke
54249,Simon,Khalid,simon.khalid54249@academy.ac.ke
54250,Mary,Mwenda,mary.mwenda54250@academy.ac.ke
54251,Edith,Lagat,edith.lagat54251@college.ac.ke
54252,Alice,Njoki,alice.njoki54252@uni.ac.ke
54253,Gloria,Wairimu,gloria.wairimu54253@uni.ac.ke
54254,Isaac,Mutua,isaac.mutua54254@school.ac.ke
54255,Kenneth,Kyalo,kenneth.kyalo54255@uni.ac.ke
54256,Joyce,Gathoni,joyce.gathoni54256@academy.ac.ke
54257,Helen,Muturi,helen.muturi54257@school.ac.ke
54258,Brian,Farah,brian.farah54258@college.ac.ke
54259,Mary,Gathoni,mary.gathoni54259@school.ac.ke
54260,Paul,Koech,paul.koech54260@students.ac.ke
54261,Kevin,Otieno,kevin.otieno54261@uni.ac.ke
54262,Douglas,Kiprotich,douglas.kiprotich54262@school.ac.ke
54263,Florence,Otieno,florence.otieno54263@academy.ac.ke
54264,Irene,Ndegwa,irene.ndegwa54264@school.ac.ke
54265,Philip,Gichuki,philip.gichuki54265@academy.ac.ke
54266,Philip,Kasyoka,philip.kasyoka54266@students.ac.ke
54267,Francis,Adhiambo,francis.adhiambo54267@students.ac.ke
54268,Alice,Njoroge,alice.njoroge54268@uni.ac.ke
54269,Joseph,Kasyoka,joseph.kasyoka54269@college.ac.ke
54270,Joyce,Juma,joyce.juma54270@uni.ac.ke
54271,Samuel,Mutai,samuel.mutai54271@college.ac.ke
54272,Ivan,Kyalo,ivan.kyalo54272@students.ac.ke
54273,Frances,Njoroge,frances.njoroge54273@college.ac.ke
54274,Joseph,Kyalo,joseph.kyalo54274@students.ac.ke
54275,Lydia,Maina,lydia.maina54275@academy.ac.ke
54276,Diana,Mumo,diana.mumo54276@college.ac.ke
54277,Isaac,Kariuki,isaac.kariuki54277@college.ac.ke
54278,Gordon,Chebet,gordon.chebet54278@school.ac.ke
54279,Frances,Mutua,frances.mutua54279@uni.ac.ke
54280,Julian,Gitau,julian.gitau54280@college.ac.ke
54281,Ruth,Adhiambo,ruth.adhiambo54281@college.ac.ke
54282,Betty,Onyango,betty.onyango54282@college.ac.ke
54283,Bernard,Kamau,bernard.kamau54283@students.ac.ke
54284,Lewis,Mwenda,lewis.mwenda54284@college.ac.ke
54285,Henry,Okello,henry.okello54285@college.ac.ke
54286,Grace,Adhiambo,grace.adhiambo54286@college.ac.ke
54287,William,Achieng,william.achieng54287@college.ac.ke
54288,Helen,Gitau,helen.gitau54288@academy.ac.ke
54289,Quentin,Ngetich,quentin.ngetich54289@uni.ac.ke
54290,Edwin,Ahmed,edwin.ahmed54290@uni.ac.ke
54291,Julian,Adhiambo,julian.adhiambo54291@school.ac.ke
54292,Edith,Rotich,edith.rotich54292@students.ac.ke
54293,Ruth,Juma,ruth.juma54293@students.ac.ke
54294,Lewis,Okello,lewis.okello54294@students.ac.ke
54295,Janet,Mumo,janet.mumo54295@academy.ac.ke
54296,Naomi,Mbatha,naomi.mbatha54296@uni.ac.ke
54297,Raymond,Ochieng,raymond.ochieng54297@school.ac.ke
54298,Francis,Nzomo,francis.nzomo54298@students.ac.ke
54299,Philip,Mutisya,philip.mutisya54299@students.ac.ke
54300,Adrian,Maina,adrian.maina54300@students.ac.ke
54301,Edwin,Kasyoka,edwin.kasyoka54301@students.ac.ke
54302,William,Wanjiku,william.wanjiku54302@school.ac.ke
54303,Naomi,Ochieng,naomi.ochieng54303@uni.ac.ke
54304,Raymond,Waweru,raymond.waweru54304@uni.ac.ke
54305,Diana,Ibrahim,diana.ibrahim54305@college.ac.ke
54306,Francis,Ochieng,francis.ochieng54306@academy.ac.ke
54307,Victor,Yusuf,victor.yusuf54307@school.ac.ke
54308,Brian,Gathoni,brian.gathoni54308@school.ac.ke
54309,John,Mwangi,john.mwangi54309@uni.ac.ke
54310,Esther,Muturi,esther.muturi54310@academy.ac.ke
54311,Douglas,Maina,douglas.maina54311@academy.ac.ke
54312,Carol,Gitau,carol.gitau54312@students.ac.ke
54313,Simon,Mwenda,simon.mwenda54313@students.ac.ke
54314,Hope,Ndegwa,hope.ndegwa54314@college.ac.ke
54315,Faith,Ochieng,faith.ochieng54315@college.ac.ke
54316,Frances,Koech,frances.koech54316@uni.ac.ke
54317,Mary,Bett,mary.bett54317@students.ac.ke
54318,Isaac,Ndegwa,isaac.ndegwa54318@academy.ac.ke
54319,Lydia,Ochieng,lydia.ochieng54319@uni.ac.ke
54320,Hannah,Yusuf,hannah.yusuf54320@college.ac.ke
54321,Moses,Farah,moses.farah54321@students.ac.ke
54322,Joy,Okello,joy.okello54322@students.ac.ke
54323,Harold,Lagat,harold.lagat54323@school.ac.ke
54324,Gloria,Khalid,gloria.khalid54324@uni.ac.ke
54325,Gladys,Chebet,gladys.chebet54325@college.ac.ke
54326,Peter,Ngetich,peter.ngetich54326@students.ac.ke
54327,Charles,Kasyoka,charles.kasyoka54327@school.ac.ke
54328,James,Ogolla,james.ogolla54328@academy.ac.ke
54329,Joyce,Njoki,joyce.njoki54329@school.ac.ke
54330,Peter,Ochieng,peter.ochieng54330@college.ac.ke
54331,Faith,Juma,faith.juma54331@academy.ac.ke
54332,Charles,Kimani,charles.kimani54332@college.ac.ke
54333,Douglas,Yusuf,douglas.yusuf54333@school.ac.ke
54334,Mary,Waweru,mary.waweru54334@uni.ac.ke
54335,Brian,Juma,brian.juma54335@uni.ac.ke
54336,David,Wairimu,david.wairimu54336@college.ac.ke
54337,James,Bett,james.bett54337@uni.ac.ke
54338,Dorothy,Ndegwa,dorothy.ndegwa54338@uni.ac.ke
54339,Gloria,Mutisya,gloria.mutisya54339@school.ac.ke
54340,William,Akumu,william.akumu54340@school.ac.ke
54341,Michael,Yusuf,michael.yusuf54341@school.ac.ke
54342,Diana,Waweru,diana.waweru54342@school.ac.ke
54343,Jacob,Lagat,jacob.lagat54343@college.ac.ke
54344,Victor,Gichuki,victor.gichuki54344@academy.ac.ke
54345,Simon,Juma,simon.juma54345@school.ac.ke
54346,Victor,Mutua,victor.mutua54346@school.ac.ke
54347,Irene,Onyango,irene.onyango54347@college.ac.ke
54348,Esther,Juma,esther.juma54348@school.ac.ke
54349,Carol,Juma,carol.juma54349@academy.ac.ke
54350,Gloria,Lagat,gloria.lagat54350@college.ac.ke
54351,Edith,Rotich,edith.rotich54351@academy.ac.ke
54352,Julian,Waweru,julian.waweru54352@academy.ac.ke
54353,Moses,Kasyoka,moses.kasyoka54353@academy.ac.ke
54354,Harriet,Achieng,harriet.achieng54354@students.ac.ke
54355,Faith,Nzomo,faith.nzomo54355@college.ac.ke
54356,Kevin,Kyalo,kevin.kyalo54356@academy.ac.ke
54357,Joseph,Omar,joseph.omar54357@uni.ac.ke
54358,Philip,Ndegwa,philip.ndegwa54358@uni.ac.ke
54359,Daniel,Hassan,daniel.hassan54359@uni.ac.ke
54360,Eleanor,Gitonga,eleanor.gitonga54360@academy.ac.ke
54361,Janet,Gitau,janet.gitau54361@students.ac.ke
54362,Gladys,Mwangi,gladys.mwangi54362@college.ac.ke
54363,Thomas,Gitau,thomas.gitau54363@academy.ac.ke
54364,George,Lagat,george.lagat54364@students.ac.ke
54365,Simon,Ahmed,simon.ahmed54365@students.ac.ke
54366,Eleanor,Hassan,eleanor.hassan54366@students.ac.ke
54367,Philip,Omondi,philip.omondi54367@uni.ac.ke
54368,Francis,Otieno,francis.otieno54368@college.ac.ke
54369,Gloria,Ogolla,gloria.ogolla54369@academy.ac.ke
54370,Mary,Ndegwa,mary.ndegwa54370@college.ac.ke
54371,Gloria,Okello,gloria.okello54371@uni.ac.ke
54372,William,Juma,william.juma54372@uni.ac.ke
54373,Grace,Mwenda,grace.mwenda54373@students.ac.ke
54374,Isaac,Kamau,isaac.kamau54374@school.ac.ke
54375,Victor,Khalid,victor.khalid54375@college.ac.ke
54376,Henry,Kasyoka,henry.kasyoka54376@college.ac.ke
54377,Thomas,Mwangi,thomas.mwangi54377@students.ac.ke
54378,Carol,Onyango,carol.onyango54378@academy.ac.ke
54379,Dennis,Chebet,dennis.chebet54379@academy.ac.ke
54380,George,Kasyoka,george.kasyoka54380@school.ac.ke
54381,Faith,Kasyoka,faith.kasyoka54381@academy.ac.ke
54382,David,Nzomo,david.nzomo54382@college.ac.ke
54383,Thomas,Abdi,thomas.abdi54383@academy.ac.ke
54384,Helen,Ndegwa,helen.ndegwa54384@uni.ac.ke
54385,Harold,Juma,harold.juma54385@uni.ac.ke
54386,Irene,Otieno,irene.otieno54386@uni.ac.ke
54387,Gladys,Ngetich,gladys.ngetich54387@college.ac.ke
54388,Jacob,Okello,jacob.okello54388@students.ac.ke
54389,Gladys,Juma,gladys.juma54389@academy.ac.ke
54390,Agnes,Nzomo,agnes.nzomo54390@school.ac.ke
54391,Bernard,Akumu,bernard.akumu54391@students.ac.ke
54392,Grace,Gichuki,grace.gichuki54392@academy.ac.ke
54393,Joyce,Owino,joyce.owino54393@college.ac.ke
54394,Douglas,Njoroge,douglas.njoroge54394@school.ac.ke
54395,Douglas,Kiprotich,douglas.kiprotich54395@students.ac.ke
54396,Agnes,Ruto,agnes.ruto54396@college.ac.ke
54397,Beatrice,Kyalo,beatrice.kyalo54397@academy.ac.ke
54398,Irene,Gathoni,irene.gathoni54398@uni.ac.ke
54399,Thomas,Akumu,thomas.akumu54399@school.ac.ke
54400,Jacob,Mutai,jacob.mutai54400@uni.ac.ke
54401,William,Gathoni,william.gathoni54401@academy.ac.ke
54402,Simon,Abdi,simon.abdi54402@school.ac.ke
54403,Naomi,Mwenda,naomi.mwenda54403@uni.ac.ke
54404,James,Yusuf,james.yusuf54404@school.ac.ke
54405,Moses,Otieno,moses.otieno54405@students.ac.ke
54406,Ivan,Gathoni,ivan.gathoni54406@students.ac.ke
54407,Dorothy,Ruto,dorothy.ruto54407@academy.ac.ke
54408,Philip,Abdi,philip.abdi54408@college.ac.ke
54409,Adrian,Abdi,adrian.abdi54409@students.ac.ke
54410,Francis,Mutua,francis.mutua54410@uni.ac.ke
54411,Kenneth,Kiptoo,kenneth.kiptoo54411@school.ac.ke
54412,Beatrice,Muturi,beatrice.muturi54412@college.ac.ke
54413,Moses,Ahmed,moses.ahmed54413@uni.ac.ke
54414,Jacob,Njuguna,jacob.njuguna54414@students.ac.ke
54415,James,Wairimu,james.wairimu54415@college.ac.ke
54416,Lydia,Kimani,lydia.kimani54416@students.ac.ke
54417,Thomas,Gathoni,thomas.gathoni54417@college.ac.ke
54418,Florence,Juma,florence.juma54418@academy.ac.ke
54419,John,Wairimu,john.wairimu54419@students.ac.ke
54420,Bernard,Kariuki,bernard.kariuki54420@school.ac.ke
54421,Paul,Njoki,paul.njoki54421@students.ac.ke
54422,Daniel,Musyoka,daniel.musyoka54422@academy.ac.ke
54423,James,Owino,james.owino54423@school.ac.ke
54424,Isaac,Abdi,isaac.abdi54424@college.ac.ke
54425,Douglas,Bett,douglas.bett54425@uni.ac.ke
54426,Hannah,Njoroge,hannah.njoroge54426@uni.ac.ke
54427,Oscar,Yusuf,oscar.yusuf54427@school.ac.ke
54428,Gordon,Otieno,gordon.otieno54428@uni.ac.ke
54429,Henry,Kiprotich,henry.kiprotich54429@college.ac.ke
54430,Simon,Gitau,simon.gitau54430@students.ac.ke
54431,Harold,Maina,harold.maina54431@college.ac.ke
54432,Diana,Lagat,diana.lagat54432@uni.ac.ke
54433,Catherine,Wairimu,catherine.wairimu54433@uni.ac.ke
54434,James,Khalid,james.khalid54434@college.ac.ke
54435,Faith,Kiptoo,faith.kiptoo54435@college.ac.ke
54436,Janet,Yusuf,janet.yusuf54436@students.ac.ke
54437,Lydia,Kinyua,lydia.kinyua54437@school.ac.ke
54438,Paul,Muturi,paul.muturi54438@uni.ac.ke
54439,Raymond,Mutai,raymond.mutai54439@academy.ac.ke
54440,Ruth,Okello,ruth.okello54440@school.ac.ke
54441,Dennis,Ahmed,dennis.ahmed54441@school.ac.ke
54442,Oscar,Wairimu,oscar.wairimu54442@uni.ac.ke
54443,Moses,Chebet,moses.chebet54443@school.ac.ke
54444,Oscar,Gichuki,oscar.gichuki54444@school.ac.ke
54445,Carol,Ogolla,carol.ogolla54445@students.ac.ke
54446,Kevin,Khalid,kevin.khalid54446@students.ac.ke
54447,Simon,Owino,simon.owino54447@uni.ac.ke
54448,Philip,Chebet,philip.chebet54448@students.ac.ke
54449,Betty,Ruto,betty.ruto54449@college.ac.ke
54450,Betty,Ochieng,betty.ochieng54450@academy.ac.ke
54451,Robert,Abdi,robert.abdi54451@uni.ac.ke
54452,Ivan,Njoki,ivan.njoki54452@academy.ac.ke
54453,Kevin,Koech,kevin.koech54453@school.ac.ke
54454,Moses,Koech,moses.koech54454@uni.ac.ke
54455,Robert,Koech,robert.koech54455@students.ac.ke
54456,Florence,Nzomo,florence.nzomo54456@academy.ac.ke
54457,Raymond,Lagat,raymond.lagat54457@college.ac.ke
54458,Henry,Kyalo,henry.kyalo54458@college.ac.ke
54459,George,Koech,george.koech54459@students.ac.ke
54460,Carol,Ibrahim,carol.ibrahim54460@academy.ac.ke
54461,Catherine,Wanjiku,catherine.wanjiku54461@students.ac.ke
54462,Adrian,Ibrahim,adrian.ibrahim54462@academy.ac.ke
54463,Ivan,Gathoni,ivan.gathoni54463@college.ac.ke
54464,Charles,Ahmed,charles.ahmed54464@school.ac.ke
54465,Joseph,Mwangi,joseph.mwangi54465@uni.ac.ke
54466,Agnes,Kyalo,agnes.kyalo54466@school.ac.ke
54467,Beatrice,Yusuf,beatrice.yusuf54467@students.ac.ke
54468,Irene,Njuguna,irene.njuguna54468@uni.ac.ke
54469,Ivan,Mutisya,ivan.mutisya54469@students.ac.ke
54470,Jacob,Ndegwa,jacob.ndegwa54470@uni.ac.ke
54471,John,Ndegwa,john.ndegwa54471@school.ac.ke
54472,Brian,Mwenda,brian.mwenda54472@college.ac.ke
54473,Ivan,Ochieng,ivan.ochieng54473@uni.ac.ke
54474,Lewis,Ochieng,lewis.ochieng54474@students.ac.ke
54475,Eric,Gathoni,eric.gathoni54475@academy.ac.ke
54476,Irene,Kiptoo,irene.kiptoo54476@college.ac.ke
54477,Harriet,Mutua,harriet.mutua54477@uni.ac.ke
54478,Adrian,Mutua,adrian.mutua54478@uni.ac.ke
54479,Esther,Omar,esther.omar54479@uni.ac.ke
54480,Francis,Kiprotich,francis.kiprotich54480@academy.ac.ke
54481,Beatrice,Otieno,beatrice.otieno54481@students.ac.ke
54482,Raymond,Nduku,raymond.nduku54482@school.ac.ke
54483,Naomi,Juma,naomi.juma54483@uni.ac.ke
54484,Lydia,Adhiambo,lydia.adhiambo54484@uni.ac.ke
54485,Irene,Ochieng,irene.ochieng54485@college.ac.ke
54486,Agnes,Koech,agnes.koech54486@school.ac.ke
54487,Michael,Chebet,michael.chebet54487@uni.ac.ke
54488,Brian,Mutua,brian.mutua54488@uni.ac.ke
54489,David,Chebet,david.chebet54489@uni.ac.ke
54490,Michael,Omar,michael.omar54490@academy.ac.ke
54491,Hope,Mwenda,hope.mwenda54491@school.ac.ke
54492,Alice,Kamau,alice.kamau54492@college.ac.ke
54493,Dorothy,Akumu,dorothy.akumu54493@school.ac.ke
54494,Eleanor,Lagat,eleanor.lagat54494@uni.ac.ke
54495,Edith,Ndegwa,edith.ndegwa54495@college.ac.ke
54496,Ivan,Abdi,ivan.abdi54496@college.ac.ke
54497,Robert,Adhiambo,robert.adhiambo54497@students.ac.ke
54498,Kevin,Khalid,kevin.khalid54498@uni.ac.ke
54499,Moses,Ochieng,moses.ochieng54499@academy.ac.ke
54500,Francis,Kinyua,francis.kinyua54500@students.ac.ke
54501,Jacob,Chebet,jacob.chebet54501@college.ac.ke
54502,Philip,Odhiambo,philip.odhiambo54502@college.ac.ke
54503,Ruth,Musyoka,ruth.musyoka54503@uni.ac.ke
54504,David,Otieno,david.otieno54504@school.ac.ke
54505,Bernard,Odhiambo,bernard.odhiambo54505@students.ac.ke
54506,Daniel,Juma,daniel.juma54506@school.ac.ke
54507,Julian,Onyango,julian.onyango54507@uni.ac.ke
54508,Victor,Kinyua,victor.kinyua54508@uni.ac.ke
54509,Edith,Okello,edith.okello54509@school.ac.ke
54510,Faith,Bett,faith.bett54510@students.ac.ke
54511,Henry,Wanjiku,henry.wanjiku54511@students.ac.ke
54512,William,Kasyoka,william.kasyoka54512@school.ac.ke
54513,Samuel,Koech,samuel.koech54513@academy.ac.ke
54514,Henry,Adhiambo,henry.adhiambo54514@school.ac.ke
54515,Betty,Njoroge,betty.njoroge54515@school.ac.ke
54516,Bernard,Njoki,bernard.njoki54516@school.ac.ke
54517,Ruth,Achieng,ruth.achieng54517@uni.ac.ke
54518,Peter,Njuguna,peter.njuguna54518@academy.ac.ke
54519,Henry,Mwenda,henry.mwenda54519@students.ac.ke
54520,Noah,Omar,noah.omar54520@uni.ac.ke
54521,Ruth,Mwenda,ruth.mwenda54521@school.ac.ke
54522,Grace,Gathoni,grace.gathoni54522@students.ac.ke
54523,Moses,Koech,moses.koech54523@uni.ac.ke
54524,Kenneth,Gathoni,kenneth.gathoni54524@students.ac.ke
54525,Betty,Juma,betty.juma54525@students.ac.ke
54526,Frances,Juma,frances.juma54526@uni.ac.ke
54527,Bernard,Koech,bernard.koech54527@college.ac.ke
54528,Samuel,Kimani,samuel.kimani54528@college.ac.ke
54529,Mary,Koech,mary.koech54529@college.ac.ke
54530,Charles,Odhiambo,charles.odhiambo54530@uni.ac.ke
54531,Naomi,Waweru,naomi.waweru54531@uni.ac.ke
54532,Edwin,Waweru,edwin.waweru54532@uni.ac.ke
54533,Victor,Ochieng,victor.ochieng54533@uni.ac.ke
54534,Edwin,Njuguna,edwin.njuguna54534@uni.ac.ke
54535,Charles,Wanjiku,charles.wanjiku54535@students.ac.ke
54536,Robert,Njoroge,robert.njoroge54536@academy.ac.ke
54537,William,Lagat,william.lagat54537@college.ac.ke
54538,Julian,Kasyoka,julian.kasyoka54538@college.ac.ke
54539,Hannah,Omondi,hannah.omondi54539@students.ac.ke
54540,Isaac,Awuor,isaac.awuor54540@uni.ac.ke
54541,George,Ruto,george.ruto54541@students.ac.ke
54542,Eric,Abdi,eric.abdi54542@school.ac.ke
54543,Joy,Mbatha,joy.mbatha54543@college.ac.ke
54544,Irene,Omondi,irene.omondi54544@academy.ac.ke
54545,Charles,Wanjiku,charles.wanjiku54545@students.ac.ke
54546,Lewis,Omar,lewis.omar54546@college.ac.ke
54547,Gordon,Ndegwa,gordon.ndegwa54547@uni.ac.ke
54548,Carol,Otieno,carol.otieno54548@academy.ac.ke
54549,Harriet,Kamau,harriet.kamau54549@academy.ac.ke
54550,Janet,Gathoni,janet.gathoni54550@college.ac.ke
54551,Kenneth,Otieno,kenneth.otieno54551@college.ac.ke
54552,Grace,Okello,grace.okello54552@academy.ac.ke
54553,Irene,Lagat,irene.lagat54553@academy.ac.ke
54554,Agnes,Kasyoka,agnes.kasyoka54554@college.ac.ke
54555,Julian,Owino,julian.owino54555@academy.ac.ke
54556,Joseph,Kasyoka,joseph.kasyoka54556@uni.ac.ke
54557,Adrian,Mutai,adrian.mutai54557@uni.ac.ke
54558,Eleanor,Mwenda,eleanor.mwenda54558@academy.ac.ke
54559,Harold,Owino,harold.owino54559@uni.ac.ke
54560,Oscar,Kimani,oscar.kimani54560@students.ac.ke
54561,Peter,Akumu,peter.akumu54561@academy.ac.ke
54562,Lydia,Muturi,lydia.muturi54562@school.ac.ke
54563,Irene,Musa,irene.musa54563@academy.ac.ke
54564,Samuel,Njoroge,samuel.njoroge54564@students.ac.ke
54565,Grace,Onyango,grace.onyango54565@school.ac.ke
54566,Victor,Mwenda,victor.mwenda54566@academy.ac.ke
54567,John,Onyango,john.onyango54567@school.ac.ke
54568,Daniel,Mutua,daniel.mutua54568@students.ac.ke
54569,Henry,Gichuki,henry.gichuki54569@academy.ac.ke
54570,George,Akumu,george.akumu54570@academy.ac.ke
54571,Carol,Waweru,carol.waweru54571@uni.ac.ke
54572,Samuel,Kiptoo,samuel.kiptoo54572@students.ac.ke
54573,Edith,Kimani,edith.kimani54573@academy.ac.ke
54574,Harold,Bett,harold.bett54574@academy.ac.ke
54575,Victor,Wairimu,victor.wairimu54575@uni.ac.ke
54576,Quentin,Okello,quentin.okello54576@academy.ac.ke
54577,Hannah,Kyalo,hannah.kyalo54577@students.ac.ke
54578,Catherine,Nduku,catherine.nduku54578@academy.ac.ke
54579,Janet,Awuor,janet.awuor54579@academy.ac.ke
54580,Edwin,Yusuf,edwin.yusuf54580@uni.ac.ke
54581,Bernard,Mumo,bernard.mumo54581@school.ac.ke
54582,Edwin,Wanjiku,edwin.wanjiku54582@academy.ac.ke
54583,Bernard,Njoroge,bernard.njoroge54583@college.ac.ke
54584,Edith,Gichuki,edith.gichuki54584@uni.ac.ke
54585,Bernard,Musyoka,bernard.musyoka54585@students.ac.ke
54586,Philip,Omondi,philip.omondi54586@students.ac.ke
54587,Joy,Otieno,joy.otieno54587@students.ac.ke
54588,Carol,Ahmed,carol.ahmed54588@uni.ac.ke
54589,David,Gitonga,david.gitonga54589@students.ac.ke
54590,Adrian,Lagat,adrian.lagat54590@college.ac.ke
54591,Brian,Gathoni,brian.gathoni54591@school.ac.ke
54592,Simon,Kyalo,simon.kyalo54592@college.ac.ke
54593,Joseph,Gitonga,joseph.gitonga54593@academy.ac.ke
54594,Robert,Juma,robert.juma54594@students.ac.ke
54595,Adrian,Bett,adrian.bett54595@school.ac.ke
54596,Francis,Khalid,francis.khalid54596@academy.ac.ke
54597,Grace,Ibrahim,grace.ibrahim54597@uni.ac.ke
54598,Gloria,Onyango,gloria.onyango54598@college.ac.ke
54599,Harold,Mumo,harold.mumo54599@school.ac.ke
54600,Simon,Ogolla,simon.ogolla54600@academy.ac.ke
54601,Quentin,Omondi,quentin.omondi54601@uni.ac.ke
54602,Edwin,Onyango,edwin.onyango54602@academy.ac.ke
54603,Irene,Wairimu,irene.wairimu54603@college.ac.ke
54604,Alice,Akumu,alice.akumu54604@college.ac.ke
54605,Eleanor,Awuor,eleanor.awuor54605@academy.ac.ke
54606,Daniel,Odhiambo,daniel.odhiambo54606@academy.ac.ke
54607,Samuel,Awuor,samuel.awuor54607@college.ac.ke
54608,Dennis,Nzomo,dennis.nzomo54608@uni.ac.ke
54609,Eric,Kimani,eric.kimani54609@uni.ac.ke
54610,Robert,Wairimu,robert.wairimu54610@students.ac.ke
54611,Catherine,Mutua,catherine.mutua54611@academy.ac.ke
54612,Julian,Omar,julian.omar54612@school.ac.ke
54613,Beatrice,Adhiambo,beatrice.adhiambo54613@uni.ac.ke
54614,Edwin,Kiptoo,edwin.kiptoo54614@academy.ac.ke
54615,James,Chebet,james.chebet54615@students.ac.ke
54616,Daniel,Musyoka,daniel.musyoka54616@students.ac.ke
54617,Adrian,Mbatha,adrian.mbatha54617@academy.ac.ke
54618,Kenneth,Njuguna,kenneth.njuguna54618@uni.ac.ke
54619,Helen,Gitonga,helen.gitonga54619@uni.ac.ke
54620,Gladys,Mutua,gladys.mutua54620@college.ac.ke
54621,Carol,Okello,carol.okello54621@uni.ac.ke
54622,Charles,Juma,charles.juma54622@college.ac.ke
54623,Robert,Lagat,robert.lagat54623@uni.ac.ke
54624,George,Rotich,george.rotich54624@academy.ac.ke
54625,Beatrice,Mwenda,beatrice.mwenda54625@students.ac.ke
54626,Irene,Owino,irene.owino54626@uni.ac.ke
54627,Kevin,Gathoni,kevin.gathoni54627@academy.ac.ke
54628,Gladys,Muturi,gladys.muturi54628@uni.ac.ke
54629,Oscar,Mwangi,oscar.mwangi54629@uni.ac.ke
54630,Henry,Waweru,henry.waweru54630@college.ac.ke
54631,Simon,Ibrahim,simon.ibrahim54631@college.ac.ke
54632,Daniel,Maina,daniel.maina54632@college.ac.ke
54633,Julian,Onyango,julian.onyango54633@college.ac.ke
54634,Kevin,Omar,kevin.omar54634@uni.ac.ke
54635,Francis,Kinyua,francis.kinyua54635@students.ac.ke
54636,Paul,Wairimu,paul.wairimu54636@uni.ac.ke
54637,Gladys,Ahmed,gladys.ahmed54637@uni.ac.ke
54638,Faith,Owino,faith.owino54638@uni.ac.ke
54639,Irene,Waweru,irene.waweru54639@students.ac.ke
54640,Eric,Owino,eric.owino54640@uni.ac.ke
54641,David,Kiprotich,david.kiprotich54641@college.ac.ke
54642,Hannah,Muturi,hannah.muturi54642@students.ac.ke
54643,Henry,Owino,henry.owino54643@school.ac.ke
54644,Joy,Kasyoka,joy.kasyoka54644@academy.ac.ke
54645,Esther,Muturi,esther.muturi54645@students.ac.ke
54646,Esther,Nduku,esther.nduku54646@college.ac.ke
54647,Julian,Bett,julian.bett54647@uni.ac.ke
54648,Gladys,Musa,gladys.musa54648@academy.ac.ke
54649,Naomi,Kinyua,naomi.kinyua54649@academy.ac.ke
54650,Ruth,Njoki,ruth.njoki54650@academy.ac.ke
54651,Paul,Abdi,paul.abdi54651@uni.ac.ke
54652,Lydia,Ibrahim,lydia.ibrahim54652@academy.ac.ke
54653,Harold,Mutisya,harold.mutisya54653@college.ac.ke
54654,Edith,Kariuki,edith.kariuki54654@academy.ac.ke
54655,Dennis,Waweru,dennis.waweru54655@school.ac.ke
54656,Grace,Ogolla,grace.ogolla54656@students.ac.ke
54657,Hannah,Chebet,hannah.chebet54657@academy.ac.ke
54658,Frances,Adhiambo,frances.adhiambo54658@students.ac.ke
54659,Helen,Gitonga,helen.gitonga54659@students.ac.ke
54660,Noah,Kasyoka,noah.kasyoka54660@academy.ac.ke
54661,Esther,Kyalo,esther.kyalo54661@academy.ac.ke
54662,Kenneth,Rotich,kenneth.rotich54662@college.ac.ke
54663,Hannah,Bett,hannah.bett54663@students.ac.ke
54664,Noah,Njoroge,noah.njoroge54664@school.ac.ke
54665,Robert,Ahmed,robert.ahmed54665@college.ac.ke
54666,Philip,Omondi,philip.omondi54666@school.ac.ke
54667,Kenneth,Farah,kenneth.farah54667@college.ac.ke
54668,Edith,Gichuki,edith.gichuki54668@students.ac.ke
54669,Mary,Achieng,mary.achieng54669@academy.ac.ke
54670,Charles,Wairimu,charles.wairimu54670@academy.ac.ke
54671,Helen,Wairimu,helen.wairimu54671@uni.ac.ke
54672,Joy,Omondi,joy.omondi54672@college.ac.ke
54673,Beatrice,Maina,beatrice.maina54673@students.ac.ke
54674,Harold,Abdi,harold.abdi54674@students.ac.ke
54675,Irene,Lagat,irene.lagat54675@uni.ac.ke
54676,Harold,Rotich,harold.rotich54676@students.ac.ke
54677,Joseph,Mutisya,joseph.mutisya54677@school.ac.ke
54678,Ruth,Ogolla,ruth.ogolla54678@college.ac.ke
54679,Bernard,Nzomo,bernard.nzomo54679@college.ac.ke
54680,Paul,Achieng,paul.achieng54680@academy.ac.ke
54681,James,Yusuf,james.yusuf54681@students.ac.ke
54682,Joyce,Mbatha,joyce.mbatha54682@college.ac.ke
54683,Irene,Ngetich,irene.ngetich54683@students.ac.ke
54684,Naomi,Njuguna,naomi.njuguna54684@academy.ac.ke
54685,Dennis,Ibrahim,dennis.ibrahim54685@school.ac.ke
54686,Joseph,Ahmed,joseph.ahmed54686@college.ac.ke
54687,Irene,Yusuf,irene.yusuf54687@college.ac.ke
54688,Harriet,Ngetich,harriet.ngetich54688@students.ac.ke
54689,Paul,Mwangi,paul.mwangi54689@college.ac.ke
54690,Dennis,Omondi,dennis.omondi54690@uni.ac.ke
54691,Michael,Bett,michael.bett54691@uni.ac.ke
54692,James,Onyango,james.onyango54692@students.ac.ke
54693,Hannah,Chebet,hannah.chebet54693@students.ac.ke
54694,John,Mutua,john.mutua54694@uni.ac.ke
54695,John,Kamau,john.kamau54695@college.ac.ke
54696,Carol,Chebet,carol.chebet54696@students.ac.ke
54697,Douglas,Mwenda,douglas.mwenda54697@school.ac.ke
54698,Noah,Akumu,noah.akumu54698@students.ac.ke
54699,James,Gichuki,james.gichuki54699@college.ac.ke
54700,John,Waweru,john.waweru54700@students.ac.ke
54701,Irene,Mwenda,irene.mwenda54701@college.ac.ke
54702,Harriet,Mwangi,harriet.mwangi54702@uni.ac.ke
54703,Edith,Kyalo,edith.kyalo54703@students.ac.ke
54704,Francis,Kimani,francis.kimani54704@school.ac.ke
54705,Frances,Mwangi,frances.mwangi54705@academy.ac.ke
54706,Douglas,Abdi,douglas.abdi54706@college.ac.ke
54707,Alice,Mutai,alice.mutai54707@academy.ac.ke
54708,Kevin,Chebet,kevin.chebet54708@uni.ac.ke
54709,Harold,Ngetich,harold.ngetich54709@college.ac.ke
54710,Carol,Kamau,carol.kamau54710@uni.ac.ke
54711,Brian,Musa,brian.musa54711@school.ac.ke
54712,Daniel,Kiptoo,daniel.kiptoo54712@uni.ac.ke
54713,Irene,Njoki,irene.njoki54713@uni.ac.ke
54714,Kenneth,Mwangi,kenneth.mwangi54714@school.ac.ke
54715,Oscar,Gathoni,oscar.gathoni54715@uni.ac.ke
54716,Victor,Nzomo,victor.nzomo54716@college.ac.ke
54717,Gordon,Mwangi,gordon.mwangi54717@uni.ac.ke
54718,Helen,Ibrahim,helen.ibrahim54718@academy.ac.ke
54719,Brian,Onyango,brian.onyango54719@uni.ac.ke
54720,Alice,Ruto,alice.ruto54720@academy.ac.ke
54721,Hannah,Ahmed,hannah.ahmed54721@school.ac.ke
54722,Grace,Mumo,grace.mumo54722@college.ac.ke
54723,Hannah,Khalid,hannah.khalid54723@uni.ac.ke
54724,Dorothy,Mbatha,dorothy.mbatha54724@students.ac.ke
54725,Edwin,Bett,edwin.bett54725@school.ac.ke
54726,James,Owino,james.owino54726@college.ac.ke
54727,Harriet,Njuguna,harriet.njuguna54727@college.ac.ke
54728,Noah,Njoki,noah.njoki54728@academy.ac.ke
54729,Diana,Gitonga,diana.gitonga54729@students.ac.ke
54730,Simon,Yusuf,simon.yusuf54730@uni.ac.ke
54731,Lydia,Wanjiku,lydia.wanjiku54731@students.ac.ke
54732,James,Gitonga,james.gitonga54732@uni.ac.ke
54733,Edwin,Ogolla,edwin.ogolla54733@uni.ac.ke
54734,Michael,Ibrahim,michael.ibrahim54734@school.ac.ke
54735,Harriet,Kyalo,harriet.kyalo54735@college.ac.ke
54736,Dorothy,Farah,dorothy.farah54736@students.ac.ke
54737,Betty,Nzomo,betty.nzomo54737@academy.ac.ke
54738,Florence,Chebet,florence.chebet54738@academy.ac.ke
54739,Peter,Kiptoo,peter.kiptoo54739@college.ac.ke
54740,George,Owino,george.owino54740@academy.ac.ke
54741,Julian,Muturi,julian.muturi54741@college.ac.ke
54742,Daniel,Musyoka,daniel.musyoka54742@uni.ac.ke
54743,Douglas,Otieno,douglas.otieno54743@uni.ac.ke
54744,Gordon,Nzomo,gordon.nzomo54744@college.ac.ke
54745,Jacob,Nduku,jacob.nduku54745@uni.ac.ke
54746,Lewis,Kyalo,lewis.kyalo54746@college.ac.ke
54747,Gordon,Hassan,gordon.hassan54747@college.ac.ke
54748,Grace,Omar,grace.omar54748@academy.ac.ke
54749,Noah,Koech,noah.koech54749@academy.ac.ke
54750,Francis,Chebet,francis.chebet54750@college.ac.ke
54751,Moses,Khalid,moses.khalid54751@college.ac.ke
54752,Grace,Juma,grace.juma54752@school.ac.ke
54753,Joy,Kamau,joy.kamau54753@students.ac.ke
54754,Ruth,Nzomo,ruth.nzomo54754@academy.ac.ke
54755,Peter,Gathoni,peter.gathoni54755@uni.ac.ke
54756,Faith,Rotich,faith.rotich54756@academy.ac.ke
54757,Dennis,Kamau,dennis.kamau54757@academy.ac.ke
54758,Carol,Ngetich,carol.ngetich54758@students.ac.ke
54759,Alice,Kasyoka,alice.kasyoka54759@school.ac.ke
54760,Oscar,Koech,oscar.koech54760@college.ac.ke
54761,Raymond,Abdi,raymond.abdi54761@college.ac.ke
54762,Edith,Mutua,edith.mutua54762@students.ac.ke
54763,Peter,Kiprotich,peter.kiprotich54763@school.ac.ke
54764,Irene,Rotich,irene.rotich54764@academy.ac.ke
54765,Frances,Waweru,frances.waweru54765@college.ac.ke
54766,Lydia,Ngetich,lydia.ngetich54766@school.ac.ke
54767,Charles,Wairimu,charles.wairimu54767@school.ac.ke
54768,Lydia,Hassan,lydia.hassan54768@students.ac.ke
54769,Bernard,Njuguna,bernard.njuguna54769@academy.ac.ke
54770,Naomi,Bett,naomi.bett54770@students.ac.ke
54771,Dennis,Hassan,dennis.hassan54771@students.ac.ke
54772,Moses,Nzomo,moses.nzomo54772@uni.ac.ke
54773,Helen,Okello,helen.okello54773@college.ac.ke
54774,Samuel,Gitonga,samuel.gitonga54774@academy.ac.ke
54775,Janet,Kinyua,janet.kinyua54775@academy.ac.ke
54776,Thomas,Kariuki,thomas.kariuki54776@uni.ac.ke
54777,Oscar,Ochieng,oscar.ochieng54777@uni.ac.ke
54778,Esther,Gitau,esther.gitau54778@school.ac.ke
54779,Edwin,Ruto,edwin.ruto54779@students.ac.ke
54780,Hannah,Maina,hannah.maina54780@college.ac.ke
54781,Bernard,Onyango,bernard.onyango54781@students.ac.ke
54782,Robert,Bett,robert.bett54782@school.ac.ke
54783,Henry,Kamau,henry.kamau54783@uni.ac.ke
54784,Frances,Muturi,frances.muturi54784@academy.ac.ke
54785,Alice,Owino,alice.owino54785@uni.ac.ke
54786,Faith,Gitonga,faith.gitonga54786@uni.ac.ke
54787,John,Ogolla,john.ogolla54787@college.ac.ke
54788,Quentin,Kinyua,quentin.kinyua54788@school.ac.ke
54789,Brian,Kyalo,brian.kyalo54789@uni.ac.ke
54790,Julian,Ochieng,julian.ochieng54790@uni.ac.ke
54791,Samuel,Awuor,samuel.awuor54791@uni.ac.ke
54792,Frances,Lagat,frances.lagat54792@uni.ac.ke
54793,James,Muturi,james.muturi54793@academy.ac.ke
54794,Jacob,Kinyua,jacob.kinyua54794@college.ac.ke
54795,Samuel,Mbatha,samuel.mbatha54795@academy.ac.ke
54796,Mary,Omar,mary.omar54796@uni.ac.ke
54797,Harold,Mumo,harold.mumo54797@academy.ac.ke
54798,Gladys,Khalid,gladys.khalid54798@academy.ac.ke
54799,Florence,Muturi,florence.muturi54799@academy.ac.ke
54800,Agnes,Juma,agnes.juma54800@school.ac.ke
54801,Douglas,Ibrahim,douglas.ibrahim54801@school.ac.ke
54802,Robert,Ruto,robert.ruto54802@uni.ac.ke
54803,Brian,Kyalo,brian.kyalo54803@uni.ac.ke
54804,Eleanor,Onyango,eleanor.onyango54804@college.ac.ke
54805,Quentin,Rotich,quentin.rotich54805@college.ac.ke
54806,Catherine,Omar,catherine.omar54806@school.ac.ke
54807,Philip,Yusuf,philip.yusuf54807@students.ac.ke
54808,James,Waweru,james.waweru54808@students.ac.ke
54809,Gladys,Kiprotich,gladys.kiprotich54809@students.ac.ke
54810,Philip,Ochieng,philip.ochieng54810@academy.ac.ke
54811,Betty,Nzomo,betty.nzomo54811@students.ac.ke
54812,Agnes,Awuor,agnes.awuor54812@students.ac.ke
54813,Douglas,Achieng,douglas.achieng54813@uni.ac.ke
54814,Adrian,Mumo,adrian.mumo54814@school.ac.ke
54815,Samuel,Hassan,samuel.hassan54815@students.ac.ke
54816,Alice,Mutua,alice.mutua54816@school.ac.ke
54817,Gordon,Ibrahim,gordon.ibrahim54817@college.ac.ke
54818,Betty,Kariuki,betty.kariuki54818@academy.ac.ke
54819,Kevin,Kiprotich,kevin.kiprotich54819@school.ac.ke
54820,Eleanor,Musa,eleanor.musa54820@college.ac.ke
54821,Beatrice,Ogolla,beatrice.ogolla54821@uni.ac.ke
54822,John,Kiptoo,john.kiptoo54822@college.ac.ke
54823,Betty,Ruto,betty.ruto54823@college.ac.ke
54824,Esther,Gitau,esther.gitau54824@uni.ac.ke
54825,Gordon,Chebet,gordon.chebet54825@uni.ac.ke
54826,Robert,Ngetich,robert.ngetich54826@school.ac.ke
54827,Alice,Ruto,alice.ruto54827@academy.ac.ke
54828,Edwin,Juma,edwin.juma54828@school.ac.ke
54829,Agnes,Mutisya,agnes.mutisya54829@college.ac.ke
54830,Isaac,Kiptoo,isaac.kiptoo54830@uni.ac.ke
54831,Isaac,Wanjiku,isaac.wanjiku54831@college.ac.ke
54832,Naomi,Njoki,naomi.njoki54832@students.ac.ke
54833,Jacob,Bett,jacob.bett54833@academy.ac.ke
54834,Ruth,Kiprotich,ruth.kiprotich54834@uni.ac.ke
54835,Brian,Odhiambo,brian.odhiambo54835@academy.ac.ke
54836,Adrian,Yusuf,adrian.yusuf54836@uni.ac.ke
54837,Hope,Wairimu,hope.wairimu54837@students.ac.ke
54838,Harriet,Gathoni,harriet.gathoni54838@uni.ac.ke
54839,Julian,Gitonga,julian.gitonga54839@school.ac.ke
54840,Harriet,Chebet,harriet.chebet54840@academy.ac.ke
54841,Dennis,Koech,dennis.koech54841@college.ac.ke
54842,Harriet,Gitonga,harriet.gitonga54842@students.ac.ke
54843,Eric,Ahmed,eric.ahmed54843@academy.ac.ke
54844,Janet,Njuguna,janet.njuguna54844@academy.ac.ke
54845,Harriet,Njuguna,harriet.njuguna54845@academy.ac.ke
54846,Gordon,Mutisya,gordon.mutisya54846@college.ac.ke
54847,Agnes,Gitau,agnes.gitau54847@students.ac.ke
54848,Harold,Lagat,harold.lagat54848@school.ac.ke
54849,Charles,Ndegwa,charles.ndegwa54849@students.ac.ke
54850,George,Gitau,george.gitau54850@college.ac.ke
54851,Irene,Ibrahim,irene.ibrahim54851@students.ac.ke
54852,Gloria,Njuguna,gloria.njuguna54852@college.ac.ke
54853,Faith,Ogolla,faith.ogolla54853@college.ac.ke
54854,Harold,Mwenda,harold.mwenda54854@uni.ac.ke
54855,Simon,Ngetich,simon.ngetich54855@college.ac.ke
54856,Gladys,Adhiambo,gladys.adhiambo54856@school.ac.ke
54857,Helen,Achieng,helen.achieng54857@school.ac.ke
54858,Henry,Waweru,henry.waweru54858@school.ac.ke
54859,George,Gitonga,george.gitonga54859@academy.ac.ke
54860,Betty,Mutisya,betty.mutisya54860@students.ac.ke
54861,Brian,Ndegwa,brian.ndegwa54861@students.ac.ke
54862,Florence,Gitau,florence.gitau54862@college.ac.ke
54863,Michael,Maina,michael.maina54863@uni.ac.ke
54864,Thomas,Njoroge,thomas.njoroge54864@college.ac.ke
54865,Betty,Akumu,betty.akumu54865@academy.ac.ke
54866,Robert,Khalid,robert.khalid54866@students.ac.ke
54867,Naomi,Ngetich,naomi.ngetich54867@college.ac.ke
54868,Kevin,Mwangi,kevin.mwangi54868@school.ac.ke
54869,Helen,Abdi,helen.abdi54869@uni.ac.ke
54870,Naomi,Kyalo,naomi.kyalo54870@academy.ac.ke
54871,Joyce,Ogolla,joyce.ogolla54871@school.ac.ke
54872,Dorothy,Otieno,dorothy.otieno54872@college.ac.ke
54873,Simon,Kariuki,simon.kariuki54873@uni.ac.ke
54874,Daniel,Njuguna,daniel.njuguna54874@uni.ac.ke
54875,Daniel,Kyalo,daniel.kyalo54875@students.ac.ke
54876,Ruth,Otieno,ruth.otieno54876@college.ac.ke
54877,Irene,Yusuf,irene.yusuf54877@uni.ac.ke
54878,Henry,Rotich,henry.rotich54878@school.ac.ke
54879,Irene,Yusuf,irene.yusuf54879@uni.ac.ke
54880,George,Gichuki,george.gichuki54880@students.ac.ke
54881,Ruth,Omar,ruth.omar54881@uni.ac.ke
54882,Alice,Kimani,alice.kimani54882@academy.ac.ke
54883,Eric,Bett,eric.bett54883@school.ac.ke
54884,Ivan,Ndegwa,ivan.ndegwa54884@uni.ac.ke
54885,Francis,Nduku,francis.nduku54885@college.ac.ke
54886,Francis,Ndegwa,francis.ndegwa54886@school.ac.ke
54887,Joy,Ochieng,joy.ochieng54887@uni.ac.ke
54888,Agnes,Odhiambo,agnes.odhiambo54888@students.ac.ke
54889,Ruth,Kinyua,ruth.kinyua54889@college.ac.ke
54890,Mary,Musa,mary.musa54890@college.ac.ke
54891,Janet,Hassan,janet.hassan54891@college.ac.ke
54892,Charles,Gitau,charles.gitau54892@college.ac.ke
54893,David,Adhiambo,david.adhiambo54893@academy.ac.ke
54894,Lewis,Mbatha,lewis.mbatha54894@uni.ac.ke
54895,Raymond,Ogolla,raymond.ogolla54895@uni.ac.ke
54896,David,Chebet,david.chebet54896@school.ac.ke
54897,Gordon,Gitau,gordon.gitau54897@uni.ac.ke
54898,George,Gitonga,george.gitonga54898@college.ac.ke
54899,Daniel,Ahmed,daniel.ahmed54899@school.ac.ke
54900,Beatrice,Yusuf,beatrice.yusuf54900@uni.ac.ke
54901,James,Mwenda,james.mwenda54901@college.ac.ke
54902,Isaac,Njuguna,isaac.njuguna54902@college.ac.ke
54903,Gloria,Onyango,gloria.onyango54903@uni.ac.ke
54904,Carol,Ruto,carol.ruto54904@uni.ac.ke
54905,Raymond,Gitau,raymond.gitau54905@college.ac.ke
54906,Noah,Mutua,noah.mutua54906@uni.ac.ke
54907,Harold,Ibrahim,harold.ibrahim54907@college.ac.ke
54908,Victor,Mbatha,victor.mbatha54908@school.ac.ke
54909,Mary,Ndegwa,mary.ndegwa54909@uni.ac.ke
54910,Eric,Adhiambo,eric.adhiambo54910@uni.ac.ke
54911,Julian,Mutua,julian.mutua54911@academy.ac.ke
54912,Samuel,Gitau,samuel.gitau54912@school.ac.ke
54913,Lewis,Onyango,lewis.onyango54913@students.ac.ke
54914,Charles,Hassan,charles.hassan54914@academy.ac.ke
54915,Hannah,Juma,hannah.juma54915@students.ac.ke
54916,Joy,Ogolla,joy.ogolla54916@college.ac.ke
54917,Harriet,Kiprotich,harriet.kiprotich54917@students.ac.ke
54918,William,Farah,william.farah54918@college.ac.ke
54919,Joseph,Chebet,joseph.chebet54919@academy.ac.ke
54920,Michael,Njuguna,michael.njuguna54920@school.ac.ke
54921,Moses,Awuor,moses.awuor54921@uni.ac.ke
54922,Douglas,Farah,douglas.farah54922@college.ac.ke
54923,Henry,Rotich,henry.rotich54923@school.ac.ke
54924,Edith,Ochieng,edith.ochieng54924@academy.ac.ke
54925,Beatrice,Njoroge,beatrice.njoroge54925@uni.ac.ke
54926,John,Mutisya,john.mutisya54926@uni.ac.ke
54927,Edith,Gathoni,edith.gathoni54927@college.ac.ke
54928,Michael,Omondi,michael.omondi54928@students.ac.ke
54929,Oscar,Muturi,oscar.muturi54929@school.ac.ke
54930,Victor,Mwangi,victor.mwangi54930@uni.ac.ke
54931,Grace,Ngetich,grace.ngetich54931@school.ac.ke
54932,Eric,Wairimu,eric.wairimu54932@academy.ac.ke
54933,Paul,Kimani,paul.kimani54933@students.ac.ke
54934,Julian,Kimani,julian.kimani54934@academy.ac.ke
54935,Gloria,Nzomo,gloria.nzomo54935@academy.ac.ke
54936,Irene,Muturi,irene.muturi54936@academy.ac.ke
54937,Carol,Maina,carol.maina54937@students.ac.ke
54938,Oscar,Mwangi,oscar.mwangi54938@students.ac.ke
54939,Helen,Farah,helen.farah54939@students.ac.ke
54940,Douglas,Yusuf,douglas.yusuf54940@school.ac.ke
54941,Douglas,Kariuki,douglas.kariuki54941@college.ac.ke
54942,Irene,Musa,irene.musa54942@uni.ac.ke
54943,William,Kyalo,william.kyalo54943@uni.ac.ke
54944,Alice,Hassan,alice.hassan54944@academy.ac.ke
54945,Joseph,Rotich,joseph.rotich54945@uni.ac.ke
54946,Mary,Mutai,mary.mutai54946@academy.ac.ke
54947,Irene,Akumu,irene.akumu54947@college.ac.ke
54948,Jacob,Omar,jacob.omar54948@academy.ac.ke
54949,Catherine,Nzomo,catherine.nzomo54949@academy.ac.ke
54950,Carol,Bett,carol.bett54950@academy.ac.ke
54951,Naomi,Ochieng,naomi.ochieng54951@school.ac.ke
54952,Dennis,Kimani,dennis.kimani54952@college.ac.ke
54953,Charles,Lagat,charles.lagat54953@academy.ac.ke
54954,Lydia,Ndegwa,lydia.ndegwa54954@uni.ac.ke
54955,Dorothy,Nzomo,dorothy.nzomo54955@academy.ac.ke
54956,Ivan,Ngetich,ivan.ngetich54956@students.ac.ke
54957,Joseph,Kinyua,joseph.kinyua54957@academy.ac.ke
54958,William,Kasyoka,william.kasyoka54958@school.ac.ke
54959,Bernard,Kariuki,bernard.kariuki54959@school.ac.ke
54960,Robert,Mwangi,robert.mwangi54960@school.ac.ke
54961,Florence,Rotich,florence.rotich54961@school.ac.ke
54962,Ruth,Lagat,ruth.lagat54962@school.ac.ke
54963,Edwin,Gichuki,edwin.gichuki54963@students.ac.ke
54964,Diana,Kariuki,diana.kariuki54964@uni.ac.ke
54965,Francis,Njoroge,francis.njoroge54965@academy.ac.ke
54966,Raymond,Adhiambo,raymond.adhiambo54966@academy.ac.ke
54967,Joy,Rotich,joy.rotich54967@academy.ac.ke
54968,Alice,Odhiambo,alice.odhiambo54968@academy.ac.ke
54969,Charles,Mumo,charles.mumo54969@college.ac.ke
54970,Agnes,Nzomo,agnes.nzomo54970@school.ac.ke
54971,Victor,Omar,victor.omar54971@college.ac.ke
54972,Thomas,Nduku,thomas.nduku54972@students.ac.ke
54973,Ruth,Kiptoo,ruth.kiptoo54973@academy.ac.ke
54974,Jacob,Gathoni,jacob.gathoni54974@school.ac.ke
54975,Ivan,Wanjiku,ivan.wanjiku54975@students.ac.ke
54976,John,Ndegwa,john.ndegwa54976@students.ac.ke
54977,Brian,Ochieng,brian.ochieng54977@school.ac.ke
54978,Samuel,Kasyoka,samuel.kasyoka54978@students.ac.ke
54979,Ruth,Maina,ruth.maina54979@academy.ac.ke
54980,Thomas,Njuguna,thomas.njuguna54980@academy.ac.ke
54981,Raymond,Ngetich,raymond.ngetich54981@academy.ac.ke
54982,John,Gitonga,john.gitonga54982@school.ac.ke
54983,Bernard,Lagat,bernard.lagat54983@uni.ac.ke
54984,Grace,Hassan,grace.hassan54984@academy.ac.ke
54985,Janet,Ndegwa,janet.ndegwa54985@school.ac.ke
54986,Joyce,Khalid,joyce.khalid54986@school.ac.ke
54987,Robert,Ndegwa,robert.ndegwa54987@students.ac.ke
54988,Lewis,Ruto,lewis.ruto54988@academy.ac.ke
54989,John,Njuguna,john.njuguna54989@school.ac.ke
54990,Eleanor,Waweru,eleanor.waweru54990@uni.ac.ke
54991,Isaac,Musyoka,isaac.musyoka54991@students.ac.ke
54992,Eleanor,Kasyoka,eleanor.kasyoka54992@uni.ac.ke
54993,James,Juma,james.juma54993@college.ac.ke
54994,Gladys,Abdi,gladys.abdi54994@students.ac.ke
54995,Ivan,Ahmed,ivan.ahmed54995@academy.ac.ke
54996,Gordon,Lagat,gordon.lagat54996@college.ac.ke
54997,Julian,Wairimu,julian.wairimu54997@academy.ac.ke
54998,Edwin,Chebet,edwin.chebet54998@school.ac.ke
54999,Helen,Kariuki,helen.kariuki54999@school.ac.ke
55000,Oscar,Kinyua,oscar.kinyua55000@college.ac.ke
55001,Mary,Wairimu,mary.wairimu55001@students.ac.ke
55002,Henry,Mbatha,henry.mbatha55002@students.ac.ke
55003,Betty,Kariuki,betty.kariuki55003@school.ac.ke
55004,Esther,Akumu,esther.akumu55004@students.ac.ke
55005,Agnes,Mutua,agnes.mutua55005@students.ac.ke
55006,Philip,Njoki,philip.njoki55006@students.ac.ke
55007,Harold,Nduku,harold.nduku55007@school.ac.ke
55008,Mary,Maina,mary.maina55008@academy.ac.ke
55009,Lydia,Njoroge,lydia.njoroge55009@school.ac.ke
55010,Carol,Kasyoka,carol.kasyoka55010@school.ac.ke
55011,Michael,Farah,michael.farah55011@school.ac.ke
55012,Gladys,Wairimu,gladys.wairimu55012@school.ac.ke
55013,Harriet,Kariuki,harriet.kariuki55013@college.ac.ke
55014,Mary,Ibrahim,mary.ibrahim55014@students.ac.ke
55015,Gordon,Akumu,gordon.akumu55015@academy.ac.ke
55016,Joseph,Musyoka,joseph.musyoka55016@academy.ac.ke
55017,Bernard,Owino,bernard.owino55017@college.ac.ke
55018,Frances,Akumu,frances.akumu55018@college.ac.ke
55019,Mary,Musyoka,mary.musyoka55019@academy.ac.ke
55020,Robert,Ochieng,robert.ochieng55020@school.ac.ke
55021,Victor,Awuor,victor.awuor55021@school.ac.ke
55022,Dorothy,Gichuki,dorothy.gichuki55022@students.ac.ke
55023,Agnes,Gitonga,agnes.gitonga55023@students.ac.ke
55024,Hannah,Gathoni,hannah.gathoni55024@school.ac.ke
55025,Moses,Kasyoka,moses.kasyoka55025@students.ac.ke
55026,Carol,Mutai,carol.mutai55026@college.ac.ke
55027,Raymond,Koech,raymond.koech55027@uni.ac.ke
55028,Kevin,Njuguna,kevin.njuguna55028@college.ac.ke
55029,William,Musyoka,william.musyoka55029@students.ac.ke
55030,Diana,Mwangi,diana.mwangi55030@college.ac.ke
55031,Adrian,Chebet,adrian.chebet55031@uni.ac.ke
55032,Gordon,Yusuf,gordon.yusuf55032@academy.ac.ke
55033,Paul,Ngetich,paul.ngetich55033@school.ac.ke
55034,Simon,Waweru,simon.waweru55034@school.ac.ke
55035,Esther,Abdi,esther.abdi55035@school.ac.ke
55036,Hannah,Gathoni,hannah.gathoni55036@students.ac.ke
55037,William,Ogolla,william.ogolla55037@college.ac.ke
55038,Jacob,Kinyua,jacob.kinyua55038@students.ac.ke
55039,Joy,Akumu,joy.akumu55039@academy.ac.ke
55040,Noah,Chebet,noah.chebet55040@college.ac.ke
55041,Harold,Njoki,harold.njoki55041@uni.ac.ke
55042,Kenneth,Ruto,kenneth.ruto55042@students.ac.ke
55043,Gordon,Ruto,gordon.ruto55043@students.ac.ke
55044,Julian,Wanjiku,julian.wanjiku55044@college.ac.ke
55045,Gordon,Achieng,gordon.achieng55045@school.ac.ke
55046,Joyce,Mutua,joyce.mutua55046@school.ac.ke
55047,William,Lagat,william.lagat55047@academy.ac.ke
55048,Peter,Wairimu,peter.wairimu55048@uni.ac.ke
55049,Simon,Achieng,simon.achieng55049@uni.ac.ke
55050,Alice,Odhiambo,alice.odhiambo55050@academy.ac.ke
55051,Lewis,Omondi,lewis.omondi55051@school.ac.ke
55052,Julian,Gitonga,julian.gitonga55052@school.ac.ke
55053,Naomi,Ogolla,naomi.ogolla55053@students.ac.ke
55054,Simon,Kiptoo,simon.kiptoo55054@students.ac.ke
55055,Joy,Kinyua,joy.kinyua55055@students.ac.ke
55056,Grace,Omar,grace.omar55056@college.ac.ke
55057,Ruth,Hassan,ruth.hassan55057@school.ac.ke
55058,Naomi,Ibrahim,naomi.ibrahim55058@uni.ac.ke
55059,Noah,Waweru,noah.waweru55059@students.ac.ke
55060,Joseph,Gitau,joseph.gitau55060@college.ac.ke
55061,Diana,Mbatha,diana.mbatha55061@uni.ac.ke
55062,Edith,Mutai,edith.mutai55062@college.ac.ke
55063,Edith,Kinyua,edith.kinyua55063@academy.ac.ke
55064,Helen,Njoroge,helen.njoroge55064@academy.ac.ke
55065,Janet,Nduku,janet.nduku55065@college.ac.ke
55066,James,Kiprotich,james.kiprotich55066@academy.ac.ke
55067,Eric,Gathoni,eric.gathoni55067@college.ac.ke
55068,Grace,Mutai,grace.mutai55068@academy.ac.ke
55069,Janet,Okello,janet.okello55069@college.ac.ke
55070,Thomas,Njoki,thomas.njoki55070@students.ac.ke
55071,Jacob,Juma,jacob.juma55071@uni.ac.ke
55072,Dorothy,Mutai,dorothy.mutai55072@college.ac.ke
55073,Adrian,Kiprotich,adrian.kiprotich55073@school.ac.ke
55074,Agnes,Juma,agnes.juma55074@uni.ac.ke
55075,Simon,Kasyoka,simon.kasyoka55075@academy.ac.ke
55076,Faith,Kiprotich,faith.kiprotich55076@academy.ac.ke
55077,Lewis,Mwangi,lewis.mwangi55077@college.ac.ke
55078,Catherine,Hassan,catherine.hassan55078@academy.ac.ke
55079,Eric,Mwenda,eric.mwenda55079@academy.ac.ke
55080,Helen,Yusuf,helen.yusuf55080@college.ac.ke
55081,Diana,Rotich,diana.rotich55081@uni.ac.ke
55082,Carol,Kyalo,carol.kyalo55082@students.ac.ke
55083,Samuel,Odhiambo,samuel.odhiambo55083@school.ac.ke
55084,Eleanor,Kariuki,eleanor.kariuki55084@academy.ac.ke
55085,Carol,Bett,carol.bett55085@students.ac.ke
55086,Isaac,Koech,isaac.koech55086@students.ac.ke
55087,Harriet,Wanjiku,harriet.wanjiku55087@academy.ac.ke
55088,Edith,Mutua,edith.mutua55088@college.ac.ke
55089,Joyce,Abdi,joyce.abdi55089@college.ac.ke
55090,Dennis,Musa,dennis.musa55090@uni.ac.ke
55091,Gladys,Wanjiku,gladys.wanjiku55091@uni.ac.ke
55092,Jacob,Ahmed,jacob.ahmed55092@students.ac.ke
55093,Diana,Rotich,diana.rotich55093@college.ac.ke
55094,Edwin,Njoki,edwin.njoki55094@students.ac.ke
55095,Bernard,Mumo,bernard.mumo55095@college.ac.ke
55096,Michael,Koech,michael.koech55096@students.ac.ke
55097,George,Adhiambo,george.adhiambo55097@uni.ac.ke
55098,Paul,Kiprotich,paul.kiprotich55098@students.ac.ke
55099,Noah,Ndegwa,noah.ndegwa55099@students.ac.ke
55100,Raymond,Gathoni,raymond.gathoni55100@college.ac.ke
55101,Eric,Onyango,eric.onyango55101@college.ac.ke
55102,David,Omondi,david.omondi55102@school.ac.ke
55103,Kenneth,Nduku,kenneth.nduku55103@students.ac.ke
55104,Agnes,Nzomo,agnes.nzomo55104@school.ac.ke
55105,David,Musa,david.musa55105@academy.ac.ke
55106,Charles,Muturi,charles.muturi55106@uni.ac.ke
55107,Eleanor,Gichuki,eleanor.gichuki55107@students.ac.ke
55108,George,Koech,george.koech55108@uni.ac.ke
55109,Frances,Muturi,frances.muturi55109@uni.ac.ke
55110,Raymond,Ndegwa,raymond.ndegwa55110@academy.ac.ke
55111,Paul,Mumo,paul.mumo55111@uni.ac.ke
55112,Agnes,Owino,agnes.owino55112@students.ac.ke
55113,Naomi,Adhiambo,naomi.adhiambo55113@college.ac.ke
55114,Dennis,Kyalo,dennis.kyalo55114@uni.ac.ke
55115,Irene,Juma,irene.juma55115@uni.ac.ke
55116,Naomi,Koech,naomi.koech55116@school.ac.ke
55117,Betty,Mutai,betty.mutai55117@college.ac.ke
55118,Catherine,Njoki,catherine.njoki55118@uni.ac.ke
55119,Robert,Ochieng,robert.ochieng55119@students.ac.ke
55120,Carol,Wairimu,carol.wairimu55120@academy.ac.ke
55121,Irene,Ochieng,irene.ochieng55121@school.ac.ke
55122,Daniel,Onyango,daniel.onyango55122@college.ac.ke
55123,Douglas,Njuguna,douglas.njuguna55123@students.ac.ke
55124,Thomas,Nzomo,thomas.nzomo55124@college.ac.ke
55125,Simon,Musyoka,simon.musyoka55125@students.ac.ke
55126,Michael,Juma,michael.juma55126@school.ac.ke
55127,Gloria,Omar,gloria.omar55127@college.ac.ke
55128,Ruth,Rotich,ruth.rotich55128@college.ac.ke
55129,Quentin,Khalid,quentin.khalid55129@uni.ac.ke
55130,Faith,Ibrahim,faith.ibrahim55130@college.ac.ke
55131,Adrian,Kariuki,adrian.kariuki55131@academy.ac.ke
55132,Noah,Koech,noah.koech55132@college.ac.ke
55133,Helen,Mutua,helen.mutua55133@college.ac.ke
55134,David,Farah,david.farah55134@school.ac.ke
55135,Esther,Maina,esther.maina55135@uni.ac.ke
55136,Eleanor,Adhiambo,eleanor.adhiambo55136@academy.ac.ke
55137,Lydia,Abdi,lydia.abdi55137@academy.ac.ke
55138,Florence,Musa,florence.musa55138@school.ac.ke
55139,Faith,Kariuki,faith.kariuki55139@college.ac.ke
55140,Ivan,Adhiambo,ivan.adhiambo55140@uni.ac.ke
55141,Hannah,Ochieng,hannah.ochieng55141@uni.ac.ke
55142,Alice,Mwenda,alice.mwenda55142@college.ac.ke
55143,Henry,Ogolla,henry.ogolla55143@academy.ac.ke
55144,Catherine,Odhiambo,catherine.odhiambo55144@school.ac.ke
55145,Douglas,Njuguna,douglas.njuguna55145@uni.ac.ke
55146,Eric,Kasyoka,eric.kasyoka55146@college.ac.ke
55147,Noah,Ogolla,noah.ogolla55147@uni.ac.ke
55148,Mary,Mwangi,mary.mwangi55148@academy.ac.ke
55149,Lewis,Ruto,lewis.ruto55149@school.ac.ke
55150,Helen,Kiptoo,helen.kiptoo55150@school.ac.ke
55151,Gloria,Akumu,gloria.akumu55151@students.ac.ke
55152,Philip,Mutisya,philip.mutisya55152@college.ac.ke
55153,Carol,Omondi,carol.omondi55153@uni.ac.ke
55154,John,Mwangi,john.mwangi55154@students.ac.ke
55155,Adrian,Kinyua,adrian.kinyua55155@school.ac.ke
55156,Joy,Wanjiku,joy.wanjiku55156@uni.ac.ke
55157,Eric,Mumo,eric.mumo55157@college.ac.ke
55158,Diana,Bett,diana.bett55158@academy.ac.ke
55159,Victor,Gitau,victor.gitau55159@students.ac.ke
55160,Florence,Ogolla,florence.ogolla55160@students.ac.ke
55161,Jacob,Musyoka,jacob.musyoka55161@college.ac.ke
55162,William,Omar,william.omar55162@academy.ac.ke
55163,Edith,Otieno,edith.otieno55163@academy.ac.ke
55164,Kevin,Yusuf,kevin.yusuf55164@school.ac.ke
55165,Betty,Njuguna,betty.njuguna55165@students.ac.ke
55166,Noah,Wanjiku,noah.wanjiku55166@academy.ac.ke
55167,Edwin,Ndegwa,edwin.ndegwa55167@school.ac.ke
55168,Florence,Okello,florence.okello55168@academy.ac.ke
55169,Eleanor,Omar,eleanor.omar55169@college.ac.ke
55170,Philip,Ahmed,philip.ahmed55170@uni.ac.ke
55171,Dennis,Mwenda,dennis.mwenda55171@students.ac.ke
55172,Hannah,Odhiambo,hannah.odhiambo55172@uni.ac.ke
55173,John,Ahmed,john.ahmed55173@college.ac.ke
55174,Catherine,Gitau,catherine.gitau55174@students.ac.ke
55175,Quentin,Adhiambo,quentin.adhiambo55175@academy.ac.ke
55176,Peter,Abdi,peter.abdi55176@academy.ac.ke
55177,Thomas,Mbatha,thomas.mbatha55177@school.ac.ke
55178,Esther,Maina,esther.maina55178@school.ac.ke
55179,Francis,Hassan,francis.hassan55179@school.ac.ke
55180,Alice,Mwangi,alice.mwangi55180@school.ac.ke
55181,Victor,Mwenda,victor.mwenda55181@uni.ac.ke
55182,William,Achieng,william.achieng55182@school.ac.ke
55183,Janet,Kiptoo,janet.kiptoo55183@college.ac.ke
55184,William,Kimani,william.kimani55184@uni.ac.ke
55185,Naomi,Chebet,naomi.chebet55185@school.ac.ke
55186,Gladys,Ahmed,gladys.ahmed55186@college.ac.ke
55187,Charles,Hassan,charles.hassan55187@students.ac.ke
55188,James,Lagat,james.lagat55188@academy.ac.ke
55189,Mary,Gitau,mary.gitau55189@school.ac.ke
55190,Lewis,Mutai,lewis.mutai55190@uni.ac.ke
55191,Dorothy,Gathoni,dorothy.gathoni55191@students.ac.ke
55192,Samuel,Wanjiku,samuel.wanjiku55192@school.ac.ke
55193,Bernard,Gitonga,bernard.gitonga55193@uni.ac.ke
55194,Henry,Kyalo,henry.kyalo55194@uni.ac.ke
55195,Harold,Koech,harold.koech55195@students.ac.ke
55196,Edwin,Kimani,edwin.kimani55196@school.ac.ke
55197,Dorothy,Maina,dorothy.maina55197@academy.ac.ke
55198,Adrian,Yusuf,adrian.yusuf55198@school.ac.ke
55199,Harold,Mumo,harold.mumo55199@uni.ac.ke
55200,Faith,Otieno,faith.otieno55200@uni.ac.ke
55201,Quentin,Kyalo,quentin.kyalo55201@college.ac.ke
55202,Joyce,Koech,joyce.koech55202@school.ac.ke
55203,Joyce,Omondi,joyce.omondi55203@college.ac.ke
55204,Eleanor,Ngetich,eleanor.ngetich55204@college.ac.ke
55205,Moses,Wairimu,moses.wairimu55205@school.ac.ke
55206,Simon,Rotich,simon.rotich55206@school.ac.ke
55207,Joy,Musa,joy.musa55207@college.ac.ke
55208,Carol,Kiprotich,carol.kiprotich55208@college.ac.ke
55209,Kevin,Koech,kevin.koech55209@uni.ac.ke
55210,Daniel,Muturi,daniel.muturi55210@school.ac.ke
55211,Naomi,Omar,naomi.omar55211@students.ac.ke
55212,Hope,Njoki,hope.njoki55212@students.ac.ke
55213,Philip,Mwenda,philip.mwenda55213@college.ac.ke
55214,Simon,Juma,simon.juma55214@students.ac.ke
55215,David,Okello,david.okello55215@uni.ac.ke
55216,Brian,Adhiambo,brian.adhiambo55216@uni.ac.ke
55217,Robert,Omondi,robert.omondi55217@uni.ac.ke
55218,Moses,Mutisya,moses.mutisya55218@uni.ac.ke
55219,Frances,Mumo,frances.mumo55219@students.ac.ke
55220,Victor,Musa,victor.musa55220@academy.ac.ke
55221,Lydia,Omondi,lydia.omondi55221@school.ac.ke
55222,Kenneth,Maina,kenneth.maina55222@uni.ac.ke
55223,Daniel,Chebet,daniel.chebet55223@college.ac.ke
55224,Simon,Ibrahim,simon.ibrahim55224@uni.ac.ke
55225,Kenneth,Gitonga,kenneth.gitonga55225@students.ac.ke
55226,Edwin,Chebet,edwin.chebet55226@academy.ac.ke
55227,James,Mutai,james.mutai55227@school.ac.ke
55228,Daniel,Wanjiku,daniel.wanjiku55228@college.ac.ke
55229,Dorothy,Rotich,dorothy.rotich55229@school.ac.ke
55230,Eric,Musa,eric.musa55230@academy.ac.ke
55231,Carol,Mbatha,carol.mbatha55231@academy.ac.ke
55232,Eric,Mwangi,eric.mwangi55232@college.ac.ke
55233,Gloria,Okello,gloria.okello55233@students.ac.ke
55234,Florence,Chebet,florence.chebet55234@college.ac.ke
55235,James,Njoki,james.njoki55235@college.ac.ke
55236,Agnes,Nduku,agnes.nduku55236@uni.ac.ke
55237,Irene,Rotich,irene.rotich55237@school.ac.ke
55238,Esther,Ibrahim,esther.ibrahim55238@college.ac.ke
55239,Lydia,Mwenda,lydia.mwenda55239@school.ac.ke
55240,Joyce,Njoroge,joyce.njoroge55240@uni.ac.ke
55241,Ivan,Mutua,ivan.mutua55241@students.ac.ke
55242,Edith,Achieng,edith.achieng55242@academy.ac.ke
55243,George,Achieng,george.achieng55243@academy.ac.ke
55244,Eleanor,Koech,eleanor.koech55244@college.ac.ke
55245,Betty,Abdi,betty.abdi55245@uni.ac.ke
55246,Naomi,Hassan,naomi.hassan55246@school.ac.ke
55247,Victor,Mwenda,victor.mwenda55247@school.ac.ke
55248,Hope,Ruto,hope.ruto55248@students.ac.ke
55249,Henry,Owino,henry.owino55249@school.ac.ke
55250,Julian,Mwenda,julian.mwenda55250@school.ac.ke
55251,Douglas,Ahmed,douglas.ahmed55251@academy.ac.ke
55252,Victor,Odhiambo,victor.odhiambo55252@college.ac.ke
55253,Daniel,Njoroge,daniel.njoroge55253@students.ac.ke
55254,Irene,Gitonga,irene.gitonga55254@academy.ac.ke
55255,Agnes,Awuor,agnes.awuor55255@academy.ac.ke
55256,Bernard,Ahmed,bernard.ahmed55256@students.ac.ke
55257,George,Ibrahim,george.ibrahim55257@students.ac.ke
55258,Frances,Otieno,frances.otieno55258@uni.ac.ke
55259,Edwin,Odhiambo,edwin.odhiambo55259@uni.ac.ke
55260,Frances,Mbatha,frances.mbatha55260@uni.ac.ke
55261,Philip,Yusuf,philip.yusuf55261@academy.ac.ke
55262,Naomi,Omar,naomi.omar55262@uni.ac.ke
55263,James,Chebet,james.chebet55263@academy.ac.ke
55264,Helen,Okello,helen.okello55264@students.ac.ke
55265,Eleanor,Ngetich,eleanor.ngetich55265@college.ac.ke
55266,John,Okello,john.okello55266@school.ac.ke
55267,Edith,Awuor,edith.awuor55267@college.ac.ke
55268,Harold,Ochieng,harold.ochieng55268@college.ac.ke
55269,Simon,Hassan,simon.hassan55269@students.ac.ke
55270,Henry,Musa,henry.musa55270@academy.ac.ke
55271,Julian,Owino,julian.owino55271@college.ac.ke
55272,Raymond,Hassan,raymond.hassan55272@students.ac.ke
55273,Gladys,Omondi,gladys.omondi55273@uni.ac.ke
55274,Jacob,Khalid,jacob.khalid55274@students.ac.ke
55275,Ivan,Odhiambo,ivan.odhiambo55275@school.ac.ke
55276,George,Akumu,george.akumu55276@students.ac.ke
55277,Esther,Kasyoka,esther.kasyoka55277@students.ac.ke
55278,Beatrice,Mutisya,beatrice.mutisya55278@school.ac.ke
55279,William,Kinyua,william.kinyua55279@college.ac.ke
55280,Henry,Lagat,henry.lagat55280@school.ac.ke
55281,Moses,Abdi,moses.abdi55281@students.ac.ke
55282,Ruth,Musyoka,ruth.musyoka55282@uni.ac.ke
55283,Agnes,Omar,agnes.omar55283@school.ac.ke
55284,Thomas,Kamau,thomas.kamau55284@college.ac.ke
55285,Julian,Waweru,julian.waweru55285@students.ac.ke
55286,Ruth,Mutisya,ruth.mutisya55286@uni.ac.ke
55287,Alice,Khalid,alice.khalid55287@uni.ac.ke
55288,Gordon,Waweru,gordon.waweru55288@college.ac.ke
55289,Bernard,Nduku,bernard.nduku55289@college.ac.ke
55290,Quentin,Lagat,quentin.lagat55290@school.ac.ke
55291,Agnes,Rotich,agnes.rotich55291@uni.ac.ke
55292,Mary,Kamau,mary.kamau55292@academy.ac.ke
55293,Eric,Awuor,eric.awuor55293@students.ac.ke
55294,Hannah,Juma,hannah.juma55294@students.ac.ke
55295,Joy,Kasyoka,joy.kasyoka55295@academy.ac.ke
55296,Irene,Otieno,irene.otieno55296@uni.ac.ke
55297,Edith,Mumo,edith.mumo55297@students.ac.ke
55298,Harold,Kariuki,harold.kariuki55298@uni.ac.ke
55299,Robert,Rotich,robert.rotich55299@college.ac.ke
55300,Ivan,Koech,ivan.koech55300@students.ac.ke
55301,Hannah,Gitonga,hannah.gitonga55301@college.ac.ke
55302,Edith,Akumu,edith.akumu55302@college.ac.ke
55303,Irene,Wanjiku,irene.wanjiku55303@uni.ac.ke
55304,Oscar,Njuguna,oscar.njuguna55304@academy.ac.ke
55305,Frances,Mwenda,frances.mwenda55305@uni.ac.ke
55306,Ruth,Gichuki,ruth.gichuki55306@school.ac.ke
55307,Dennis,Farah,dennis.farah55307@school.ac.ke
55308,Eleanor,Ahmed,eleanor.ahmed55308@school.ac.ke
55309,George,Otieno,george.otieno55309@students.ac.ke
55310,Oscar,Kasyoka,oscar.kasyoka55310@academy.ac.ke
55311,Beatrice,Akumu,beatrice.akumu55311@uni.ac.ke
55312,Joy,Kinyua,joy.kinyua55312@college.ac.ke
55313,Samuel,Mwangi,samuel.mwangi55313@students.ac.ke
55314,Henry,Musyoka,henry.musyoka55314@school.ac.ke
55315,Mary,Kariuki,mary.kariuki55315@college.ac.ke
55316,Joseph,Farah,joseph.farah55316@college.ac.ke
55317,Naomi,Kasyoka,naomi.kasyoka55317@academy.ac.ke
55318,Gladys,Kamau,gladys.kamau55318@college.ac.ke
55319,Agnes,Okello,agnes.okello55319@school.ac.ke
55320,Dennis,Mwenda,dennis.mwenda55320@college.ac.ke
55321,William,Kasyoka,william.kasyoka55321@uni.ac.ke
55322,Adrian,Koech,adrian.koech55322@college.ac.ke
55323,John,Waweru,john.waweru55323@academy.ac.ke
55324,Beatrice,Ochieng,beatrice.ochieng55324@school.ac.ke
55325,Hope,Njoki,hope.njoki55325@students.ac.ke
55326,Victor,Omar,victor.omar55326@academy.ac.ke
55327,Moses,Mwangi,moses.mwangi55327@school.ac.ke
55328,Edwin,Lagat,edwin.lagat55328@college.ac.ke
55329,Grace,Chebet,grace.chebet55329@college.ac.ke
55330,Harold,Awuor,harold.awuor55330@academy.ac.ke
55331,Diana,Ruto,diana.ruto55331@school.ac.ke
55332,Simon,Kiptoo,simon.kiptoo55332@college.ac.ke
55333,Jacob,Mutai,jacob.mutai55333@students.ac.ke
55334,Edwin,Waweru,edwin.waweru55334@school.ac.ke
55335,Helen,Gichuki,helen.gichuki55335@academy.ac.ke
55336,Jacob,Gitau,jacob.gitau55336@uni.ac.ke
55337,Lewis,Omondi,lewis.omondi55337@students.ac.ke
55338,Irene,Chebet,irene.chebet55338@school.ac.ke
55339,Simon,Mutai,simon.mutai55339@school.ac.ke
55340,Quentin,Musa,quentin.musa55340@academy.ac.ke
55341,Harold,Chebet,harold.chebet55341@uni.ac.ke
55342,Hannah,Koech,hannah.koech55342@uni.ac.ke
55343,Hope,Kasyoka,hope.kasyoka55343@college.ac.ke
55344,David,Maina,david.maina55344@school.ac.ke
55345,Harold,Kiprotich,harold.kiprotich55345@students.ac.ke
55346,Diana,Achieng,diana.achieng55346@students.ac.ke
55347,Hope,Akumu,hope.akumu55347@school.ac.ke
55348,Edith,Ngetich,edith.ngetich55348@college.ac.ke
55349,Henry,Okello,henry.okello55349@school.ac.ke
55350,Lewis,Gathoni,lewis.gathoni55350@academy.ac.ke
55351,Dorothy,Omar,dorothy.omar55351@academy.ac.ke
55352,Beatrice,Nzomo,beatrice.nzomo55352@college.ac.ke
55353,Irene,Kyalo,irene.kyalo55353@school.ac.ke
55354,Esther,Ngetich,esther.ngetich55354@students.ac.ke
55355,Kenneth,Kyalo,kenneth.kyalo55355@students.ac.ke
55356,Henry,Gitonga,henry.gitonga55356@college.ac.ke
55357,Gladys,Onyango,gladys.onyango55357@college.ac.ke
55358,Lewis,Akumu,lewis.akumu55358@school.ac.ke
55359,Naomi,Ruto,naomi.ruto55359@college.ac.ke
55360,Gordon,Adhiambo,gordon.adhiambo55360@college.ac.ke
55361,Raymond,Owino,raymond.owino55361@uni.ac.ke
55362,Irene,Akumu,irene.akumu55362@academy.ac.ke
55363,John,Kinyua,john.kinyua55363@students.ac.ke
55364,Daniel,Kyalo,daniel.kyalo55364@uni.ac.ke
55365,Betty,Maina,betty.maina55365@school.ac.ke
55366,Betty,Kiptoo,betty.kiptoo55366@uni.ac.ke
55367,Quentin,Ngetich,quentin.ngetich55367@school.ac.ke
55368,Dennis,Bett,dennis.bett55368@students.ac.ke
55369,Catherine,Wairimu,catherine.wairimu55369@uni.ac.ke
55370,Joseph,Omar,joseph.omar55370@students.ac.ke
55371,Edwin,Omar,edwin.omar55371@school.ac.ke
55372,Paul,Gichuki,paul.gichuki55372@uni.ac.ke
55373,Victor,Onyango,victor.onyango55373@academy.ac.ke
55374,Irene,Mutua,irene.mutua55374@academy.ac.ke
55375,Bernard,Odhiambo,bernard.odhiambo55375@academy.ac.ke
55376,Agnes,Ogolla,agnes.ogolla55376@students.ac.ke
55377,Raymond,Kinyua,raymond.kinyua55377@school.ac.ke
55378,Charles,Kimani,charles.kimani55378@students.ac.ke
55379,Irene,Abdi,irene.abdi55379@uni.ac.ke
55380,Douglas,Ngetich,douglas.ngetich55380@school.ac.ke
55381,Betty,Kiprotich,betty.kiprotich55381@academy.ac.ke
55382,Francis,Mutua,francis.mutua55382@uni.ac.ke
55383,Mary,Ogolla,mary.ogolla55383@academy.ac.ke
55384,Edith,Njoroge,edith.njoroge55384@college.ac.ke
55385,Raymond,Abdi,raymond.abdi55385@uni.ac.ke
55386,Kenneth,Odhiambo,kenneth.odhiambo55386@academy.ac.ke
55387,Edwin,Musa,edwin.musa55387@college.ac.ke
55388,William,Kasyoka,william.kasyoka55388@uni.ac.ke
55389,Ivan,Gichuki,ivan.gichuki55389@school.ac.ke
55390,Irene,Omondi,irene.omondi55390@academy.ac.ke
55391,Henry,Kinyua,henry.kinyua55391@students.ac.ke
55392,Lewis,Mumo,lewis.mumo55392@academy.ac.ke
55393,Ruth,Okello,ruth.okello55393@uni.ac.ke
55394,Edwin,Khalid,edwin.khalid55394@students.ac.ke
55395,Dorothy,Okello,dorothy.okello55395@uni.ac.ke
55396,Frances,Ndegwa,frances.ndegwa55396@students.ac.ke
55397,Julian,Abdi,julian.abdi55397@students.ac.ke
55398,Lydia,Wanjiku,lydia.wanjiku55398@college.ac.ke
55399,Thomas,Kamau,thomas.kamau55399@college.ac.ke
55400,Mary,Kamau,mary.kamau55400@academy.ac.ke
55401,Raymond,Musyoka,raymond.musyoka55401@students.ac.ke
55402,David,Gitau,david.gitau55402@school.ac.ke
55403,Harold,Kimani,harold.kimani55403@college.ac.ke
55404,Charles,Kinyua,charles.kinyua55404@college.ac.ke
55405,Gordon,Gitonga,gordon.gitonga55405@academy.ac.ke
55406,Thomas,Gathoni,thomas.gathoni55406@school.ac.ke
55407,Ruth,Wairimu,ruth.wairimu55407@school.ac.ke
55408,Grace,Ahmed,grace.ahmed55408@college.ac.ke
55409,Florence,Kamau,florence.kamau55409@students.ac.ke
55410,Harold,Kyalo,harold.kyalo55410@students.ac.ke
55411,Dennis,Mwangi,dennis.mwangi55411@academy.ac.ke
55412,Bernard,Nzomo,bernard.nzomo55412@uni.ac.ke
55413,Peter,Mwangi,peter.mwangi55413@academy.ac.ke
55414,John,Kasyoka,john.kasyoka55414@school.ac.ke
55415,Brian,Ogolla,brian.ogolla55415@academy.ac.ke
55416,Simon,Gathoni,simon.gathoni55416@uni.ac.ke
55417,Victor,Ruto,victor.ruto55417@academy.ac.ke
55418,Esther,Rotich,esther.rotich55418@uni.ac.ke
55419,David,Omar,david.omar55419@uni.ac.ke
55420,Simon,Muturi,simon.muturi55420@college.ac.ke
55421,Naomi,Abdi,naomi.abdi55421@uni.ac.ke
55422,Kenneth,Juma,kenneth.juma55422@school.ac.ke
55423,David,Nduku,david.nduku55423@academy.ac.ke
55424,Douglas,Gitonga,douglas.gitonga55424@college.ac.ke
55425,Catherine,Waweru,catherine.waweru55425@college.ac.ke
55426,Joy,Otieno,joy.otieno55426@students.ac.ke
55427,Gladys,Odhiambo,gladys.odhiambo55427@academy.ac.ke
55428,Samuel,Odhiambo,samuel.odhiambo55428@students.ac.ke
55429,Florence,Odhiambo,florence.odhiambo55429@college.ac.ke
55430,Naomi,Awuor,naomi.awuor55430@academy.ac.ke
55431,Robert,Odhiambo,robert.odhiambo55431@school.ac.ke
55432,Carol,Juma,carol.juma55432@uni.ac.ke
55433,Esther,Mutai,esther.mutai55433@students.ac.ke
55434,Harriet,Lagat,harriet.lagat55434@academy.ac.ke
55435,Faith,Kiprotich,faith.kiprotich55435@students.ac.ke
55436,William,Mwangi,william.mwangi55436@uni.ac.ke
55437,Harold,Yusuf,harold.yusuf55437@uni.ac.ke
55438,Daniel,Awuor,daniel.awuor55438@college.ac.ke
55439,Kenneth,Waweru,kenneth.waweru55439@uni.ac.ke
55440,Bernard,Waweru,bernard.waweru55440@students.ac.ke
55441,Thomas,Nzomo,thomas.nzomo55441@school.ac.ke
55442,Helen,Ochieng,helen.ochieng55442@academy.ac.ke
55443,Adrian,Ruto,adrian.ruto55443@students.ac.ke
55444,Victor,Ogolla,victor.ogolla55444@students.ac.ke
55445,William,Achieng,william.achieng55445@college.ac.ke
55446,Peter,Ndegwa,peter.ndegwa55446@college.ac.ke
55447,Catherine,Hassan,catherine.hassan55447@school.ac.ke
55448,Naomi,Nzomo,naomi.nzomo55448@academy.ac.ke
55449,Eleanor,Ahmed,eleanor.ahmed55449@uni.ac.ke
55450,Harold,Ngetich,harold.ngetich55450@academy.ac.ke
55451,Hannah,Mutua,hannah.mutua55451@academy.ac.ke
55452,Carol,Adhiambo,carol.adhiambo55452@school.ac.ke
55453,Lydia,Abdi,lydia.abdi55453@college.ac.ke
55454,Mary,Otieno,mary.otieno55454@academy.ac.ke
55455,Naomi,Farah,naomi.farah55455@academy.ac.ke
55456,Simon,Gitonga,simon.gitonga55456@academy.ac.ke
55457,William,Musa,william.musa55457@college.ac.ke
55458,Helen,Adhiambo,helen.adhiambo55458@school.ac.ke
55459,Paul,Nzomo,paul.nzomo55459@academy.ac.ke
55460,Naomi,Awuor,naomi.awuor55460@uni.ac.ke
55461,Grace,Kasyoka,grace.kasyoka55461@uni.ac.ke
55462,Julian,Koech,julian.koech55462@college.ac.ke
55463,Carol,Khalid,carol.khalid55463@uni.ac.ke
55464,Joseph,Kasyoka,joseph.kasyoka55464@college.ac.ke
55465,Harriet,Ngetich,harriet.ngetich55465@uni.ac.ke
55466,Eric,Kariuki,eric.kariuki55466@college.ac.ke
55467,Irene,Ngetich,irene.ngetich55467@students.ac.ke
55468,Douglas,Kyalo,douglas.kyalo55468@uni.ac.ke
55469,Julian,Musa,julian.musa55469@students.ac.ke
55470,Esther,Musyoka,esther.musyoka55470@uni.ac.ke
55471,Ivan,Odhiambo,ivan.odhiambo55471@school.ac.ke
55472,Ivan,Ahmed,ivan.ahmed55472@school.ac.ke
55473,David,Ndegwa,david.ndegwa55473@college.ac.ke
55474,Catherine,Kasyoka,catherine.kasyoka55474@college.ac.ke
55475,Hannah,Omar,hannah.omar55475@academy.ac.ke
55476,Paul,Ogolla,paul.ogolla55476@college.ac.ke
55477,Faith,Koech,faith.koech55477@uni.ac.ke
55478,Paul,Rotich,paul.rotich55478@college.ac.ke
55479,Hannah,Farah,hannah.farah55479@students.ac.ke
55480,Naomi,Kinyua,naomi.kinyua55480@uni.ac.ke
55481,Paul,Nduku,paul.nduku55481@college.ac.ke
55482,Noah,Adhiambo,noah.adhiambo55482@uni.ac.ke
55483,Agnes,Musa,agnes.musa55483@students.ac.ke
55484,Beatrice,Njoki,beatrice.njoki55484@school.ac.ke
55485,Catherine,Adhiambo,catherine.adhiambo55485@students.ac.ke
55486,Alice,Mutua,alice.mutua55486@students.ac.ke
55487,Eleanor,Gichuki,eleanor.gichuki55487@school.ac.ke
55488,Henry,Kiptoo,henry.kiptoo55488@students.ac.ke
55489,Simon,Kiprotich,simon.kiprotich55489@uni.ac.ke
55490,Esther,Awuor,esther.awuor55490@uni.ac.ke
55491,Edith,Ochieng,edith.ochieng55491@students.ac.ke
55492,Julian,Maina,julian.maina55492@academy.ac.ke
55493,Joyce,Kariuki,joyce.kariuki55493@students.ac.ke
55494,Irene,Wanjiku,irene.wanjiku55494@students.ac.ke
55495,Ivan,Awuor,ivan.awuor55495@uni.ac.ke
55496,Brian,Juma,brian.juma55496@uni.ac.ke
55497,Douglas,Yusuf,douglas.yusuf55497@students.ac.ke
55498,Agnes,Mutai,agnes.mutai55498@school.ac.ke
55499,Douglas,Mutisya,douglas.mutisya55499@school.ac.ke
55500,Faith,Muturi,faith.muturi55500@students.ac.ke
55501,John,Musyoka,john.musyoka55501@students.ac.ke
55502,Bernard,Muturi,bernard.muturi55502@school.ac.ke
55503,Catherine,Musa,catherine.musa55503@college.ac.ke
55504,Eric,Chebet,eric.chebet55504@school.ac.ke
55505,Joyce,Rotich,joyce.rotich55505@academy.ac.ke
55506,Philip,Abdi,philip.abdi55506@students.ac.ke
55507,Joyce,Owino,joyce.owino55507@college.ac.ke
55508,Edwin,Rotich,edwin.rotich55508@school.ac.ke
55509,Brian,Nduku,brian.nduku55509@college.ac.ke
55510,Moses,Odhiambo,moses.odhiambo55510@academy.ac.ke
55511,Irene,Gathoni,irene.gathoni55511@academy.ac.ke
55512,Dorothy,Kamau,dorothy.kamau55512@students.ac.ke
55513,Paul,Mutua,paul.mutua55513@academy.ac.ke
55514,Gladys,Mutua,gladys.mutua55514@students.ac.ke
55515,Hope,Ndegwa,hope.ndegwa55515@college.ac.ke
55516,Adrian,Odhiambo,adrian.odhiambo55516@uni.ac.ke
55517,Oscar,Ochieng,oscar.ochieng55517@school.ac.ke
55518,Paul,Muturi,paul.muturi55518@college.ac.ke
55519,Noah,Mwenda,noah.mwenda55519@uni.ac.ke
55520,Adrian,Juma,adrian.juma55520@academy.ac.ke
55521,Mary,Odhiambo,mary.odhiambo55521@school.ac.ke
55522,Oscar,Ruto,oscar.ruto55522@uni.ac.ke
55523,Alice,Okello,alice.okello55523@students.ac.ke
55524,Moses,Nduku,moses.nduku55524@school.ac.ke
55525,David,Okello,david.okello55525@students.ac.ke
55526,Gladys,Ochieng,gladys.ochieng55526@academy.ac.ke
55527,Samuel,Mbatha,samuel.mbatha55527@students.ac.ke
55528,Janet,Koech,janet.koech55528@uni.ac.ke
55529,Hannah,Ochieng,hannah.ochieng55529@uni.ac.ke
55530,Oscar,Gitonga,oscar.gitonga55530@uni.ac.ke
55531,David,Odhiambo,david.odhiambo55531@college.ac.ke
55532,Agnes,Juma,agnes.juma55532@academy.ac.ke
55533,Gordon,Ochieng,gordon.ochieng55533@students.ac.ke
55534,Samuel,Ndegwa,samuel.ndegwa55534@uni.ac.ke
55535,Douglas,Kasyoka,douglas.kasyoka55535@uni.ac.ke
55536,Kenneth,Wanjiku,kenneth.wanjiku55536@school.ac.ke
55537,Joseph,Farah,joseph.farah55537@college.ac.ke
55538,Paul,Okello,paul.okello55538@school.ac.ke
55539,Harold,Muturi,harold.muturi55539@uni.ac.ke
55540,Joy,Gitonga,joy.gitonga55540@academy.ac.ke
55541,Alice,Wanjiku,alice.wanjiku55541@college.ac.ke
55542,Alice,Mbatha,alice.mbatha55542@college.ac.ke
55543,Edith,Ngetich,edith.ngetich55543@uni.ac.ke
55544,Ruth,Nzomo,ruth.nzomo55544@students.ac.ke
55545,Brian,Mutisya,brian.mutisya55545@uni.ac.ke
55546,Douglas,Gathoni,douglas.gathoni55546@school.ac.ke
55547,Edwin,Khalid,edwin.khalid55547@uni.ac.ke
55548,Victor,Musa,victor.musa55548@students.ac.ke
55549,Mary,Odhiambo,mary.odhiambo55549@academy.ac.ke
55550,Julian,Gitonga,julian.gitonga55550@college.ac.ke
55551,Carol,Musa,carol.musa55551@students.ac.ke
55552,Gloria,Omar,gloria.omar55552@students.ac.ke
55553,Noah,Musa,noah.musa55553@uni.ac.ke
55554,Joy,Ogolla,joy.ogolla55554@students.ac.ke
55555,Beatrice,Yusuf,beatrice.yusuf55555@uni.ac.ke
55556,Brian,Mutisya,brian.mutisya55556@uni.ac.ke
55557,Edwin,Wairimu,edwin.wairimu55557@college.ac.ke
55558,Joy,Otieno,joy.otieno55558@school.ac.ke
55559,Lewis,Hassan,lewis.hassan55559@school.ac.ke
55560,Paul,Kiprotich,paul.kiprotich55560@students.ac.ke
55561,Robert,Musyoka,robert.musyoka55561@college.ac.ke
55562,Eleanor,Nzomo,eleanor.nzomo55562@uni.ac.ke
55563,Moses,Omar,moses.omar55563@uni.ac.ke
55564,Edith,Mwangi,edith.mwangi55564@students.ac.ke
55565,Alice,Mutua,alice.mutua55565@school.ac.ke
55566,Irene,Musyoka,irene.musyoka55566@college.ac.ke
55567,Brian,Ibrahim,brian.ibrahim55567@students.ac.ke
55568,Ivan,Gathoni,ivan.gathoni55568@school.ac.ke
55569,Francis,Musyoka,francis.musyoka55569@college.ac.ke
55570,Samuel,Abdi,samuel.abdi55570@academy.ac.ke
55571,Irene,Lagat,irene.lagat55571@school.ac.ke
55572,Raymond,Njoroge,raymond.njoroge55572@students.ac.ke
55573,Michael,Njoroge,michael.njoroge55573@college.ac.ke
55574,Kenneth,Adhiambo,kenneth.adhiambo55574@school.ac.ke
55575,Gloria,Maina,gloria.maina55575@college.ac.ke
55576,Dorothy,Mutua,dorothy.mutua55576@uni.ac.ke
55577,Francis,Odhiambo,francis.odhiambo55577@academy.ac.ke
55578,Harriet,Gathoni,harriet.gathoni55578@academy.ac.ke
55579,Moses,Okello,moses.okello55579@academy.ac.ke
55580,Joy,Chebet,joy.chebet55580@uni.ac.ke
55581,Daniel,Nduku,daniel.nduku55581@academy.ac.ke
55582,David,Mwangi,david.mwangi55582@school.ac.ke
55583,Lewis,Kyalo,lewis.kyalo55583@students.ac.ke
55584,Catherine,Mutai,catherine.mutai55584@students.ac.ke
55585,Raymond,Adhiambo,raymond.adhiambo55585@school.ac.ke
55586,Alice,Musyoka,alice.musyoka55586@uni.ac.ke
55587,Samuel,Ngetich,samuel.ngetich55587@college.ac.ke
55588,Noah,Musyoka,noah.musyoka55588@academy.ac.ke
55589,Agnes,Farah,agnes.farah55589@college.ac.ke
55590,Francis,Gitonga,francis.gitonga55590@college.ac.ke
55591,Beatrice,Odhiambo,beatrice.odhiambo55591@uni.ac.ke
55592,Joseph,Omondi,joseph.omondi55592@students.ac.ke
55593,Joy,Adhiambo,joy.adhiambo55593@college.ac.ke
55594,Hope,Waweru,hope.waweru55594@uni.ac.ke
55595,Janet,Mumo,janet.mumo55595@uni.ac.ke
55596,Samuel,Maina,samuel.maina55596@students.ac.ke
55597,Kenneth,Odhiambo,kenneth.odhiambo55597@academy.ac.ke
55598,Bernard,Juma,bernard.juma55598@academy.ac.ke
55599,Hope,Wanjiku,hope.wanjiku55599@school.ac.ke
55600,Hope,Ochieng,hope.ochieng55600@uni.ac.ke
55601,Catherine,Koech,catherine.koech55601@school.ac.ke
55602,Hope,Hassan,hope.hassan55602@students.ac.ke
55603,Eric,Kariuki,eric.kariuki55603@college.ac.ke
55604,Frances,Yusuf,frances.yusuf55604@school.ac.ke
55605,Harold,Mumo,harold.mumo55605@students.ac.ke
55606,Alice,Awuor,alice.awuor55606@students.ac.ke
55607,Julian,Kyalo,julian.kyalo55607@uni.ac.ke
55608,Charles,Onyango,charles.onyango55608@students.ac.ke
55609,Jacob,Nzomo,jacob.nzomo55609@school.ac.ke
55610,Isaac,Ibrahim,isaac.ibrahim55610@academy.ac.ke
55611,Florence,Akumu,florence.akumu55611@school.ac.ke
55612,Harold,Achieng,harold.achieng55612@academy.ac.ke
55613,Eric,Kasyoka,eric.kasyoka55613@uni.ac.ke
55614,Betty,Waweru,betty.waweru55614@college.ac.ke
55615,Julian,Maina,julian.maina55615@students.ac.ke
55616,Naomi,Akumu,naomi.akumu55616@students.ac.ke
55617,Alice,Maina,alice.maina55617@uni.ac.ke
55618,Moses,Adhiambo,moses.adhiambo55618@college.ac.ke
55619,Paul,Yusuf,paul.yusuf55619@academy.ac.ke
55620,Francis,Lagat,francis.lagat55620@academy.ac.ke
55621,Ivan,Nzomo,ivan.nzomo55621@students.ac.ke
55622,William,Kimani,william.kimani55622@school.ac.ke
55623,Irene,Okello,irene.okello55623@school.ac.ke
55624,Alice,Achieng,alice.achieng55624@college.ac.ke
55625,Oscar,Kariuki,oscar.kariuki55625@uni.ac.ke
55626,Jacob,Mutisya,jacob.mutisya55626@students.ac.ke
55627,Edith,Juma,edith.juma55627@school.ac.ke
55628,Samuel,Ibrahim,samuel.ibrahim55628@students.ac.ke
55629,Edith,Musa,edith.musa55629@college.ac.ke
55630,Peter,Awuor,peter.awuor55630@students.ac.ke
55631,Brian,Mutisya,brian.mutisya55631@college.ac.ke
55632,Agnes,Ibrahim,agnes.ibrahim55632@college.ac.ke
55633,Grace,Kinyua,grace.kinyua55633@students.ac.ke
55634,Mary,Mwenda,mary.mwenda55634@college.ac.ke
55635,Julian,Ibrahim,julian.ibrahim55635@students.ac.ke
55636,Naomi,Kiptoo,naomi.kiptoo55636@uni.ac.ke
55637,Edwin,Kinyua,edwin.kinyua55637@students.ac.ke
55638,Samuel,Adhiambo,samuel.adhiambo55638@college.ac.ke
55639,Michael,Farah,michael.farah55639@school.ac.ke
55640,Joyce,Kamau,joyce.kamau55640@students.ac.ke
55641,Edwin,Mutisya,edwin.mutisya55641@college.ac.ke
55642,Catherine,Kiptoo,catherine.kiptoo55642@school.ac.ke
55643,Henry,Yusuf,henry.yusuf55643@school.ac.ke
55644,Raymond,Musa,raymond.musa55644@college.ac.ke
55645,William,Njuguna,william.njuguna55645@students.ac.ke
55646,David,Mumo,david.mumo55646@school.ac.ke
55647,Dorothy,Musa,dorothy.musa55647@uni.ac.ke
55648,Bernard,Muturi,bernard.muturi55648@school.ac.ke
55649,Robert,Kyalo,robert.kyalo55649@college.ac.ke
55650,Janet,Wairimu,janet.wairimu55650@academy.ac.ke
55651,Michael,Musa,michael.musa55651@school.ac.ke
55652,Harriet,Njuguna,harriet.njuguna55652@school.ac.ke
55653,Paul,Nduku,paul.nduku55653@students.ac.ke
55654,Harriet,Abdi,harriet.abdi55654@uni.ac.ke
55655,Joyce,Gichuki,joyce.gichuki55655@students.ac.ke
55656,Robert,Kyalo,robert.kyalo55656@school.ac.ke
55657,Lewis,Maina,lewis.maina55657@academy.ac.ke
55658,Oscar,Onyango,oscar.onyango55658@college.ac.ke
55659,Edith,Koech,edith.koech55659@academy.ac.ke
55660,Hope,Hassan,hope.hassan55660@school.ac.ke
55661,Isaac,Kiptoo,isaac.kiptoo55661@school.ac.ke
55662,Thomas,Farah,thomas.farah55662@academy.ac.ke
55663,Moses,Kariuki,moses.kariuki55663@students.ac.ke
55664,Eleanor,Ogolla,eleanor.ogolla55664@college.ac.ke
55665,Paul,Muturi,paul.muturi55665@college.ac.ke
55666,Joy,Mumo,joy.mumo55666@school.ac.ke
55667,Raymond,Ndegwa,raymond.ndegwa55667@college.ac.ke
55668,Helen,Muturi,helen.muturi55668@uni.ac.ke
55669,Julian,Kinyua,julian.kinyua55669@uni.ac.ke
55670,Hannah,Nzomo,hannah.nzomo55670@college.ac.ke
55671,Adrian,Kiprotich,adrian.kiprotich55671@students.ac.ke
55672,Raymond,Muturi,raymond.muturi55672@academy.ac.ke
55673,Kevin,Kamau,kevin.kamau55673@college.ac.ke
55674,Gordon,Wanjiku,gordon.wanjiku55674@college.ac.ke
55675,Francis,Ochieng,francis.ochieng55675@college.ac.ke
55676,Eric,Bett,eric.bett55676@college.ac.ke
55677,Diana,Nzomo,diana.nzomo55677@college.ac.ke
55678,Lydia,Kiprotich,lydia.kiprotich55678@college.ac.ke
55679,Quentin,Mutisya,quentin.mutisya55679@school.ac.ke
55680,Thomas,Njoki,thomas.njoki55680@school.ac.ke
55681,Irene,Farah,irene.farah55681@school.ac.ke
55682,Mary,Bett,mary.bett55682@uni.ac.ke
55683,Adrian,Kasyoka,adrian.kasyoka55683@students.ac.ke
55684,Irene,Mutisya,irene.mutisya55684@college.ac.ke
55685,Hannah,Khalid,hannah.khalid55685@academy.ac.ke
55686,Paul,Kamau,paul.kamau55686@uni.ac.ke
55687,Betty,Omondi,betty.omondi55687@uni.ac.ke
55688,Kevin,Mwenda,kevin.mwenda55688@school.ac.ke
55689,Ruth,Gichuki,ruth.gichuki55689@students.ac.ke
55690,Florence,Rotich,florence.rotich55690@students.ac.ke
55691,Ruth,Ruto,ruth.ruto55691@college.ac.ke
55692,Esther,Koech,esther.koech55692@students.ac.ke
55693,Thomas,Mwenda,thomas.mwenda55693@college.ac.ke
55694,Francis,Kariuki,francis.kariuki55694@school.ac.ke
55695,Joy,Mumo,joy.mumo55695@academy.ac.ke
55696,Florence,Rotich,florence.rotich55696@students.ac.ke
55697,Gloria,Abdi,gloria.abdi55697@school.ac.ke
55698,Moses,Lagat,moses.lagat55698@uni.ac.ke
55699,Joy,Kimani,joy.kimani55699@uni.ac.ke
55700,Gordon,Achieng,gordon.achieng55700@school.ac.ke
55701,Alice,Kasyoka,alice.kasyoka55701@college.ac.ke
55702,Lewis,Musyoka,lewis.musyoka55702@college.ac.ke
55703,Faith,Njuguna,faith.njuguna55703@uni.ac.ke
55704,Philip,Ochieng,philip.ochieng55704@students.ac.ke
55705,Ivan,Kasyoka,ivan.kasyoka55705@academy.ac.ke
55706,John,Musa,john.musa55706@academy.ac.ke
55707,Agnes,Mutai,agnes.mutai55707@school.ac.ke
55708,Hope,Farah,hope.farah55708@school.ac.ke
55709,Charles,Mutai,charles.mutai55709@academy.ac.ke
55710,Agnes,Awuor,agnes.awuor55710@students.ac.ke
55711,Irene,Achieng,irene.achieng55711@college.ac.ke
55712,Joseph,Gichuki,joseph.gichuki55712@academy.ac.ke
55713,John,Maina,john.maina55713@students.ac.ke
55714,Esther,Abdi,esther.abdi55714@school.ac.ke
55715,Daniel,Maina,daniel.maina55715@school.ac.ke
55716,Beatrice,Juma,beatrice.juma55716@academy.ac.ke
55717,Ruth,Gichuki,ruth.gichuki55717@college.ac.ke
55718,Hope,Rotich,hope.rotich55718@college.ac.ke
55719,Frances,Mumo,frances.mumo55719@college.ac.ke
55720,Irene,Otieno,irene.otieno55720@college.ac.ke
55721,Irene,Omondi,irene.omondi55721@students.ac.ke
55722,Simon,Maina,simon.maina55722@students.ac.ke
55723,Esther,Ogolla,esther.ogolla55723@students.ac.ke
55724,Daniel,Ndegwa,daniel.ndegwa55724@uni.ac.ke
55725,Harriet,Rotich,harriet.rotich55725@uni.ac.ke
55726,Edwin,Ogolla,edwin.ogolla55726@school.ac.ke
55727,Mary,Kamau,mary.kamau55727@college.ac.ke
55728,Julian,Juma,julian.juma55728@uni.ac.ke
55729,Hope,Mwangi,hope.mwangi55729@school.ac.ke
55730,Gladys,Ngetich,gladys.ngetich55730@school.ac.ke
55731,Jacob,Bett,jacob.bett55731@college.ac.ke
55732,Raymond,Njuguna,raymond.njuguna55732@students.ac.ke
55733,Douglas,Abdi,douglas.abdi55733@school.ac.ke
55734,Samuel,Awuor,samuel.awuor55734@school.ac.ke
55735,Diana,Mbatha,diana.mbatha55735@uni.ac.ke
55736,Hope,Bett,hope.bett55736@students.ac.ke
55737,Naomi,Hassan,naomi.hassan55737@college.ac.ke
55738,Betty,Abdi,betty.abdi55738@uni.ac.ke
55739,Lewis,Farah,lewis.farah55739@academy.ac.ke
55740,Carol,Njuguna,carol.njuguna55740@academy.ac.ke
55741,Betty,Otieno,betty.otieno55741@students.ac.ke
55742,Francis,Otieno,francis.otieno55742@school.ac.ke
55743,Julian,Gitau,julian.gitau55743@uni.ac.ke
55744,Grace,Muturi,grace.muturi55744@uni.ac.ke
55745,Naomi,Abdi,naomi.abdi55745@students.ac.ke
55746,William,Njuguna,william.njuguna55746@school.ac.ke
55747,Harold,Wanjiku,harold.wanjiku55747@school.ac.ke
55748,Lydia,Hassan,lydia.hassan55748@students.ac.ke
55749,Michael,Farah,michael.farah55749@students.ac.ke
55750,Diana,Rotich,diana.rotich55750@students.ac.ke
55751,Kenneth,Kiprotich,kenneth.kiprotich55751@school.ac.ke
55752,Eleanor,Yusuf,eleanor.yusuf55752@college.ac.ke
55753,Robert,Musa,robert.musa55753@uni.ac.ke
55754,Simon,Bett,simon.bett55754@students.ac.ke
55755,Peter,Awuor,peter.awuor55755@students.ac.ke
55756,Alice,Kasyoka,alice.kasyoka55756@students.ac.ke
55757,Naomi,Kiprotich,naomi.kiprotich55757@academy.ac.ke
55758,Helen,Abdi,helen.abdi55758@students.ac.ke
55759,Paul,Hassan,paul.hassan55759@uni.ac.ke
55760,Diana,Kimani,diana.kimani55760@college.ac.ke
55761,Hope,Chebet,hope.chebet55761@uni.ac.ke
55762,Hope,Koech,hope.koech55762@academy.ac.ke
55763,Irene,Ahmed,irene.ahmed55763@school.ac.ke
55764,Jacob,Chebet,jacob.chebet55764@students.ac.ke
55765,Gloria,Njoroge,gloria.njoroge55765@school.ac.ke
55766,Julian,Ochieng,julian.ochieng55766@uni.ac.ke
55767,Ivan,Abdi,ivan.abdi55767@uni.ac.ke
55768,David,Owino,david.owino55768@uni.ac.ke
55769,Simon,Rotich,simon.rotich55769@academy.ac.ke
55770,Hannah,Rotich,hannah.rotich55770@uni.ac.ke
55771,Lewis,Juma,lewis.juma55771@uni.ac.ke
55772,Lewis,Onyango,lewis.onyango55772@school.ac.ke
55773,Victor,Abdi,victor.abdi55773@school.ac.ke
55774,Philip,Mwangi,philip.mwangi55774@academy.ac.ke
55775,Michael,Khalid,michael.khalid55775@college.ac.ke
55776,Joyce,Kyalo,joyce.kyalo55776@academy.ac.ke
55777,Michael,Omondi,michael.omondi55777@academy.ac.ke
55778,Michael,Mutai,michael.mutai55778@academy.ac.ke
55779,Beatrice,Gitau,beatrice.gitau55779@school.ac.ke
55780,John,Yusuf,john.yusuf55780@academy.ac.ke
55781,Harriet,Omar,harriet.omar55781@students.ac.ke
55782,Frances,Ahmed,frances.ahmed55782@school.ac.ke
55783,Irene,Okello,irene.okello55783@academy.ac.ke
55784,Julian,Ogolla,julian.ogolla55784@academy.ac.ke
55785,William,Nduku,william.nduku55785@college.ac.ke
55786,Moses,Kinyua,moses.kinyua55786@school.ac.ke
55787,Alice,Mbatha,alice.mbatha55787@academy.ac.ke
55788,Harold,Adhiambo,harold.adhiambo55788@uni.ac.ke
55789,Daniel,Kamau,daniel.kamau55789@academy.ac.ke
55790,Naomi,Achieng,naomi.achieng55790@uni.ac.ke
55791,Gladys,Gitonga,gladys.gitonga55791@school.ac.ke
55792,Kenneth,Mutai,kenneth.mutai55792@uni.ac.ke
55793,Charles,Omondi,charles.omondi55793@academy.ac.ke
55794,Francis,Mwangi,francis.mwangi55794@school.ac.ke
55795,Ivan,Wanjiku,ivan.wanjiku55795@school.ac.ke
55796,Simon,Abdi,simon.abdi55796@academy.ac.ke
55797,Douglas,Gitau,douglas.gitau55797@school.ac.ke
55798,Moses,Achieng,moses.achieng55798@academy.ac.ke
55799,Joy,Adhiambo,joy.adhiambo55799@college.ac.ke
55800,Edwin,Omar,edwin.omar55800@academy.ac.ke
55801,Harriet,Gitau,harriet.gitau55801@students.ac.ke
55802,Quentin,Njoki,quentin.njoki55802@uni.ac.ke
55803,Harold,Ibrahim,harold.ibrahim55803@students.ac.ke
55804,Kenneth,Mutua,kenneth.mutua55804@uni.ac.ke
55805,Kevin,Ibrahim,kevin.ibrahim55805@students.ac.ke
55806,Francis,Njoki,francis.njoki55806@uni.ac.ke
55807,Paul,Farah,paul.farah55807@academy.ac.ke
55808,George,Mutua,george.mutua55808@college.ac.ke
55809,David,Omondi,david.omondi55809@academy.ac.ke
55810,Beatrice,Gichuki,beatrice.gichuki55810@uni.ac.ke
55811,Francis,Njoki,francis.njoki55811@academy.ac.ke
55812,Eleanor,Ruto,eleanor.ruto55812@college.ac.ke
55813,Ivan,Ogolla,ivan.ogolla55813@uni.ac.ke
55814,Henry,Gitau,henry.gitau55814@school.ac.ke
55815,Oscar,Mumo,oscar.mumo55815@students.ac.ke
55816,Alice,Musyoka,alice.musyoka55816@students.ac.ke
55817,Ruth,Muturi,ruth.muturi55817@academy.ac.ke
55818,Jacob,Koech,jacob.koech55818@academy.ac.ke
55819,Gloria,Gitau,gloria.gitau55819@academy.ac.ke
55820,Jacob,Kimani,jacob.kimani55820@students.ac.ke
55821,William,Juma,william.juma55821@school.ac.ke
55822,Raymond,Chebet,raymond.chebet55822@students.ac.ke
55823,Gordon,Kyalo,gordon.kyalo55823@school.ac.ke
55824,Lewis,Muturi,lewis.muturi55824@uni.ac.ke
55825,Paul,Chebet,paul.chebet55825@academy.ac.ke
55826,Edwin,Kinyua,edwin.kinyua55826@students.ac.ke
55827,James,Owino,james.owino55827@academy.ac.ke
55828,Moses,Hassan,moses.hassan55828@uni.ac.ke
55829,Gloria,Kinyua,gloria.kinyua55829@uni.ac.ke
55830,Noah,Rotich,noah.rotich55830@college.ac.ke
55831,Joseph,Njoroge,joseph.njoroge55831@uni.ac.ke
55832,Gordon,Adhiambo,gordon.adhiambo55832@academy.ac.ke
55833,Diana,Okello,diana.okello55833@school.ac.ke
55834,Henry,Chebet,henry.chebet55834@uni.ac.ke
55835,Joyce,Gichuki,joyce.gichuki55835@uni.ac.ke
55836,Raymond,Awuor,raymond.awuor55836@students.ac.ke
55837,Naomi,Farah,naomi.farah55837@academy.ac.ke
55838,Hope,Bett,hope.bett55838@school.ac.ke
55839,Irene,Maina,irene.maina55839@students.ac.ke
55840,Hannah,Gichuki,hannah.gichuki55840@uni.ac.ke
55841,Agnes,Kinyua,agnes.kinyua55841@uni.ac.ke
55842,Hope,Nzomo,hope.nzomo55842@uni.ac.ke
55843,Douglas,Gathoni,douglas.gathoni55843@students.ac.ke
55844,Charles,Muturi,charles.muturi55844@students.ac.ke
55845,Francis,Omar,francis.omar55845@college.ac.ke
55846,Catherine,Onyango,catherine.onyango55846@students.ac.ke
55847,Faith,Kinyua,faith.kinyua55847@academy.ac.ke
55848,George,Odhiambo,george.odhiambo55848@academy.ac.ke
55849,Edwin,Odhiambo,edwin.odhiambo55849@students.ac.ke
55850,Lydia,Okello,lydia.okello55850@students.ac.ke
55851,Robert,Ndegwa,robert.ndegwa55851@school.ac.ke
55852,Irene,Ndegwa,irene.ndegwa55852@college.ac.ke
55853,Simon,Odhiambo,simon.odhiambo55853@academy.ac.ke
55854,Ivan,Abdi,ivan.abdi55854@students.ac.ke
55855,James,Ahmed,james.ahmed55855@uni.ac.ke
55856,Gordon,Farah,gordon.farah55856@uni.ac.ke
55857,Victor,Awuor,victor.awuor55857@college.ac.ke
55858,Naomi,Ndegwa,naomi.ndegwa55858@college.ac.ke
55859,Henry,Gitonga,henry.gitonga55859@college.ac.ke
55860,Bernard,Njoki,bernard.njoki55860@uni.ac.ke
55861,Esther,Gichuki,esther.gichuki55861@uni.ac.ke
55862,Henry,Juma,henry.juma55862@students.ac.ke
55863,Hope,Khalid,hope.khalid55863@college.ac.ke
55864,Gladys,Bett,gladys.bett55864@school.ac.ke
55865,Betty,Maina,betty.maina55865@students.ac.ke
55866,Robert,Ochieng,robert.ochieng55866@school.ac.ke
55867,Gladys,Musyoka,gladys.musyoka55867@academy.ac.ke
55868,David,Kyalo,david.kyalo55868@school.ac.ke
55869,David,Nzomo,david.nzomo55869@uni.ac.ke
55870,William,Nduku,william.nduku55870@students.ac.ke
55871,Quentin,Achieng,quentin.achieng55871@uni.ac.ke
55872,Kevin,Mwangi,kevin.mwangi55872@college.ac.ke
55873,Douglas,Ahmed,douglas.ahmed55873@uni.ac.ke
55874,Philip,Ahmed,philip.ahmed55874@college.ac.ke
55875,Helen,Omar,helen.omar55875@students.ac.ke
55876,Edwin,Kariuki,edwin.kariuki55876@college.ac.ke
55877,Noah,Kiprotich,noah.kiprotich55877@uni.ac.ke
55878,Harriet,Owino,harriet.owino55878@school.ac.ke
55879,Gordon,Kiptoo,gordon.kiptoo55879@school.ac.ke
55880,David,Adhiambo,david.adhiambo55880@students.ac.ke
55881,Irene,Kiptoo,irene.kiptoo55881@school.ac.ke
55882,Harriet,Njoroge,harriet.njoroge55882@academy.ac.ke
55883,Frances,Wanjiku,frances.wanjiku55883@academy.ac.ke
55884,Kevin,Gitau,kevin.gitau55884@uni.ac.ke
55885,Kenneth,Ruto,kenneth.ruto55885@college.ac.ke
55886,Helen,Omar,helen.omar55886@uni.ac.ke
55887,Mary,Kariuki,mary.kariuki55887@academy.ac.ke
55888,Gordon,Mwangi,gordon.mwangi55888@students.ac.ke
55889,Joy,Ibrahim,joy.ibrahim55889@school.ac.ke
55890,Thomas,Mutai,thomas.mutai55890@uni.ac.ke
55891,Harriet,Rotich,harriet.rotich55891@college.ac.ke
55892,Beatrice,Adhiambo,beatrice.adhiambo55892@college.ac.ke
55893,Moses,Njuguna,moses.njuguna55893@academy.ac.ke
55894,Irene,Kimani,irene.kimani55894@school.ac.ke
55895,Grace,Kimani,grace.kimani55895@college.ac.ke
55896,Grace,Gathoni,grace.gathoni55896@school.ac.ke
55897,Alice,Gitau,alice.gitau55897@school.ac.ke
55898,Thomas,Ibrahim,thomas.ibrahim55898@students.ac.ke
55899,Edwin,Abdi,edwin.abdi55899@uni.ac.ke
55900,Isaac,Adhiambo,isaac.adhiambo55900@school.ac.ke
55901,Daniel,Awuor,daniel.awuor55901@school.ac.ke
55902,Hannah,Mutisya,hannah.mutisya55902@college.ac.ke
55903,Eleanor,Wanjiku,eleanor.wanjiku55903@uni.ac.ke
55904,Jacob,Hassan,jacob.hassan55904@academy.ac.ke
55905,Gladys,Waweru,gladys.waweru55905@students.ac.ke
55906,Raymond,Bett,raymond.bett55906@school.ac.ke
55907,Philip,Mutua,philip.mutua55907@uni.ac.ke
55908,Gordon,Njoroge,gordon.njoroge55908@students.ac.ke
55909,Hope,Ndegwa,hope.ndegwa55909@students.ac.ke
55910,Harold,Ogolla,harold.ogolla55910@uni.ac.ke
55911,Alice,Hassan,alice.hassan55911@school.ac.ke
55912,Mary,Mutua,mary.mutua55912@school.ac.ke
55913,Noah,Wanjiku,noah.wanjiku55913@uni.ac.ke
55914,Simon,Musyoka,simon.musyoka55914@school.ac.ke
55915,Agnes,Njoroge,agnes.njoroge55915@academy.ac.ke
55916,Eric,Kiprotich,eric.kiprotich55916@uni.ac.ke
55917,Adrian,Kamau,adrian.kamau55917@college.ac.ke
55918,Edith,Akumu,edith.akumu55918@academy.ac.ke
55919,Peter,Kinyua,peter.kinyua55919@academy.ac.ke
55920,Eric,Kasyoka,eric.kasyoka55920@college.ac.ke
55921,Francis,Khalid,francis.khalid55921@uni.ac.ke
55922,William,Abdi,william.abdi55922@students.ac.ke
55923,Harriet,Lagat,harriet.lagat55923@academy.ac.ke
55924,Gloria,Odhiambo,gloria.odhiambo55924@students.ac.ke
55925,Ivan,Njoroge,ivan.njoroge55925@students.ac.ke
55926,Eleanor,Farah,eleanor.farah55926@academy.ac.ke
55927,Lewis,Yusuf,lewis.yusuf55927@college.ac.ke
55928,Grace,Farah,grace.farah55928@uni.ac.ke
55929,Dorothy,Ndegwa,dorothy.ndegwa55929@academy.ac.ke
55930,Florence,Mutai,florence.mutai55930@students.ac.ke
55931,Charles,Kyalo,charles.kyalo55931@college.ac.ke
55932,Philip,Gitau,philip.gitau55932@school.ac.ke
55933,Esther,Kariuki,esther.kariuki55933@college.ac.ke
55934,Jacob,Onyango,jacob.onyango55934@academy.ac.ke
55935,Samuel,Kamau,samuel.kamau55935@uni.ac.ke
55936,Gladys,Mutua,gladys.mutua55936@students.ac.ke
55937,Thomas,Yusuf,thomas.yusuf55937@students.ac.ke
55938,Florence,Mumo,florence.mumo55938@students.ac.ke
55939,Diana,Kamau,diana.kamau55939@academy.ac.ke
55940,Eric,Njuguna,eric.njuguna55940@students.ac.ke
55941,Edwin,Awuor,edwin.awuor55941@school.ac.ke
55942,Catherine,Akumu,catherine.akumu55942@college.ac.ke
55943,Daniel,Yusuf,daniel.yusuf55943@school.ac.ke
55944,Douglas,Mwangi,douglas.mwangi55944@uni.ac.ke
55945,Alice,Mwangi,alice.mwangi55945@school.ac.ke
55946,Oscar,Omondi,oscar.omondi55946@uni.ac.ke
55947,Janet,Otieno,janet.otieno55947@school.ac.ke
55948,Jacob,Kyalo,jacob.kyalo55948@academy.ac.ke
55949,Edwin,Gichuki,edwin.gichuki55949@uni.ac.ke
55950,Adrian,Kariuki,adrian.kariuki55950@school.ac.ke
55951,Gloria,Odhiambo,gloria.odhiambo55951@uni.ac.ke
55952,Gladys,Gichuki,gladys.gichuki55952@uni.ac.ke
55953,Alice,Farah,alice.farah55953@college.ac.ke
55954,Adrian,Waweru,adrian.waweru55954@students.ac.ke
55955,Agnes,Ahmed,agnes.ahmed55955@students.ac.ke
55956,Charles,Farah,charles.farah55956@school.ac.ke
55957,Eleanor,Maina,eleanor.maina55957@students.ac.ke
55958,Carol,Ngetich,carol.ngetich55958@school.ac.ke
55959,Ruth,Mutai,ruth.mutai55959@uni.ac.ke
55960,Joseph,Muturi,joseph.muturi55960@students.ac.ke
55961,Esther,Onyango,esther.onyango55961@students.ac.ke
55962,Mary,Ibrahim,mary.ibrahim55962@academy.ac.ke
55963,Victor,Akumu,victor.akumu55963@uni.ac.ke
55964,Lydia,Njoroge,lydia.njoroge55964@students.ac.ke
55965,Noah,Waweru,noah.waweru55965@students.ac.ke
55966,Philip,Wanjiku,philip.wanjiku55966@students.ac.ke
55967,Edith,Ngetich,edith.ngetich55967@school.ac.ke
55968,Catherine,Rotich,catherine.rotich55968@academy.ac.ke
55969,Naomi,Koech,naomi.koech55969@uni.ac.ke
55970,Robert,Wanjiku,robert.wanjiku55970@uni.ac.ke
55971,Kevin,Chebet,kevin.chebet55971@college.ac.ke
55972,Paul,Gitau,paul.gitau55972@academy.ac.ke
55973,Mary,Njoki,mary.njoki55973@academy.ac.ke
55974,Brian,Mwenda,brian.mwenda55974@uni.ac.ke
55975,Lydia,Kiptoo,lydia.kiptoo55975@uni.ac.ke
55976,Harriet,Kinyua,harriet.kinyua55976@students.ac.ke
55977,Hope,Ogolla,hope.ogolla55977@college.ac.ke
55978,Ruth,Kimani,ruth.kimani55978@college.ac.ke
55979,Gordon,Wairimu,gordon.wairimu55979@students.ac.ke
55980,Joy,Wanjiku,joy.wanjiku55980@college.ac.ke
55981,Joseph,Adhiambo,joseph.adhiambo55981@uni.ac.ke
55982,Ivan,Gichuki,ivan.gichuki55982@college.ac.ke
55983,Florence,Wanjiku,florence.wanjiku55983@students.ac.ke
55984,Moses,Kyalo,moses.kyalo55984@students.ac.ke
55985,Daniel,Achieng,daniel.achieng55985@school.ac.ke
55986,Alice,Chebet,alice.chebet55986@students.ac.ke
55987,Kenneth,Kiprotich,kenneth.kiprotich55987@college.ac.ke
55988,Gloria,Kiprotich,gloria.kiprotich55988@students.ac.ke
55989,Victor,Njoroge,victor.njoroge55989@uni.ac.ke
55990,Raymond,Nzomo,raymond.nzomo55990@uni.ac.ke
55991,Gordon,Achieng,gordon.achieng55991@students.ac.ke
55992,Philip,Mbatha,philip.mbatha55992@academy.ac.ke
55993,Paul,Wairimu,paul.wairimu55993@uni.ac.ke
55994,Dorothy,Njoki,dorothy.njoki55994@college.ac.ke
55995,Catherine,Farah,catherine.farah55995@academy.ac.ke
55996,Faith,Onyango,faith.onyango55996@college.ac.ke
55997,Isaac,Okello,isaac.okello55997@students.ac.ke
55998,Thomas,Njoroge,thomas.njoroge55998@students.ac.ke
55999,Diana,Gitonga,diana.gitonga55999@students.ac.ke
56000,George,Ogolla,george.ogolla56000@uni.ac.ke
56001,Quentin,Ruto,quentin.ruto56001@college.ac.ke
56002,Douglas,Gitau,douglas.gitau56002@school.ac.ke
56003,Quentin,Mumo,quentin.mumo56003@uni.ac.ke
56004,Betty,Omondi,betty.omondi56004@school.ac.ke
56005,Philip,Hassan,philip.hassan56005@uni.ac.ke
56006,Eric,Mutai,eric.mutai56006@students.ac.ke
56007,Joseph,Mwenda,joseph.mwenda56007@students.ac.ke
56008,Daniel,Omondi,daniel.omondi56008@students.ac.ke
56009,Irene,Wairimu,irene.wairimu56009@academy.ac.ke
56010,Quentin,Ndegwa,quentin.ndegwa56010@students.ac.ke
56011,Brian,Kyalo,brian.kyalo56011@uni.ac.ke
56012,Raymond,Kimani,raymond.kimani56012@students.ac.ke
56013,Adrian,Lagat,adrian.lagat56013@school.ac.ke
56014,Gladys,Ahmed,gladys.ahmed56014@academy.ac.ke
56015,Paul,Ndegwa,paul.ndegwa56015@students.ac.ke
56016,Francis,Chebet,francis.chebet56016@school.ac.ke
56017,Joyce,Njuguna,joyce.njuguna56017@college.ac.ke
56018,Samuel,Kyalo,samuel.kyalo56018@college.ac.ke
56019,Lewis,Ngetich,lewis.ngetich56019@school.ac.ke
56020,Philip,Maina,philip.maina56020@academy.ac.ke
56021,Edith,Odhiambo,edith.odhiambo56021@college.ac.ke
56022,Paul,Achieng,paul.achieng56022@students.ac.ke
56023,Florence,Ochieng,florence.ochieng56023@college.ac.ke
56024,Edith,Kiptoo,edith.kiptoo56024@college.ac.ke
56025,Helen,Nduku,helen.nduku56025@students.ac.ke
56026,Francis,Wairimu,francis.wairimu56026@students.ac.ke
56027,Faith,Yusuf,faith.yusuf56027@uni.ac.ke
56028,Gladys,Mutai,gladys.mutai56028@uni.ac.ke
56029,Betty,Kyalo,betty.kyalo56029@college.ac.ke
56030,Betty,Njuguna,betty.njuguna56030@academy.ac.ke
56031,Paul,Khalid,paul.khalid56031@uni.ac.ke
56032,Helen,Mbatha,helen.mbatha56032@uni.ac.ke
56033,Frances,Musyoka,frances.musyoka56033@academy.ac.ke
56034,Gladys,Akumu,gladys.akumu56034@school.ac.ke
56035,Douglas,Otieno,douglas.otieno56035@uni.ac.ke
56036,Quentin,Kinyua,quentin.kinyua56036@school.ac.ke
56037,Douglas,Kinyua,douglas.kinyua56037@school.ac.ke
56038,Kevin,Omondi,kevin.omondi56038@uni.ac.ke
56039,Florence,Mutai,florence.mutai56039@academy.ac.ke
56040,Gladys,Njoki,gladys.njoki56040@uni.ac.ke
56041,Charles,Mutai,charles.mutai56041@students.ac.ke
56042,William,Kyalo,william.kyalo56042@uni.ac.ke
56043,Harriet,Gichuki,harriet.gichuki56043@college.ac.ke
56044,Brian,Waweru,brian.waweru56044@school.ac.ke
56045,Hannah,Mwangi,hannah.mwangi56045@school.ac.ke
56046,Ruth,Ruto,ruth.ruto56046@academy.ac.ke
56047,David,Njuguna,david.njuguna56047@uni.ac.ke
56048,Helen,Mwangi,helen.mwangi56048@school.ac.ke
56049,Michael,Musyoka,michael.musyoka56049@college.ac.ke
56050,Helen,Otieno,helen.otieno56050@academy.ac.ke
56051,Isaac,Njuguna,isaac.njuguna56051@academy.ac.ke
56052,Diana,Kiptoo,diana.kiptoo56052@school.ac.ke
56053,Florence,Mbatha,florence.mbatha56053@students.ac.ke
56054,Diana,Khalid,diana.khalid56054@uni.ac.ke
56055,Edith,Njoroge,edith.njoroge56055@academy.ac.ke
56056,Dorothy,Omar,dorothy.omar56056@college.ac.ke
56057,Ivan,Wanjiku,ivan.wanjiku56057@academy.ac.ke
56058,Diana,Njoki,diana.njoki56058@students.ac.ke
56059,William,Omondi,william.omondi56059@college.ac.ke
56060,Ivan,Omar,ivan.omar56060@school.ac.ke
56061,Oscar,Mutai,oscar.mutai56061@students.ac.ke
56062,Naomi,Ogolla,naomi.ogolla56062@academy.ac.ke
56063,William,Ibrahim,william.ibrahim56063@college.ac.ke
56064,Brian,Nzomo,brian.nzomo56064@students.ac.ke
56065,Paul,Gathoni,paul.gathoni56065@students.ac.ke
56066,Eleanor,Njoki,eleanor.njoki56066@school.ac.ke
56067,Francis,Ndegwa,francis.ndegwa56067@academy.ac.ke
56068,Florence,Kamau,florence.kamau56068@school.ac.ke
56069,Quentin,Koech,quentin.koech56069@academy.ac.ke
56070,Peter,Kimani,peter.kimani56070@college.ac.ke
56071,Helen,Owino,helen.owino56071@college.ac.ke
56072,Henry,Omondi,henry.omondi56072@school.ac.ke
56073,Catherine,Mutua,catherine.mutua56073@college.ac.ke
56074,Charles,Abdi,charles.abdi56074@college.ac.ke
56075,Peter,Farah,peter.farah56075@academy.ac.ke
56076,Paul,Onyango,paul.onyango56076@academy.ac.ke
56077,Isaac,Ngetich,isaac.ngetich56077@academy.ac.ke
56078,Lydia,Mwenda,lydia.mwenda56078@college.ac.ke
56079,George,Owino,george.owino56079@students.ac.ke
56080,Eric,Koech,eric.koech56080@students.ac.ke
56081,John,Owino,john.owino56081@uni.ac.ke
56082,Alice,Nduku,alice.nduku56082@college.ac.ke
56083,George,Omar,george.omar56083@academy.ac.ke
56084,Eleanor,Ngetich,eleanor.ngetich56084@college.ac.ke
56085,Kenneth,Mumo,kenneth.mumo56085@academy.ac.ke
56086,Hannah,Mutai,hannah.mutai56086@college.ac.ke
56087,Daniel,Gitau,daniel.gitau56087@college.ac.ke
56088,Gladys,Mwangi,gladys.mwangi56088@school.ac.ke
56089,Robert,Chebet,robert.chebet56089@school.ac.ke
56090,Hannah,Farah,hannah.farah56090@academy.ac.ke
56091,Betty,Njoki,betty.njoki56091@academy.ac.ke
56092,Victor,Wairimu,victor.wairimu56092@academy.ac.ke
56093,Gordon,Mutai,gordon.mutai56093@students.ac.ke
56094,Joseph,Nduku,joseph.nduku56094@academy.ac.ke
56095,Robert,Maina,robert.maina56095@students.ac.ke
56096,James,Ndegwa,james.ndegwa56096@academy.ac.ke
56097,Lewis,Kimani,lewis.kimani56097@students.ac.ke
56098,Catherine,Kimani,catherine.kimani56098@college.ac.ke
56099,Daniel,Akumu,daniel.akumu56099@uni.ac.ke
56100,Joy,Mutai,joy.mutai56100@academy.ac.ke
56101,Gordon,Mutisya,gordon.mutisya56101@college.ac.ke
56102,Esther,Mutua,esther.mutua56102@college.ac.ke
56103,Alice,Mwangi,alice.mwangi56103@students.ac.ke
56104,Lewis,Ngetich,lewis.ngetich56104@college.ac.ke
56105,Quentin,Omondi,quentin.omondi56105@uni.ac.ke
56106,Victor,Bett,victor.bett56106@uni.ac.ke
56107,Joyce,Ngetich,joyce.ngetich56107@uni.ac.ke
56108,Grace,Mutai,grace.mutai56108@school.ac.ke
56109,Ivan,Kasyoka,ivan.kasyoka56109@uni.ac.ke
56110,David,Ogolla,david.ogolla56110@students.ac.ke
56111,Kevin,Njoroge,kevin.njoroge56111@academy.ac.ke
56112,Kevin,Waweru,kevin.waweru56112@college.ac.ke
56113,Brian,Lagat,brian.lagat56113@students.ac.ke
56114,Julian,Kyalo,julian.kyalo56114@uni.ac.ke
56115,Grace,Mumo,grace.mumo56115@school.ac.ke
56116,Joyce,Maina,joyce.maina56116@college.ac.ke
56117,Noah,Kimani,noah.kimani56117@college.ac.ke
56118,Eric,Gathoni,eric.gathoni56118@students.ac.ke
56119,Noah,Kasyoka,noah.kasyoka56119@academy.ac.ke
56120,Julian,Wanjiku,julian.wanjiku56120@college.ac.ke
56121,Edwin,Ndegwa,edwin.ndegwa56121@academy.ac.ke
56122,Francis,Nzomo,francis.nzomo56122@college.ac.ke
56123,John,Okello,john.okello56123@college.ac.ke
56124,Quentin,Ogolla,quentin.ogolla56124@students.ac.ke
56125,Adrian,Otieno,adrian.otieno56125@college.ac.ke
56126,Catherine,Mwangi,catherine.mwangi56126@students.ac.ke
56127,Edith,Wanjiku,edith.wanjiku56127@uni.ac.ke
56128,Peter,Koech,peter.koech56128@college.ac.ke
56129,Beatrice,Ochieng,beatrice.ochieng56129@uni.ac.ke
56130,Lydia,Khalid,lydia.khalid56130@academy.ac.ke
56131,Kevin,Gathoni,kevin.gathoni56131@students.ac.ke
56132,Jacob,Juma,jacob.juma56132@school.ac.ke
56133,Michael,Mutua,michael.mutua56133@academy.ac.ke
56134,Florence,Ndegwa,florence.ndegwa56134@uni.ac.ke
56135,Janet,Nzomo,janet.nzomo56135@college.ac.ke
56136,Helen,Wanjiku,helen.wanjiku56136@school.ac.ke
56137,Eleanor,Nduku,eleanor.nduku56137@uni.ac.ke
56138,Edwin,Omondi,edwin.omondi56138@school.ac.ke
56139,Bernard,Kimani,bernard.kimani56139@school.ac.ke
56140,Lydia,Koech,lydia.koech56140@uni.ac.ke
56141,Peter,Ogolla,peter.ogolla56141@academy.ac.ke
56142,Janet,Lagat,janet.lagat56142@academy.ac.ke
56143,Joy,Bett,joy.bett56143@college.ac.ke
56144,Edwin,Odhiambo,edwin.odhiambo56144@school.ac.ke
56145,Helen,Okello,helen.okello56145@uni.ac.ke
56146,Daniel,Wanjiku,daniel.wanjiku56146@school.ac.ke
56147,Edwin,Lagat,edwin.lagat56147@uni.ac.ke
56148,Michael,Mbatha,michael.mbatha56148@uni.ac.ke
56149,Raymond,Kariuki,raymond.kariuki56149@academy.ac.ke
56150,Betty,Ahmed,betty.ahmed56150@uni.ac.ke
56151,Raymond,Okello,raymond.okello56151@college.ac.ke
56152,Harriet,Kimani,harriet.kimani56152@college.ac.ke
56153,Michael,Hassan,michael.hassan56153@school.ac.ke
56154,Ruth,Mwangi,ruth.mwangi56154@school.ac.ke
56155,Samuel,Awuor,samuel.awuor56155@academy.ac.ke
56156,Dennis,Maina,dennis.maina56156@school.ac.ke
56157,Paul,Achieng,paul.achieng56157@uni.ac.ke
56158,Daniel,Muturi,daniel.muturi56158@academy.ac.ke
56159,Robert,Juma,robert.juma56159@school.ac.ke
56160,James,Awuor,james.awuor56160@academy.ac.ke
56161,Joseph,Mutai,joseph.mutai56161@academy.ac.ke
56162,Kevin,Njuguna,kevin.njuguna56162@students.ac.ke
56163,Jacob,Chebet,jacob.chebet56163@academy.ac.ke
56164,Harriet,Odhiambo,harriet.odhiambo56164@school.ac.ke
56165,Harold,Bett,harold.bett56165@students.ac.ke
56166,Frances,Bett,frances.bett56166@academy.ac.ke
56167,Edwin,Gathoni,edwin.gathoni56167@school.ac.ke
56168,Philip,Bett,philip.bett56168@uni.ac.ke
56169,Douglas,Abdi,douglas.abdi56169@school.ac.ke
56170,Thomas,Gathoni,thomas.gathoni56170@students.ac.ke
56171,Ivan,Wairimu,ivan.wairimu56171@school.ac.ke
56172,Daniel,Omar,daniel.omar56172@college.ac.ke
56173,Betty,Rotich,betty.rotich56173@students.ac.ke
56174,Hope,Wairimu,hope.wairimu56174@uni.ac.ke
56175,Grace,Mutisya,grace.mutisya56175@academy.ac.ke
56176,Naomi,Okello,naomi.okello56176@academy.ac.ke
56177,David,Ngetich,david.ngetich56177@students.ac.ke
56178,Bernard,Kyalo,bernard.kyalo56178@college.ac.ke
56179,Simon,Owino,simon.owino56179@academy.ac.ke
56180,Dennis,Ngetich,dennis.ngetich56180@school.ac.ke
56181,Simon,Gathoni,simon.gathoni56181@uni.ac.ke
56182,Charles,Mbatha,charles.mbatha56182@college.ac.ke
56183,Faith,Nduku,faith.nduku56183@school.ac.ke
56184,Thomas,Bett,thomas.bett56184@school.ac.ke
56185,Lewis,Njuguna,lewis.njuguna56185@uni.ac.ke
56186,Bernard,Ngetich,bernard.ngetich56186@students.ac.ke
56187,Lewis,Njoroge,lewis.njoroge56187@academy.ac.ke
56188,Michael,Omar,michael.omar56188@academy.ac.ke
56189,Joyce,Khalid,joyce.khalid56189@academy.ac.ke
56190,Thomas,Yusuf,thomas.yusuf56190@students.ac.ke
56191,Adrian,Musa,adrian.musa56191@college.ac.ke
56192,Raymond,Nduku,raymond.nduku56192@academy.ac.ke
56193,Harold,Hassan,harold.hassan56193@academy.ac.ke
56194,Lydia,Lagat,lydia.lagat56194@school.ac.ke
56195,Oscar,Musa,oscar.musa56195@college.ac.ke
56196,Charles,Farah,charles.farah56196@uni.ac.ke
56197,Thomas,Ruto,thomas.ruto56197@college.ac.ke
56198,Harold,Nzomo,harold.nzomo56198@college.ac.ke
56199,Kevin,Koech,kevin.koech56199@academy.ac.ke
56200,Ruth,Ngetich,ruth.ngetich56200@students.ac.ke
56201,James,Chebet,james.chebet56201@students.ac.ke
56202,Peter,Gitonga,peter.gitonga56202@college.ac.ke
56203,Thomas,Gichuki,thomas.gichuki56203@school.ac.ke
56204,Dennis,Gichuki,dennis.gichuki56204@school.ac.ke
56205,Edwin,Rotich,edwin.rotich56205@uni.ac.ke
56206,Ivan,Musa,ivan.musa56206@academy.ac.ke
56207,Carol,Akumu,carol.akumu56207@students.ac.ke
56208,George,Kiptoo,george.kiptoo56208@school.ac.ke
56209,Carol,Rotich,carol.rotich56209@uni.ac.ke
56210,Dennis,Hassan,dennis.hassan56210@college.ac.ke
56211,Oscar,Wanjiku,oscar.wanjiku56211@students.ac.ke
56212,John,Koech,john.koech56212@academy.ac.ke
56213,Quentin,Yusuf,quentin.yusuf56213@students.ac.ke
56214,Charles,Khalid,charles.khalid56214@school.ac.ke
56215,Florence,Ngetich,florence.ngetich56215@college.ac.ke
56216,Alice,Maina,alice.maina56216@uni.ac.ke
56217,Lydia,Muturi,lydia.muturi56217@academy.ac.ke
56218,Raymond,Maina,raymond.maina56218@college.ac.ke
56219,Michael,Mumo,michael.mumo56219@school.ac.ke
56220,Samuel,Ochieng,samuel.ochieng56220@students.ac.ke
56221,Irene,Maina,irene.maina56221@students.ac.ke
56222,James,Mbatha,james.mbatha56222@uni.ac.ke
56223,Eleanor,Kasyoka,eleanor.kasyoka56223@academy.ac.ke
56224,George,Waweru,george.waweru56224@college.ac.ke
56225,Harold,Njuguna,harold.njuguna56225@school.ac.ke
56226,Adrian,Farah,adrian.farah56226@college.ac.ke
56227,Lewis,Wanjiku,lewis.wanjiku56227@school.ac.ke
56228,Dorothy,Juma,dorothy.juma56228@school.ac.ke
56229,Julian,Awuor,julian.awuor56229@school.ac.ke
56230,Noah,Chebet,noah.chebet56230@college.ac.ke
56231,Ivan,Mwenda,ivan.mwenda56231@students.ac.ke
56232,Brian,Ndegwa,brian.ndegwa56232@uni.ac.ke
56233,Kenneth,Njoroge,kenneth.njoroge56233@college.ac.ke
56234,Beatrice,Kiprotich,beatrice.kiprotich56234@students.ac.ke
56235,Philip,Musyoka,philip.musyoka56235@students.ac.ke
56236,Joseph,Musyoka,joseph.musyoka56236@academy.ac.ke
56237,Frances,Mbatha,frances.mbatha56237@school.ac.ke
56238,Robert,Rotich,robert.rotich56238@school.ac.ke
56239,Jacob,Rotich,jacob.rotich56239@students.ac.ke
56240,Henry,Chebet,henry.chebet56240@academy.ac.ke
56241,Ruth,Nzomo,ruth.nzomo56241@uni.ac.ke
56242,Oscar,Hassan,oscar.hassan56242@students.ac.ke
56243,Lydia,Musyoka,lydia.musyoka56243@uni.ac.ke
56244,Betty,Wairimu,betty.wairimu56244@students.ac.ke
56245,Francis,Gathoni,francis.gathoni56245@school.ac.ke
56246,Charles,Odhiambo,charles.odhiambo56246@college.ac.ke
56247,Catherine,Kimani,catherine.kimani56247@academy.ac.ke
56248,Douglas,Mutisya,douglas.mutisya56248@uni.ac.ke
56249,Gloria,Otieno,gloria.otieno56249@uni.ac.ke
56250,Noah,Mutisya,noah.mutisya56250@students.ac.ke
56251,Quentin,Otieno,quentin.otieno56251@uni.ac.ke
56252,Moses,Mbatha,moses.mbatha56252@academy.ac.ke
56253,Irene,Okello,irene.okello56253@uni.ac.ke
56254,Joy,Ruto,joy.ruto56254@students.ac.ke
56255,Simon,Akumu,simon.akumu56255@college.ac.ke
56256,Bernard,Lagat,bernard.lagat56256@academy.ac.ke
56257,Esther,Abdi,esther.abdi56257@college.ac.ke
56258,Joy,Kiptoo,joy.kiptoo56258@students.ac.ke
56259,Lewis,Mbatha,lewis.mbatha56259@academy.ac.ke
56260,Diana,Gitau,diana.gitau56260@college.ac.ke
56261,Ivan,Rotich,ivan.rotich56261@students.ac.ke
56262,Florence,Ruto,florence.ruto56262@students.ac.ke
56263,Douglas,Rotich,douglas.rotich56263@college.ac.ke
56264,Edwin,Njoroge,edwin.njoroge56264@academy.ac.ke
56265,Gladys,Njoroge,gladys.njoroge56265@college.ac.ke
56266,Ivan,Chebet,ivan.chebet56266@college.ac.ke
56267,Agnes,Rotich,agnes.rotich56267@academy.ac.ke
56268,David,Juma,david.juma56268@students.ac.ke
56269,Julian,Farah,julian.farah56269@students.ac.ke
56270,Helen,Kimani,helen.kimani56270@academy.ac.ke
56271,Moses,Mwangi,moses.mwangi56271@academy.ac.ke
56272,Alice,Gichuki,alice.gichuki56272@college.ac.ke
56273,Esther,Abdi,esther.abdi56273@academy.ac.ke
56274,Philip,Musyoka,philip.musyoka56274@uni.ac.ke
56275,Naomi,Maina,naomi.maina56275@college.ac.ke
56276,Florence,Muturi,florence.muturi56276@college.ac.ke
56277,Daniel,Adhiambo,daniel.adhiambo56277@students.ac.ke
56278,Dorothy,Kyalo,dorothy.kyalo56278@uni.ac.ke
56279,Grace,Kariuki,grace.kariuki56279@academy.ac.ke
56280,Ruth,Koech,ruth.koech56280@school.ac.ke
56281,Faith,Kiptoo,faith.kiptoo56281@uni.ac.ke
56282,Eleanor,Gitau,eleanor.gitau56282@school.ac.ke
56283,Grace,Nzomo,grace.nzomo56283@academy.ac.ke
56284,Alice,Abdi,alice.abdi56284@school.ac.ke
56285,Daniel,Onyango,daniel.onyango56285@uni.ac.ke
56286,Betty,Juma,betty.juma56286@college.ac.ke
56287,Mary,Njoki,mary.njoki56287@academy.ac.ke
56288,Quentin,Koech,quentin.koech56288@students.ac.ke
56289,Betty,Gichuki,betty.gichuki56289@academy.ac.ke
56290,Noah,Kiprotich,noah.kiprotich56290@academy.ac.ke
56291,Charles,Farah,charles.farah56291@students.ac.ke
56292,Quentin,Mutisya,quentin.mutisya56292@students.ac.ke
56293,Betty,Gichuki,betty.gichuki56293@school.ac.ke
56294,Kevin,Lagat,kevin.lagat56294@college.ac.ke
56295,Irene,Mumo,irene.mumo56295@college.ac.ke
56296,Robert,Njoroge,robert.njoroge56296@academy.ac.ke
56297,Adrian,Odhiambo,adrian.odhiambo56297@academy.ac.ke
56298,Julian,Chebet,julian.chebet56298@academy.ac.ke
56299,Faith,Bett,faith.bett56299@students.ac.ke
56300,Irene,Lagat,irene.lagat56300@academy.ac.ke
56301,Victor,Gichuki,victor.gichuki56301@uni.ac.ke
56302,Francis,Musyoka,francis.musyoka56302@academy.ac.ke
56303,Carol,Kamau,carol.kamau56303@academy.ac.ke
56304,Naomi,Hassan,naomi.hassan56304@students.ac.ke
56305,Joseph,Onyango,joseph.onyango56305@school.ac.ke
56306,Samuel,Koech,samuel.koech56306@college.ac.ke
56307,Mary,Onyango,mary.onyango56307@uni.ac.ke
56308,Peter,Farah,peter.farah56308@college.ac.ke
56309,Bernard,Kariuki,bernard.kariuki56309@school.ac.ke
56310,Betty,Okello,betty.okello56310@school.ac.ke
56311,Gloria,Lagat,gloria.lagat56311@students.ac.ke
56312,Gloria,Ogolla,gloria.ogolla56312@uni.ac.ke
56313,Francis,Adhiambo,francis.adhiambo56313@academy.ac.ke
56314,Francis,Ibrahim,francis.ibrahim56314@college.ac.ke
56315,Quentin,Musyoka,quentin.musyoka56315@school.ac.ke
56316,Lydia,Rotich,lydia.rotich56316@uni.ac.ke
56317,Bernard,Khalid,bernard.khalid56317@uni.ac.ke
56318,Catherine,Njoki,catherine.njoki56318@academy.ac.ke
56319,Helen,Mbatha,helen.mbatha56319@students.ac.ke
56320,Michael,Nzomo,michael.nzomo56320@academy.ac.ke
56321,Thomas,Omar,thomas.omar56321@school.ac.ke
56322,Francis,Adhiambo,francis.adhiambo56322@college.ac.ke
56323,Helen,Kyalo,helen.kyalo56323@academy.ac.ke
56324,Eleanor,Mutisya,eleanor.mutisya56324@students.ac.ke
56325,Gloria,Juma,gloria.juma56325@college.ac.ke
56326,Joseph,Kasyoka,joseph.kasyoka56326@college.ac.ke
56327,Naomi,Njoki,naomi.njoki56327@academy.ac.ke
56328,Joyce,Hassan,joyce.hassan56328@school.ac.ke
56329,Henry,Njoroge,henry.njoroge56329@students.ac.ke
56330,Bernard,Wairimu,bernard.wairimu56330@college.ac.ke
56331,Douglas,Hassan,douglas.hassan56331@school.ac.ke
56332,Harold,Ibrahim,harold.ibrahim56332@uni.ac.ke
56333,Mary,Juma,mary.juma56333@students.ac.ke
56334,Betty,Awuor,betty.awuor56334@students.ac.ke
56335,David,Ogolla,david.ogolla56335@academy.ac.ke
56336,Julian,Nzomo,julian.nzomo56336@academy.ac.ke
56337,Diana,Mbatha,diana.mbatha56337@uni.ac.ke
56338,Grace,Omar,grace.omar56338@students.ac.ke
56339,Victor,Kimani,victor.kimani56339@school.ac.ke
56340,Alice,Gathoni,alice.gathoni56340@school.ac.ke
56341,Victor,Njoroge,victor.njoroge56341@students.ac.ke
56342,Harriet,Chebet,harriet.chebet56342@college.ac.ke
56343,Raymond,Yusuf,raymond.yusuf56343@students.ac.ke
56344,Joy,Ahmed,joy.ahmed56344@students.ac.ke
56345,Edwin,Ogolla,edwin.ogolla56345@uni.ac.ke
56346,Harold,Farah,harold.farah56346@school.ac.ke
56347,Lydia,Wanjiku,lydia.wanjiku56347@school.ac.ke
56348,Irene,Abdi,irene.abdi56348@academy.ac.ke
56349,Naomi,Ahmed,naomi.ahmed56349@students.ac.ke
56350,Naomi,Ngetich,naomi.ngetich56350@students.ac.ke
56351,Eric,Mumo,eric.mumo56351@school.ac.ke
56352,Carol,Nzomo,carol.nzomo56352@college.ac.ke
56353,Moses,Mutua,moses.mutua56353@college.ac.ke
56354,Edith,Omar,edith.omar56354@college.ac.ke
56355,Bernard,Njuguna,bernard.njuguna56355@students.ac.ke
56356,Carol,Bett,carol.bett56356@school.ac.ke
56357,Robert,Gitau,robert.gitau56357@school.ac.ke
56358,Janet,Akumu,janet.akumu56358@students.ac.ke
56359,Joyce,Kiptoo,joyce.kiptoo56359@college.ac.ke
56360,Janet,Ogolla,janet.ogolla56360@uni.ac.ke
56361,Jacob,Onyango,jacob.onyango56361@uni.ac.ke
56362,Carol,Farah,carol.farah56362@school.ac.ke
56363,Helen,Kinyua,helen.kinyua56363@uni.ac.ke
56364,Samuel,Onyango,samuel.onyango56364@academy.ac.ke
56365,Beatrice,Maina,beatrice.maina56365@students.ac.ke
56366,Eleanor,Ogolla,eleanor.ogolla56366@academy.ac.ke
56367,Adrian,Omondi,adrian.omondi56367@uni.ac.ke
56368,John,Mwangi,john.mwangi56368@school.ac.ke
56369,Paul,Kinyua,paul.kinyua56369@uni.ac.ke
56370,Hannah,Odhiambo,hannah.odhiambo56370@college.ac.ke
56371,Irene,Nduku,irene.nduku56371@school.ac.ke
56372,Kevin,Yusuf,kevin.yusuf56372@students.ac.ke
56373,David,Kariuki,david.kariuki56373@academy.ac.ke
56374,Michael,Ndegwa,michael.ndegwa56374@students.ac.ke
56375,Carol,Owino,carol.owino56375@school.ac.ke
56376,Francis,Njuguna,francis.njuguna56376@school.ac.ke
56377,Grace,Otieno,grace.otieno56377@academy.ac.ke
56378,Adrian,Njuguna,adrian.njuguna56378@college.ac.ke
56379,Helen,Ochieng,helen.ochieng56379@college.ac.ke
56380,Kenneth,Ibrahim,kenneth.ibrahim56380@academy.ac.ke
56381,Harold,Kyalo,harold.kyalo56381@academy.ac.ke
56382,Diana,Owino,diana.owino56382@students.ac.ke
56383,Edwin,Owino,edwin.owino56383@students.ac.ke
56384,Irene,Yusuf,irene.yusuf56384@academy.ac.ke
56385,Quentin,Gitonga,quentin.gitonga56385@students.ac.ke
56386,Oscar,Gitonga,oscar.gitonga56386@school.ac.ke
56387,Janet,Okello,janet.okello56387@students.ac.ke
56388,Bernard,Kiptoo,bernard.kiptoo56388@uni.ac.ke
56389,Brian,Koech,brian.koech56389@uni.ac.ke
56390,Adrian,Onyango,adrian.onyango56390@uni.ac.ke
56391,Michael,Nduku,michael.nduku56391@school.ac.ke
56392,Helen,Chebet,helen.chebet56392@college.ac.ke
56393,Joseph,Juma,joseph.juma56393@students.ac.ke
56394,Ivan,Ahmed,ivan.ahmed56394@academy.ac.ke
56395,Peter,Okello,peter.okello56395@college.ac.ke
56396,Thomas,Kamau,thomas.kamau56396@school.ac.ke
56397,Ivan,Kyalo,ivan.kyalo56397@college.ac.ke
56398,Gordon,Juma,gordon.juma56398@college.ac.ke
56399,John,Musa,john.musa56399@school.ac.ke
56400,Adrian,Ndegwa,adrian.ndegwa56400@school.ac.ke
56401,Mary,Mutua,mary.mutua56401@college.ac.ke
56402,James,Mumo,james.mumo56402@college.ac.ke
56403,Florence,Ruto,florence.ruto56403@college.ac.ke
56404,Moses,Wairimu,moses.wairimu56404@school.ac.ke
56405,Paul,Mwenda,paul.mwenda56405@students.ac.ke
56406,David,Wanjiku,david.wanjiku56406@uni.ac.ke
56407,Michael,Okello,michael.okello56407@academy.ac.ke
56408,Bernard,Kariuki,bernard.kariuki56408@college.ac.ke
56409,Paul,Nduku,paul.nduku56409@college.ac.ke
56410,Jacob,Khalid,jacob.khalid56410@academy.ac.ke
56411,Samuel,Lagat,samuel.lagat56411@uni.ac.ke
56412,Ivan,Nzomo,ivan.nzomo56412@academy.ac.ke
56413,Faith,Kyalo,faith.kyalo56413@uni.ac.ke
56414,Daniel,Mutai,daniel.mutai56414@school.ac.ke
56415,Charles,Kamau,charles.kamau56415@college.ac.ke
56416,Brian,Owino,brian.owino56416@college.ac.ke
56417,Joy,Rotich,joy.rotich56417@college.ac.ke
56418,Bernard,Gathoni,bernard.gathoni56418@school.ac.ke
56419,Frances,Ruto,frances.ruto56419@academy.ac.ke
56420,James,Kinyua,james.kinyua56420@academy.ac.ke
56421,George,Mwenda,george.mwenda56421@school.ac.ke
56422,Irene,Akumu,irene.akumu56422@academy.ac.ke
56423,David,Nzomo,david.nzomo56423@college.ac.ke
56424,Victor,Wanjiku,victor.wanjiku56424@students.ac.ke
56425,Gordon,Nduku,gordon.nduku56425@students.ac.ke
56426,Samuel,Awuor,samuel.awuor56426@academy.ac.ke
56427,Robert,Mwangi,robert.mwangi56427@academy.ac.ke
56428,Kenneth,Kinyua,kenneth.kinyua56428@college.ac.ke
56429,Betty,Abdi,betty.abdi56429@students.ac.ke
56430,Simon,Koech,simon.koech56430@students.ac.ke
56431,David,Khalid,david.khalid56431@students.ac.ke
56432,Bernard,Mutisya,bernard.mutisya56432@school.ac.ke
56433,Adrian,Gitau,adrian.gitau56433@uni.ac.ke
56434,Lydia,Ruto,lydia.ruto56434@uni.ac.ke
56435,Janet,Rotich,janet.rotich56435@uni.ac.ke
56436,Raymond,Yusuf,raymond.yusuf56436@students.ac.ke
56437,Joy,Waweru,joy.waweru56437@college.ac.ke
56438,David,Hassan,david.hassan56438@uni.ac.ke
56439,Robert,Kiprotich,robert.kiprotich56439@students.ac.ke
56440,Adrian,Hassan,adrian.hassan56440@academy.ac.ke
56441,Betty,Otieno,betty.otieno56441@college.ac.ke
56442,Kenneth,Mutua,kenneth.mutua56442@college.ac.ke
56443,Hope,Wairimu,hope.wairimu56443@school.ac.ke
56444,Kenneth,Hassan,kenneth.hassan56444@academy.ac.ke
56445,Julian,Abdi,julian.abdi56445@students.ac.ke
56446,Kevin,Otieno,kevin.otieno56446@school.ac.ke
56447,Charles,Ibrahim,charles.ibrahim56447@academy.ac.ke
56448,David,Musa,david.musa56448@college.ac.ke
56449,Harriet,Hassan,harriet.hassan56449@college.ac.ke
56450,Dennis,Chebet,dennis.chebet56450@students.ac.ke
56451,Gloria,Achieng,gloria.achieng56451@uni.ac.ke
56452,Daniel,Ngetich,daniel.ngetich56452@uni.ac.ke
56453,Robert,Wanjiku,robert.wanjiku56453@students.ac.ke
56454,Faith,Ahmed,faith.ahmed56454@college.ac.ke
56455,Jacob,Omondi,jacob.omondi56455@uni.ac.ke
56456,Robert,Nzomo,robert.nzomo56456@school.ac.ke
56457,Bernard,Gathoni,bernard.gathoni56457@college.ac.ke
56458,Charles,Wanjiku,charles.wanjiku56458@academy.ac.ke
56459,Victor,Kiprotich,victor.kiprotich56459@college.ac.ke
56460,Florence,Kyalo,florence.kyalo56460@uni.ac.ke
56461,Agnes,Ngetich,agnes.ngetich56461@school.ac.ke
56462,Faith,Gitonga,faith.gitonga56462@college.ac.ke
56463,Moses,Maina,moses.maina56463@students.ac.ke
56464,Jacob,Nzomo,jacob.nzomo56464@academy.ac.ke
56465,Raymond,Mutua,raymond.mutua56465@academy.ac.ke
56466,Mary,Mutua,mary.mutua56466@school.ac.ke
56467,Noah,Njuguna,noah.njuguna56467@academy.ac.ke
56468,Florence,Kimani,florence.kimani56468@school.ac.ke
56469,Isaac,Farah,isaac.farah56469@students.ac.ke
56470,Simon,Abdi,simon.abdi56470@college.ac.ke
56471,Edith,Awuor,edith.awuor56471@school.ac.ke
56472,Dennis,Okello,dennis.okello56472@school.ac.ke
56473,Helen,Ahmed,helen.ahmed56473@academy.ac.ke
56474,Eleanor,Awuor,eleanor.awuor56474@college.ac.ke
56475,Gordon,Bett,gordon.bett56475@college.ac.ke
56476,Ruth,Achieng,ruth.achieng56476@academy.ac.ke
56477,Quentin,Lagat,quentin.lagat56477@students.ac.ke
56478,Mary,Juma,mary.juma56478@college.ac.ke
56479,Philip,Musyoka,philip.musyoka56479@students.ac.ke
56480,Kenneth,Ogolla,kenneth.ogolla56480@college.ac.ke
56481,Carol,Achieng,carol.achieng56481@college.ac.ke
56482,Peter,Odhiambo,peter.odhiambo56482@students.ac.ke
56483,Harold,Njoroge,harold.njoroge56483@academy.ac.ke
56484,Samuel,Omondi,samuel.omondi56484@school.ac.ke
56485,Samuel,Hassan,samuel.hassan56485@academy.ac.ke
56486,Eleanor,Wairimu,eleanor.wairimu56486@students.ac.ke
56487,Dorothy,Njuguna,dorothy.njuguna56487@college.ac.ke
56488,Alice,Muturi,alice.muturi56488@students.ac.ke
56489,James,Musyoka,james.musyoka56489@uni.ac.ke
56490,Catherine,Ibrahim,catherine.ibrahim56490@college.ac.ke
56491,Faith,Kyalo,faith.kyalo56491@college.ac.ke
56492,Naomi,Gitau,naomi.gitau56492@college.ac.ke
56493,Moses,Adhiambo,moses.adhiambo56493@college.ac.ke
56494,Kevin,Kimani,kevin.kimani56494@school.ac.ke
56495,Douglas,Ndegwa,douglas.ndegwa56495@students.ac.ke
56496,Julian,Gichuki,julian.gichuki56496@students.ac.ke
56497,Edwin,Adhiambo,edwin.adhiambo56497@uni.ac.ke
56498,Victor,Awuor,victor.awuor56498@uni.ac.ke
56499,Mary,Mumo,mary.mumo56499@academy.ac.ke
56500,Dorothy,Kasyoka,dorothy.kasyoka56500@students.ac.ke
56501,Diana,Gichuki,diana.gichuki56501@uni.ac.ke
56502,Hope,Nduku,hope.nduku56502@students.ac.ke
56503,Francis,Gitau,francis.gitau56503@academy.ac.ke
56504,Gladys,Okello,gladys.okello56504@college.ac.ke
56505,Dorothy,Otieno,dorothy.otieno56505@college.ac.ke
56506,Robert,Nzomo,robert.nzomo56506@school.ac.ke
56507,Diana,Wairimu,diana.wairimu56507@students.ac.ke
56508,Adrian,Kinyua,adrian.kinyua56508@students.ac.ke
56509,Kevin,Mumo,kevin.mumo56509@uni.ac.ke
56510,Philip,Gathoni,philip.gathoni56510@academy.ac.ke
56511,Philip,Njoroge,philip.njoroge56511@uni.ac.ke
56512,George,Abdi,george.abdi56512@college.ac.ke
56513,Robert,Nduku,robert.nduku56513@college.ac.ke
56514,Noah,Ndegwa,noah.ndegwa56514@college.ac.ke
56515,Carol,Juma,carol.juma56515@school.ac.ke
56516,Frances,Omar,frances.omar56516@academy.ac.ke
56517,Esther,Maina,esther.maina56517@students.ac.ke
56518,Michael,Kiprotich,michael.kiprotich56518@college.ac.ke
56519,Faith,Otieno,faith.otieno56519@college.ac.ke
56520,Catherine,Hassan,catherine.hassan56520@uni.ac.ke
56521,Edith,Kiprotich,edith.kiprotich56521@academy.ac.ke
56522,Samuel,Chebet,samuel.chebet56522@academy.ac.ke
56523,John,Khalid,john.khalid56523@college.ac.ke
56524,Beatrice,Ndegwa,beatrice.ndegwa56524@students.ac.ke
56525,Harold,Mumo,harold.mumo56525@uni.ac.ke
56526,Dennis,Maina,dennis.maina56526@students.ac.ke
56527,Faith,Kiptoo,faith.kiptoo56527@school.ac.ke
56528,Gladys,Kariuki,gladys.kariuki56528@college.ac.ke
56529,Douglas,Hassan,douglas.hassan56529@academy.ac.ke
56530,Kenneth,Farah,kenneth.farah56530@college.ac.ke
56531,Raymond,Kinyua,raymond.kinyua56531@school.ac.ke
56532,Kenneth,Farah,kenneth.farah56532@school.ac.ke
56533,Lydia,Ngetich,lydia.ngetich56533@students.ac.ke
56534,Douglas,Gitonga,douglas.gitonga56534@school.ac.ke
56535,Simon,Bett,simon.bett56535@academy.ac.ke
56536,Mary,Kyalo,mary.kyalo56536@academy.ac.ke
56537,Naomi,Kiprotich,naomi.kiprotich56537@uni.ac.ke
56538,George,Otieno,george.otieno56538@academy.ac.ke
56539,Brian,Juma,brian.juma56539@school.ac.ke
56540,Eleanor,Mwangi,eleanor.mwangi56540@uni.ac.ke
56541,Charles,Ngetich,charles.ngetich56541@students.ac.ke
56542,Henry,Juma,henry.juma56542@uni.ac.ke
56543,Isaac,Wanjiku,isaac.wanjiku56543@students.ac.ke
56544,Robert,Nduku,robert.nduku56544@uni.ac.ke
56545,Dorothy,Musa,dorothy.musa56545@uni.ac.ke
56546,Julian,Njuguna,julian.njuguna56546@college.ac.ke
56547,Harriet,Ruto,harriet.ruto56547@college.ac.ke
56548,George,Wairimu,george.wairimu56548@students.ac.ke
56549,Hope,Kimani,hope.kimani56549@academy.ac.ke
56550,Quentin,Kiprotich,quentin.kiprotich56550@school.ac.ke
56551,Michael,Yusuf,michael.yusuf56551@school.ac.ke
56552,Philip,Mumo,philip.mumo56552@college.ac.ke
56553,Isaac,Hassan,isaac.hassan56553@students.ac.ke
56554,Edith,Gitau,edith.gitau56554@college.ac.ke
56555,Kenneth,Kasyoka,kenneth.kasyoka56555@uni.ac.ke
56556,Esther,Kinyua,esther.kinyua56556@uni.ac.ke
56557,James,Kiptoo,james.kiptoo56557@uni.ac.ke
56558,Bernard,Awuor,bernard.awuor56558@college.ac.ke
56559,Ruth,Kimani,ruth.kimani56559@students.ac.ke
56560,Robert,Juma,robert.juma56560@college.ac.ke
56561,Julian,Akumu,julian.akumu56561@school.ac.ke
56562,Harriet,Otieno,harriet.otieno56562@college.ac.ke
56563,Betty,Koech,betty.koech56563@uni.ac.ke
56564,Simon,Adhiambo,simon.adhiambo56564@academy.ac.ke
56565,Betty,Okello,betty.okello56565@academy.ac.ke
56566,David,Gathoni,david.gathoni56566@students.ac.ke
56567,Irene,Mwenda,irene.mwenda56567@school.ac.ke
56568,Janet,Ruto,janet.ruto56568@school.ac.ke
56569,Isaac,Nzomo,isaac.nzomo56569@students.ac.ke
56570,Beatrice,Kasyoka,beatrice.kasyoka56570@students.ac.ke
56571,Kenneth,Gichuki,kenneth.gichuki56571@school.ac.ke
56572,Beatrice,Akumu,beatrice.akumu56572@students.ac.ke
56573,Hope,Koech,hope.koech56573@academy.ac.ke
56574,Gordon,Gichuki,gordon.gichuki56574@school.ac.ke
56575,Lewis,Ogolla,lewis.ogolla56575@students.ac.ke
56576,Florence,Ogolla,florence.ogolla56576@school.ac.ke
56577,Betty,Abdi,betty.abdi56577@uni.ac.ke
56578,Irene,Kyalo,irene.kyalo56578@college.ac.ke
56579,Peter,Muturi,peter.muturi56579@college.ac.ke
56580,Quentin,Musyoka,quentin.musyoka56580@college.ac.ke
56581,Douglas,Kasyoka,douglas.kasyoka56581@academy.ac.ke
56582,Francis,Ruto,francis.ruto56582@academy.ac.ke
56583,Lydia,Nduku,lydia.nduku56583@academy.ac.ke
56584,Paul,Mwenda,paul.mwenda56584@college.ac.ke
56585,Carol,Nduku,carol.nduku56585@academy.ac.ke
56586,Joseph,Owino,joseph.owino56586@students.ac.ke
56587,William,Kimani,william.kimani56587@college.ac.ke
56588,Eric,Lagat,eric.lagat56588@academy.ac.ke
56589,Hannah,Musa,hannah.musa56589@academy.ac.ke
56590,Joseph,Yusuf,joseph.yusuf56590@college.ac.ke
56591,Joyce,Onyango,joyce.onyango56591@students.ac.ke
56592,Alice,Rotich,alice.rotich56592@academy.ac.ke
56593,Esther,Lagat,esther.lagat56593@academy.ac.ke
56594,Eric,Mwenda,eric.mwenda56594@uni.ac.ke
56595,Samuel,Awuor,samuel.awuor56595@college.ac.ke
56596,Eleanor,Ndegwa,eleanor.ndegwa56596@students.ac.ke
56597,Mary,Farah,mary.farah56597@academy.ac.ke
56598,Quentin,Omar,quentin.omar56598@students.ac.ke
56599,Philip,Mwangi,philip.mwangi56599@uni.ac.ke
56600,Helen,Musyoka,helen.musyoka56600@uni.ac.ke
56601,Gloria,Nzomo,gloria.nzomo56601@uni.ac.ke
56602,Lydia,Okello,lydia.okello56602@academy.ac.ke
56603,Brian,Muturi,brian.muturi56603@academy.ac.ke
56604,Ivan,Nzomo,ivan.nzomo56604@college.ac.ke
56605,Kevin,Mutua,kevin.mutua56605@students.ac.ke
56606,Carol,Ngetich,carol.ngetich56606@academy.ac.ke
56607,Jacob,Adhiambo,jacob.adhiambo56607@college.ac.ke
56608,Betty,Wanjiku,betty.wanjiku56608@students.ac.ke
56609,Hannah,Gitau,hannah.gitau56609@uni.ac.ke
56610,Victor,Odhiambo,victor.odhiambo56610@students.ac.ke
56611,Janet,Adhiambo,janet.adhiambo56611@college.ac.ke
56612,Frances,Abdi,frances.abdi56612@academy.ac.ke
56613,Jacob,Odhiambo,jacob.odhiambo56613@college.ac.ke
56614,Naomi,Farah,naomi.farah56614@college.ac.ke
56615,Carol,Ochieng,carol.ochieng56615@uni.ac.ke
56616,Catherine,Gathoni,catherine.gathoni56616@students.ac.ke
56617,Catherine,Ngetich,catherine.ngetich56617@academy.ac.ke
56618,Diana,Ruto,diana.ruto56618@students.ac.ke
56619,Charles,Kimani,charles.kimani56619@academy.ac.ke
56620,Gloria,Lagat,gloria.lagat56620@academy.ac.ke
56621,Carol,Omar,carol.omar56621@school.ac.ke
56622,Hannah,Musyoka,hannah.musyoka56622@school.ac.ke
56623,Harriet,Gitonga,harriet.gitonga56623@students.ac.ke
56624,Moses,Njoroge,moses.njoroge56624@college.ac.ke
56625,Raymond,Gitonga,raymond.gitonga56625@school.ac.ke
56626,Paul,Musyoka,paul.musyoka56626@uni.ac.ke
56627,Adrian,Kiptoo,adrian.kiptoo56627@school.ac.ke
56628,Irene,Awuor,irene.awuor56628@students.ac.ke
56629,Samuel,Njoroge,samuel.njoroge56629@college.ac.ke
56630,Edith,Bett,edith.bett56630@uni.ac.ke
56631,Joseph,Farah,joseph.farah56631@school.ac.ke
56632,Catherine,Juma,catherine.juma56632@students.ac.ke
56633,Francis,Gitonga,francis.gitonga56633@students.ac.ke
56634,Adrian,Chebet,adrian.chebet56634@uni.ac.ke
56635,Janet,Awuor,janet.awuor56635@uni.ac.ke
56636,Daniel,Juma,daniel.juma56636@students.ac.ke
56637,Francis,Bett,francis.bett56637@students.ac.ke
56638,Alice,Mwenda,alice.mwenda56638@college.ac.ke
56639,Michael,Kinyua,michael.kinyua56639@students.ac.ke
56640,Thomas,Farah,thomas.farah56640@uni.ac.ke
56641,Moses,Onyango,moses.onyango56641@uni.ac.ke
56642,Jacob,Lagat,jacob.lagat56642@uni.ac.ke
56643,Irene,Awuor,irene.awuor56643@school.ac.ke
56644,Faith,Onyango,faith.onyango56644@college.ac.ke
56645,Esther,Juma,esther.juma56645@academy.ac.ke
56646,Florence,Kiprotich,florence.kiprotich56646@school.ac.ke
56647,Edwin,Ogolla,edwin.ogolla56647@uni.ac.ke
56648,Oscar,Musyoka,oscar.musyoka56648@uni.ac.ke
56649,Helen,Mutisya,helen.mutisya56649@uni.ac.ke
56650,Helen,Musyoka,helen.musyoka56650@academy.ac.ke
56651,Kevin,Ibrahim,kevin.ibrahim56651@college.ac.ke
56652,Catherine,Wanjiku,catherine.wanjiku56652@students.ac.ke
56653,Irene,Kyalo,irene.kyalo56653@uni.ac.ke
56654,Thomas,Akumu,thomas.akumu56654@school.ac.ke
56655,Harriet,Mutua,harriet.mutua56655@uni.ac.ke
56656,Hannah,Kasyoka,hannah.kasyoka56656@students.ac.ke
56657,Francis,Chebet,francis.chebet56657@academy.ac.ke
56658,Esther,Kiptoo,esther.kiptoo56658@college.ac.ke
56659,Joy,Mwenda,joy.mwenda56659@uni.ac.ke
56660,Alice,Awuor,alice.awuor56660@students.ac.ke
56661,Brian,Njoroge,brian.njoroge56661@school.ac.ke
56662,Helen,Gichuki,helen.gichuki56662@school.ac.ke
56663,Daniel,Kamau,daniel.kamau56663@students.ac.ke
56664,Catherine,Kasyoka,catherine.kasyoka56664@uni.ac.ke
56665,Eric,Mutua,eric.mutua56665@college.ac.ke
56666,Carol,Omondi,carol.omondi56666@academy.ac.ke
56667,Simon,Mbatha,simon.mbatha56667@school.ac.ke
56668,Dennis,Musyoka,dennis.musyoka56668@uni.ac.ke
56669,Henry,Gitau,henry.gitau56669@students.ac.ke
56670,Irene,Akumu,irene.akumu56670@school.ac.ke
56671,Moses,Wairimu,moses.wairimu56671@students.ac.ke
56672,Hannah,Omar,hannah.omar56672@academy.ac.ke
56673,Lydia,Njuguna,lydia.njuguna56673@uni.ac.ke
56674,Beatrice,Mutisya,beatrice.mutisya56674@school.ac.ke
56675,Paul,Ahmed,paul.ahmed56675@college.ac.ke
56676,Irene,Okello,irene.okello56676@school.ac.ke
56677,Thomas,Achieng,thomas.achieng56677@uni.ac.ke
56678,Lydia,Owino,lydia.owino56678@uni.ac.ke
56679,Douglas,Adhiambo,douglas.adhiambo56679@school.ac.ke
56680,Grace,Awuor,grace.awuor56680@school.ac.ke
56681,Joseph,Omondi,joseph.omondi56681@college.ac.ke
56682,James,Njuguna,james.njuguna56682@uni.ac.ke
56683,Raymond,Ndegwa,raymond.ndegwa56683@academy.ac.ke
56684,Moses,Ndegwa,moses.ndegwa56684@college.ac.ke
56685,Irene,Rotich,irene.rotich56685@academy.ac.ke
56686,Harold,Kasyoka,harold.kasyoka56686@academy.ac.ke
56687,Grace,Ogolla,grace.ogolla56687@school.ac.ke
56688,Edith,Juma,edith.juma56688@students.ac.ke
56689,Joy,Mwenda,joy.mwenda56689@school.ac.ke
56690,Hope,Juma,hope.juma56690@academy.ac.ke
56691,Moses,Wairimu,moses.wairimu56691@school.ac.ke
56692,Raymond,Nduku,raymond.nduku56692@uni.ac.ke
56693,Victor,Adhiambo,victor.adhiambo56693@uni.ac.ke
56694,Jacob,Nduku,jacob.nduku56694@college.ac.ke
56695,Betty,Muturi,betty.muturi56695@students.ac.ke
56696,Moses,Omondi,moses.omondi56696@uni.ac.ke
56697,Catherine,Njoroge,catherine.njoroge56697@uni.ac.ke
56698,Beatrice,Nzomo,beatrice.nzomo56698@academy.ac.ke
56699,Grace,Nduku,grace.nduku56699@uni.ac.ke
56700,Irene,Omondi,irene.omondi56700@students.ac.ke
56701,Esther,Akumu,esther.akumu56701@college.ac.ke
56702,Janet,Musyoka,janet.musyoka56702@uni.ac.ke
56703,Philip,Omar,philip.omar56703@academy.ac.ke
56704,Frances,Owino,frances.owino56704@school.ac.ke
56705,Douglas,Kiprotich,douglas.kiprotich56705@students.ac.ke
56706,Gloria,Adhiambo,gloria.adhiambo56706@college.ac.ke
56707,Joyce,Omar,joyce.omar56707@school.ac.ke
56708,Hannah,Ahmed,hannah.ahmed56708@academy.ac.ke
56709,Brian,Juma,brian.juma56709@college.ac.ke
56710,Noah,Adhiambo,noah.adhiambo56710@college.ac.ke
56711,Henry,Otieno,henry.otieno56711@college.ac.ke
56712,Gordon,Awuor,gordon.awuor56712@uni.ac.ke
56713,Kenneth,Musyoka,kenneth.musyoka56713@academy.ac.ke
56714,Moses,Hassan,moses.hassan56714@uni.ac.ke
56715,Gloria,Gathoni,gloria.gathoni56715@college.ac.ke
56716,Joseph,Nduku,joseph.nduku56716@academy.ac.ke
56717,Victor,Waweru,victor.waweru56717@students.ac.ke
56718,Lewis,Mutai,lewis.mutai56718@students.ac.ke
56719,Lewis,Ruto,lewis.ruto56719@academy.ac.ke
56720,Bernard,Mwenda,bernard.mwenda56720@school.ac.ke
56721,Paul,Adhiambo,paul.adhiambo56721@school.ac.ke
56722,Grace,Owino,grace.owino56722@school.ac.ke
56723,Lewis,Kiprotich,lewis.kiprotich56723@school.ac.ke
56724,Isaac,Kamau,isaac.kamau56724@academy.ac.ke
56725,Thomas,Lagat,thomas.lagat56725@academy.ac.ke
56726,Paul,Wanjiku,paul.wanjiku56726@students.ac.ke
56727,Quentin,Waweru,quentin.waweru56727@uni.ac.ke
56728,Eric,Kamau,eric.kamau56728@school.ac.ke
56729,Bernard,Kasyoka,bernard.kasyoka56729@college.ac.ke
56730,Brian,Njoroge,brian.njoroge56730@students.ac.ke
56731,Victor,Gitonga,victor.gitonga56731@uni.ac.ke
56732,Faith,Gichuki,faith.gichuki56732@college.ac.ke
56733,David,Ngetich,david.ngetich56733@school.ac.ke
56734,Lydia,Owino,lydia.owino56734@college.ac.ke
56735,Ruth,Kinyua,ruth.kinyua56735@uni.ac.ke
56736,Raymond,Bett,raymond.bett56736@academy.ac.ke
56737,Kevin,Nduku,kevin.nduku56737@college.ac.ke
56738,Robert,Mwangi,robert.mwangi56738@school.ac.ke
56739,Esther,Njuguna,esther.njuguna56739@academy.ac.ke
56740,Esther,Kamau,esther.kamau56740@uni.ac.ke
56741,Peter,Mwangi,peter.mwangi56741@school.ac.ke
56742,Harriet,Nzomo,harriet.nzomo56742@uni.ac.ke
56743,Faith,Ahmed,faith.ahmed56743@students.ac.ke
56744,David,Mutisya,david.mutisya56744@college.ac.ke
56745,Philip,Waweru,philip.waweru56745@uni.ac.ke
56746,John,Mutai,john.mutai56746@academy.ac.ke
56747,Eric,Mutai,eric.mutai56747@uni.ac.ke
56748,Grace,Yusuf,grace.yusuf56748@school.ac.ke
56749,Irene,Gichuki,irene.gichuki56749@academy.ac.ke
56750,Douglas,Ndegwa,douglas.ndegwa56750@students.ac.ke
56751,Philip,Kasyoka,philip.kasyoka56751@students.ac.ke
56752,Michael,Owino,michael.owino56752@students.ac.ke
56753,Raymond,Okello,raymond.okello56753@academy.ac.ke
56754,Quentin,Abdi,quentin.abdi56754@academy.ac.ke
56755,Lewis,Mwangi,lewis.mwangi56755@uni.ac.ke
56756,Isaac,Ibrahim,isaac.ibrahim56756@school.ac.ke
56757,Grace,Muturi,grace.muturi56757@college.ac.ke
56758,Douglas,Ahmed,douglas.ahmed56758@academy.ac.ke
56759,Joyce,Achieng,joyce.achieng56759@students.ac.ke
56760,Irene,Ogolla,irene.ogolla56760@students.ac.ke
56761,Agnes,Kyalo,agnes.kyalo56761@academy.ac.ke
56762,Kenneth,Khalid,kenneth.khalid56762@uni.ac.ke
56763,Dorothy,Ruto,dorothy.ruto56763@students.ac.ke
56764,Diana,Farah,diana.farah56764@college.ac.ke
56765,Irene,Mbatha,irene.mbatha56765@college.ac.ke
56766,William,Juma,william.juma56766@school.ac.ke
56767,Florence,Koech,florence.koech56767@academy.ac.ke
56768,Gordon,Wanjiku,gordon.wanjiku56768@school.ac.ke
56769,Francis,Ogolla,francis.ogolla56769@academy.ac.ke
56770,Grace,Khalid,grace.khalid56770@school.ac.ke
56771,Quentin,Akumu,quentin.akumu56771@academy.ac.ke
56772,Helen,Mutisya,helen.mutisya56772@school.ac.ke
56773,Frances,Nzomo,frances.nzomo56773@academy.ac.ke
56774,Hope,Waweru,hope.waweru56774@school.ac.ke
56775,Mary,Gathoni,mary.gathoni56775@college.ac.ke
56776,Grace,Muturi,grace.muturi56776@students.ac.ke
56777,Raymond,Odhiambo,raymond.odhiambo56777@academy.ac.ke
56778,Eleanor,Kiptoo,eleanor.kiptoo56778@uni.ac.ke
56779,Frances,Ogolla,frances.ogolla56779@college.ac.ke
56780,Moses,Gichuki,moses.gichuki56780@school.ac.ke
56781,Francis,Lagat,francis.lagat56781@school.ac.ke
56782,David,Odhiambo,david.odhiambo56782@academy.ac.ke
56783,James,Khalid,james.khalid56783@uni.ac.ke
56784,Samuel,Maina,samuel.maina56784@school.ac.ke
56785,Francis,Musa,francis.musa56785@college.ac.ke
56786,Lydia,Njuguna,lydia.njuguna56786@college.ac.ke
56787,Kenneth,Awuor,kenneth.awuor56787@students.ac.ke
56788,Edwin,Akumu,edwin.akumu56788@uni.ac.ke
56789,Francis,Maina,francis.maina56789@uni.ac.ke
56790,Alice,Koech,alice.koech56790@academy.ac.ke
56791,Gloria,Gichuki,gloria.gichuki56791@college.ac.ke
56792,Lydia,Akumu,lydia.akumu56792@academy.ac.ke
56793,Gloria,Owino,gloria.owino56793@college.ac.ke
56794,Quentin,Kyalo,quentin.kyalo56794@college.ac.ke
56795,Gordon,Omondi,gordon.omondi56795@school.ac.ke
56796,Henry,Juma,henry.juma56796@students.ac.ke
56797,Janet,Kyalo,janet.kyalo56797@uni.ac.ke
56798,Eleanor,Njoroge,eleanor.njoroge56798@students.ac.ke
56799,Moses,Achieng,moses.achieng56799@college.ac.ke
56800,Dennis,Kamau,dennis.kamau56800@academy.ac.ke
56801,Edwin,Achieng,edwin.achieng56801@college.ac.ke
56802,Eric,Awuor,eric.awuor56802@academy.ac.ke
56803,Eleanor,Maina,eleanor.maina56803@school.ac.ke
56804,Victor,Adhiambo,victor.adhiambo56804@academy.ac.ke
56805,Kevin,Ogolla,kevin.ogolla56805@uni.ac.ke
56806,Agnes,Ogolla,agnes.ogolla56806@school.ac.ke
56807,Gordon,Omar,gordon.omar56807@students.ac.ke
56808,Faith,Mbatha,faith.mbatha56808@college.ac.ke
56809,Florence,Kasyoka,florence.kasyoka56809@college.ac.ke
56810,Paul,Kiptoo,paul.kiptoo56810@academy.ac.ke
56811,Esther,Kimani,esther.kimani56811@academy.ac.ke
56812,Harriet,Achieng,harriet.achieng56812@academy.ac.ke
56813,Grace,Muturi,grace.muturi56813@uni.ac.ke
56814,Ivan,Akumu,ivan.akumu56814@academy.ac.ke
56815,John,Kiprotich,john.kiprotich56815@academy.ac.ke
56816,Edith,Mwangi,edith.mwangi56816@college.ac.ke
56817,Hannah,Mutisya,hannah.mutisya56817@college.ac.ke
56818,Samuel,Mutua,samuel.mutua56818@school.ac.ke
56819,Eleanor,Nduku,eleanor.nduku56819@uni.ac.ke
56820,Moses,Mutua,moses.mutua56820@students.ac.ke
56821,Isaac,Kimani,isaac.kimani56821@college.ac.ke
56822,Michael,Ndegwa,michael.ndegwa56822@academy.ac.ke
56823,Irene,Adhiambo,irene.adhiambo56823@uni.ac.ke
56824,David,Njuguna,david.njuguna56824@uni.ac.ke
56825,Betty,Kiptoo,betty.kiptoo56825@school.ac.ke
56826,Eric,Kimani,eric.kimani56826@academy.ac.ke
56827,Victor,Wanjiku,victor.wanjiku56827@students.ac.ke
56828,Adrian,Ngetich,adrian.ngetich56828@uni.ac.ke
56829,Charles,Mbatha,charles.mbatha56829@college.ac.ke
56830,Hope,Gichuki,hope.gichuki56830@students.ac.ke
56831,David,Waweru,david.waweru56831@college.ac.ke
56832,Daniel,Odhiambo,daniel.odhiambo56832@uni.ac.ke
56833,Harriet,Waweru,harriet.waweru56833@college.ac.ke
56834,Peter,Hassan,peter.hassan56834@school.ac.ke
56835,Oscar,Juma,oscar.juma56835@school.ac.ke
56836,Gladys,Muturi,gladys.muturi56836@academy.ac.ke
56837,Quentin,Omar,quentin.omar56837@school.ac.ke
56838,Brian,Odhiambo,brian.odhiambo56838@college.ac.ke
56839,Mary,Nduku,mary.nduku56839@academy.ac.ke
56840,William,Gitau,william.gitau56840@college.ac.ke
56841,Dorothy,Ibrahim,dorothy.ibrahim56841@students.ac.ke
56842,Francis,Musa,francis.musa56842@students.ac.ke
56843,Thomas,Ndegwa,thomas.ndegwa56843@academy.ac.ke
56844,Grace,Wairimu,grace.wairimu56844@academy.ac.ke
56845,Daniel,Nduku,daniel.nduku56845@academy.ac.ke
56846,Samuel,Waweru,samuel.waweru56846@academy.ac.ke
56847,Jacob,Ndegwa,jacob.ndegwa56847@uni.ac.ke
56848,George,Njoki,george.njoki56848@uni.ac.ke
56849,Beatrice,Mbatha,beatrice.mbatha56849@college.ac.ke
56850,Dorothy,Mutua,dorothy.mutua56850@academy.ac.ke
56851,Noah,Kamau,noah.kamau56851@students.ac.ke
56852,Douglas,Chebet,douglas.chebet56852@academy.ac.ke
56853,Gloria,Nzomo,gloria.nzomo56853@college.ac.ke
56854,Kenneth,Njuguna,kenneth.njuguna56854@students.ac.ke
56855,Henry,Ngetich,henry.ngetich56855@academy.ac.ke
56856,Edith,Mwenda,edith.mwenda56856@college.ac.ke
56857,Naomi,Onyango,naomi.onyango56857@uni.ac.ke
56858,James,Omondi,james.omondi56858@students.ac.ke
56859,Raymond,Muturi,raymond.muturi56859@academy.ac.ke
56860,Moses,Kamau,moses.kamau56860@school.ac.ke
56861,Edith,Mumo,edith.mumo56861@college.ac.ke
56862,Daniel,Ngetich,daniel.ngetich56862@college.ac.ke
56863,Moses,Farah,moses.farah56863@students.ac.ke
56864,Kevin,Odhiambo,kevin.odhiambo56864@college.ac.ke
56865,Betty,Njoroge,betty.njoroge56865@school.ac.ke
56866,Diana,Ngetich,diana.ngetich56866@uni.ac.ke
56867,James,Lagat,james.lagat56867@uni.ac.ke
56868,Gladys,Nduku,gladys.nduku56868@uni.ac.ke
56869,Kenneth,Achieng,kenneth.achieng56869@college.ac.ke
56870,Victor,Kasyoka,victor.kasyoka56870@students.ac.ke
56871,Moses,Ruto,moses.ruto56871@academy.ac.ke
56872,Simon,Chebet,simon.chebet56872@academy.ac.ke
56873,Frances,Wairimu,frances.wairimu56873@school.ac.ke
56874,Michael,Njoroge,michael.njoroge56874@academy.ac.ke
56875,Paul,Wanjiku,paul.wanjiku56875@students.ac.ke
56876,Charles,Ogolla,charles.ogolla56876@students.ac.ke
56877,Harriet,Khalid,harriet.khalid56877@students.ac.ke
56878,Quentin,Mwangi,quentin.mwangi56878@college.ac.ke
56879,Catherine,Kyalo,catherine.kyalo56879@students.ac.ke
56880,Joseph,Khalid,joseph.khalid56880@academy.ac.ke
56881,Diana,Bett,diana.bett56881@college.ac.ke
56882,Esther,Gathoni,esther.gathoni56882@students.ac.ke
56883,Charles,Akumu,charles.akumu56883@school.ac.ke
56884,Julian,Gathoni,julian.gathoni56884@uni.ac.ke
56885,Gordon,Akumu,gordon.akumu56885@school.ac.ke
56886,Diana,Kyalo,diana.kyalo56886@school.ac.ke
56887,Julian,Kinyua,julian.kinyua56887@students.ac.ke
56888,Thomas,Kiprotich,thomas.kiprotich56888@college.ac.ke
56889,James,Maina,james.maina56889@school.ac.ke
56890,Ruth,Gitau,ruth.gitau56890@uni.ac.ke
56891,Grace,Gitau,grace.gitau56891@school.ac.ke
56892,Joseph,Kamau,joseph.kamau56892@school.ac.ke
56893,David,Mbatha,david.mbatha56893@school.ac.ke
56894,Kevin,Musa,kevin.musa56894@college.ac.ke
56895,Beatrice,Koech,beatrice.koech56895@academy.ac.ke
56896,Peter,Yusuf,peter.yusuf56896@school.ac.ke
56897,Edith,Onyango,edith.onyango56897@college.ac.ke
56898,Oscar,Omondi,oscar.omondi56898@uni.ac.ke
56899,Robert,Mutai,robert.mutai56899@uni.ac.ke
56900,Simon,Omar,simon.omar56900@uni.ac.ke
56901,Henry,Achieng,henry.achieng56901@college.ac.ke
56902,Agnes,Kariuki,agnes.kariuki56902@uni.ac.ke
56903,Peter,Yusuf,peter.yusuf56903@academy.ac.ke
56904,Florence,Adhiambo,florence.adhiambo56904@college.ac.ke
56905,Ivan,Kariuki,ivan.kariuki56905@students.ac.ke
56906,James,Wairimu,james.wairimu56906@college.ac.ke
56907,Charles,Juma,charles.juma56907@students.ac.ke
56908,Beatrice,Adhiambo,beatrice.adhiambo56908@college.ac.ke
56909,Naomi,Musyoka,naomi.musyoka56909@school.ac.ke
56910,Mary,Koech,mary.koech56910@college.ac.ke
56911,George,Farah,george.farah56911@school.ac.ke
56912,Joy,Okello,joy.okello56912@academy.ac.ke
56913,Eric,Odhiambo,eric.odhiambo56913@uni.ac.ke
56914,Noah,Abdi,noah.abdi56914@school.ac.ke
56915,David,Njoki,david.njoki56915@school.ac.ke
56916,Philip,Achieng,philip.achieng56916@uni.ac.ke
56917,Naomi,Mwangi,naomi.mwangi56917@college.ac.ke
56918,Kenneth,Musyoka,kenneth.musyoka56918@academy.ac.ke
56919,Raymond,Yusuf,raymond.yusuf56919@students.ac.ke
56920,Charles,Adhiambo,charles.adhiambo56920@school.ac.ke
56921,Catherine,Ahmed,catherine.ahmed56921@uni.ac.ke
56922,Robert,Njoroge,robert.njoroge56922@academy.ac.ke
56923,Dennis,Kasyoka,dennis.kasyoka56923@school.ac.ke
56924,Brian,Muturi,brian.muturi56924@uni.ac.ke
56925,Jacob,Kamau,jacob.kamau56925@academy.ac.ke
56926,Jacob,Kariuki,jacob.kariuki56926@students.ac.ke
56927,Faith,Gichuki,faith.gichuki56927@college.ac.ke
56928,Ruth,Omondi,ruth.omondi56928@students.ac.ke
56929,Simon,Farah,simon.farah56929@school.ac.ke
56930,Douglas,Juma,douglas.juma56930@uni.ac.ke
56931,Kevin,Muturi,kevin.muturi56931@students.ac.ke
56932,Eric,Kasyoka,eric.kasyoka56932@uni.ac.ke
56933,Bernard,Yusuf,bernard.yusuf56933@college.ac.ke
56934,Oscar,Chebet,oscar.chebet56934@college.ac.ke
56935,Dennis,Ibrahim,dennis.ibrahim56935@students.ac.ke
56936,Catherine,Awuor,catherine.awuor56936@college.ac.ke
56937,Gladys,Muturi,gladys.muturi56937@academy.ac.ke
56938,Harold,Chebet,harold.chebet56938@school.ac.ke
56939,Quentin,Koech,quentin.koech56939@students.ac.ke
56940,Dennis,Nduku,dennis.nduku56940@college.ac.ke
56941,Ruth,Nduku,ruth.nduku56941@college.ac.ke
56942,Lewis,Kasyoka,lewis.kasyoka56942@uni.ac.ke
56943,Simon,Mbatha,simon.mbatha56943@students.ac.ke
56944,Douglas,Kinyua,douglas.kinyua56944@college.ac.ke
56945,James,Kamau,james.kamau56945@uni.ac.ke
56946,Agnes,Mumo,agnes.mumo56946@students.ac.ke
56947,Charles,Mwenda,charles.mwenda56947@school.ac.ke
56948,Noah,Kyalo,noah.kyalo56948@students.ac.ke
56949,Oscar,Kasyoka,oscar.kasyoka56949@college.ac.ke
56950,Noah,Gitonga,noah.gitonga56950@college.ac.ke
56951,Gordon,Kimani,gordon.kimani56951@school.ac.ke
56952,Julian,Otieno,julian.otieno56952@school.ac.ke
56953,Brian,Nduku,brian.nduku56953@school.ac.ke
56954,Catherine,Nduku,catherine.nduku56954@academy.ac.ke
56955,Noah,Bett,noah.bett56955@academy.ac.ke
56956,Helen,Ndegwa,helen.ndegwa56956@students.ac.ke
56957,Florence,Njuguna,florence.njuguna56957@school.ac.ke
56958,Charles,Kiptoo,charles.kiptoo56958@college.ac.ke
56959,Oscar,Achieng,oscar.achieng56959@students.ac.ke
56960,Eleanor,Njoroge,eleanor.njoroge56960@students.ac.ke
56961,Dorothy,Rotich,dorothy.rotich56961@college.ac.ke
56962,William,Kariuki,william.kariuki56962@students.ac.ke
56963,Harriet,Ogolla,harriet.ogolla56963@school.ac.ke
56964,Harriet,Koech,harriet.koech56964@school.ac.ke
56965,Edwin,Kariuki,edwin.kariuki56965@college.ac.ke
56966,Bernard,Ndegwa,bernard.ndegwa56966@college.ac.ke
56967,Paul,Kyalo,paul.kyalo56967@school.ac.ke
56968,Dorothy,Koech,dorothy.koech56968@college.ac.ke
56969,Faith,Onyango,faith.onyango56969@students.ac.ke
56970,Peter,Kimani,peter.kimani56970@students.ac.ke
56971,Janet,Mutai,janet.mutai56971@uni.ac.ke
56972,Simon,Yusuf,simon.yusuf56972@students.ac.ke
56973,Daniel,Ochieng,daniel.ochieng56973@school.ac.ke
56974,Kenneth,Ochieng,kenneth.ochieng56974@school.ac.ke
56975,Diana,Kamau,diana.kamau56975@academy.ac.ke
56976,George,Ogolla,george.ogolla56976@students.ac.ke
56977,Gladys,Omondi,gladys.omondi56977@school.ac.ke
56978,Dennis,Chebet,dennis.chebet56978@uni.ac.ke
56979,Esther,Kamau,esther.kamau56979@uni.ac.ke
56980,Douglas,Kinyua,douglas.kinyua56980@college.ac.ke
56981,Gordon,Chebet,gordon.chebet56981@school.ac.ke
56982,Henry,Adhiambo,henry.adhiambo56982@college.ac.ke
56983,John,Omar,john.omar56983@uni.ac.ke
56984,George,Mbatha,george.mbatha56984@school.ac.ke
56985,Janet,Musyoka,janet.musyoka56985@school.ac.ke
56986,Helen,Njoki,helen.njoki56986@school.ac.ke
56987,Faith,Yusuf,faith.yusuf56987@uni.ac.ke
56988,Betty,Yusuf,betty.yusuf56988@college.ac.ke
56989,Eric,Wanjiku,eric.wanjiku56989@uni.ac.ke
56990,Alice,Mumo,alice.mumo56990@students.ac.ke
56991,Bernard,Njoroge,bernard.njoroge56991@uni.ac.ke
56992,Naomi,Musyoka,naomi.musyoka56992@college.ac.ke
56993,Beatrice,Abdi,beatrice.abdi56993@uni.ac.ke
56994,Grace,Abdi,grace.abdi56994@students.ac.ke
56995,Gladys,Musa,gladys.musa56995@uni.ac.ke
56996,Eric,Kimani,eric.kimani56996@school.ac.ke
56997,Agnes,Mbatha,agnes.mbatha56997@students.ac.ke
56998,Francis,Wanjiku,francis.wanjiku56998@students.ac.ke
56999,Edwin,Ngetich,edwin.ngetich56999@school.ac.ke
57000,Lydia,Ngetich,lydia.ngetich57000@uni.ac.ke
57001,Edwin,Ochieng,edwin.ochieng57001@school.ac.ke
57002,Gloria,Njuguna,gloria.njuguna57002@college.ac.ke
57003,Harold,Omar,harold.omar57003@school.ac.ke
57004,Quentin,Okello,quentin.okello57004@school.ac.ke
57005,Catherine,Ochieng,catherine.ochieng57005@school.ac.ke
57006,Charles,Ruto,charles.ruto57006@college.ac.ke
57007,Jacob,Ibrahim,jacob.ibrahim57007@uni.ac.ke
57008,Bernard,Mutua,bernard.mutua57008@school.ac.ke
57009,Mary,Ochieng,mary.ochieng57009@school.ac.ke
57010,Moses,Onyango,moses.onyango57010@college.ac.ke
57011,Joy,Awuor,joy.awuor57011@uni.ac.ke
57012,William,Nduku,william.nduku57012@school.ac.ke
57013,Simon,Lagat,simon.lagat57013@college.ac.ke
57014,Florence,Gathoni,florence.gathoni57014@college.ac.ke
57015,Simon,Achieng,simon.achieng57015@students.ac.ke
57016,Janet,Ruto,janet.ruto57016@college.ac.ke
57017,Edwin,Koech,edwin.koech57017@uni.ac.ke
57018,Quentin,Musyoka,quentin.musyoka57018@academy.ac.ke
57019,Paul,Omar,paul.omar57019@academy.ac.ke
57020,Simon,Hassan,simon.hassan57020@school.ac.ke
57021,Gladys,Njuguna,gladys.njuguna57021@academy.ac.ke
57022,Hope,Koech,hope.koech57022@uni.ac.ke
57023,Peter,Kyalo,peter.kyalo57023@students.ac.ke
57024,William,Kyalo,william.kyalo57024@academy.ac.ke
57025,James,Koech,james.koech57025@college.ac.ke
57026,Naomi,Gitau,naomi.gitau57026@school.ac.ke
57027,Peter,Achieng,peter.achieng57027@academy.ac.ke
57028,Harriet,Odhiambo,harriet.odhiambo57028@school.ac.ke
57029,Michael,Juma,michael.juma57029@students.ac.ke
57030,Lewis,Nzomo,lewis.nzomo57030@college.ac.ke
57031,James,Khalid,james.khalid57031@academy.ac.ke
57032,Francis,Mbatha,francis.mbatha57032@students.ac.ke
57033,Paul,Lagat,paul.lagat57033@college.ac.ke
57034,William,Wairimu,william.wairimu57034@school.ac.ke
57035,Harold,Mwenda,harold.mwenda57035@college.ac.ke
57036,Eleanor,Mbatha,eleanor.mbatha57036@students.ac.ke
57037,John,Chebet,john.chebet57037@college.ac.ke
57038,Daniel,Kiptoo,daniel.kiptoo57038@uni.ac.ke
57039,Quentin,Gitonga,quentin.gitonga57039@academy.ac.ke
57040,Ivan,Omondi,ivan.omondi57040@uni.ac.ke
57041,Daniel,Ndegwa,daniel.ndegwa57041@college.ac.ke
57042,Bernard,Adhiambo,bernard.adhiambo57042@academy.ac.ke
57043,Naomi,Kimani,naomi.kimani57043@school.ac.ke
57044,Eleanor,Odhiambo,eleanor.odhiambo57044@school.ac.ke
57045,Samuel,Yusuf,samuel.yusuf57045@school.ac.ke
57046,Agnes,Mutai,agnes.mutai57046@school.ac.ke
57047,Janet,Gitonga,janet.gitonga57047@students.ac.ke
57048,Kevin,Kimani,kevin.kimani57048@students.ac.ke
57049,Michael,Njoki,michael.njoki57049@students.ac.ke
57050,Joyce,Kimani,joyce.kimani57050@college.ac.ke
57051,Ivan,Wanjiku,ivan.wanjiku57051@college.ac.ke
57052,Beatrice,Mwenda,beatrice.mwenda57052@college.ac.ke
57053,Raymond,Ibrahim,raymond.ibrahim57053@uni.ac.ke
57054,James,Ngetich,james.ngetich57054@academy.ac.ke
57055,Diana,Mbatha,diana.mbatha57055@students.ac.ke
57056,Joy,Mwenda,joy.mwenda57056@uni.ac.ke
57057,Eric,Adhiambo,eric.adhiambo57057@students.ac.ke
57058,Agnes,Achieng,agnes.achieng57058@academy.ac.ke
57059,Harold,Musyoka,harold.musyoka57059@college.ac.ke
57060,Peter,Gichuki,peter.gichuki57060@uni.ac.ke
57061,Kevin,Rotich,kevin.rotich57061@college.ac.ke
57062,Kevin,Okello,kevin.okello57062@school.ac.ke
57063,Ivan,Abdi,ivan.abdi57063@uni.ac.ke
57064,Harriet,Achieng,harriet.achieng57064@college.ac.ke
57065,Henry,Maina,henry.maina57065@students.ac.ke
57066,Gordon,Ogolla,gordon.ogolla57066@school.ac.ke
57067,Mary,Gathoni,mary.gathoni57067@academy.ac.ke
57068,Raymond,Lagat,raymond.lagat57068@academy.ac.ke
57069,Helen,Yusuf,helen.yusuf57069@students.ac.ke
57070,Dennis,Kamau,dennis.kamau57070@uni.ac.ke
57071,Faith,Khalid,faith.khalid57071@academy.ac.ke
57072,Raymond,Muturi,raymond.muturi57072@college.ac.ke
57073,Eleanor,Kimani,eleanor.kimani57073@students.ac.ke
57074,Grace,Farah,grace.farah57074@school.ac.ke
57075,Eric,Koech,eric.koech57075@uni.ac.ke
57076,Gordon,Abdi,gordon.abdi57076@students.ac.ke
57077,Gloria,Mutai,gloria.mutai57077@uni.ac.ke
57078,Paul,Gathoni,paul.gathoni57078@uni.ac.ke
57079,Charles,Mumo,charles.mumo57079@school.ac.ke
57080,Janet,Odhiambo,janet.odhiambo57080@uni.ac.ke
57081,Eric,Owino,eric.owino57081@students.ac.ke
57082,Oscar,Wanjiku,oscar.wanjiku57082@students.ac.ke
57083,Joyce,Nduku,joyce.nduku57083@academy.ac.ke
57084,Lewis,Yusuf,lewis.yusuf57084@academy.ac.ke
57085,George,Njoroge,george.njoroge57085@students.ac.ke
57086,Irene,Kyalo,irene.kyalo57086@academy.ac.ke
57087,Francis,Ruto,francis.ruto57087@school.ac.ke
57088,Douglas,Mbatha,douglas.mbatha57088@college.ac.ke
57089,Oscar,Mumo,oscar.mumo57089@academy.ac.ke
57090,Eric,Mwenda,eric.mwenda57090@uni.ac.ke
57091,Gloria,Adhiambo,gloria.adhiambo57091@school.ac.ke
57092,Charles,Njuguna,charles.njuguna57092@college.ac.ke
57093,Ivan,Kinyua,ivan.kinyua57093@uni.ac.ke
57094,Michael,Mwenda,michael.mwenda57094@uni.ac.ke
57095,Moses,Kiptoo,moses.kiptoo57095@school.ac.ke
57096,Catherine,Kasyoka,catherine.kasyoka57096@school.ac.ke
57097,Agnes,Gichuki,agnes.gichuki57097@students.ac.ke
57098,Joy,Khalid,joy.khalid57098@school.ac.ke
57099,Daniel,Bett,daniel.bett57099@academy.ac.ke
57100,Daniel,Otieno,daniel.otieno57100@college.ac.ke
57101,Noah,Mutai,noah.mutai57101@students.ac.ke
57102,Lewis,Mwangi,lewis.mwangi57102@students.ac.ke
57103,Janet,Maina,janet.maina57103@uni.ac.ke
57104,George,Koech,george.koech57104@students.ac.ke
57105,Florence,Koech,florence.koech57105@academy.ac.ke
57106,Henry,Gichuki,henry.gichuki57106@college.ac.ke
57107,Francis,Mwangi,francis.mwangi57107@uni.ac.ke
57108,Beatrice,Ogolla,beatrice.ogolla57108@students.ac.ke
57109,Harriet,Khalid,harriet.khalid57109@school.ac.ke
57110,Alice,Kasyoka,alice.kasyoka57110@uni.ac.ke
57111,Janet,Kamau,janet.kamau57111@college.ac.ke
57112,Robert,Wairimu,robert.wairimu57112@academy.ac.ke
57113,Florence,Owino,florence.owino57113@students.ac.ke
57114,Bernard,Gitau,bernard.gitau57114@students.ac.ke
57115,Philip,Gichuki,philip.gichuki57115@students.ac.ke
57116,Quentin,Otieno,quentin.otieno57116@uni.ac.ke
57117,Michael,Gichuki,michael.gichuki57117@academy.ac.ke
57118,James,Farah,james.farah57118@college.ac.ke
57119,Thomas,Mwangi,thomas.mwangi57119@college.ac.ke
57120,Philip,Lagat,philip.lagat57120@uni.ac.ke
57121,Thomas,Mutua,thomas.mutua57121@college.ac.ke
57122,Charles,Mumo,charles.mumo57122@college.ac.ke
57123,Irene,Omar,irene.omar57123@uni.ac.ke
57124,Joyce,Ibrahim,joyce.ibrahim57124@uni.ac.ke
57125,Catherine,Achieng,catherine.achieng57125@academy.ac.ke
57126,Eric,Ahmed,eric.ahmed57126@academy.ac.ke
57127,Carol,Kyalo,carol.kyalo57127@school.ac.ke
57128,Ivan,Mutua,ivan.mutua57128@academy.ac.ke
57129,Alice,Gitau,alice.gitau57129@school.ac.ke
57130,Hannah,Ogolla,hannah.ogolla57130@uni.ac.ke
57131,Harold,Ogolla,harold.ogolla57131@students.ac.ke
57132,James,Juma,james.juma57132@college.ac.ke
57133,Noah,Mwenda,noah.mwenda57133@college.ac.ke
57134,Julian,Gathoni,julian.gathoni57134@academy.ac.ke
57135,Henry,Ogolla,henry.ogolla57135@uni.ac.ke
57136,Edwin,Mutua,edwin.mutua57136@college.ac.ke
57137,Moses,Njuguna,moses.njuguna57137@college.ac.ke
57138,Samuel,Bett,samuel.bett57138@school.ac.ke
57139,Eleanor,Yusuf,eleanor.yusuf57139@academy.ac.ke
57140,Simon,Yusuf,simon.yusuf57140@college.ac.ke
57141,Philip,Akumu,philip.akumu57141@students.ac.ke
57142,Ivan,Juma,ivan.juma57142@uni.ac.ke
57143,Gordon,Njuguna,gordon.njuguna57143@school.ac.ke
57144,Frances,Omondi,frances.omondi57144@school.ac.ke
57145,Philip,Musyoka,philip.musyoka57145@uni.ac.ke
57146,Florence,Nzomo,florence.nzomo57146@students.ac.ke
57147,Brian,Wanjiku,brian.wanjiku57147@uni.ac.ke
57148,Gordon,Kiptoo,gordon.kiptoo57148@uni.ac.ke
57149,Noah,Kiptoo,noah.kiptoo57149@students.ac.ke
57150,David,Juma,david.juma57150@college.ac.ke
57151,Paul,Owino,paul.owino57151@school.ac.ke
57152,Simon,Ibrahim,simon.ibrahim57152@college.ac.ke
57153,Charles,Njoroge,charles.njoroge57153@school.ac.ke
57154,Michael,Kyalo,michael.kyalo57154@students.ac.ke
57155,David,Waweru,david.waweru57155@college.ac.ke
57156,Betty,Lagat,betty.lagat57156@college.ac.ke
57157,Joyce,Njuguna,joyce.njuguna57157@uni.ac.ke
57158,Harriet,Gathoni,harriet.gathoni57158@college.ac.ke
57159,Beatrice,Achieng,beatrice.achieng57159@school.ac.ke
57160,Joy,Bett,joy.bett57160@uni.ac.ke
57161,Julian,Njoroge,julian.njoroge57161@college.ac.ke
57162,Paul,Gathoni,paul.gathoni57162@students.ac.ke
57163,Harold,Hassan,harold.hassan57163@academy.ac.ke
57164,Joseph,Njoki,joseph.njoki57164@school.ac.ke
57165,James,Waweru,james.waweru57165@students.ac.ke
57166,Grace,Bett,grace.bett57166@uni.ac.ke
57167,Frances,Kiptoo,frances.kiptoo57167@uni.ac.ke
57168,Charles,Bett,charles.bett57168@college.ac.ke
57169,Eleanor,Hassan,eleanor.hassan57169@academy.ac.ke
57170,Diana,Mutua,diana.mutua57170@school.ac.ke
57171,Moses,Mutisya,moses.mutisya57171@students.ac.ke
57172,Harold,Nduku,harold.nduku57172@college.ac.ke
57173,Diana,Otieno,diana.otieno57173@college.ac.ke
57174,Ivan,Farah,ivan.farah57174@college.ac.ke
57175,Michael,Mutai,michael.mutai57175@school.ac.ke
57176,Edwin,Kinyua,edwin.kinyua57176@uni.ac.ke
57177,George,Gitonga,george.gitonga57177@school.ac.ke
57178,Eric,Maina,eric.maina57178@uni.ac.ke
57179,Quentin,Odhiambo,quentin.odhiambo57179@students.ac.ke
57180,Quentin,Odhiambo,quentin.odhiambo57180@academy.ac.ke
57181,Joyce,Mbatha,joyce.mbatha57181@students.ac.ke
57182,William,Adhiambo,william.adhiambo57182@uni.ac.ke
57183,Simon,Awuor,simon.awuor57183@uni.ac.ke
57184,Dorothy,Onyango,dorothy.onyango57184@students.ac.ke
57185,Catherine,Okello,catherine.okello57185@uni.ac.ke
57186,Edith,Ogolla,edith.ogolla57186@school.ac.ke
57187,Noah,Maina,noah.maina57187@academy.ac.ke
57188,Robert,Akumu,robert.akumu57188@uni.ac.ke
57189,Henry,Kyalo,henry.kyalo57189@uni.ac.ke
57190,Edith,Gichuki,edith.gichuki57190@school.ac.ke
57191,Lewis,Owino,lewis.owino57191@college.ac.ke
57192,Edith,Adhiambo,edith.adhiambo57192@students.ac.ke
57193,Noah,Achieng,noah.achieng57193@students.ac.ke
57194,Naomi,Nzomo,naomi.nzomo57194@college.ac.ke
57195,Noah,Kamau,noah.kamau57195@academy.ac.ke
57196,Hope,Owino,hope.owino57196@college.ac.ke
57197,Raymond,Mwenda,raymond.mwenda57197@students.ac.ke
57198,Brian,Waweru,brian.waweru57198@students.ac.ke
57199,Charles,Otieno,charles.otieno57199@college.ac.ke
57200,Janet,Kamau,janet.kamau57200@college.ac.ke
57201,Edwin,Yusuf,edwin.yusuf57201@students.ac.ke
57202,Ivan,Lagat,ivan.lagat57202@academy.ac.ke
57203,Grace,Kinyua,grace.kinyua57203@students.ac.ke
57204,Hope,Nzomo,hope.nzomo57204@students.ac.ke
57205,Alice,Mwangi,alice.mwangi57205@uni.ac.ke
57206,Henry,Farah,henry.farah57206@school.ac.ke
57207,Florence,Mutisya,florence.mutisya57207@uni.ac.ke
57208,Ruth,Omondi,ruth.omondi57208@academy.ac.ke
57209,Philip,Mutua,philip.mutua57209@students.ac.ke
57210,Francis,Okello,francis.okello57210@college.ac.ke
57211,Ivan,Onyango,ivan.onyango57211@uni.ac.ke
57212,Faith,Mwenda,faith.mwenda57212@students.ac.ke
57213,Paul,Waweru,paul.waweru57213@school.ac.ke
57214,Harriet,Gathoni,harriet.gathoni57214@school.ac.ke
57215,Joyce,Wanjiku,joyce.wanjiku57215@school.ac.ke
57216,Irene,Hassan,irene.hassan57216@academy.ac.ke
57217,Faith,Okello,faith.okello57217@uni.ac.ke
57218,Bernard,Wanjiku,bernard.wanjiku57218@uni.ac.ke
57219,Esther,Nduku,esther.nduku57219@students.ac.ke
57220,Dorothy,Kasyoka,dorothy.kasyoka57220@students.ac.ke
57221,Isaac,Kiprotich,isaac.kiprotich57221@college.ac.ke
57222,Helen,Ndegwa,helen.ndegwa57222@college.ac.ke
57223,Florence,Adhiambo,florence.adhiambo57223@students.ac.ke
57224,Hannah,Ibrahim,hannah.ibrahim57224@academy.ac.ke
57225,Daniel,Njuguna,daniel.njuguna57225@college.ac.ke
57226,Agnes,Wanjiku,agnes.wanjiku57226@school.ac.ke
57227,Edith,Hassan,edith.hassan57227@uni.ac.ke
57228,Catherine,Maina,catherine.maina57228@school.ac.ke
57229,Eleanor,Maina,eleanor.maina57229@uni.ac.ke
57230,Naomi,Adhiambo,naomi.adhiambo57230@students.ac.ke
57231,Ivan,Khalid,ivan.khalid57231@college.ac.ke
57232,Adrian,Mutisya,adrian.mutisya57232@college.ac.ke
57233,Agnes,Chebet,agnes.chebet57233@college.ac.ke
57234,Harriet,Wanjiku,harriet.wanjiku57234@college.ac.ke
57235,Gladys,Mutai,gladys.mutai57235@school.ac.ke
57236,Florence,Kyalo,florence.kyalo57236@college.ac.ke
57237,Douglas,Mwenda,douglas.mwenda57237@college.ac.ke
57238,Kenneth,Njoki,kenneth.njoki57238@academy.ac.ke
57239,Edwin,Musyoka,edwin.musyoka57239@uni.ac.ke
57240,Harold,Mumo,harold.mumo57240@students.ac.ke
57241,Paul,Muturi,paul.muturi57241@school.ac.ke
57242,Esther,Farah,esther.farah57242@academy.ac.ke
57243,Ivan,Bett,ivan.bett57243@school.ac.ke
57244,Douglas,Kariuki,douglas.kariuki57244@students.ac.ke
57245,Carol,Mwangi,carol.mwangi57245@school.ac.ke
57246,Lydia,Abdi,lydia.abdi57246@school.ac.ke
57247,Samuel,Bett,samuel.bett57247@uni.ac.ke
57248,Brian,Mutai,brian.mutai57248@uni.ac.ke
57249,David,Ahmed,david.ahmed57249@uni.ac.ke
57250,Michael,Otieno,michael.otieno57250@college.ac.ke
57251,Thomas,Mwenda,thomas.mwenda57251@uni.ac.ke
57252,Peter,Gitau,peter.gitau57252@school.ac.ke
57253,Adrian,Wairimu,adrian.wairimu57253@school.ac.ke
57254,Frances,Mutua,frances.mutua57254@students.ac.ke
57255,Dorothy,Lagat,dorothy.lagat57255@students.ac.ke
57256,Bernard,Gathoni,bernard.gathoni57256@students.ac.ke
57257,Daniel,Waweru,daniel.waweru57257@academy.ac.ke
57258,Beatrice,Kariuki,beatrice.kariuki57258@students.ac.ke
57259,William,Ogolla,william.ogolla57259@students.ac.ke
57260,Lewis,Kiptoo,lewis.kiptoo57260@school.ac.ke
57261,Philip,Bett,philip.bett57261@school.ac.ke
57262,Helen,Yusuf,helen.yusuf57262@school.ac.ke
57263,Simon,Okello,simon.okello57263@college.ac.ke
57264,Brian,Wanjiku,brian.wanjiku57264@academy.ac.ke
57265,Lydia,Juma,lydia.juma57265@students.ac.ke
57266,Mary,Ogolla,mary.ogolla57266@uni.ac.ke
57267,Eric,Gathoni,eric.gathoni57267@academy.ac.ke
57268,Moses,Ochieng,moses.ochieng57268@uni.ac.ke
57269,Thomas,Omar,thomas.omar57269@students.ac.ke
57270,James,Gitau,james.gitau57270@academy.ac.ke
57271,Joseph,Lagat,joseph.lagat57271@students.ac.ke
57272,Gloria,Nzomo,gloria.nzomo57272@students.ac.ke
57273,Janet,Waweru,janet.waweru57273@college.ac.ke
57274,Hannah,Hassan,hannah.hassan57274@college.ac.ke
57275,Michael,Farah,michael.farah57275@college.ac.ke
57276,Kevin,Achieng,kevin.achieng57276@school.ac.ke
57277,Irene,Ahmed,irene.ahmed57277@uni.ac.ke
57278,Oscar,Kiptoo,oscar.kiptoo57278@college.ac.ke
57279,Carol,Chebet,carol.chebet57279@students.ac.ke
57280,Beatrice,Muturi,beatrice.muturi57280@college.ac.ke
57281,Douglas,Ngetich,douglas.ngetich57281@students.ac.ke
57282,Hope,Otieno,hope.otieno57282@college.ac.ke
57283,Gloria,Ogolla,gloria.ogolla57283@college.ac.ke
57284,Dennis,Kasyoka,dennis.kasyoka57284@school.ac.ke
57285,Carol,Onyango,carol.onyango57285@uni.ac.ke
57286,Carol,Juma,carol.juma57286@college.ac.ke
57287,Agnes,Okello,agnes.okello57287@school.ac.ke
57288,Lydia,Mutisya,lydia.mutisya57288@uni.ac.ke
57289,George,Juma,george.juma57289@academy.ac.ke
57290,Quentin,Abdi,quentin.abdi57290@academy.ac.ke
57291,Frances,Adhiambo,frances.adhiambo57291@academy.ac.ke
57292,Alice,Njuguna,alice.njuguna57292@students.ac.ke
57293,Henry,Njoroge,henry.njoroge57293@academy.ac.ke
57294,Peter,Abdi,peter.abdi57294@students.ac.ke
57295,Michael,Wanjiku,michael.wanjiku57295@academy.ac.ke
57296,George,Musa,george.musa57296@school.ac.ke
57297,Joyce,Kyalo,joyce.kyalo57297@college.ac.ke
57298,Dorothy,Kimani,dorothy.kimani57298@students.ac.ke
57299,Florence,Musa,florence.musa57299@academy.ac.ke
57300,Beatrice,Kyalo,beatrice.kyalo57300@college.ac.ke
57301,Philip,Mwenda,philip.mwenda57301@school.ac.ke
57302,Helen,Awuor,helen.awuor57302@school.ac.ke
57303,Diana,Otieno,diana.otieno57303@school.ac.ke
57304,Florence,Njoroge,florence.njoroge57304@school.ac.ke
57305,John,Chebet,john.chebet57305@academy.ac.ke
57306,John,Koech,john.koech57306@students.ac.ke
57307,Daniel,Koech,daniel.koech57307@academy.ac.ke
57308,Jacob,Otieno,jacob.otieno57308@school.ac.ke
57309,Diana,Nzomo,diana.nzomo57309@students.ac.ke
57310,David,Khalid,david.khalid57310@students.ac.ke
57311,Joy,Muturi,joy.muturi57311@school.ac.ke
57312,Dennis,Gitau,dennis.gitau57312@uni.ac.ke
57313,Lewis,Adhiambo,lewis.adhiambo57313@college.ac.ke
57314,Hannah,Rotich,hannah.rotich57314@academy.ac.ke
57315,Bernard,Gichuki,bernard.gichuki57315@school.ac.ke
57316,Edwin,Odhiambo,edwin.odhiambo57316@uni.ac.ke
57317,Kevin,Bett,kevin.bett57317@college.ac.ke
57318,Simon,Okello,simon.okello57318@students.ac.ke
57319,Jacob,Yusuf,jacob.yusuf57319@college.ac.ke
57320,Ruth,Gathoni,ruth.gathoni57320@college.ac.ke
57321,David,Owino,david.owino57321@college.ac.ke
57322,Lydia,Njoroge,lydia.njoroge57322@college.ac.ke
57323,Alice,Rotich,alice.rotich57323@academy.ac.ke
57324,Michael,Mwenda,michael.mwenda57324@students.ac.ke
57325,Alice,Kyalo,alice.kyalo57325@students.ac.ke
57326,Janet,Yusuf,janet.yusuf57326@college.ac.ke
57327,Moses,Mutai,moses.mutai57327@school.ac.ke
57328,Eric,Hassan,eric.hassan57328@students.ac.ke
57329,Diana,Kinyua,diana.kinyua57329@uni.ac.ke
57330,Thomas,Awuor,thomas.awuor57330@academy.ac.ke
57331,Carol,Nduku,carol.nduku57331@school.ac.ke
57332,Raymond,Muturi,raymond.muturi57332@college.ac.ke
57333,Simon,Nzomo,simon.nzomo57333@students.ac.ke
57334,Helen,Otieno,helen.otieno57334@students.ac.ke
57335,Noah,Mwangi,noah.mwangi57335@students.ac.ke
57336,Irene,Gitonga,irene.gitonga57336@students.ac.ke
57337,Irene,Odhiambo,irene.odhiambo57337@academy.ac.ke
57338,William,Rotich,william.rotich57338@college.ac.ke
57339,Eleanor,Onyango,eleanor.onyango57339@academy.ac.ke
57340,Raymond,Lagat,raymond.lagat57340@students.ac.ke
57341,Julian,Kimani,julian.kimani57341@uni.ac.ke
57342,Grace,Waweru,grace.waweru57342@school.ac.ke
57343,Esther,Otieno,esther.otieno57343@college.ac.ke
57344,Joyce,Adhiambo,joyce.adhiambo57344@students.ac.ke
57345,Alice,Kinyua,alice.kinyua57345@students.ac.ke
57346,Philip,Mumo,philip.mumo57346@school.ac.ke
57347,Quentin,Achieng,quentin.achieng57347@uni.ac.ke
57348,Victor,Mwenda,victor.mwenda57348@academy.ac.ke
57349,Dennis,Farah,dennis.farah57349@college.ac.ke
57350,Frances,Ngetich,frances.ngetich57350@college.ac.ke
57351,Diana,Ochieng,diana.ochieng57351@academy.ac.ke
57352,Carol,Mutai,carol.mutai57352@students.ac.ke
57353,Irene,Omar,irene.omar57353@students.ac.ke
57354,Ivan,Khalid,ivan.khalid57354@uni.ac.ke
57355,Lewis,Waweru,lewis.waweru57355@uni.ac.ke
57356,Francis,Hassan,francis.hassan57356@uni.ac.ke
57357,Gladys,Ndegwa,gladys.ndegwa57357@college.ac.ke
57358,Douglas,Muturi,douglas.muturi57358@academy.ac.ke
57359,Paul,Gitau,paul.gitau57359@students.ac.ke
57360,Harold,Mutisya,harold.mutisya57360@students.ac.ke
57361,Alice,Juma,alice.juma57361@students.ac.ke
57362,Paul,Kamau,paul.kamau57362@students.ac.ke
57363,Catherine,Gitonga,catherine.gitonga57363@academy.ac.ke
57364,Eleanor,Nzomo,eleanor.nzomo57364@academy.ac.ke
57365,Joyce,Mumo,joyce.mumo57365@students.ac.ke
57366,George,Kimani,george.kimani57366@academy.ac.ke
57367,Harriet,Mutisya,harriet.mutisya57367@students.ac.ke
57368,Harriet,Gathoni,harriet.gathoni57368@college.ac.ke
57369,Lydia,Bett,lydia.bett57369@school.ac.ke
57370,Henry,Gitonga,henry.gitonga57370@students.ac.ke
57371,Helen,Gichuki,helen.gichuki57371@academy.ac.ke
57372,Thomas,Musa,thomas.musa57372@college.ac.ke
57373,Adrian,Rotich,adrian.rotich57373@academy.ac.ke
57374,William,Njoki,william.njoki57374@uni.ac.ke
57375,Moses,Juma,moses.juma57375@academy.ac.ke
57376,Beatrice,Njoki,beatrice.njoki57376@students.ac.ke
57377,Simon,Nzomo,simon.nzomo57377@school.ac.ke
57378,Joy,Chebet,joy.chebet57378@college.ac.ke
57379,William,Ruto,william.ruto57379@academy.ac.ke
57380,Quentin,Mumo,quentin.mumo57380@students.ac.ke
57381,Naomi,Ruto,naomi.ruto57381@uni.ac.ke
57382,Naomi,Mwangi,naomi.mwangi57382@college.ac.ke
57383,Hannah,Njoroge,hannah.njoroge57383@school.ac.ke
57384,Joseph,Farah,joseph.farah57384@uni.ac.ke
57385,Hannah,Rotich,hannah.rotich57385@academy.ac.ke
57386,Irene,Mutua,irene.mutua57386@academy.ac.ke
57387,Gladys,Rotich,gladys.rotich57387@college.ac.ke
57388,Janet,Akumu,janet.akumu57388@school.ac.ke
57389,Florence,Yusuf,florence.yusuf57389@students.ac.ke
57390,Joyce,Musa,joyce.musa57390@school.ac.ke
57391,Henry,Njoki,henry.njoki57391@students.ac.ke
57392,Jacob,Kariuki,jacob.kariuki57392@uni.ac.ke
57393,Charles,Farah,charles.farah57393@college.ac.ke
57394,Charles,Mbatha,charles.mbatha57394@academy.ac.ke
57395,Eric,Njoroge,eric.njoroge57395@students.ac.ke
57396,Simon,Ruto,simon.ruto57396@students.ac.ke
57397,Ivan,Mutisya,ivan.mutisya57397@academy.ac.ke
57398,Peter,Ochieng,peter.ochieng57398@school.ac.ke
57399,Robert,Musa,robert.musa57399@school.ac.ke
57400,Oscar,Mbatha,oscar.mbatha57400@uni.ac.ke
57401,Ruth,Koech,ruth.koech57401@school.ac.ke
57402,Harriet,Awuor,harriet.awuor57402@uni.ac.ke
57403,Daniel,Wairimu,daniel.wairimu57403@academy.ac.ke
57404,Francis,Yusuf,francis.yusuf57404@academy.ac.ke
57405,Lydia,Mutai,lydia.mutai57405@college.ac.ke
57406,Naomi,Rotich,naomi.rotich57406@school.ac.ke
57407,Harriet,Yusuf,harriet.yusuf57407@uni.ac.ke
57408,Florence,Musyoka,florence.musyoka57408@college.ac.ke
57409,Catherine,Ngetich,catherine.ngetich57409@academy.ac.ke
57410,Bernard,Nzomo,bernard.nzomo57410@academy.ac.ke
57411,Simon,Lagat,simon.lagat57411@students.ac.ke
57412,Catherine,Onyango,catherine.onyango57412@uni.ac.ke
57413,Victor,Kariuki,victor.kariuki57413@academy.ac.ke
57414,Henry,Chebet,henry.chebet57414@uni.ac.ke
57415,James,Musa,james.musa57415@uni.ac.ke
57416,Bernard,Koech,bernard.koech57416@school.ac.ke
57417,Edwin,Kasyoka,edwin.kasyoka57417@uni.ac.ke
57418,Victor,Mutai,victor.mutai57418@college.ac.ke
57419,Irene,Hassan,irene.hassan57419@uni.ac.ke
57420,Henry,Njoki,henry.njoki57420@academy.ac.ke
57421,Philip,Kyalo,philip.kyalo57421@academy.ac.ke
57422,Alice,Musyoka,alice.musyoka57422@students.ac.ke
57423,Jacob,Bett,jacob.bett57423@school.ac.ke
57424,Betty,Gichuki,betty.gichuki57424@college.ac.ke
57425,Esther,Nduku,esther.nduku57425@academy.ac.ke
57426,Philip,Njoki,philip.njoki57426@college.ac.ke
57427,John,Mwenda,john.mwenda57427@college.ac.ke
57428,Moses,Kiptoo,moses.kiptoo57428@students.ac.ke
57429,Dorothy,Owino,dorothy.owino57429@college.ac.ke
57430,Joseph,Ahmed,joseph.ahmed57430@academy.ac.ke
57431,Hope,Achieng,hope.achieng57431@students.ac.ke
57432,Gordon,Chebet,gordon.chebet57432@academy.ac.ke
57433,Mary,Bett,mary.bett57433@school.ac.ke
57434,Douglas,Nduku,douglas.nduku57434@academy.ac.ke
57435,Faith,Kinyua,faith.kinyua57435@academy.ac.ke
57436,Robert,Omondi,robert.omondi57436@academy.ac.ke
57437,Hope,Maina,hope.maina57437@students.ac.ke
57438,Edith,Akumu,edith.akumu57438@academy.ac.ke
57439,Bernard,Kariuki,bernard.kariuki57439@uni.ac.ke
57440,Faith,Farah,faith.farah57440@college.ac.ke
57441,Thomas,Kinyua,thomas.kinyua57441@uni.ac.ke
57442,Carol,Muturi,carol.muturi57442@academy.ac.ke
57443,Thomas,Mutai,thomas.mutai57443@school.ac.ke
57444,Helen,Mbatha,helen.mbatha57444@uni.ac.ke
57445,John,Odhiambo,john.odhiambo57445@academy.ac.ke
57446,Peter,Gitau,peter.gitau57446@college.ac.ke
57447,Peter,Okello,peter.okello57447@college.ac.ke
57448,Esther,Musa,esther.musa57448@uni.ac.ke
57449,Ruth,Bett,ruth.bett57449@college.ac.ke
57450,Joy,Musa,joy.musa57450@students.ac.ke
57451,Harriet,Juma,harriet.juma57451@college.ac.ke
57452,Helen,Kinyua,helen.kinyua57452@school.ac.ke
57453,Hope,Okello,hope.okello57453@students.ac.ke
57454,Ivan,Onyango,ivan.onyango57454@school.ac.ke
57455,Edith,Mbatha,edith.mbatha57455@uni.ac.ke
57456,Diana,Mutai,diana.mutai57456@academy.ac.ke
57457,Bernard,Nduku,bernard.nduku57457@school.ac.ke
57458,George,Mbatha,george.mbatha57458@academy.ac.ke
57459,Ruth,Koech,ruth.koech57459@students.ac.ke
57460,Quentin,Owino,quentin.owino57460@college.ac.ke
57461,Noah,Omar,noah.omar57461@academy.ac.ke
57462,Kenneth,Kamau,kenneth.kamau57462@students.ac.ke
57463,Douglas,Njuguna,douglas.njuguna57463@school.ac.ke
57464,Hannah,Muturi,hannah.muturi57464@school.ac.ke
57465,Betty,Kiprotich,betty.kiprotich57465@school.ac.ke
57466,Eric,Maina,eric.maina57466@school.ac.ke
57467,Brian,Kamau,brian.kamau57467@students.ac.ke
57468,Lewis,Ngetich,lewis.ngetich57468@academy.ac.ke
57469,George,Muturi,george.muturi57469@college.ac.ke
57470,Gladys,Okello,gladys.okello57470@school.ac.ke
57471,Eleanor,Kyalo,eleanor.kyalo57471@students.ac.ke
57472,Mary,Njoroge,mary.njoroge57472@uni.ac.ke
57473,Gloria,Bett,gloria.bett57473@students.ac.ke
57474,Gladys,Hassan,gladys.hassan57474@academy.ac.ke
57475,Ivan,Kamau,ivan.kamau57475@students.ac.ke
57476,Douglas,Chebet,douglas.chebet57476@uni.ac.ke
57477,Joy,Kamau,joy.kamau57477@students.ac.ke
57478,Hope,Odhiambo,hope.odhiambo57478@students.ac.ke
57479,Edith,Bett,edith.bett57479@uni.ac.ke
57480,Thomas,Gathoni,thomas.gathoni57480@college.ac.ke
57481,Hannah,Omondi,hannah.omondi57481@uni.ac.ke
57482,Irene,Achieng,irene.achieng57482@uni.ac.ke
57483,Harold,Gitau,harold.gitau57483@school.ac.ke
57484,Dorothy,Kimani,dorothy.kimani57484@uni.ac.ke
57485,Douglas,Otieno,douglas.otieno57485@college.ac.ke
57486,Hope,Kamau,hope.kamau57486@students.ac.ke
57487,Faith,Kiptoo,faith.kiptoo57487@uni.ac.ke
57488,Irene,Kamau,irene.kamau57488@academy.ac.ke
57489,Francis,Mwenda,francis.mwenda57489@academy.ac.ke
57490,Daniel,Koech,daniel.koech57490@academy.ac.ke
57491,Jacob,Musyoka,jacob.musyoka57491@college.ac.ke
57492,James,Musyoka,james.musyoka57492@uni.ac.ke
57493,Lewis,Kimani,lewis.kimani57493@academy.ac.ke
57494,Catherine,Khalid,catherine.khalid57494@school.ac.ke
57495,Isaac,Hassan,isaac.hassan57495@school.ac.ke
57496,Douglas,Kimani,douglas.kimani57496@uni.ac.ke
57497,Charles,Mumo,charles.mumo57497@school.ac.ke
57498,Esther,Mumo,esther.mumo57498@academy.ac.ke
57499,Raymond,Farah,raymond.farah57499@college.ac.ke
57500,Edwin,Kiptoo,edwin.kiptoo57500@school.ac.ke
57501,Mary,Kiprotich,mary.kiprotich57501@students.ac.ke
57502,Adrian,Owino,adrian.owino57502@school.ac.ke
57503,Faith,Nduku,faith.nduku57503@academy.ac.ke
57504,Frances,Musa,frances.musa57504@college.ac.ke
57505,Jacob,Onyango,jacob.onyango57505@uni.ac.ke
57506,Paul,Mumo,paul.mumo57506@college.ac.ke
57507,George,Bett,george.bett57507@students.ac.ke
57508,Samuel,Kiprotich,samuel.kiprotich57508@school.ac.ke
57509,Eleanor,Khalid,eleanor.khalid57509@academy.ac.ke
57510,Ruth,Ngetich,ruth.ngetich57510@college.ac.ke
57511,Adrian,Awuor,adrian.awuor57511@college.ac.ke
57512,Helen,Mutai,helen.mutai57512@academy.ac.ke
57513,Edwin,Musa,edwin.musa57513@college.ac.ke
57514,Jacob,Omar,jacob.omar57514@school.ac.ke
57515,Harriet,Njuguna,harriet.njuguna57515@uni.ac.ke
57516,Kenneth,Akumu,kenneth.akumu57516@school.ac.ke
57517,Dorothy,Mumo,dorothy.mumo57517@school.ac.ke
57518,Quentin,Muturi,quentin.muturi57518@students.ac.ke
57519,Charles,Ndegwa,charles.ndegwa57519@college.ac.ke
57520,Quentin,Gitonga,quentin.gitonga57520@academy.ac.ke
57521,Henry,Wanjiku,henry.wanjiku57521@academy.ac.ke
57522,Edwin,Awuor,edwin.awuor57522@uni.ac.ke
57523,Beatrice,Ogolla,beatrice.ogolla57523@college.ac.ke
57524,Gladys,Kamau,gladys.kamau57524@academy.ac.ke
57525,Lewis,Abdi,lewis.abdi57525@students.ac.ke
57526,Kenneth,Rotich,kenneth.rotich57526@uni.ac.ke
57527,Lydia,Adhiambo,lydia.adhiambo57527@uni.ac.ke
57528,Moses,Owino,moses.owino57528@school.ac.ke
57529,Raymond,Gichuki,raymond.gichuki57529@uni.ac.ke
57530,Ivan,Nzomo,ivan.nzomo57530@college.ac.ke
57531,Edwin,Gitonga,edwin.gitonga57531@school.ac.ke
57532,Thomas,Ahmed,thomas.ahmed57532@college.ac.ke
57533,Hope,Otieno,hope.otieno57533@students.ac.ke
57534,Janet,Kimani,janet.kimani57534@students.ac.ke
57535,Frances,Onyango,frances.onyango57535@school.ac.ke
57536,David,Koech,david.koech57536@uni.ac.ke
57537,Eric,Bett,eric.bett57537@uni.ac.ke
57538,Lewis,Njuguna,lewis.njuguna57538@students.ac.ke
57539,Douglas,Nduku,douglas.nduku57539@school.ac.ke
57540,Carol,Wairimu,carol.wairimu57540@school.ac.ke
57541,Harriet,Mbatha,harriet.mbatha57541@academy.ac.ke
57542,Thomas,Hassan,thomas.hassan57542@academy.ac.ke
57543,Lydia,Omar,lydia.omar57543@students.ac.ke
57544,Simon,Adhiambo,simon.adhiambo57544@uni.ac.ke
57545,Hannah,Okello,hannah.okello57545@academy.ac.ke
57546,Philip,Kimani,philip.kimani57546@academy.ac.ke
57547,Harold,Mbatha,harold.mbatha57547@school.ac.ke
57548,Naomi,Ndegwa,naomi.ndegwa57548@academy.ac.ke
57549,Alice,Mwangi,alice.mwangi57549@academy.ac.ke
57550,Agnes,Wairimu,agnes.wairimu57550@students.ac.ke
57551,Helen,Muturi,helen.muturi57551@students.ac.ke
57552,Helen,Ochieng,helen.ochieng57552@students.ac.ke
57553,Isaac,Kiptoo,isaac.kiptoo57553@college.ac.ke
57554,Henry,Ochieng,henry.ochieng57554@school.ac.ke
57555,Edwin,Ruto,edwin.ruto57555@college.ac.ke
57556,Paul,Musa,paul.musa57556@school.ac.ke
57557,Raymond,Kimani,raymond.kimani57557@college.ac.ke
57558,John,Njoroge,john.njoroge57558@college.ac.ke
57559,Francis,Okello,francis.okello57559@school.ac.ke
57560,Dorothy,Mwenda,dorothy.mwenda57560@students.ac.ke
57561,Dorothy,Maina,dorothy.maina57561@college.ac.ke
57562,Isaac,Ahmed,isaac.ahmed57562@uni.ac.ke
57563,Samuel,Juma,samuel.juma57563@students.ac.ke
57564,Alice,Mutua,alice.mutua57564@uni.ac.ke
57565,Alice,Gitonga,alice.gitonga57565@school.ac.ke
57566,Alice,Wairimu,alice.wairimu57566@students.ac.ke
57567,Harold,Ndegwa,harold.ndegwa57567@uni.ac.ke
57568,Florence,Mwenda,florence.mwenda57568@academy.ac.ke
57569,Dorothy,Rotich,dorothy.rotich57569@school.ac.ke
57570,Raymond,Rotich,raymond.rotich57570@college.ac.ke
57571,Edwin,Odhiambo,edwin.odhiambo57571@school.ac.ke
57572,David,Onyango,david.onyango57572@uni.ac.ke
57573,Robert,Okello,robert.okello57573@school.ac.ke
57574,Thomas,Nduku,thomas.nduku57574@school.ac.ke
57575,John,Gitau,john.gitau57575@college.ac.ke
57576,Diana,Gitonga,diana.gitonga57576@academy.ac.ke
57577,Florence,Musyoka,florence.musyoka57577@school.ac.ke
57578,Joy,Okello,joy.okello57578@school.ac.ke
57579,Simon,Akumu,simon.akumu57579@college.ac.ke
57580,Joyce,Musa,joyce.musa57580@students.ac.ke
57581,Carol,Wanjiku,carol.wanjiku57581@school.ac.ke
57582,Raymond,Kimani,raymond.kimani57582@students.ac.ke
57583,Alice,Juma,alice.juma57583@college.ac.ke
57584,Francis,Kamau,francis.kamau57584@uni.ac.ke
57585,Philip,Kasyoka,philip.kasyoka57585@academy.ac.ke
57586,Oscar,Mutua,oscar.mutua57586@academy.ac.ke
57587,Dorothy,Maina,dorothy.maina57587@students.ac.ke
57588,Gordon,Kinyua,gordon.kinyua57588@uni.ac.ke
57589,Ivan,Bett,ivan.bett57589@students.ac.ke
57590,Raymond,Ngetich,raymond.ngetich57590@school.ac.ke
57591,Simon,Musyoka,simon.musyoka57591@academy.ac.ke
57592,Grace,Kamau,grace.kamau57592@students.ac.ke
57593,Harold,Ahmed,harold.ahmed57593@uni.ac.ke
57594,Agnes,Rotich,agnes.rotich57594@school.ac.ke
57595,Hope,Ruto,hope.ruto57595@students.ac.ke
57596,James,Kimani,james.kimani57596@college.ac.ke
57597,Charles,Achieng,charles.achieng57597@students.ac.ke
57598,Kenneth,Ruto,kenneth.ruto57598@uni.ac.ke
57599,Moses,Omondi,moses.omondi57599@college.ac.ke
57600,Irene,Yusuf,irene.yusuf57600@college.ac.ke
57601,Edwin,Njoroge,edwin.njoroge57601@school.ac.ke
57602,Grace,Hassan,grace.hassan57602@uni.ac.ke
57603,Adrian,Chebet,adrian.chebet57603@college.ac.ke
57604,Hope,Juma,hope.juma57604@uni.ac.ke
57605,Joyce,Njoroge,joyce.njoroge57605@academy.ac.ke
57606,Carol,Omondi,carol.omondi57606@academy.ac.ke
57607,Eleanor,Kyalo,eleanor.kyalo57607@uni.ac.ke
57608,Moses,Akumu,moses.akumu57608@school.ac.ke
57609,Edwin,Ochieng,edwin.ochieng57609@school.ac.ke
57610,Eric,Omar,eric.omar57610@uni.ac.ke
57611,Alice,Kiprotich,alice.kiprotich57611@uni.ac.ke
57612,Dorothy,Musyoka,dorothy.musyoka57612@uni.ac.ke
57613,Betty,Odhiambo,betty.odhiambo57613@students.ac.ke
57614,Hannah,Waweru,hannah.waweru57614@uni.ac.ke
57615,Douglas,Muturi,douglas.muturi57615@academy.ac.ke
57616,Gloria,Ogolla,gloria.ogolla57616@uni.ac.ke
57617,George,Rotich,george.rotich57617@uni.ac.ke
57618,Gloria,Chebet,gloria.chebet57618@students.ac.ke
57619,Helen,Achieng,helen.achieng57619@uni.ac.ke
57620,Samuel,Musa,samuel.musa57620@school.ac.ke
57621,Edith,Ochieng,edith.ochieng57621@school.ac.ke
57622,Kenneth,Mutai,kenneth.mutai57622@academy.ac.ke
57623,Frances,Mumo,frances.mumo57623@academy.ac.ke
57624,George,Ndegwa,george.ndegwa57624@college.ac.ke
57625,Robert,Kasyoka,robert.kasyoka57625@students.ac.ke
57626,Kenneth,Kiptoo,kenneth.kiptoo57626@school.ac.ke
57627,Diana,Wairimu,diana.wairimu57627@uni.ac.ke
57628,Thomas,Kiptoo,thomas.kiptoo57628@college.ac.ke
57629,Moses,Mwangi,moses.mwangi57629@uni.ac.ke
57630,Faith,Waweru,faith.waweru57630@uni.ac.ke
57631,Grace,Ogolla,grace.ogolla57631@uni.ac.ke
57632,Irene,Farah,irene.farah57632@students.ac.ke
57633,Thomas,Bett,thomas.bett57633@students.ac.ke
57634,Helen,Owino,helen.owino57634@school.ac.ke
57635,Michael,Gichuki,michael.gichuki57635@academy.ac.ke
57636,George,Musyoka,george.musyoka57636@uni.ac.ke
57637,Carol,Mutisya,carol.mutisya57637@students.ac.ke
57638,Quentin,Wairimu,quentin.wairimu57638@school.ac.ke
57639,Jacob,Musyoka,jacob.musyoka57639@academy.ac.ke
57640,Douglas,Njuguna,douglas.njuguna57640@students.ac.ke
57641,Philip,Chebet,philip.chebet57641@uni.ac.ke
57642,Lewis,Kyalo,lewis.kyalo57642@students.ac.ke
57643,Alice,Kimani,alice.kimani57643@students.ac.ke
57644,Beatrice,Mbatha,beatrice.mbatha57644@college.ac.ke
57645,Brian,Nduku,brian.nduku57645@academy.ac.ke
57646,John,Musa,john.musa57646@college.ac.ke
57647,Hannah,Ahmed,hannah.ahmed57647@uni.ac.ke
57648,Janet,Musa,janet.musa57648@college.ac.ke
57649,Lewis,Wairimu,lewis.wairimu57649@school.ac.ke
57650,Irene,Mbatha,irene.mbatha57650@students.ac.ke
57651,James,Mwangi,james.mwangi57651@academy.ac.ke
57652,Michael,Mutai,michael.mutai57652@uni.ac.ke
57653,Peter,Ruto,peter.ruto57653@academy.ac.ke
57654,Julian,Kiprotich,julian.kiprotich57654@school.ac.ke
57655,Philip,Musa,philip.musa57655@school.ac.ke
57656,Oscar,Rotich,oscar.rotich57656@academy.ac.ke
57657,Hope,Otieno,hope.otieno57657@students.ac.ke
57658,Brian,Musyoka,brian.musyoka57658@college.ac.ke
57659,Gordon,Wanjiku,gordon.wanjiku57659@students.ac.ke
57660,Gladys,Ahmed,gladys.ahmed57660@academy.ac.ke
57661,Quentin,Chebet,quentin.chebet57661@school.ac.ke
57662,Carol,Muturi,carol.muturi57662@uni.ac.ke
57663,Douglas,Ibrahim,douglas.ibrahim57663@college.ac.ke
57664,Francis,Hassan,francis.hassan57664@uni.ac.ke
57665,Florence,Muturi,florence.muturi57665@uni.ac.ke
57666,Esther,Ngetich,esther.ngetich57666@uni.ac.ke
57667,Douglas,Adhiambo,douglas.adhiambo57667@academy.ac.ke
57668,Joyce,Kyalo,joyce.kyalo57668@school.ac.ke
57669,Helen,Farah,helen.farah57669@students.ac.ke
57670,Diana,Yusuf,diana.yusuf57670@college.ac.ke
57671,Joyce,Okello,joyce.okello57671@uni.ac.ke
57672,Moses,Kamau,moses.kamau57672@school.ac.ke
57673,Adrian,Koech,adrian.koech57673@uni.ac.ke
57674,Moses,Odhiambo,moses.odhiambo57674@uni.ac.ke
57675,Grace,Gathoni,grace.gathoni57675@academy.ac.ke
57676,Gordon,Nzomo,gordon.nzomo57676@students.ac.ke
57677,Janet,Kamau,janet.kamau57677@students.ac.ke
57678,Hannah,Mwenda,hannah.mwenda57678@uni.ac.ke
57679,Harriet,Nzomo,harriet.nzomo57679@students.ac.ke
57680,Florence,Ahmed,florence.ahmed57680@students.ac.ke
57681,Betty,Wairimu,betty.wairimu57681@college.ac.ke
57682,Carol,Gitonga,carol.gitonga57682@academy.ac.ke
57683,Ivan,Mumo,ivan.mumo57683@college.ac.ke
57684,Kenneth,Muturi,kenneth.muturi57684@academy.ac.ke
57685,David,Gichuki,david.gichuki57685@uni.ac.ke
57686,George,Okello,george.okello57686@college.ac.ke
57687,Adrian,Kamau,adrian.kamau57687@students.ac.ke
57688,Daniel,Ruto,daniel.ruto57688@school.ac.ke
57689,Harold,Musyoka,harold.musyoka57689@academy.ac.ke
57690,Catherine,Kariuki,catherine.kariuki57690@uni.ac.ke
57691,Ivan,Kamau,ivan.kamau57691@uni.ac.ke
57692,Peter,Mutai,peter.mutai57692@uni.ac.ke
57693,Douglas,Farah,douglas.farah57693@school.ac.ke
57694,Julian,Owino,julian.owino57694@school.ac.ke
57695,Simon,Ngetich,simon.ngetich57695@uni.ac.ke
57696,Bernard,Ogolla,bernard.ogolla57696@academy.ac.ke
57697,Thomas,Wanjiku,thomas.wanjiku57697@college.ac.ke
57698,Betty,Maina,betty.maina57698@academy.ac.ke
57699,Ivan,Musyoka,ivan.musyoka57699@students.ac.ke
57700,Alice,Muturi,alice.muturi57700@uni.ac.ke
57701,Agnes,Kamau,agnes.kamau57701@uni.ac.ke
57702,Gloria,Kiprotich,gloria.kiprotich57702@college.ac.ke
57703,Helen,Chebet,helen.chebet57703@college.ac.ke
57704,Grace,Chebet,grace.chebet57704@academy.ac.ke
57705,Lydia,Waweru,lydia.waweru57705@school.ac.ke
57706,Joseph,Bett,joseph.bett57706@school.ac.ke
57707,Francis,Gitau,francis.gitau57707@college.ac.ke
57708,John,Akumu,john.akumu57708@school.ac.ke
57709,Joyce,Mutai,joyce.mutai57709@uni.ac.ke
57710,Janet,Musa,janet.musa57710@school.ac.ke
57711,Lewis,Kimani,lewis.kimani57711@school.ac.ke
57712,Philip,Njoroge,philip.njoroge57712@school.ac.ke
57713,Ivan,Ahmed,ivan.ahmed57713@college.ac.ke
57714,Irene,Njoroge,irene.njoroge57714@students.ac.ke
57715,Kevin,Gathoni,kevin.gathoni57715@school.ac.ke
57716,Mary,Gathoni,mary.gathoni57716@college.ac.ke
57717,Henry,Onyango,henry.onyango57717@students.ac.ke
57718,Agnes,Gathoni,agnes.gathoni57718@college.ac.ke
57719,Kenneth,Mumo,kenneth.mumo57719@college.ac.ke
57720,Florence,Chebet,florence.chebet57720@school.ac.ke
57721,Harold,Chebet,harold.chebet57721@uni.ac.ke
57722,Edith,Ochieng,edith.ochieng57722@academy.ac.ke
57723,Oscar,Wairimu,oscar.wairimu57723@school.ac.ke
57724,Francis,Wairimu,francis.wairimu57724@college.ac.ke
57725,Gladys,Gathoni,gladys.gathoni57725@academy.ac.ke
57726,Diana,Gitonga,diana.gitonga57726@academy.ac.ke
57727,Helen,Kasyoka,helen.kasyoka57727@uni.ac.ke
57728,Victor,Nduku,victor.nduku57728@college.ac.ke
57729,Lewis,Ahmed,lewis.ahmed57729@college.ac.ke
57730,Oscar,Rotich,oscar.rotich57730@college.ac.ke
57731,Joyce,Kariuki,joyce.kariuki57731@school.ac.ke
57732,Carol,Kiptoo,carol.kiptoo57732@students.ac.ke
57733,Noah,Ogolla,noah.ogolla57733@school.ac.ke
57734,Catherine,Musyoka,catherine.musyoka57734@college.ac.ke
57735,Diana,Kiptoo,diana.kiptoo57735@school.ac.ke
57736,Joy,Bett,joy.bett57736@school.ac.ke
57737,Peter,Kimani,peter.kimani57737@school.ac.ke
57738,Esther,Wairimu,esther.wairimu57738@academy.ac.ke
57739,Peter,Adhiambo,peter.adhiambo57739@students.ac.ke
57740,Agnes,Farah,agnes.farah57740@students.ac.ke
57741,Hannah,Gichuki,hannah.gichuki57741@school.ac.ke
57742,Isaac,Gitau,isaac.gitau57742@school.ac.ke
57743,Naomi,Mwangi,naomi.mwangi57743@uni.ac.ke
57744,Paul,Njuguna,paul.njuguna57744@school.ac.ke
57745,Jacob,Juma,jacob.juma57745@academy.ac.ke
57746,Isaac,Farah,isaac.farah57746@school.ac.ke
57747,Francis,Owino,francis.owino57747@students.ac.ke
57748,Victor,Onyango,victor.onyango57748@school.ac.ke
57749,Edith,Khalid,edith.khalid57749@academy.ac.ke
57750,Faith,Yusuf,faith.yusuf57750@academy.ac.ke
57751,Irene,Njoroge,irene.njoroge57751@school.ac.ke
57752,Ivan,Kiprotich,ivan.kiprotich57752@uni.ac.ke
57753,Philip,Njuguna,philip.njuguna57753@school.ac.ke
57754,Edith,Hassan,edith.hassan57754@students.ac.ke
57755,Henry,Lagat,henry.lagat57755@students.ac.ke
57756,Julian,Akumu,julian.akumu57756@school.ac.ke
57757,Raymond,Musyoka,raymond.musyoka57757@uni.ac.ke
57758,Moses,Musyoka,moses.musyoka57758@college.ac.ke
57759,Naomi,Ochieng,naomi.ochieng57759@students.ac.ke
57760,Eleanor,Kiprotich,eleanor.kiprotich57760@school.ac.ke
57761,Gladys,Kimani,gladys.kimani57761@students.ac.ke
57762,Kevin,Wanjiku,kevin.wanjiku57762@uni.ac.ke
57763,William,Njoki,william.njoki57763@academy.ac.ke
57764,Ivan,Owino,ivan.owino57764@students.ac.ke
57765,George,Achieng,george.achieng57765@academy.ac.ke
57766,Eleanor,Farah,eleanor.farah57766@uni.ac.ke
57767,Lewis,Rotich,lewis.rotich57767@students.ac.ke
57768,Noah,Nzomo,noah.nzomo57768@college.ac.ke
57769,Esther,Adhiambo,esther.adhiambo57769@school.ac.ke
57770,William,Nzomo,william.nzomo57770@uni.ac.ke
57771,George,Kariuki,george.kariuki57771@college.ac.ke
57772,Lydia,Ngetich,lydia.ngetich57772@academy.ac.ke
57773,Lewis,Njuguna,lewis.njuguna57773@students.ac.ke
57774,Thomas,Gathoni,thomas.gathoni57774@academy.ac.ke
57775,Eric,Wanjiku,eric.wanjiku57775@uni.ac.ke
57776,David,Waweru,david.waweru57776@students.ac.ke
57777,Daniel,Wanjiku,daniel.wanjiku57777@school.ac.ke
57778,Jacob,Musyoka,jacob.musyoka57778@college.ac.ke
57779,Jacob,Mutua,jacob.mutua57779@students.ac.ke
57780,Lewis,Hassan,lewis.hassan57780@academy.ac.ke
57781,Adrian,Awuor,adrian.awuor57781@college.ac.ke
57782,Ivan,Bett,ivan.bett57782@college.ac.ke
57783,Gordon,Gitonga,gordon.gitonga57783@students.ac.ke
57784,Esther,Ibrahim,esther.ibrahim57784@uni.ac.ke
57785,Daniel,Kimani,daniel.kimani57785@school.ac.ke
57786,Eleanor,Kinyua,eleanor.kinyua57786@students.ac.ke
57787,Harold,Maina,harold.maina57787@college.ac.ke
57788,Janet,Mutai,janet.mutai57788@students.ac.ke
57789,Beatrice,Njoroge,beatrice.njoroge57789@college.ac.ke
57790,Edith,Mutua,edith.mutua57790@uni.ac.ke
57791,Jacob,Gathoni,jacob.gathoni57791@academy.ac.ke
57792,Carol,Omar,carol.omar57792@college.ac.ke
57793,Irene,Ruto,irene.ruto57793@school.ac.ke
57794,Simon,Kinyua,simon.kinyua57794@academy.ac.ke
57795,Betty,Gathoni,betty.gathoni57795@college.ac.ke
57796,Lydia,Omar,lydia.omar57796@academy.ac.ke
57797,Paul,Gathoni,paul.gathoni57797@academy.ac.ke
57798,Ivan,Akumu,ivan.akumu57798@school.ac.ke
57799,Alice,Kinyua,alice.kinyua57799@college.ac.ke
57800,Joseph,Waweru,joseph.waweru57800@school.ac.ke
57801,Alice,Gathoni,alice.gathoni57801@students.ac.ke
57802,Catherine,Kiprotich,catherine.kiprotich57802@students.ac.ke
57803,Harold,Juma,harold.juma57803@uni.ac.ke
57804,Simon,Onyango,simon.onyango57804@academy.ac.ke
57805,Dennis,Onyango,dennis.onyango57805@uni.ac.ke
57806,Ivan,Ruto,ivan.ruto57806@college.ac.ke
57807,Gloria,Mutua,gloria.mutua57807@uni.ac.ke
57808,Oscar,Ahmed,oscar.ahmed57808@college.ac.ke
57809,Carol,Mumo,carol.mumo57809@uni.ac.ke
57810,Raymond,Ibrahim,raymond.ibrahim57810@school.ac.ke
57811,Florence,Mwangi,florence.mwangi57811@school.ac.ke
57812,Brian,Ogolla,brian.ogolla57812@students.ac.ke
57813,Michael,Khalid,michael.khalid57813@students.ac.ke
57814,Daniel,Odhiambo,daniel.odhiambo57814@academy.ac.ke
57815,Thomas,Omondi,thomas.omondi57815@students.ac.ke
57816,Charles,Wairimu,charles.wairimu57816@school.ac.ke
57817,Naomi,Mutua,naomi.mutua57817@uni.ac.ke
57818,Janet,Khalid,janet.khalid57818@college.ac.ke
57819,Gladys,Mwenda,gladys.mwenda57819@college.ac.ke
57820,Eleanor,Ruto,eleanor.ruto57820@school.ac.ke
57821,George,Ruto,george.ruto57821@college.ac.ke
57822,James,Kyalo,james.kyalo57822@students.ac.ke
57823,Brian,Wanjiku,brian.wanjiku57823@school.ac.ke
57824,Gordon,Ibrahim,gordon.ibrahim57824@school.ac.ke
57825,Harold,Ngetich,harold.ngetich57825@students.ac.ke
57826,Agnes,Omondi,agnes.omondi57826@students.ac.ke
57827,Joyce,Otieno,joyce.otieno57827@school.ac.ke
57828,Ruth,Omondi,ruth.omondi57828@academy.ac.ke
57829,Julian,Maina,julian.maina57829@college.ac.ke
57830,Grace,Njuguna,grace.njuguna57830@school.ac.ke
57831,Noah,Ahmed,noah.ahmed57831@school.ac.ke
57832,Thomas,Abdi,thomas.abdi57832@students.ac.ke
57833,Victor,Owino,victor.owino57833@school.ac.ke
57834,Ivan,Ibrahim,ivan.ibrahim57834@school.ac.ke
57835,Harold,Ibrahim,harold.ibrahim57835@school.ac.ke
57836,Joyce,Nzomo,joyce.nzomo57836@uni.ac.ke
57837,Gordon,Farah,gordon.farah57837@college.ac.ke
57838,George,Gathoni,george.gathoni57838@uni.ac.ke
57839,Philip,Ahmed,philip.ahmed57839@uni.ac.ke
57840,Faith,Achieng,faith.achieng57840@uni.ac.ke
57841,Francis,Musyoka,francis.musyoka57841@school.ac.ke
57842,Robert,Abdi,robert.abdi57842@students.ac.ke
57843,John,Kamau,john.kamau57843@college.ac.ke
57844,Beatrice,Ngetich,beatrice.ngetich57844@school.ac.ke
57845,Mary,Akumu,mary.akumu57845@academy.ac.ke
57846,George,Njoroge,george.njoroge57846@academy.ac.ke
57847,Oscar,Wanjiku,oscar.wanjiku57847@students.ac.ke
57848,Catherine,Abdi,catherine.abdi57848@college.ac.ke
57849,Bernard,Mumo,bernard.mumo57849@college.ac.ke
57850,Grace,Ndegwa,grace.ndegwa57850@school.ac.ke
57851,Isaac,Omondi,isaac.omondi57851@uni.ac.ke
57852,Charles,Kiprotich,charles.kiprotich57852@students.ac.ke
57853,Ruth,Owino,ruth.owino57853@college.ac.ke
57854,Grace,Mumo,grace.mumo57854@college.ac.ke
57855,Philip,Kiptoo,philip.kiptoo57855@college.ac.ke
57856,Catherine,Chebet,catherine.chebet57856@academy.ac.ke
57857,Alice,Njoroge,alice.njoroge57857@academy.ac.ke
57858,Brian,Ruto,brian.ruto57858@school.ac.ke
57859,Eric,Njoki,eric.njoki57859@uni.ac.ke
57860,Joseph,Ibrahim,joseph.ibrahim57860@uni.ac.ke
57861,Harriet,Nzomo,harriet.nzomo57861@academy.ac.ke
57862,Diana,Kiptoo,diana.kiptoo57862@academy.ac.ke
57863,Robert,Yusuf,robert.yusuf57863@college.ac.ke
57864,Lydia,Awuor,lydia.awuor57864@school.ac.ke
57865,Peter,Omondi,peter.omondi57865@academy.ac.ke
57866,Joyce,Gitonga,joyce.gitonga57866@school.ac.ke
57867,Joseph,Gathoni,joseph.gathoni57867@academy.ac.ke
57868,Philip,Gathoni,philip.gathoni57868@students.ac.ke
57869,Adrian,Achieng,adrian.achieng57869@uni.ac.ke
57870,Ruth,Khalid,ruth.khalid57870@school.ac.ke
57871,Faith,Ogolla,faith.ogolla57871@uni.ac.ke
57872,Alice,Owino,alice.owino57872@students.ac.ke
57873,Edith,Adhiambo,edith.adhiambo57873@school.ac.ke
57874,Daniel,Achieng,daniel.achieng57874@school.ac.ke
57875,Florence,Kariuki,florence.kariuki57875@school.ac.ke
57876,Janet,Omar,janet.omar57876@school.ac.ke
57877,Henry,Njuguna,henry.njuguna57877@school.ac.ke
57878,Frances,Rotich,frances.rotich57878@students.ac.ke
57879,Raymond,Juma,raymond.juma57879@college.ac.ke
57880,Janet,Ruto,janet.ruto57880@academy.ac.ke
57881,John,Gitonga,john.gitonga57881@school.ac.ke
57882,Dorothy,Njoroge,dorothy.njoroge57882@students.ac.ke
57883,Oscar,Ngetich,oscar.ngetich57883@academy.ac.ke
57884,David,Mwangi,david.mwangi57884@students.ac.ke
57885,Harriet,Ibrahim,harriet.ibrahim57885@college.ac.ke
57886,Moses,Omar,moses.omar57886@college.ac.ke
57887,Michael,Kinyua,michael.kinyua57887@college.ac.ke
57888,Kenneth,Rotich,kenneth.rotich57888@academy.ac.ke
57889,Victor,Maina,victor.maina57889@academy.ac.ke
57890,Ivan,Kiptoo,ivan.kiptoo57890@students.ac.ke
57891,Dorothy,Nduku,dorothy.nduku57891@academy.ac.ke
57892,Victor,Omondi,victor.omondi57892@uni.ac.ke
57893,Agnes,Omar,agnes.omar57893@academy.ac.ke
57894,Kenneth,Ogolla,kenneth.ogolla57894@uni.ac.ke
57895,Henry,Gitonga,henry.gitonga57895@academy.ac.ke
57896,Edwin,Gichuki,edwin.gichuki57896@students.ac.ke
57897,Gloria,Kiprotich,gloria.kiprotich57897@students.ac.ke
57898,Edwin,Chebet,edwin.chebet57898@students.ac.ke
57899,Gordon,Ngetich,gordon.ngetich57899@college.ac.ke
57900,Ivan,Okello,ivan.okello57900@uni.ac.ke
57901,Ruth,Omar,ruth.omar57901@college.ac.ke
57902,Joyce,Wairimu,joyce.wairimu57902@uni.ac.ke
57903,Isaac,Ruto,isaac.ruto57903@students.ac.ke
57904,Bernard,Kiprotich,bernard.kiprotich57904@academy.ac.ke
57905,Harold,Adhiambo,harold.adhiambo57905@uni.ac.ke
57906,Dorothy,Hassan,dorothy.hassan57906@college.ac.ke
57907,Joyce,Kinyua,joyce.kinyua57907@academy.ac.ke
57908,Joy,Mumo,joy.mumo57908@school.ac.ke
57909,Gordon,Onyango,gordon.onyango57909@uni.ac.ke
57910,Kenneth,Bett,kenneth.bett57910@school.ac.ke
57911,Victor,Hassan,victor.hassan57911@students.ac.ke
57912,James,Gitau,james.gitau57912@students.ac.ke
57913,Oscar,Wairimu,oscar.wairimu57913@school.ac.ke
57914,Carol,Kamau,carol.kamau57914@students.ac.ke
57915,William,Abdi,william.abdi57915@students.ac.ke
57916,Diana,Njuguna,diana.njuguna57916@students.ac.ke
57917,Julian,Kyalo,julian.kyalo57917@college.ac.ke
57918,Irene,Khalid,irene.khalid57918@school.ac.ke
57919,Brian,Maina,brian.maina57919@students.ac.ke
57920,Mary,Nzomo,mary.nzomo57920@academy.ac.ke
57921,Ivan,Ruto,ivan.ruto57921@academy.ac.ke
57922,Esther,Waweru,esther.waweru57922@school.ac.ke
57923,George,Abdi,george.abdi57923@college.ac.ke
57924,Alice,Muturi,alice.muturi57924@college.ac.ke
57925,Diana,Ngetich,diana.ngetich57925@students.ac.ke
57926,James,Omar,james.omar57926@academy.ac.ke
57927,Catherine,Kiptoo,catherine.kiptoo57927@uni.ac.ke
57928,Lewis,Kinyua,lewis.kinyua57928@uni.ac.ke
57929,David,Farah,david.farah57929@academy.ac.ke
57930,Ruth,Mutua,ruth.mutua57930@college.ac.ke
57931,Henry,Gathoni,henry.gathoni57931@students.ac.ke
57932,Julian,Farah,julian.farah57932@students.ac.ke
57933,Gordon,Kamau,gordon.kamau57933@college.ac.ke
57934,Joyce,Kiptoo,joyce.kiptoo57934@school.ac.ke
57935,Alice,Musa,alice.musa57935@school.ac.ke
57936,Victor,Adhiambo,victor.adhiambo57936@school.ac.ke
57937,Hope,Mutisya,hope.mutisya57937@students.ac.ke
57938,Ivan,Kiptoo,ivan.kiptoo57938@academy.ac.ke
57939,Samuel,Nzomo,samuel.nzomo57939@college.ac.ke
57940,Naomi,Otieno,naomi.otieno57940@academy.ac.ke
57941,Lydia,Nzomo,lydia.nzomo57941@college.ac.ke
57942,Gordon,Nzomo,gordon.nzomo57942@school.ac.ke
57943,Joy,Onyango,joy.onyango57943@school.ac.ke
57944,Moses,Kinyua,moses.kinyua57944@uni.ac.ke
57945,Samuel,Kiptoo,samuel.kiptoo57945@students.ac.ke
57946,Noah,Chebet,noah.chebet57946@uni.ac.ke
57947,George,Owino,george.owino57947@college.ac.ke
57948,Gladys,Akumu,gladys.akumu57948@school.ac.ke
57949,Ivan,Gathoni,ivan.gathoni57949@uni.ac.ke
57950,Noah,Gitonga,noah.gitonga57950@school.ac.ke
57951,Brian,Yusuf,brian.yusuf57951@school.ac.ke
57952,Eleanor,Achieng,eleanor.achieng57952@school.ac.ke
57953,Mary,Awuor,mary.awuor57953@college.ac.ke
57954,Simon,Kamau,simon.kamau57954@academy.ac.ke
57955,Isaac,Kiprotich,isaac.kiprotich57955@students.ac.ke
57956,John,Njuguna,john.njuguna57956@school.ac.ke
57957,Naomi,Akumu,naomi.akumu57957@academy.ac.ke
57958,Agnes,Kasyoka,agnes.kasyoka57958@school.ac.ke
57959,Bernard,Omar,bernard.omar57959@school.ac.ke
57960,Eleanor,Otieno,eleanor.otieno57960@school.ac.ke
57961,Victor,Mwangi,victor.mwangi57961@students.ac.ke
57962,Thomas,Okello,thomas.okello57962@college.ac.ke
57963,Isaac,Mutisya,isaac.mutisya57963@uni.ac.ke
57964,George,Kasyoka,george.kasyoka57964@academy.ac.ke
57965,Quentin,Mutua,quentin.mutua57965@uni.ac.ke
57966,Samuel,Adhiambo,samuel.adhiambo57966@academy.ac.ke
57967,Peter,Njoroge,peter.njoroge57967@academy.ac.ke
57968,Diana,Owino,diana.owino57968@uni.ac.ke
57969,George,Odhiambo,george.odhiambo57969@college.ac.ke
57970,Eric,Mwenda,eric.mwenda57970@students.ac.ke
57971,Irene,Abdi,irene.abdi57971@uni.ac.ke
57972,Gordon,Kimani,gordon.kimani57972@college.ac.ke
57973,Eleanor,Gichuki,eleanor.gichuki57973@school.ac.ke
57974,Janet,Odhiambo,janet.odhiambo57974@school.ac.ke
57975,Irene,Kiprotich,irene.kiprotich57975@students.ac.ke
57976,Edith,Odhiambo,edith.odhiambo57976@students.ac.ke
57977,Betty,Rotich,betty.rotich57977@uni.ac.ke
57978,Grace,Waweru,grace.waweru57978@college.ac.ke
57979,Faith,Omar,faith.omar57979@students.ac.ke
57980,John,Gathoni,john.gathoni57980@school.ac.ke
57981,Jacob,Gichuki,jacob.gichuki57981@college.ac.ke
57982,Philip,Njoki,philip.njoki57982@uni.ac.ke
57983,Kevin,Kasyoka,kevin.kasyoka57983@uni.ac.ke
57984,Victor,Waweru,victor.waweru57984@academy.ac.ke
57985,Florence,Gathoni,florence.gathoni57985@uni.ac.ke
57986,Esther,Mutisya,esther.mutisya57986@students.ac.ke
57987,Frances,Mwenda,frances.mwenda57987@college.ac.ke
57988,Eleanor,Gichuki,eleanor.gichuki57988@students.ac.ke
57989,Edwin,Njuguna,edwin.njuguna57989@uni.ac.ke
57990,Alice,Ogolla,alice.ogolla57990@students.ac.ke
57991,Adrian,Achieng,adrian.achieng57991@academy.ac.ke
57992,David,Mutisya,david.mutisya57992@college.ac.ke
57993,Harold,Chebet,harold.chebet57993@students.ac.ke
57994,Eric,Mumo,eric.mumo57994@academy.ac.ke
57995,Joy,Achieng,joy.achieng57995@uni.ac.ke
57996,Thomas,Kinyua,thomas.kinyua57996@academy.ac.ke
57997,Noah,Yusuf,noah.yusuf57997@academy.ac.ke
57998,Brian,Mwenda,brian.mwenda57998@academy.ac.ke
57999,Edith,Ahmed,edith.ahmed57999@academy.ac.ke
58000,Victor,Onyango,victor.onyango58000@college.ac.ke
58001,Irene,Koech,irene.koech58001@school.ac.ke
58002,Henry,Ahmed,henry.ahmed58002@college.ac.ke
58003,Joyce,Maina,joyce.maina58003@academy.ac.ke
58004,William,Njoki,william.njoki58004@uni.ac.ke
58005,Simon,Kariuki,simon.kariuki58005@uni.ac.ke
58006,James,Mumo,james.mumo58006@college.ac.ke
58007,Harold,Ruto,harold.ruto58007@students.ac.ke
58008,Joseph,Kiprotich,joseph.kiprotich58008@uni.ac.ke
58009,Robert,Mutua,robert.mutua58009@academy.ac.ke
58010,Beatrice,Kiprotich,beatrice.kiprotich58010@academy.ac.ke
58011,Lydia,Odhiambo,lydia.odhiambo58011@school.ac.ke
58012,Dorothy,Musa,dorothy.musa58012@college.ac.ke
58013,Lewis,Nduku,lewis.nduku58013@academy.ac.ke
58014,Frances,Kimani,frances.kimani58014@school.ac.ke
58015,Faith,Rotich,faith.rotich58015@students.ac.ke
58016,Douglas,Yusuf,douglas.yusuf58016@college.ac.ke
58017,Ivan,Gathoni,ivan.gathoni58017@uni.ac.ke
58018,George,Owino,george.owino58018@students.ac.ke
58019,Brian,Achieng,brian.achieng58019@college.ac.ke
58020,Moses,Ibrahim,moses.ibrahim58020@college.ac.ke
58021,Kevin,Farah,kevin.farah58021@uni.ac.ke
58022,Joseph,Bett,joseph.bett58022@students.ac.ke
58023,William,Mumo,william.mumo58023@college.ac.ke
58024,Oscar,Bett,oscar.bett58024@uni.ac.ke
58025,Faith,Gichuki,faith.gichuki58025@college.ac.ke
58026,Dorothy,Omar,dorothy.omar58026@students.ac.ke
58027,Isaac,Ngetich,isaac.ngetich58027@students.ac.ke
58028,Irene,Juma,irene.juma58028@school.ac.ke
58029,Edwin,Awuor,edwin.awuor58029@college.ac.ke
58030,Kenneth,Musyoka,kenneth.musyoka58030@academy.ac.ke
58031,Harold,Njuguna,harold.njuguna58031@school.ac.ke
58032,Lewis,Kimani,lewis.kimani58032@academy.ac.ke
58033,William,Chebet,william.chebet58033@school.ac.ke
58034,Joseph,Ahmed,joseph.ahmed58034@school.ac.ke
58035,Lewis,Onyango,lewis.onyango58035@college.ac.ke
58036,Florence,Omar,florence.omar58036@students.ac.ke
58037,Gordon,Njuguna,gordon.njuguna58037@school.ac.ke
58038,Quentin,Onyango,quentin.onyango58038@academy.ac.ke
58039,Hope,Onyango,hope.onyango58039@school.ac.ke
58040,Eleanor,Mumo,eleanor.mumo58040@college.ac.ke
58041,Raymond,Kasyoka,raymond.kasyoka58041@uni.ac.ke
58042,James,Ruto,james.ruto58042@students.ac.ke
58043,Naomi,Okello,naomi.okello58043@academy.ac.ke
58044,Carol,Chebet,carol.chebet58044@academy.ac.ke
58045,James,Kamau,james.kamau58045@college.ac.ke
58046,Agnes,Yusuf,agnes.yusuf58046@school.ac.ke
58047,Daniel,Njuguna,daniel.njuguna58047@academy.ac.ke
58048,Joseph,Gathoni,joseph.gathoni58048@college.ac.ke
58049,Thomas,Bett,thomas.bett58049@academy.ac.ke
58050,Lewis,Muturi,lewis.muturi58050@students.ac.ke
58051,Harold,Owino,harold.owino58051@students.ac.ke
58052,Michael,Otieno,michael.otieno58052@students.ac.ke
58053,Gloria,Nzomo,gloria.nzomo58053@academy.ac.ke
58054,Florence,Abdi,florence.abdi58054@academy.ac.ke
58055,Simon,Adhiambo,simon.adhiambo58055@school.ac.ke
58056,George,Hassan,george.hassan58056@students.ac.ke
58057,Faith,Kariuki,faith.kariuki58057@academy.ac.ke
58058,Joseph,Gichuki,joseph.gichuki58058@school.ac.ke
58059,Bernard,Okello,bernard.okello58059@college.ac.ke
58060,Ivan,Ruto,ivan.ruto58060@students.ac.ke
58061,Raymond,Mutai,raymond.mutai58061@college.ac.ke
58062,Helen,Omondi,helen.omondi58062@school.ac.ke
58063,Edith,Mbatha,edith.mbatha58063@school.ac.ke
58064,Noah,Gathoni,noah.gathoni58064@uni.ac.ke
58065,Douglas,Mumo,douglas.mumo58065@students.ac.ke
58066,Mary,Onyango,mary.onyango58066@uni.ac.ke
58067,Helen,Mwenda,helen.mwenda58067@uni.ac.ke
58068,Gloria,Abdi,gloria.abdi58068@academy.ac.ke
58069,Noah,Ruto,noah.ruto58069@uni.ac.ke
58070,Naomi,Mwangi,naomi.mwangi58070@uni.ac.ke
58071,Noah,Muturi,noah.muturi58071@school.ac.ke
58072,Samuel,Omar,samuel.omar58072@school.ac.ke
58073,Beatrice,Ndegwa,beatrice.ndegwa58073@uni.ac.ke
58074,Isaac,Bett,isaac.bett58074@students.ac.ke
58075,Moses,Farah,moses.farah58075@uni.ac.ke
58076,Carol,Ogolla,carol.ogolla58076@academy.ac.ke
58077,Brian,Gitonga,brian.gitonga58077@college.ac.ke
58078,George,Okello,george.okello58078@academy.ac.ke
58079,Philip,Omar,philip.omar58079@school.ac.ke
58080,Betty,Okello,betty.okello58080@school.ac.ke
58081,William,Omondi,william.omondi58081@students.ac.ke
58082,Gordon,Nduku,gordon.nduku58082@college.ac.ke
58083,Irene,Gichuki,irene.gichuki58083@college.ac.ke
58084,Robert,Abdi,robert.abdi58084@students.ac.ke
58085,Joy,Akumu,joy.akumu58085@students.ac.ke
58086,Daniel,Mwenda,daniel.mwenda58086@uni.ac.ke
58087,George,Adhiambo,george.adhiambo58087@college.ac.ke
58088,Quentin,Bett,quentin.bett58088@college.ac.ke
58089,Jacob,Omondi,jacob.omondi58089@academy.ac.ke
58090,Henry,Wanjiku,henry.wanjiku58090@college.ac.ke
58091,Dorothy,Ndegwa,dorothy.ndegwa58091@academy.ac.ke
58092,Frances,Njuguna,frances.njuguna58092@school.ac.ke
58093,George,Kasyoka,george.kasyoka58093@uni.ac.ke
58094,Adrian,Farah,adrian.farah58094@uni.ac.ke
58095,Naomi,Wairimu,naomi.wairimu58095@academy.ac.ke
58096,Eleanor,Bett,eleanor.bett58096@academy.ac.ke
58097,Julian,Omar,julian.omar58097@college.ac.ke
58098,Ivan,Musa,ivan.musa58098@academy.ac.ke
58099,Moses,Akumu,moses.akumu58099@academy.ac.ke
58100,Edwin,Onyango,edwin.onyango58100@students.ac.ke
58101,Alice,Achieng,alice.achieng58101@students.ac.ke
58102,Catherine,Kamau,catherine.kamau58102@school.ac.ke
58103,Samuel,Waweru,samuel.waweru58103@uni.ac.ke
58104,David,Mutua,david.mutua58104@school.ac.ke
58105,Daniel,Kinyua,daniel.kinyua58105@college.ac.ke
58106,Victor,Mwangi,victor.mwangi58106@college.ac.ke
58107,Diana,Juma,diana.juma58107@uni.ac.ke
58108,Gladys,Kyalo,gladys.kyalo58108@students.ac.ke
58109,Peter,Koech,peter.koech58109@uni.ac.ke
58110,Eric,Njoki,eric.njoki58110@school.ac.ke
58111,Dennis,Kasyoka,dennis.kasyoka58111@academy.ac.ke
58112,Lydia,Adhiambo,lydia.adhiambo58112@college.ac.ke
58113,Quentin,Mumo,quentin.mumo58113@students.ac.ke
58114,Michael,Kimani,michael.kimani58114@students.ac.ke
58115,Simon,Gathoni,simon.gathoni58115@college.ac.ke
58116,William,Gitau,william.gitau58116@college.ac.ke
58117,Frances,Mbatha,frances.mbatha58117@academy.ac.ke
58118,John,Omondi,john.omondi58118@uni.ac.ke
58119,Michael,Akumu,michael.akumu58119@students.ac.ke
58120,Henry,Mbatha,henry.mbatha58120@college.ac.ke
58121,Agnes,Musa,agnes.musa58121@academy.ac.ke
58122,Lewis,Adhiambo,lewis.adhiambo58122@uni.ac.ke
58123,Helen,Mumo,helen.mumo58123@students.ac.ke
58124,Kevin,Onyango,kevin.onyango58124@school.ac.ke
58125,Joseph,Kimani,joseph.kimani58125@school.ac.ke
58126,Gordon,Nduku,gordon.nduku58126@college.ac.ke
58127,Peter,Omondi,peter.omondi58127@students.ac.ke
58128,Joy,Lagat,joy.lagat58128@uni.ac.ke
58129,Helen,Gathoni,helen.gathoni58129@uni.ac.ke
58130,David,Njoroge,david.njoroge58130@academy.ac.ke
58131,Daniel,Muturi,daniel.muturi58131@college.ac.ke
58132,Agnes,Adhiambo,agnes.adhiambo58132@college.ac.ke
58133,Ruth,Mutisya,ruth.mutisya58133@school.ac.ke
58134,Joy,Njuguna,joy.njuguna58134@school.ac.ke
58135,Carol,Ahmed,carol.ahmed58135@academy.ac.ke
58136,Eleanor,Mutua,eleanor.mutua58136@school.ac.ke
58137,Noah,Nduku,noah.nduku58137@students.ac.ke
58138,Adrian,Wanjiku,adrian.wanjiku58138@academy.ac.ke
58139,Bernard,Ndegwa,bernard.ndegwa58139@uni.ac.ke
58140,Raymond,Omar,raymond.omar58140@academy.ac.ke
58141,George,Adhiambo,george.adhiambo58141@academy.ac.ke
58142,Francis,Kamau,francis.kamau58142@uni.ac.ke
58143,Thomas,Lagat,thomas.lagat58143@students.ac.ke
58144,Noah,Mumo,noah.mumo58144@uni.ac.ke
58145,Edwin,Wanjiku,edwin.wanjiku58145@uni.ac.ke
58146,John,Kinyua,john.kinyua58146@college.ac.ke
58147,Carol,Kiptoo,carol.kiptoo58147@academy.ac.ke
58148,Dorothy,Maina,dorothy.maina58148@uni.ac.ke
58149,George,Otieno,george.otieno58149@students.ac.ke
58150,Julian,Yusuf,julian.yusuf58150@school.ac.ke
58151,Philip,Kiptoo,philip.kiptoo58151@academy.ac.ke
58152,Alice,Ngetich,alice.ngetich58152@students.ac.ke
58153,Gloria,Kasyoka,gloria.kasyoka58153@academy.ac.ke
58154,Lewis,Rotich,lewis.rotich58154@students.ac.ke
58155,Irene,Hassan,irene.hassan58155@uni.ac.ke
58156,Agnes,Mwangi,agnes.mwangi58156@college.ac.ke
58157,James,Gitonga,james.gitonga58157@uni.ac.ke
58158,Catherine,Khalid,catherine.khalid58158@students.ac.ke
58159,Victor,Rotich,victor.rotich58159@uni.ac.ke
58160,Quentin,Onyango,quentin.onyango58160@uni.ac.ke
58161,Kevin,Achieng,kevin.achieng58161@college.ac.ke
58162,Naomi,Juma,naomi.juma58162@academy.ac.ke
58163,Kevin,Omar,kevin.omar58163@college.ac.ke
58164,Carol,Nduku,carol.nduku58164@academy.ac.ke
58165,Gladys,Juma,gladys.juma58165@college.ac.ke
58166,Thomas,Gitonga,thomas.gitonga58166@uni.ac.ke
58167,Adrian,Mwangi,adrian.mwangi58167@school.ac.ke
58168,Raymond,Onyango,raymond.onyango58168@uni.ac.ke
58169,Joy,Koech,joy.koech58169@academy.ac.ke
58170,Gordon,Otieno,gordon.otieno58170@school.ac.ke
58171,Mary,Otieno,mary.otieno58171@students.ac.ke
58172,Isaac,Mumo,isaac.mumo58172@students.ac.ke
58173,John,Gitau,john.gitau58173@school.ac.ke
58174,Kenneth,Juma,kenneth.juma58174@school.ac.ke
58175,Adrian,Odhiambo,adrian.odhiambo58175@school.ac.ke
58176,Grace,Kyalo,grace.kyalo58176@college.ac.ke
58177,Moses,Kasyoka,moses.kasyoka58177@students.ac.ke
58178,Quentin,Rotich,quentin.rotich58178@uni.ac.ke
58179,Catherine,Musa,catherine.musa58179@uni.ac.ke
58180,Raymond,Gitonga,raymond.gitonga58180@students.ac.ke
58181,Douglas,Ruto,douglas.ruto58181@school.ac.ke
58182,Paul,Wairimu,paul.wairimu58182@school.ac.ke
58183,Charles,Adhiambo,charles.adhiambo58183@uni.ac.ke
58184,Catherine,Omondi,catherine.omondi58184@students.ac.ke
58185,Janet,Ngetich,janet.ngetich58185@uni.ac.ke
58186,James,Kiprotich,james.kiprotich58186@academy.ac.ke
58187,Alice,Kyalo,alice.kyalo58187@academy.ac.ke
58188,Hope,Kamau,hope.kamau58188@students.ac.ke
58189,Bernard,Nduku,bernard.nduku58189@academy.ac.ke
58190,Faith,Kariuki,faith.kariuki58190@academy.ac.ke
58191,Bernard,Gathoni,bernard.gathoni58191@school.ac.ke
58192,Simon,Okello,simon.okello58192@college.ac.ke
58193,Moses,Ruto,moses.ruto58193@students.ac.ke
58194,Bernard,Awuor,bernard.awuor58194@uni.ac.ke
58195,Gloria,Waweru,gloria.waweru58195@students.ac.ke
58196,Julian,Chebet,julian.chebet58196@students.ac.ke
58197,Dorothy,Omar,dorothy.omar58197@students.ac.ke
58198,Robert,Njoroge,robert.njoroge58198@college.ac.ke
58199,Gladys,Ngetich,gladys.ngetich58199@uni.ac.ke
58200,Simon,Gitonga,simon.gitonga58200@uni.ac.ke
58201,Edith,Nzomo,edith.nzomo58201@students.ac.ke
58202,Edith,Kinyua,edith.kinyua58202@students.ac.ke
58203,Victor,Awuor,victor.awuor58203@academy.ac.ke
58204,Edith,Ndegwa,edith.ndegwa58204@college.ac.ke
58205,Florence,Okello,florence.okello58205@uni.ac.ke
58206,Gladys,Adhiambo,gladys.adhiambo58206@uni.ac.ke
58207,Agnes,Omondi,agnes.omondi58207@college.ac.ke
58208,Michael,Ahmed,michael.ahmed58208@uni.ac.ke
58209,Raymond,Yusuf,raymond.yusuf58209@school.ac.ke
58210,Victor,Gichuki,victor.gichuki58210@academy.ac.ke
58211,Joyce,Mutua,joyce.mutua58211@college.ac.ke
58212,Joy,Omondi,joy.omondi58212@students.ac.ke
58213,Julian,Yusuf,julian.yusuf58213@school.ac.ke
58214,Irene,Otieno,irene.otieno58214@students.ac.ke
58215,John,Mutua,john.mutua58215@students.ac.ke
58216,Victor,Mwenda,victor.mwenda58216@uni.ac.ke
58217,Esther,Mutua,esther.mutua58217@students.ac.ke
58218,Dennis,Mbatha,dennis.mbatha58218@school.ac.ke
58219,Quentin,Nduku,quentin.nduku58219@students.ac.ke
58220,Harold,Kasyoka,harold.kasyoka58220@students.ac.ke
58221,Faith,Kamau,faith.kamau58221@students.ac.ke
58222,Kenneth,Ndegwa,kenneth.ndegwa58222@uni.ac.ke
58223,Carol,Kasyoka,carol.kasyoka58223@college.ac.ke
58224,Irene,Ogolla,irene.ogolla58224@students.ac.ke
58225,Paul,Kasyoka,paul.kasyoka58225@academy.ac.ke
58226,Frances,Adhiambo,frances.adhiambo58226@uni.ac.ke
58227,Ivan,Ochieng,ivan.ochieng58227@uni.ac.ke
58228,Charles,Mutua,charles.mutua58228@school.ac.ke
58229,Esther,Kasyoka,esther.kasyoka58229@school.ac.ke
58230,Irene,Nduku,irene.nduku58230@college.ac.ke
58231,Agnes,Omondi,agnes.omondi58231@academy.ac.ke
58232,Harold,Rotich,harold.rotich58232@uni.ac.ke
58233,Diana,Nzomo,diana.nzomo58233@uni.ac.ke
58234,George,Wanjiku,george.wanjiku58234@uni.ac.ke
58235,Paul,Owino,paul.owino58235@academy.ac.ke
58236,Kevin,Musyoka,kevin.musyoka58236@school.ac.ke
58237,Douglas,Odhiambo,douglas.odhiambo58237@academy.ac.ke
58238,Henry,Mumo,henry.mumo58238@uni.ac.ke
58239,Peter,Gichuki,peter.gichuki58239@uni.ac.ke
58240,Ruth,Ogolla,ruth.ogolla58240@uni.ac.ke
58241,David,Akumu,david.akumu58241@academy.ac.ke
58242,Joyce,Bett,joyce.bett58242@uni.ac.ke
58243,Ivan,Njoroge,ivan.njoroge58243@academy.ac.ke
58244,Moses,Gathoni,moses.gathoni58244@college.ac.ke
58245,Alice,Mwangi,alice.mwangi58245@academy.ac.ke
58246,Helen,Mwangi,helen.mwangi58246@school.ac.ke
58247,David,Rotich,david.rotich58247@academy.ac.ke
58248,John,Odhiambo,john.odhiambo58248@students.ac.ke
58249,Irene,Omar,irene.omar58249@academy.ac.ke
58250,Brian,Mbatha,brian.mbatha58250@uni.ac.ke
58251,Peter,Omar,peter.omar58251@uni.ac.ke
58252,James,Wairimu,james.wairimu58252@academy.ac.ke
58253,Moses,Ruto,moses.ruto58253@academy.ac.ke
58254,Daniel,Abdi,daniel.abdi58254@academy.ac.ke
58255,Dennis,Yusuf,dennis.yusuf58255@college.ac.ke
58256,Francis,Khalid,francis.khalid58256@academy.ac.ke
58257,James,Kasyoka,james.kasyoka58257@school.ac.ke
58258,Lydia,Ngetich,lydia.ngetich58258@academy.ac.ke
58259,Kenneth,Ndegwa,kenneth.ndegwa58259@students.ac.ke
58260,Edith,Yusuf,edith.yusuf58260@students.ac.ke
58261,Daniel,Koech,daniel.koech58261@college.ac.ke
58262,Diana,Owino,diana.owino58262@academy.ac.ke
58263,Julian,Akumu,julian.akumu58263@students.ac.ke
58264,Kevin,Yusuf,kevin.yusuf58264@academy.ac.ke
58265,Philip,Chebet,philip.chebet58265@school.ac.ke
58266,Joyce,Gathoni,joyce.gathoni58266@students.ac.ke
58267,Isaac,Ahmed,isaac.ahmed58267@academy.ac.ke
58268,Samuel,Njoki,samuel.njoki58268@academy.ac.ke
58269,Francis,Kiprotich,francis.kiprotich58269@school.ac.ke
58270,Noah,Kariuki,noah.kariuki58270@students.ac.ke
58271,Irene,Chebet,irene.chebet58271@uni.ac.ke
58272,Harold,Otieno,harold.otieno58272@school.ac.ke
58273,Bernard,Koech,bernard.koech58273@college.ac.ke
58274,Julian,Khalid,julian.khalid58274@college.ac.ke
58275,Frances,Mwenda,frances.mwenda58275@school.ac.ke
58276,Florence,Chebet,florence.chebet58276@academy.ac.ke
58277,Hannah,Khalid,hannah.khalid58277@college.ac.ke
58278,Esther,Njoroge,esther.njoroge58278@students.ac.ke
58279,Helen,Ndegwa,helen.ndegwa58279@uni.ac.ke
58280,James,Farah,james.farah58280@school.ac.ke
58281,Joyce,Onyango,joyce.onyango58281@college.ac.ke
58282,Ruth,Omar,ruth.omar58282@school.ac.ke
58283,James,Mutisya,james.mutisya58283@school.ac.ke
58284,Faith,Waweru,faith.waweru58284@uni.ac.ke
58285,Charles,Kamau,charles.kamau58285@students.ac.ke
58286,Joseph,Awuor,joseph.awuor58286@uni.ac.ke
58287,Catherine,Okello,catherine.okello58287@college.ac.ke
58288,Kevin,Kiprotich,kevin.kiprotich58288@students.ac.ke
58289,Florence,Ruto,florence.ruto58289@students.ac.ke
58290,Ivan,Musa,ivan.musa58290@college.ac.ke
58291,Hope,Kiprotich,hope.kiprotich58291@academy.ac.ke
58292,Daniel,Ahmed,daniel.ahmed58292@students.ac.ke
58293,Kevin,Odhiambo,kevin.odhiambo58293@academy.ac.ke
58294,Kenneth,Ruto,kenneth.ruto58294@students.ac.ke
58295,Philip,Onyango,philip.onyango58295@uni.ac.ke
58296,Quentin,Omondi,quentin.omondi58296@uni.ac.ke
58297,Kenneth,Rotich,kenneth.rotich58297@students.ac.ke
58298,Joy,Nduku,joy.nduku58298@college.ac.ke
58299,Bernard,Ibrahim,bernard.ibrahim58299@college.ac.ke
58300,Adrian,Onyango,adrian.onyango58300@academy.ac.ke
58301,Lewis,Kasyoka,lewis.kasyoka58301@academy.ac.ke
58302,Grace,Kamau,grace.kamau58302@school.ac.ke
58303,Janet,Kimani,janet.kimani58303@school.ac.ke
58304,Isaac,Onyango,isaac.onyango58304@college.ac.ke
58305,Joyce,Kyalo,joyce.kyalo58305@uni.ac.ke
58306,Victor,Kimani,victor.kimani58306@students.ac.ke
58307,Grace,Mbatha,grace.mbatha58307@college.ac.ke
58308,Joy,Kiprotich,joy.kiprotich58308@academy.ac.ke
58309,Eric,Nzomo,eric.nzomo58309@uni.ac.ke
58310,Grace,Musa,grace.musa58310@college.ac.ke
58311,Oscar,Achieng,oscar.achieng58311@school.ac.ke
58312,Grace,Ogolla,grace.ogolla58312@academy.ac.ke
58313,Joy,Wairimu,joy.wairimu58313@students.ac.ke
58314,Paul,Abdi,paul.abdi58314@students.ac.ke
58315,George,Waweru,george.waweru58315@college.ac.ke
58316,Dennis,Ndegwa,dennis.ndegwa58316@academy.ac.ke
58317,George,Musa,george.musa58317@uni.ac.ke
58318,Janet,Gathoni,janet.gathoni58318@students.ac.ke
58319,Peter,Mutua,peter.mutua58319@uni.ac.ke
58320,Edwin,Gathoni,edwin.gathoni58320@students.ac.ke
58321,Raymond,Onyango,raymond.onyango58321@uni.ac.ke
58322,Edwin,Abdi,edwin.abdi58322@students.ac.ke
58323,Robert,Lagat,robert.lagat58323@uni.ac.ke
58324,Joseph,Otieno,joseph.otieno58324@students.ac.ke
58325,Lewis,Kariuki,lewis.kariuki58325@academy.ac.ke
58326,Hope,Otieno,hope.otieno58326@academy.ac.ke
58327,Brian,Njuguna,brian.njuguna58327@college.ac.ke
58328,Jacob,Lagat,jacob.lagat58328@students.ac.ke
58329,Carol,Koech,carol.koech58329@academy.ac.ke
58330,Charles,Juma,charles.juma58330@school.ac.ke
58331,Hope,Gathoni,hope.gathoni58331@school.ac.ke
58332,Alice,Otieno,alice.otieno58332@school.ac.ke
58333,Agnes,Ibrahim,agnes.ibrahim58333@academy.ac.ke
58334,Betty,Gichuki,betty.gichuki58334@uni.ac.ke
58335,Philip,Ngetich,philip.ngetich58335@academy.ac.ke
58336,Faith,Kamau,faith.kamau58336@uni.ac.ke
58337,Alice,Njoroge,alice.njoroge58337@students.ac.ke
58338,Gladys,Kariuki,gladys.kariuki58338@academy.ac.ke
58339,Agnes,Kinyua,agnes.kinyua58339@college.ac.ke
58340,Julian,Gathoni,julian.gathoni58340@school.ac.ke
58341,Henry,Kyalo,henry.kyalo58341@school.ac.ke
58342,Michael,Omondi,michael.omondi58342@academy.ac.ke
58343,Henry,Awuor,henry.awuor58343@academy.ac.ke
58344,Michael,Bett,michael.bett58344@students.ac.ke
58345,Diana,Omondi,diana.omondi58345@college.ac.ke
58346,Naomi,Mutua,naomi.mutua58346@students.ac.ke
58347,James,Njoki,james.njoki58347@academy.ac.ke
58348,Frances,Mutua,frances.mutua58348@school.ac.ke
58349,Victor,Farah,victor.farah58349@college.ac.ke
58350,Irene,Ahmed,irene.ahmed58350@school.ac.ke
58351,Frances,Mutua,frances.mutua58351@school.ac.ke
58352,Gloria,Gichuki,gloria.gichuki58352@school.ac.ke
58353,Esther,Mutua,esther.mutua58353@school.ac.ke
58354,Gladys,Nduku,gladys.nduku58354@students.ac.ke
58355,Carol,Kamau,carol.kamau58355@college.ac.ke
58356,Mary,Gichuki,mary.gichuki58356@school.ac.ke
58357,John,Ahmed,john.ahmed58357@students.ac.ke
58358,Kenneth,Khalid,kenneth.khalid58358@school.ac.ke
58359,Simon,Ibrahim,simon.ibrahim58359@college.ac.ke
58360,Charles,Mwangi,charles.mwangi58360@school.ac.ke
58361,Michael,Abdi,michael.abdi58361@academy.ac.ke
58362,Bernard,Kariuki,bernard.kariuki58362@college.ac.ke
58363,Dorothy,Ruto,dorothy.ruto58363@students.ac.ke
58364,Frances,Kamau,frances.kamau58364@school.ac.ke
58365,Harriet,Ruto,harriet.ruto58365@school.ac.ke
58366,Samuel,Mbatha,samuel.mbatha58366@academy.ac.ke
58367,Ivan,Gitau,ivan.gitau58367@uni.ac.ke
58368,Edith,Hassan,edith.hassan58368@students.ac.ke
58369,Joseph,Njuguna,joseph.njuguna58369@students.ac.ke
58370,Esther,Kasyoka,esther.kasyoka58370@uni.ac.ke
58371,Dorothy,Wanjiku,dorothy.wanjiku58371@academy.ac.ke
58372,David,Kariuki,david.kariuki58372@academy.ac.ke
58373,James,Mutai,james.mutai58373@students.ac.ke
58374,Peter,Koech,peter.koech58374@students.ac.ke
58375,Isaac,Kiprotich,isaac.kiprotich58375@school.ac.ke
58376,Lewis,Nzomo,lewis.nzomo58376@academy.ac.ke
58377,Henry,Rotich,henry.rotich58377@uni.ac.ke
58378,Harold,Mumo,harold.mumo58378@students.ac.ke
58379,Irene,Farah,irene.farah58379@academy.ac.ke
58380,Beatrice,Mbatha,beatrice.mbatha58380@academy.ac.ke
58381,Irene,Wanjiku,irene.wanjiku58381@college.ac.ke
58382,Irene,Gichuki,irene.gichuki58382@students.ac.ke
58383,David,Ogolla,david.ogolla58383@college.ac.ke
58384,Diana,Yusuf,diana.yusuf58384@students.ac.ke
58385,Frances,Mwangi,frances.mwangi58385@college.ac.ke
58386,Catherine,Omar,catherine.omar58386@school.ac.ke
58387,Mary,Ngetich,mary.ngetich58387@uni.ac.ke
58388,Frances,Musa,frances.musa58388@students.ac.ke
58389,Michael,Akumu,michael.akumu58389@college.ac.ke
58390,John,Ochieng,john.ochieng58390@uni.ac.ke
58391,Lewis,Ahmed,lewis.ahmed58391@uni.ac.ke
58392,Betty,Ogolla,betty.ogolla58392@school.ac.ke
58393,Noah,Kiprotich,noah.kiprotich58393@college.ac.ke
58394,Naomi,Mutua,naomi.mutua58394@students.ac.ke
58395,Isaac,Omondi,isaac.omondi58395@uni.ac.ke
58396,George,Achieng,george.achieng58396@school.ac.ke
58397,Raymond,Mbatha,raymond.mbatha58397@uni.ac.ke
58398,Alice,Mwangi,alice.mwangi58398@college.ac.ke
58399,Hope,Awuor,hope.awuor58399@uni.ac.ke
58400,Irene,Kamau,irene.kamau58400@college.ac.ke
58401,Victor,Koech,victor.koech58401@school.ac.ke
58402,Kevin,Ruto,kevin.ruto58402@uni.ac.ke
58403,Julian,Kasyoka,julian.kasyoka58403@college.ac.ke
58404,Michael,Kinyua,michael.kinyua58404@college.ac.ke
58405,Harold,Akumu,harold.akumu58405@students.ac.ke
58406,Agnes,Kiptoo,agnes.kiptoo58406@uni.ac.ke
58407,Irene,Ndegwa,irene.ndegwa58407@school.ac.ke
58408,Francis,Yusuf,francis.yusuf58408@students.ac.ke
58409,Mary,Okello,mary.okello58409@college.ac.ke
58410,Grace,Hassan,grace.hassan58410@college.ac.ke
58411,Diana,Kimani,diana.kimani58411@uni.ac.ke
58412,Naomi,Omar,naomi.omar58412@academy.ac.ke
58413,Jacob,Owino,jacob.owino58413@college.ac.ke
58414,James,Juma,james.juma58414@students.ac.ke
58415,John,Mwenda,john.mwenda58415@academy.ac.ke
58416,Moses,Onyango,moses.onyango58416@students.ac.ke
58417,Gordon,Kimani,gordon.kimani58417@uni.ac.ke
58418,Lewis,Wairimu,lewis.wairimu58418@college.ac.ke
58419,Alice,Musa,alice.musa58419@college.ac.ke
58420,Grace,Kariuki,grace.kariuki58420@uni.ac.ke
58421,Helen,Otieno,helen.otieno58421@academy.ac.ke
58422,Edith,Kinyua,edith.kinyua58422@academy.ac.ke
58423,Grace,Ndegwa,grace.ndegwa58423@uni.ac.ke
58424,Diana,Okello,diana.okello58424@students.ac.ke
58425,Noah,Nzomo,noah.nzomo58425@school.ac.ke
58426,Michael,Njoki,michael.njoki58426@academy.ac.ke
58427,Mary,Akumu,mary.akumu58427@school.ac.ke
58428,Adrian,Awuor,adrian.awuor58428@uni.ac.ke
58429,Esther,Farah,esther.farah58429@students.ac.ke
58430,Kenneth,Wairimu,kenneth.wairimu58430@school.ac.ke
58431,James,Njuguna,james.njuguna58431@uni.ac.ke
58432,Francis,Ngetich,francis.ngetich58432@students.ac.ke
58433,Helen,Owino,helen.owino58433@college.ac.ke
58434,Henry,Mutua,henry.mutua58434@college.ac.ke
58435,Jacob,Ruto,jacob.ruto58435@uni.ac.ke
58436,Moses,Mutisya,moses.mutisya58436@students.ac.ke
58437,Henry,Ibrahim,henry.ibrahim58437@academy.ac.ke
58438,Diana,Bett,diana.bett58438@college.ac.ke
58439,Naomi,Wanjiku,naomi.wanjiku58439@students.ac.ke
58440,Kevin,Omondi,kevin.omondi58440@academy.ac.ke
58441,Douglas,Mutisya,douglas.mutisya58441@academy.ac.ke
58442,John,Ruto,john.ruto58442@students.ac.ke
58443,Simon,Gichuki,simon.gichuki58443@academy.ac.ke
58444,David,Kamau,david.kamau58444@uni.ac.ke
58445,Carol,Ndegwa,carol.ndegwa58445@academy.ac.ke
58446,Philip,Abdi,philip.abdi58446@school.ac.ke
58447,Betty,Mutisya,betty.mutisya58447@students.ac.ke
58448,Frances,Hassan,frances.hassan58448@uni.ac.ke
58449,Charles,Adhiambo,charles.adhiambo58449@students.ac.ke
58450,Brian,Njuguna,brian.njuguna58450@college.ac.ke
58451,Daniel,Kariuki,daniel.kariuki58451@academy.ac.ke
58452,Frances,Gichuki,frances.gichuki58452@college.ac.ke
58453,Peter,Ngetich,peter.ngetich58453@academy.ac.ke
58454,Harold,Owino,harold.owino58454@school.ac.ke
58455,Carol,Ruto,carol.ruto58455@college.ac.ke
58456,Brian,Waweru,brian.waweru58456@school.ac.ke
58457,George,Mbatha,george.mbatha58457@school.ac.ke
58458,Henry,Lagat,henry.lagat58458@school.ac.ke
58459,Dennis,Nduku,dennis.nduku58459@academy.ac.ke
58460,Carol,Ngetich,carol.ngetich58460@students.ac.ke
58461,Douglas,Ogolla,douglas.ogolla58461@academy.ac.ke
58462,Naomi,Gichuki,naomi.gichuki58462@college.ac.ke
58463,Helen,Wairimu,helen.wairimu58463@college.ac.ke
58464,Hannah,Gitau,hannah.gitau58464@uni.ac.ke
58465,Philip,Lagat,philip.lagat58465@uni.ac.ke
58466,Gloria,Gitau,gloria.gitau58466@college.ac.ke
58467,Eleanor,Owino,eleanor.owino58467@academy.ac.ke
58468,Irene,Musa,irene.musa58468@students.ac.ke
58469,Dorothy,Waweru,dorothy.waweru58469@school.ac.ke
58470,Samuel,Ibrahim,samuel.ibrahim58470@college.ac.ke
58471,Hannah,Kinyua,hannah.kinyua58471@school.ac.ke
58472,Jacob,Mutua,jacob.mutua58472@college.ac.ke
58473,Lewis,Muturi,lewis.muturi58473@college.ac.ke
58474,Agnes,Lagat,agnes.lagat58474@college.ac.ke
58475,Alice,Kimani,alice.kimani58475@school.ac.ke
58476,David,Ochieng,david.ochieng58476@college.ac.ke
58477,Thomas,Musyoka,thomas.musyoka58477@college.ac.ke
58478,Ruth,Ahmed,ruth.ahmed58478@uni.ac.ke
58479,Peter,Mbatha,peter.mbatha58479@students.ac.ke
58480,Hannah,Mwenda,hannah.mwenda58480@academy.ac.ke
58481,William,Musa,william.musa58481@school.ac.ke
58482,Gordon,Okello,gordon.okello58482@students.ac.ke
58483,Robert,Kariuki,robert.kariuki58483@school.ac.ke
58484,Betty,Ibrahim,betty.ibrahim58484@uni.ac.ke
58485,Joyce,Musyoka,joyce.musyoka58485@uni.ac.ke
58486,Kenneth,Maina,kenneth.maina58486@school.ac.ke
58487,Gordon,Kamau,gordon.kamau58487@uni.ac.ke
58488,Quentin,Waweru,quentin.waweru58488@uni.ac.ke
58489,Charles,Kamau,charles.kamau58489@academy.ac.ke
58490,Eleanor,Ngetich,eleanor.ngetich58490@college.ac.ke
58491,Alice,Omondi,alice.omondi58491@school.ac.ke
58492,Betty,Kariuki,betty.kariuki58492@students.ac.ke
58493,Harold,Gichuki,harold.gichuki58493@school.ac.ke
58494,Kenneth,Gitau,kenneth.gitau58494@college.ac.ke
58495,Dennis,Kimani,dennis.kimani58495@school.ac.ke
58496,Alice,Mwangi,alice.mwangi58496@uni.ac.ke
58497,Thomas,Muturi,thomas.muturi58497@academy.ac.ke
58498,David,Ochieng,david.ochieng58498@school.ac.ke
58499,William,Bett,william.bett58499@school.ac.ke
58500,Kenneth,Odhiambo,kenneth.odhiambo58500@school.ac.ke
58501,Agnes,Gathoni,agnes.gathoni58501@academy.ac.ke
58502,Raymond,Wairimu,raymond.wairimu58502@students.ac.ke
58503,Alice,Mumo,alice.mumo58503@college.ac.ke
58504,Harold,Achieng,harold.achieng58504@college.ac.ke
58505,Hope,Gitonga,hope.gitonga58505@academy.ac.ke
58506,William,Bett,william.bett58506@college.ac.ke
58507,Florence,Juma,florence.juma58507@students.ac.ke
58508,Moses,Ngetich,moses.ngetich58508@uni.ac.ke
58509,Lydia,Owino,lydia.owino58509@school.ac.ke
58510,Kenneth,Wanjiku,kenneth.wanjiku58510@uni.ac.ke
58511,Joseph,Muturi,joseph.muturi58511@students.ac.ke
58512,John,Owino,john.owino58512@students.ac.ke
58513,George,Khalid,george.khalid58513@uni.ac.ke
58514,Robert,Gichuki,robert.gichuki58514@college.ac.ke
58515,Catherine,Kiptoo,catherine.kiptoo58515@academy.ac.ke
58516,Lewis,Juma,lewis.juma58516@uni.ac.ke
58517,Agnes,Rotich,agnes.rotich58517@academy.ac.ke
58518,Edith,Kyalo,edith.kyalo58518@uni.ac.ke
58519,Thomas,Rotich,thomas.rotich58519@college.ac.ke
58520,Gloria,Odhiambo,gloria.odhiambo58520@uni.ac.ke
58521,Robert,Akumu,robert.akumu58521@academy.ac.ke
58522,Joyce,Kariuki,joyce.kariuki58522@academy.ac.ke
58523,Kenneth,Adhiambo,kenneth.adhiambo58523@uni.ac.ke
58524,Harriet,Njoki,harriet.njoki58524@school.ac.ke
58525,Adrian,Bett,adrian.bett58525@uni.ac.ke
58526,Mary,Mutai,mary.mutai58526@uni.ac.ke
58527,Raymond,Akumu,raymond.akumu58527@school.ac.ke
58528,Philip,Wairimu,philip.wairimu58528@uni.ac.ke
58529,Catherine,Kimani,catherine.kimani58529@college.ac.ke
58530,Moses,Abdi,moses.abdi58530@academy.ac.ke
58531,Diana,Kiptoo,diana.kiptoo58531@uni.ac.ke
58532,Quentin,Ndegwa,quentin.ndegwa58532@college.ac.ke
58533,Kenneth,Mbatha,kenneth.mbatha58533@students.ac.ke
58534,Kevin,Abdi,kevin.abdi58534@uni.ac.ke
58535,Adrian,Awuor,adrian.awuor58535@academy.ac.ke
58536,Alice,Gitau,alice.gitau58536@uni.ac.ke
58537,Dorothy,Musyoka,dorothy.musyoka58537@academy.ac.ke
58538,Raymond,Nduku,raymond.nduku58538@college.ac.ke
58539,Douglas,Maina,douglas.maina58539@uni.ac.ke
58540,Irene,Owino,irene.owino58540@students.ac.ke
58541,Ruth,Khalid,ruth.khalid58541@students.ac.ke
58542,Bernard,Waweru,bernard.waweru58542@academy.ac.ke
58543,Jacob,Mwenda,jacob.mwenda58543@students.ac.ke
58544,Diana,Farah,diana.farah58544@students.ac.ke
58545,Naomi,Chebet,naomi.chebet58545@students.ac.ke
58546,Dennis,Onyango,dennis.onyango58546@college.ac.ke
58547,Joseph,Kinyua,joseph.kinyua58547@academy.ac.ke
58548,Naomi,Bett,naomi.bett58548@school.ac.ke
58549,Harold,Musa,harold.musa58549@students.ac.ke
58550,Noah,Kinyua,noah.kinyua58550@students.ac.ke
58551,Moses,Ndegwa,moses.ndegwa58551@academy.ac.ke
58552,George,Kimani,george.kimani58552@school.ac.ke
58553,Hannah,Ogolla,hannah.ogolla58553@students.ac.ke
58554,Carol,Abdi,carol.abdi58554@uni.ac.ke
58555,Jacob,Kamau,jacob.kamau58555@students.ac.ke
58556,David,Musa,david.musa58556@school.ac.ke
58557,Isaac,Ahmed,isaac.ahmed58557@academy.ac.ke
58558,Florence,Adhiambo,florence.adhiambo58558@school.ac.ke
58559,Gloria,Kiprotich,gloria.kiprotich58559@students.ac.ke
58560,Harriet,Abdi,harriet.abdi58560@college.ac.ke
58561,Diana,Akumu,diana.akumu58561@college.ac.ke
58562,Florence,Odhiambo,florence.odhiambo58562@academy.ac.ke
58563,Frances,Wairimu,frances.wairimu58563@college.ac.ke
58564,Joseph,Okello,joseph.okello58564@school.ac.ke
58565,Bernard,Njoki,bernard.njoki58565@school.ac.ke
58566,Joy,Kasyoka,joy.kasyoka58566@uni.ac.ke
58567,Frances,Achieng,frances.achieng58567@school.ac.ke
58568,Naomi,Kamau,naomi.kamau58568@uni.ac.ke
58569,Jacob,Okello,jacob.okello58569@school.ac.ke
58570,Mary,Omondi,mary.omondi58570@academy.ac.ke
58571,Ivan,Abdi,ivan.abdi58571@academy.ac.ke
58572,Agnes,Gitonga,agnes.gitonga58572@school.ac.ke
58573,Thomas,Mutua,thomas.mutua58573@academy.ac.ke
58574,David,Musyoka,david.musyoka58574@academy.ac.ke
58575,Hope,Omondi,hope.omondi58575@college.ac.ke
58576,Bernard,Chebet,bernard.chebet58576@uni.ac.ke
58577,Kevin,Gathoni,kevin.gathoni58577@academy.ac.ke
58578,Michael,Achieng,michael.achieng58578@college.ac.ke
58579,Thomas,Odhiambo,thomas.odhiambo58579@college.ac.ke
58580,Hope,Ndegwa,hope.ndegwa58580@college.ac.ke
58581,Carol,Kamau,carol.kamau58581@students.ac.ke
58582,Francis,Kamau,francis.kamau58582@school.ac.ke
58583,Michael,Kimani,michael.kimani58583@students.ac.ke
58584,Gloria,Kiptoo,gloria.kiptoo58584@uni.ac.ke
58585,Bernard,Kamau,bernard.kamau58585@school.ac.ke
58586,Henry,Achieng,henry.achieng58586@academy.ac.ke
58587,Jacob,Ndegwa,jacob.ndegwa58587@school.ac.ke
58588,Douglas,Musa,douglas.musa58588@academy.ac.ke
58589,Carol,Nduku,carol.nduku58589@uni.ac.ke
58590,Harold,Mutisya,harold.mutisya58590@college.ac.ke
58591,Moses,Ndegwa,moses.ndegwa58591@uni.ac.ke
58592,Michael,Owino,michael.owino58592@school.ac.ke
58593,Quentin,Musa,quentin.musa58593@school.ac.ke
58594,Eric,Gathoni,eric.gathoni58594@academy.ac.ke
58595,Catherine,Yusuf,catherine.yusuf58595@academy.ac.ke
58596,Gordon,Mwangi,gordon.mwangi58596@students.ac.ke
58597,Diana,Bett,diana.bett58597@college.ac.ke
58598,Adrian,Gitonga,adrian.gitonga58598@college.ac.ke
58599,Victor,Ahmed,victor.ahmed58599@academy.ac.ke
58600,Kenneth,Koech,kenneth.koech58600@academy.ac.ke
58601,Harold,Mutai,harold.mutai58601@college.ac.ke
58602,Thomas,Gichuki,thomas.gichuki58602@students.ac.ke
58603,Hannah,Musa,hannah.musa58603@college.ac.ke
58604,Hope,Ahmed,hope.ahmed58604@academy.ac.ke
58605,Lewis,Mwangi,lewis.mwangi58605@students.ac.ke
58606,Janet,Odhiambo,janet.odhiambo58606@academy.ac.ke
58607,Agnes,Juma,agnes.juma58607@school.ac.ke
58608,Bernard,Yusuf,bernard.yusuf58608@academy.ac.ke
58609,Paul,Ogolla,paul.ogolla58609@college.ac.ke
58610,Edith,Mutua,edith.mutua58610@students.ac.ke
58611,Irene,Nduku,irene.nduku58611@students.ac.ke
58612,Joy,Njoki,joy.njoki58612@academy.ac.ke
58613,Isaac,Hassan,isaac.hassan58613@academy.ac.ke
58614,Quentin,Mumo,quentin.mumo58614@students.ac.ke
58615,Dorothy,Kamau,dorothy.kamau58615@students.ac.ke
58616,Daniel,Hassan,daniel.hassan58616@school.ac.ke
58617,Noah,Muturi,noah.muturi58617@uni.ac.ke
58618,Edwin,Musa,edwin.musa58618@college.ac.ke
58619,Mary,Lagat,mary.lagat58619@school.ac.ke
58620,Helen,Njoroge,helen.njoroge58620@college.ac.ke
58621,Raymond,Njoki,raymond.njoki58621@school.ac.ke
58622,Moses,Mumo,moses.mumo58622@college.ac.ke
58623,Catherine,Juma,catherine.juma58623@uni.ac.ke
58624,Adrian,Musa,adrian.musa58624@uni.ac.ke
58625,James,Odhiambo,james.odhiambo58625@academy.ac.ke
58626,Harriet,Rotich,harriet.rotich58626@uni.ac.ke
58627,Michael,Gathoni,michael.gathoni58627@students.ac.ke
58628,Gladys,Kimani,gladys.kimani58628@uni.ac.ke
58629,Paul,Kinyua,paul.kinyua58629@school.ac.ke
58630,Kevin,Lagat,kevin.lagat58630@uni.ac.ke
58631,Betty,Nzomo,betty.nzomo58631@academy.ac.ke
58632,Joseph,Onyango,joseph.onyango58632@academy.ac.ke
58633,Francis,Maina,francis.maina58633@academy.ac.ke
58634,Michael,Farah,michael.farah58634@academy.ac.ke
58635,Helen,Mutua,helen.mutua58635@uni.ac.ke
58636,David,Njoroge,david.njoroge58636@students.ac.ke
58637,Diana,Otieno,diana.otieno58637@college.ac.ke
58638,Grace,Muturi,grace.muturi58638@students.ac.ke
58639,Samuel,Kinyua,samuel.kinyua58639@uni.ac.ke
58640,Ivan,Yusuf,ivan.yusuf58640@uni.ac.ke
58641,Gordon,Ngetich,gordon.ngetich58641@college.ac.ke
58642,Agnes,Musyoka,agnes.musyoka58642@college.ac.ke
58643,Joseph,Abdi,joseph.abdi58643@school.ac.ke
58644,Gloria,Bett,gloria.bett58644@students.ac.ke
58645,Samuel,Ruto,samuel.ruto58645@students.ac.ke
58646,Charles,Mumo,charles.mumo58646@students.ac.ke
58647,Faith,Koech,faith.koech58647@school.ac.ke
58648,Betty,Okello,betty.okello58648@college.ac.ke
58649,Noah,Yusuf,noah.yusuf58649@school.ac.ke
58650,Naomi,Kasyoka,naomi.kasyoka58650@uni.ac.ke
58651,Hope,Abdi,hope.abdi58651@uni.ac.ke
58652,Catherine,Njoroge,catherine.njoroge58652@academy.ac.ke
58653,Peter,Mutisya,peter.mutisya58653@school.ac.ke
58654,Mary,Mbatha,mary.mbatha58654@college.ac.ke
58655,Philip,Mbatha,philip.mbatha58655@students.ac.ke
58656,Hannah,Chebet,hannah.chebet58656@college.ac.ke
58657,Esther,Mutua,esther.mutua58657@college.ac.ke
58658,Kevin,Mutua,kevin.mutua58658@academy.ac.ke
58659,Janet,Maina,janet.maina58659@academy.ac.ke
58660,Hannah,Maina,hannah.maina58660@academy.ac.ke
58661,Lewis,Kyalo,lewis.kyalo58661@students.ac.ke
58662,Faith,Khalid,faith.khalid58662@college.ac.ke
58663,Grace,Ibrahim,grace.ibrahim58663@students.ac.ke
58664,John,Farah,john.farah58664@academy.ac.ke
58665,Grace,Owino,grace.owino58665@uni.ac.ke
58666,Jacob,Onyango,jacob.onyango58666@uni.ac.ke
58667,Helen,Waweru,helen.waweru58667@uni.ac.ke
58668,Victor,Gathoni,victor.gathoni58668@school.ac.ke
58669,Betty,Kyalo,betty.kyalo58669@students.ac.ke
58670,Naomi,Gichuki,naomi.gichuki58670@uni.ac.ke
58671,Kevin,Okello,kevin.okello58671@students.ac.ke
58672,Dorothy,Farah,dorothy.farah58672@school.ac.ke
58673,Dorothy,Kyalo,dorothy.kyalo58673@uni.ac.ke
58674,Eric,Wanjiku,eric.wanjiku58674@college.ac.ke
58675,Isaac,Njoroge,isaac.njoroge58675@academy.ac.ke
58676,Agnes,Gichuki,agnes.gichuki58676@students.ac.ke
58677,Paul,Khalid,paul.khalid58677@college.ac.ke
58678,Paul,Kasyoka,paul.kasyoka58678@academy.ac.ke
58679,Gloria,Owino,gloria.owino58679@students.ac.ke
58680,George,Mwangi,george.mwangi58680@academy.ac.ke
58681,Janet,Mbatha,janet.mbatha58681@academy.ac.ke
58682,Kenneth,Gitau,kenneth.gitau58682@students.ac.ke
58683,Harriet,Kinyua,harriet.kinyua58683@students.ac.ke
58684,Lewis,Omar,lewis.omar58684@school.ac.ke
58685,Kenneth,Kiptoo,kenneth.kiptoo58685@uni.ac.ke
58686,Lewis,Ochieng,lewis.ochieng58686@college.ac.ke
58687,Isaac,Nduku,isaac.nduku58687@academy.ac.ke
58688,Dennis,Nduku,dennis.nduku58688@students.ac.ke
58689,Thomas,Mbatha,thomas.mbatha58689@students.ac.ke
58690,Daniel,Musa,daniel.musa58690@school.ac.ke
58691,Noah,Ngetich,noah.ngetich58691@uni.ac.ke
58692,Harriet,Kinyua,harriet.kinyua58692@uni.ac.ke
58693,Kevin,Njuguna,kevin.njuguna58693@college.ac.ke
58694,Helen,Owino,helen.owino58694@uni.ac.ke
58695,Francis,Awuor,francis.awuor58695@uni.ac.ke
58696,Thomas,Ahmed,thomas.ahmed58696@uni.ac.ke
58697,Thomas,Otieno,thomas.otieno58697@students.ac.ke
58698,Gloria,Mutisya,gloria.mutisya58698@uni.ac.ke
58699,Dorothy,Kiprotich,dorothy.kiprotich58699@college.ac.ke
58700,Philip,Wairimu,philip.wairimu58700@school.ac.ke
58701,Beatrice,Kariuki,beatrice.kariuki58701@uni.ac.ke
58702,Gladys,Bett,gladys.bett58702@academy.ac.ke
58703,Catherine,Rotich,catherine.rotich58703@school.ac.ke
58704,Dorothy,Muturi,dorothy.muturi58704@school.ac.ke
58705,Irene,Njuguna,irene.njuguna58705@school.ac.ke
58706,Philip,Awuor,philip.awuor58706@school.ac.ke
58707,Bernard,Mutai,bernard.mutai58707@college.ac.ke
58708,Harold,Yusuf,harold.yusuf58708@academy.ac.ke
58709,Bernard,Adhiambo,bernard.adhiambo58709@academy.ac.ke
58710,Gladys,Waweru,gladys.waweru58710@students.ac.ke
58711,Betty,Odhiambo,betty.odhiambo58711@academy.ac.ke
58712,Gordon,Njoki,gordon.njoki58712@uni.ac.ke
58713,Gordon,Nzomo,gordon.nzomo58713@school.ac.ke
58714,Douglas,Mutisya,douglas.mutisya58714@school.ac.ke
58715,Daniel,Mwenda,daniel.mwenda58715@academy.ac.ke
58716,John,Otieno,john.otieno58716@school.ac.ke
58717,Gordon,Ochieng,gordon.ochieng58717@college.ac.ke
58718,Joyce,Kiptoo,joyce.kiptoo58718@college.ac.ke
58719,Adrian,Okello,adrian.okello58719@students.ac.ke
58720,Esther,Okello,esther.okello58720@academy.ac.ke
58721,Dennis,Waweru,dennis.waweru58721@students.ac.ke
58722,Diana,Njuguna,diana.njuguna58722@students.ac.ke
58723,Irene,Njoroge,irene.njoroge58723@academy.ac.ke
58724,Grace,Yusuf,grace.yusuf58724@school.ac.ke
58725,Gladys,Ahmed,gladys.ahmed58725@college.ac.ke
58726,Naomi,Ahmed,naomi.ahmed58726@students.ac.ke
58727,Raymond,Okello,raymond.okello58727@students.ac.ke
58728,Jacob,Farah,jacob.farah58728@academy.ac.ke
58729,Noah,Kyalo,noah.kyalo58729@students.ac.ke
58730,George,Kyalo,george.kyalo58730@students.ac.ke
58731,Ruth,Kiprotich,ruth.kiprotich58731@school.ac.ke
58732,Hannah,Musa,hannah.musa58732@college.ac.ke
58733,Edith,Kinyua,edith.kinyua58733@students.ac.ke
58734,Irene,Waweru,irene.waweru58734@academy.ac.ke
58735,David,Gitau,david.gitau58735@uni.ac.ke
58736,Philip,Ahmed,philip.ahmed58736@college.ac.ke
58737,Hope,Omondi,hope.omondi58737@academy.ac.ke
58738,Bernard,Juma,bernard.juma58738@school.ac.ke
58739,Harriet,Owino,harriet.owino58739@college.ac.ke
58740,Florence,Hassan,florence.hassan58740@students.ac.ke
58741,Philip,Njoki,philip.njoki58741@students.ac.ke
58742,Dorothy,Khalid,dorothy.khalid58742@uni.ac.ke
58743,Joseph,Kinyua,joseph.kinyua58743@students.ac.ke
58744,Simon,Hassan,simon.hassan58744@uni.ac.ke
58745,Samuel,Nzomo,samuel.nzomo58745@school.ac.ke
58746,Dorothy,Muturi,dorothy.muturi58746@uni.ac.ke
58747,Philip,Odhiambo,philip.odhiambo58747@academy.ac.ke
58748,Naomi,Kasyoka,naomi.kasyoka58748@school.ac.ke
58749,Jacob,Mwenda,jacob.mwenda58749@uni.ac.ke
58750,Helen,Njoki,helen.njoki58750@school.ac.ke
58751,Gladys,Lagat,gladys.lagat58751@college.ac.ke
58752,Eric,Ochieng,eric.ochieng58752@uni.ac.ke
58753,Carol,Kyalo,carol.kyalo58753@school.ac.ke
58754,Ruth,Nzomo,ruth.nzomo58754@students.ac.ke
58755,Brian,Mutai,brian.mutai58755@college.ac.ke
58756,Gloria,Kiprotich,gloria.kiprotich58756@college.ac.ke
58757,Hope,Mwenda,hope.mwenda58757@school.ac.ke
58758,Philip,Odhiambo,philip.odhiambo58758@students.ac.ke
58759,Betty,Njuguna,betty.njuguna58759@school.ac.ke
58760,David,Gitonga,david.gitonga58760@uni.ac.ke
58761,Eric,Kyalo,eric.kyalo58761@academy.ac.ke
58762,Irene,Kariuki,irene.kariuki58762@uni.ac.ke
58763,Moses,Gathoni,moses.gathoni58763@uni.ac.ke
58764,Faith,Juma,faith.juma58764@uni.ac.ke
58765,John,Njoki,john.njoki58765@college.ac.ke
58766,Simon,Mwenda,simon.mwenda58766@academy.ac.ke
58767,Joyce,Muturi,joyce.muturi58767@school.ac.ke
58768,Thomas,Okello,thomas.okello58768@students.ac.ke
58769,Irene,Gitonga,irene.gitonga58769@academy.ac.ke
58770,Philip,Musyoka,philip.musyoka58770@school.ac.ke
58771,David,Njoroge,david.njoroge58771@college.ac.ke
58772,George,Ngetich,george.ngetich58772@school.ac.ke
58773,David,Abdi,david.abdi58773@school.ac.ke
58774,Harriet,Odhiambo,harriet.odhiambo58774@academy.ac.ke
58775,James,Njoroge,james.njoroge58775@uni.ac.ke
58776,Jacob,Wairimu,jacob.wairimu58776@school.ac.ke
58777,Carol,Omar,carol.omar58777@academy.ac.ke
58778,Harold,Ahmed,harold.ahmed58778@school.ac.ke
58779,Eric,Kariuki,eric.kariuki58779@students.ac.ke
58780,Harriet,Ibrahim,harriet.ibrahim58780@students.ac.ke
58781,Noah,Adhiambo,noah.adhiambo58781@college.ac.ke
58782,Lydia,Farah,lydia.farah58782@uni.ac.ke
58783,Hope,Ruto,hope.ruto58783@college.ac.ke
58784,Frances,Wanjiku,frances.wanjiku58784@students.ac.ke
58785,Esther,Owino,esther.owino58785@college.ac.ke
58786,Douglas,Adhiambo,douglas.adhiambo58786@academy.ac.ke
58787,Julian,Owino,julian.owino58787@uni.ac.ke
58788,Francis,Kasyoka,francis.kasyoka58788@students.ac.ke
58789,Irene,Hassan,irene.hassan58789@students.ac.ke
58790,Irene,Muturi,irene.muturi58790@school.ac.ke
58791,Quentin,Kiptoo,quentin.kiptoo58791@school.ac.ke
58792,Hannah,Waweru,hannah.waweru58792@college.ac.ke
58793,Thomas,Kiprotich,thomas.kiprotich58793@students.ac.ke
58794,Charles,Adhiambo,charles.adhiambo58794@uni.ac.ke
58795,Jacob,Owino,jacob.owino58795@students.ac.ke
58796,Betty,Omondi,betty.omondi58796@school.ac.ke
58797,Florence,Rotich,florence.rotich58797@college.ac.ke
58798,Naomi,Ruto,naomi.ruto58798@academy.ac.ke
58799,Kenneth,Kasyoka,kenneth.kasyoka58799@uni.ac.ke
58800,Hannah,Odhiambo,hannah.odhiambo58800@uni.ac.ke
58801,Naomi,Mwangi,naomi.mwangi58801@school.ac.ke
58802,Adrian,Gitau,adrian.gitau58802@students.ac.ke
58803,Jacob,Akumu,jacob.akumu58803@uni.ac.ke
58804,Bernard,Gathoni,bernard.gathoni58804@students.ac.ke
58805,Grace,Kyalo,grace.kyalo58805@uni.ac.ke
58806,Florence,Kiptoo,florence.kiptoo58806@academy.ac.ke
58807,Henry,Achieng,henry.achieng58807@students.ac.ke
58808,Eleanor,Gichuki,eleanor.gichuki58808@academy.ac.ke
58809,Bernard,Omondi,bernard.omondi58809@students.ac.ke
58810,Philip,Mutua,philip.mutua58810@college.ac.ke
58811,Daniel,Mwangi,daniel.mwangi58811@uni.ac.ke
58812,Daniel,Gitonga,daniel.gitonga58812@academy.ac.ke
58813,Harold,Nzomo,harold.nzomo58813@school.ac.ke
58814,Charles,Kamau,charles.kamau58814@academy.ac.ke
58815,Harriet,Gathoni,harriet.gathoni58815@uni.ac.ke
58816,Hope,Mutisya,hope.mutisya58816@students.ac.ke
58817,George,Maina,george.maina58817@uni.ac.ke
58818,Catherine,Gitau,catherine.gitau58818@students.ac.ke
58819,Diana,Nzomo,diana.nzomo58819@uni.ac.ke
58820,Lewis,Ngetich,lewis.ngetich58820@uni.ac.ke
58821,Quentin,Wanjiku,quentin.wanjiku58821@uni.ac.ke
58822,Gladys,Ndegwa,gladys.ndegwa58822@uni.ac.ke
58823,Ivan,Ruto,ivan.ruto58823@uni.ac.ke
58824,Gloria,Achieng,gloria.achieng58824@students.ac.ke
58825,Eric,Ngetich,eric.ngetich58825@school.ac.ke
58826,Lewis,Akumu,lewis.akumu58826@academy.ac.ke
58827,Esther,Kinyua,esther.kinyua58827@uni.ac.ke
58828,Esther,Khalid,esther.khalid58828@college.ac.ke
58829,Peter,Kamau,peter.kamau58829@students.ac.ke
58830,Joyce,Gitonga,joyce.gitonga58830@college.ac.ke
58831,Francis,Muturi,francis.muturi58831@academy.ac.ke
58832,Esther,Otieno,esther.otieno58832@academy.ac.ke
58833,James,Kariuki,james.kariuki58833@students.ac.ke
58834,Ruth,Otieno,ruth.otieno58834@college.ac.ke
58835,George,Juma,george.juma58835@school.ac.ke
58836,Samuel,Onyango,samuel.onyango58836@academy.ac.ke
58837,Irene,Njoroge,irene.njoroge58837@school.ac.ke
58838,Simon,Njoki,simon.njoki58838@uni.ac.ke
58839,Brian,Omar,brian.omar58839@academy.ac.ke
58840,Philip,Otieno,philip.otieno58840@college.ac.ke
58841,Carol,Waweru,carol.waweru58841@academy.ac.ke
58842,Douglas,Rotich,douglas.rotich58842@academy.ac.ke
58843,Mary,Okello,mary.okello58843@college.ac.ke
58844,Irene,Wairimu,irene.wairimu58844@academy.ac.ke
58845,Esther,Ndegwa,esther.ndegwa58845@students.ac.ke
58846,Peter,Nduku,peter.nduku58846@college.ac.ke
58847,Grace,Nduku,grace.nduku58847@students.ac.ke
58848,Harold,Gathoni,harold.gathoni58848@academy.ac.ke
58849,Paul,Omondi,paul.omondi58849@school.ac.ke
58850,Ruth,Rotich,ruth.rotich58850@school.ac.ke
58851,James,Ngetich,james.ngetich58851@students.ac.ke
58852,James,Gitau,james.gitau58852@uni.ac.ke
58853,Harold,Adhiambo,harold.adhiambo58853@students.ac.ke
58854,Mary,Kinyua,mary.kinyua58854@uni.ac.ke
58855,Samuel,Mutisya,samuel.mutisya58855@uni.ac.ke
58856,Kenneth,Nzomo,kenneth.nzomo58856@students.ac.ke
58857,Douglas,Otieno,douglas.otieno58857@students.ac.ke
58858,Helen,Hassan,helen.hassan58858@college.ac.ke
58859,Samuel,Mbatha,samuel.mbatha58859@students.ac.ke
58860,Kenneth,Waweru,kenneth.waweru58860@college.ac.ke
58861,Charles,Ogolla,charles.ogolla58861@school.ac.ke
58862,Daniel,Kamau,daniel.kamau58862@school.ac.ke
58863,Bernard,Ahmed,bernard.ahmed58863@uni.ac.ke
58864,Helen,Awuor,helen.awuor58864@college.ac.ke
58865,Catherine,Mwenda,catherine.mwenda58865@academy.ac.ke
58866,Lydia,Lagat,lydia.lagat58866@college.ac.ke
58867,Noah,Kimani,noah.kimani58867@school.ac.ke
58868,Douglas,Ibrahim,douglas.ibrahim58868@school.ac.ke
58869,Henry,Kiprotich,henry.kiprotich58869@school.ac.ke
58870,Diana,Yusuf,diana.yusuf58870@academy.ac.ke
58871,Carol,Khalid,carol.khalid58871@uni.ac.ke
58872,Daniel,Wanjiku,daniel.wanjiku58872@academy.ac.ke
58873,Alice,Adhiambo,alice.adhiambo58873@uni.ac.ke
58874,Eric,Mumo,eric.mumo58874@uni.ac.ke
58875,James,Ogolla,james.ogolla58875@students.ac.ke
58876,Ivan,Wanjiku,ivan.wanjiku58876@students.ac.ke
58877,Charles,Kiprotich,charles.kiprotich58877@school.ac.ke
58878,Faith,Nduku,faith.nduku58878@students.ac.ke
58879,Harold,Mutua,harold.mutua58879@college.ac.ke
58880,Charles,Rotich,charles.rotich58880@academy.ac.ke
58881,Mary,Gichuki,mary.gichuki58881@school.ac.ke
58882,Samuel,Kyalo,samuel.kyalo58882@school.ac.ke
58883,Alice,Ochieng,alice.ochieng58883@students.ac.ke
58884,Kevin,Njoroge,kevin.njoroge58884@students.ac.ke
58885,Janet,Rotich,janet.rotich58885@academy.ac.ke
58886,Francis,Abdi,francis.abdi58886@college.ac.ke
58887,Florence,Adhiambo,florence.adhiambo58887@uni.ac.ke
58888,David,Okello,david.okello58888@college.ac.ke
58889,Ivan,Kariuki,ivan.kariuki58889@school.ac.ke
58890,Alice,Maina,alice.maina58890@school.ac.ke
58891,Edwin,Kamau,edwin.kamau58891@academy.ac.ke
58892,Joyce,Mbatha,joyce.mbatha58892@uni.ac.ke
58893,Moses,Mutai,moses.mutai58893@school.ac.ke
58894,Gloria,Wairimu,gloria.wairimu58894@college.ac.ke
58895,John,Owino,john.owino58895@college.ac.ke
58896,Julian,Hassan,julian.hassan58896@academy.ac.ke
58897,Diana,Abdi,diana.abdi58897@school.ac.ke
58898,Francis,Njoroge,francis.njoroge58898@academy.ac.ke
58899,Gloria,Hassan,gloria.hassan58899@school.ac.ke
58900,Oscar,Ogolla,oscar.ogolla58900@students.ac.ke
58901,Diana,Kyalo,diana.kyalo58901@school.ac.ke
58902,Bernard,Rotich,bernard.rotich58902@academy.ac.ke
58903,Carol,Njuguna,carol.njuguna58903@students.ac.ke
58904,Eric,Lagat,eric.lagat58904@college.ac.ke
58905,Alice,Kariuki,alice.kariuki58905@college.ac.ke
58906,Harold,Kiptoo,harold.kiptoo58906@academy.ac.ke
58907,Edith,Odhiambo,edith.odhiambo58907@academy.ac.ke
58908,Irene,Achieng,irene.achieng58908@school.ac.ke
58909,Eleanor,Juma,eleanor.juma58909@college.ac.ke
58910,Carol,Abdi,carol.abdi58910@school.ac.ke
58911,Gladys,Omar,gladys.omar58911@college.ac.ke
58912,Adrian,Kasyoka,adrian.kasyoka58912@students.ac.ke
58913,Esther,Ahmed,esther.ahmed58913@academy.ac.ke
58914,Gordon,Njuguna,gordon.njuguna58914@uni.ac.ke
58915,Victor,Ngetich,victor.ngetich58915@students.ac.ke
58916,Philip,Gitonga,philip.gitonga58916@academy.ac.ke
58917,Brian,Achieng,brian.achieng58917@school.ac.ke
58918,Lewis,Muturi,lewis.muturi58918@uni.ac.ke
58919,Agnes,Mwenda,agnes.mwenda58919@school.ac.ke
58920,Hope,Mutua,hope.mutua58920@academy.ac.ke
58921,William,Okello,william.okello58921@uni.ac.ke
58922,Kenneth,Maina,kenneth.maina58922@school.ac.ke
58923,William,Achieng,william.achieng58923@college.ac.ke
58924,Ruth,Hassan,ruth.hassan58924@students.ac.ke
58925,Francis,Juma,francis.juma58925@students.ac.ke
58926,Irene,Kyalo,irene.kyalo58926@students.ac.ke
58927,Frances,Kiprotich,frances.kiprotich58927@academy.ac.ke
58928,Kevin,Mutisya,kevin.mutisya58928@school.ac.ke
58929,Irene,Bett,irene.bett58929@academy.ac.ke
58930,Betty,Kamau,betty.kamau58930@uni.ac.ke
58931,Dorothy,Ogolla,dorothy.ogolla58931@college.ac.ke
58932,Isaac,Kinyua,isaac.kinyua58932@academy.ac.ke
58933,Harold,Kariuki,harold.kariuki58933@school.ac.ke
58934,Philip,Kiprotich,philip.kiprotich58934@academy.ac.ke
58935,John,Nduku,john.nduku58935@students.ac.ke
58936,Agnes,Ngetich,agnes.ngetich58936@college.ac.ke
58937,Gladys,Rotich,gladys.rotich58937@school.ac.ke
58938,Eric,Ahmed,eric.ahmed58938@academy.ac.ke
58939,Edith,Odhiambo,edith.odhiambo58939@college.ac.ke
58940,Oscar,Gitau,oscar.gitau58940@school.ac.ke
58941,Paul,Mwenda,paul.mwenda58941@students.ac.ke
58942,Bernard,Gitonga,bernard.gitonga58942@college.ac.ke
58943,Hope,Muturi,hope.muturi58943@students.ac.ke
58944,Ivan,Mutua,ivan.mutua58944@academy.ac.ke
58945,Hannah,Chebet,hannah.chebet58945@school.ac.ke
58946,Helen,Kimani,helen.kimani58946@students.ac.ke
58947,Charles,Mumo,charles.mumo58947@academy.ac.ke
58948,Simon,Muturi,simon.muturi58948@academy.ac.ke
58949,Naomi,Gitonga,naomi.gitonga58949@uni.ac.ke
58950,Julian,Kyalo,julian.kyalo58950@students.ac.ke
58951,Daniel,Njoroge,daniel.njoroge58951@college.ac.ke
58952,Esther,Musyoka,esther.musyoka58952@uni.ac.ke
58953,Oscar,Mwenda,oscar.mwenda58953@college.ac.ke
58954,Charles,Chebet,charles.chebet58954@students.ac.ke
58955,Florence,Ochieng,florence.ochieng58955@uni.ac.ke
58956,Faith,Awuor,faith.awuor58956@students.ac.ke
58957,Thomas,Nduku,thomas.nduku58957@uni.ac.ke
58958,Oscar,Khalid,oscar.khalid58958@uni.ac.ke
58959,Robert,Mutua,robert.mutua58959@academy.ac.ke
58960,Dennis,Waweru,dennis.waweru58960@school.ac.ke
58961,Naomi,Awuor,naomi.awuor58961@college.ac.ke
58962,Janet,Kiptoo,janet.kiptoo58962@uni.ac.ke
58963,Florence,Mutua,florence.mutua58963@uni.ac.ke
58964,Paul,Musa,paul.musa58964@school.ac.ke
58965,Hannah,Lagat,hannah.lagat58965@school.ac.ke
58966,Lewis,Yusuf,lewis.yusuf58966@college.ac.ke
58967,Adrian,Musyoka,adrian.musyoka58967@school.ac.ke
58968,Dorothy,Kiprotich,dorothy.kiprotich58968@uni.ac.ke
58969,William,Omondi,william.omondi58969@students.ac.ke
58970,Charles,Farah,charles.farah58970@college.ac.ke
58971,George,Gitonga,george.gitonga58971@uni.ac.ke
58972,James,Musa,james.musa58972@college.ac.ke
58973,Daniel,Gichuki,daniel.gichuki58973@academy.ac.ke
58974,Edwin,Mumo,edwin.mumo58974@academy.ac.ke
58975,Irene,Muturi,irene.muturi58975@college.ac.ke
58976,Joy,Ngetich,joy.ngetich58976@students.ac.ke
58977,Harriet,Musyoka,harriet.musyoka58977@school.ac.ke
58978,Catherine,Koech,catherine.koech58978@uni.ac.ke
58979,Naomi,Gitau,naomi.gitau58979@academy.ac.ke
58980,Diana,Mutisya,diana.mutisya58980@uni.ac.ke
58981,Oscar,Wairimu,oscar.wairimu58981@uni.ac.ke
58982,George,Gichuki,george.gichuki58982@academy.ac.ke
58983,Lydia,Mumo,lydia.mumo58983@students.ac.ke
58984,Eleanor,Kinyua,eleanor.kinyua58984@college.ac.ke
58985,Grace,Gichuki,grace.gichuki58985@college.ac.ke
58986,Harold,Chebet,harold.chebet58986@students.ac.ke
58987,Gloria,Ngetich,gloria.ngetich58987@students.ac.ke
58988,Philip,Mutua,philip.mutua58988@academy.ac.ke
58989,Ivan,Kyalo,ivan.kyalo58989@uni.ac.ke
58990,Isaac,Ochieng,isaac.ochieng58990@uni.ac.ke
58991,George,Nduku,george.nduku58991@college.ac.ke
58992,Bernard,Mwenda,bernard.mwenda58992@school.ac.ke
58993,Helen,Wairimu,helen.wairimu58993@academy.ac.ke
58994,Janet,Mutai,janet.mutai58994@academy.ac.ke
58995,Ruth,Nduku,ruth.nduku58995@uni.ac.ke
58996,Eleanor,Omondi,eleanor.omondi58996@academy.ac.ke
58997,Jacob,Odhiambo,jacob.odhiambo58997@academy.ac.ke
58998,Mary,Ndegwa,mary.ndegwa58998@academy.ac.ke
58999,Betty,Onyango,betty.onyango58999@uni.ac.ke
59000,Philip,Gathoni,philip.gathoni59000@uni.ac.ke
59001,Gloria,Ibrahim,gloria.ibrahim59001@college.ac.ke
59002,Paul,Ibrahim,paul.ibrahim59002@college.ac.ke
59003,Joyce,Onyango,joyce.onyango59003@uni.ac.ke
59004,David,Odhiambo,david.odhiambo59004@school.ac.ke
59005,Beatrice,Ndegwa,beatrice.ndegwa59005@uni.ac.ke
59006,Michael,Wairimu,michael.wairimu59006@college.ac.ke
59007,Gordon,Mbatha,gordon.mbatha59007@uni.ac.ke
59008,Dorothy,Rotich,dorothy.rotich59008@academy.ac.ke
59009,Hannah,Bett,hannah.bett59009@college.ac.ke
59010,David,Yusuf,david.yusuf59010@school.ac.ke
59011,Peter,Musa,peter.musa59011@school.ac.ke
59012,Irene,Kimani,irene.kimani59012@college.ac.ke
59013,Kenneth,Mutai,kenneth.mutai59013@school.ac.ke
59014,Simon,Ruto,simon.ruto59014@college.ac.ke
59015,Jacob,Musa,jacob.musa59015@students.ac.ke
59016,Noah,Ogolla,noah.ogolla59016@students.ac.ke
59017,Irene,Nzomo,irene.nzomo59017@school.ac.ke
59018,Michael,Kamau,michael.kamau59018@school.ac.ke
59019,Jacob,Odhiambo,jacob.odhiambo59019@school.ac.ke
59020,George,Nduku,george.nduku59020@school.ac.ke
59021,George,Mwenda,george.mwenda59021@school.ac.ke
59022,Esther,Nduku,esther.nduku59022@college.ac.ke
59023,Peter,Mutisya,peter.mutisya59023@uni.ac.ke
59024,Harold,Mwangi,harold.mwangi59024@school.ac.ke
59025,Harold,Ogolla,harold.ogolla59025@academy.ac.ke
59026,Agnes,Juma,agnes.juma59026@academy.ac.ke
59027,Mary,Ngetich,mary.ngetich59027@school.ac.ke
59028,Lydia,Omondi,lydia.omondi59028@college.ac.ke
59029,Thomas,Koech,thomas.koech59029@uni.ac.ke
59030,Simon,Njuguna,simon.njuguna59030@school.ac.ke
59031,Bernard,Kariuki,bernard.kariuki59031@uni.ac.ke
59032,Victor,Koech,victor.koech59032@students.ac.ke
59033,Edith,Kiptoo,edith.kiptoo59033@students.ac.ke
59034,Charles,Mutai,charles.mutai59034@uni.ac.ke
59035,Henry,Mumo,henry.mumo59035@uni.ac.ke
59036,Mary,Wairimu,mary.wairimu59036@academy.ac.ke
59037,James,Lagat,james.lagat59037@school.ac.ke
59038,Harriet,Mutua,harriet.mutua59038@college.ac.ke
59039,Gordon,Kiptoo,gordon.kiptoo59039@uni.ac.ke
59040,Kevin,Njuguna,kevin.njuguna59040@uni.ac.ke
59041,Thomas,Njoki,thomas.njoki59041@school.ac.ke
59042,Noah,Koech,noah.koech59042@academy.ac.ke
59043,Janet,Koech,janet.koech59043@school.ac.ke
59044,Diana,Achieng,diana.achieng59044@school.ac.ke
59045,Hannah,Kasyoka,hannah.kasyoka59045@college.ac.ke
59046,Adrian,Hassan,adrian.hassan59046@school.ac.ke
59047,Grace,Musa,grace.musa59047@school.ac.ke
59048,Adrian,Koech,adrian.koech59048@uni.ac.ke
59049,Robert,Wanjiku,robert.wanjiku59049@school.ac.ke
59050,Faith,Mutisya,faith.mutisya59050@students.ac.ke
59051,James,Kyalo,james.kyalo59051@uni.ac.ke
59052,Helen,Otieno,helen.otieno59052@college.ac.ke
59053,Joy,Awuor,joy.awuor59053@school.ac.ke
59054,Kenneth,Bett,kenneth.bett59054@college.ac.ke
59055,Isaac,Musyoka,isaac.musyoka59055@academy.ac.ke
59056,Jacob,Kiprotich,jacob.kiprotich59056@academy.ac.ke
59057,Joy,Gathoni,joy.gathoni59057@academy.ac.ke
59058,Dorothy,Waweru,dorothy.waweru59058@school.ac.ke
59059,Grace,Kariuki,grace.kariuki59059@college.ac.ke
59060,Betty,Abdi,betty.abdi59060@academy.ac.ke
59061,Dorothy,Chebet,dorothy.chebet59061@school.ac.ke
59062,Kenneth,Njoki,kenneth.njoki59062@college.ac.ke
59063,Gordon,Ngetich,gordon.ngetich59063@academy.ac.ke
59064,Catherine,Mutisya,catherine.mutisya59064@school.ac.ke
59065,Lewis,Onyango,lewis.onyango59065@uni.ac.ke
59066,Francis,Gichuki,francis.gichuki59066@students.ac.ke
59067,Simon,Otieno,simon.otieno59067@uni.ac.ke
59068,Julian,Ochieng,julian.ochieng59068@uni.ac.ke
59069,Quentin,Mutisya,quentin.mutisya59069@students.ac.ke
59070,Francis,Odhiambo,francis.odhiambo59070@students.ac.ke
59071,Agnes,Mwenda,agnes.mwenda59071@uni.ac.ke
59072,Catherine,Juma,catherine.juma59072@school.ac.ke
59073,Peter,Juma,peter.juma59073@academy.ac.ke
59074,Harold,Wairimu,harold.wairimu59074@college.ac.ke
59075,Joyce,Musyoka,joyce.musyoka59075@uni.ac.ke
59076,William,Mutua,william.mutua59076@academy.ac.ke
59077,Beatrice,Kiprotich,beatrice.kiprotich59077@students.ac.ke
59078,Catherine,Ibrahim,catherine.ibrahim59078@uni.ac.ke
59079,Hannah,Ndegwa,hannah.ndegwa59079@students.ac.ke
59080,Kenneth,Mumo,kenneth.mumo59080@students.ac.ke
59081,Hope,Kyalo,hope.kyalo59081@college.ac.ke
59082,Dennis,Mwangi,dennis.mwangi59082@college.ac.ke
59083,Irene,Ngetich,irene.ngetich59083@college.ac.ke
59084,Isaac,Ibrahim,isaac.ibrahim59084@school.ac.ke
59085,Naomi,Kariuki,naomi.kariuki59085@school.ac.ke
59086,Diana,Rotich,diana.rotich59086@school.ac.ke
59087,Beatrice,Lagat,beatrice.lagat59087@academy.ac.ke
59088,Oscar,Kyalo,oscar.kyalo59088@students.ac.ke
59089,Janet,Ibrahim,janet.ibrahim59089@college.ac.ke
59090,Douglas,Kiptoo,douglas.kiptoo59090@uni.ac.ke
59091,Jacob,Hassan,jacob.hassan59091@college.ac.ke
59092,Daniel,Omondi,daniel.omondi59092@uni.ac.ke
59093,Robert,Kiptoo,robert.kiptoo59093@uni.ac.ke
59094,George,Khalid,george.khalid59094@uni.ac.ke
59095,Dorothy,Abdi,dorothy.abdi59095@college.ac.ke
59096,Betty,Ahmed,betty.ahmed59096@uni.ac.ke
59097,Isaac,Musyoka,isaac.musyoka59097@uni.ac.ke
59098,Michael,Ahmed,michael.ahmed59098@students.ac.ke
59099,Dorothy,Juma,dorothy.juma59099@academy.ac.ke
59100,Hope,Mutua,hope.mutua59100@academy.ac.ke
59101,Betty,Mwangi,betty.mwangi59101@academy.ac.ke
59102,Henry,Mbatha,henry.mbatha59102@uni.ac.ke
59103,Frances,Khalid,frances.khalid59103@school.ac.ke
59104,Victor,Ngetich,victor.ngetich59104@uni.ac.ke
59105,William,Kimani,william.kimani59105@students.ac.ke
59106,Beatrice,Njoki,beatrice.njoki59106@uni.ac.ke
59107,Moses,Kamau,moses.kamau59107@students.ac.ke
59108,Eric,Ndegwa,eric.ndegwa59108@school.ac.ke
59109,Moses,Khalid,moses.khalid59109@school.ac.ke
59110,Edwin,Gitau,edwin.gitau59110@academy.ac.ke
59111,Simon,Ruto,simon.ruto59111@college.ac.ke
59112,Gladys,Ndegwa,gladys.ndegwa59112@academy.ac.ke
59113,Frances,Kiprotich,frances.kiprotich59113@school.ac.ke
59114,Helen,Njoki,helen.njoki59114@academy.ac.ke
59115,Carol,Otieno,carol.otieno59115@school.ac.ke
59116,Thomas,Gichuki,thomas.gichuki59116@college.ac.ke
59117,John,Kiprotich,john.kiprotich59117@school.ac.ke
59118,Mary,Muturi,mary.muturi59118@school.ac.ke
59119,Thomas,Abdi,thomas.abdi59119@students.ac.ke
59120,Francis,Ruto,francis.ruto59120@college.ac.ke
59121,Harriet,Koech,harriet.koech59121@students.ac.ke
59122,Oscar,Kamau,oscar.kamau59122@uni.ac.ke
59123,Ruth,Rotich,ruth.rotich59123@students.ac.ke
59124,Carol,Njoki,carol.njoki59124@students.ac.ke
59125,Ivan,Kyalo,ivan.kyalo59125@school.ac.ke
59126,Gloria,Akumu,gloria.akumu59126@college.ac.ke
59127,Lewis,Mwangi,lewis.mwangi59127@college.ac.ke
59128,Faith,Gathoni,faith.gathoni59128@academy.ac.ke
59129,Joy,Adhiambo,joy.adhiambo59129@college.ac.ke
59130,Hannah,Njoki,hannah.njoki59130@academy.ac.ke
59131,Raymond,Yusuf,raymond.yusuf59131@college.ac.ke
59132,Hope,Okello,hope.okello59132@uni.ac.ke
59133,John,Gathoni,john.gathoni59133@college.ac.ke
59134,Raymond,Waweru,raymond.waweru59134@academy.ac.ke
59135,Gladys,Okello,gladys.okello59135@academy.ac.ke
59136,Catherine,Kariuki,catherine.kariuki59136@school.ac.ke
59137,Jacob,Farah,jacob.farah59137@college.ac.ke
59138,Gladys,Farah,gladys.farah59138@uni.ac.ke
59139,Edith,Ahmed,edith.ahmed59139@college.ac.ke
59140,Daniel,Abdi,daniel.abdi59140@college.ac.ke
59141,Frances,Ruto,frances.ruto59141@college.ac.ke
59142,Henry,Nzomo,henry.nzomo59142@college.ac.ke
59143,Daniel,Bett,daniel.bett59143@uni.ac.ke
59144,Raymond,Musyoka,raymond.musyoka59144@uni.ac.ke
59145,Lydia,Mumo,lydia.mumo59145@school.ac.ke
59146,Betty,Muturi,betty.muturi59146@school.ac.ke
59147,Frances,Abdi,frances.abdi59147@school.ac.ke
59148,Beatrice,Ahmed,beatrice.ahmed59148@college.ac.ke
59149,Naomi,Onyango,naomi.onyango59149@academy.ac.ke
59150,Brian,Nzomo,brian.nzomo59150@academy.ac.ke
59151,Harriet,Owino,harriet.owino59151@uni.ac.ke
59152,Harold,Koech,harold.koech59152@uni.ac.ke
59153,Esther,Wanjiku,esther.wanjiku59153@students.ac.ke
59154,Michael,Okello,michael.okello59154@academy.ac.ke
59155,Eric,Omondi,eric.omondi59155@school.ac.ke
59156,Hope,Mutai,hope.mutai59156@uni.ac.ke
59157,Hope,Yusuf,hope.yusuf59157@school.ac.ke
59158,Moses,Omar,moses.omar59158@academy.ac.ke
59159,Frances,Mutisya,frances.mutisya59159@school.ac.ke
59160,Florence,Ngetich,florence.ngetich59160@academy.ac.ke
59161,Daniel,Adhiambo,daniel.adhiambo59161@students.ac.ke
59162,Dennis,Mwangi,dennis.mwangi59162@academy.ac.ke
59163,Lydia,Abdi,lydia.abdi59163@uni.ac.ke
59164,Edith,Njoroge,edith.njoroge59164@college.ac.ke
59165,James,Kimani,james.kimani59165@academy.ac.ke
59166,Samuel,Achieng,samuel.achieng59166@school.ac.ke
59167,Esther,Mbatha,esther.mbatha59167@school.ac.ke
59168,Joy,Kariuki,joy.kariuki59168@academy.ac.ke
59169,Gladys,Achieng,gladys.achieng59169@uni.ac.ke
59170,Henry,Gichuki,henry.gichuki59170@academy.ac.ke
59171,Helen,Chebet,helen.chebet59171@school.ac.ke
59172,Adrian,Kyalo,adrian.kyalo59172@students.ac.ke
59173,Irene,Njoroge,irene.njoroge59173@school.ac.ke
59174,Edwin,Ibrahim,edwin.ibrahim59174@students.ac.ke
59175,Edwin,Kiprotich,edwin.kiprotich59175@uni.ac.ke
59176,David,Ahmed,david.ahmed59176@academy.ac.ke
59177,Kevin,Mwangi,kevin.mwangi59177@school.ac.ke
59178,William,Onyango,william.onyango59178@uni.ac.ke
59179,Noah,Omondi,noah.omondi59179@college.ac.ke
59180,Frances,Ndegwa,frances.ndegwa59180@academy.ac.ke
59181,Peter,Mutai,peter.mutai59181@academy.ac.ke
59182,Raymond,Omondi,raymond.omondi59182@students.ac.ke
59183,Frances,Hassan,frances.hassan59183@school.ac.ke
59184,Esther,Kariuki,esther.kariuki59184@school.ac.ke
59185,Brian,Njoroge,brian.njoroge59185@academy.ac.ke
59186,Joseph,Kiptoo,joseph.kiptoo59186@uni.ac.ke
59187,Grace,Bett,grace.bett59187@academy.ac.ke
59188,Joyce,Gitonga,joyce.gitonga59188@college.ac.ke
59189,Harold,Omar,harold.omar59189@uni.ac.ke
59190,Noah,Bett,noah.bett59190@college.ac.ke
59191,George,Kiprotich,george.kiprotich59191@academy.ac.ke
59192,George,Ochieng,george.ochieng59192@college.ac.ke
59193,Edwin,Okello,edwin.okello59193@college.ac.ke
59194,Grace,Achieng,grace.achieng59194@academy.ac.ke
59195,Dorothy,Mbatha,dorothy.mbatha59195@school.ac.ke
59196,Joy,Mutua,joy.mutua59196@uni.ac.ke
59197,Esther,Mwenda,esther.mwenda59197@students.ac.ke
59198,Catherine,Khalid,catherine.khalid59198@academy.ac.ke
59199,Harriet,Owino,harriet.owino59199@academy.ac.ke
59200,Hope,Mutua,hope.mutua59200@school.ac.ke
59201,Irene,Nduku,irene.nduku59201@students.ac.ke
59202,Kenneth,Omar,kenneth.omar59202@school.ac.ke
59203,Grace,Juma,grace.juma59203@students.ac.ke
59204,Irene,Gitonga,irene.gitonga59204@uni.ac.ke
59205,Ruth,Achieng,ruth.achieng59205@uni.ac.ke
59206,Gloria,Lagat,gloria.lagat59206@students.ac.ke
59207,Charles,Odhiambo,charles.odhiambo59207@uni.ac.ke
59208,Moses,Kyalo,moses.kyalo59208@students.ac.ke
59209,Robert,Gitau,robert.gitau59209@students.ac.ke
59210,Moses,Rotich,moses.rotich59210@uni.ac.ke
59211,Peter,Juma,peter.juma59211@students.ac.ke
59212,Lewis,Nzomo,lewis.nzomo59212@students.ac.ke
59213,Henry,Musa,henry.musa59213@students.ac.ke
59214,Harold,Nduku,harold.nduku59214@college.ac.ke
59215,Moses,Ochieng,moses.ochieng59215@college.ac.ke
59216,James,Mutua,james.mutua59216@academy.ac.ke
59217,Mary,Ahmed,mary.ahmed59217@college.ac.ke
59218,Quentin,Juma,quentin.juma59218@students.ac.ke
59219,Samuel,Omar,samuel.omar59219@students.ac.ke
59220,Joseph,Waweru,joseph.waweru59220@academy.ac.ke
59221,Naomi,Adhiambo,naomi.adhiambo59221@college.ac.ke
59222,Daniel,Rotich,daniel.rotich59222@college.ac.ke
59223,Eleanor,Ngetich,eleanor.ngetich59223@college.ac.ke
59224,Lydia,Wanjiku,lydia.wanjiku59224@college.ac.ke
59225,Diana,Rotich,diana.rotich59225@school.ac.ke
59226,Betty,Hassan,betty.hassan59226@academy.ac.ke
59227,Faith,Mutai,faith.mutai59227@college.ac.ke
59228,John,Gitonga,john.gitonga59228@school.ac.ke
59229,Dennis,Hassan,dennis.hassan59229@academy.ac.ke
59230,Henry,Khalid,henry.khalid59230@students.ac.ke
59231,Joy,Khalid,joy.khalid59231@students.ac.ke
59232,Ivan,Njoroge,ivan.njoroge59232@college.ac.ke
59233,Ivan,Kyalo,ivan.kyalo59233@college.ac.ke
59234,Daniel,Gitonga,daniel.gitonga59234@students.ac.ke
59235,Joy,Njuguna,joy.njuguna59235@academy.ac.ke
59236,Carol,Kyalo,carol.kyalo59236@academy.ac.ke
59237,Simon,Ibrahim,simon.ibrahim59237@academy.ac.ke
59238,Dorothy,Wanjiku,dorothy.wanjiku59238@college.ac.ke
59239,Noah,Chebet,noah.chebet59239@college.ac.ke
59240,Simon,Mwenda,simon.mwenda59240@school.ac.ke
59241,Hannah,Kasyoka,hannah.kasyoka59241@uni.ac.ke
59242,George,Onyango,george.onyango59242@uni.ac.ke
59243,Isaac,Adhiambo,isaac.adhiambo59243@students.ac.ke
59244,Eleanor,Maina,eleanor.maina59244@academy.ac.ke
59245,Esther,Gichuki,esther.gichuki59245@college.ac.ke
59246,Ruth,Maina,ruth.maina59246@students.ac.ke
59247,Frances,Gitonga,frances.gitonga59247@school.ac.ke
59248,Edwin,Kamau,edwin.kamau59248@college.ac.ke
59249,Irene,Nzomo,irene.nzomo59249@uni.ac.ke
59250,Gladys,Kiptoo,gladys.kiptoo59250@academy.ac.ke
59251,Oscar,Gathoni,oscar.gathoni59251@academy.ac.ke
59252,Florence,Lagat,florence.lagat59252@students.ac.ke
59253,Julian,Kiprotich,julian.kiprotich59253@academy.ac.ke
59254,Quentin,Yusuf,quentin.yusuf59254@uni.ac.ke
59255,Thomas,Farah,thomas.farah59255@school.ac.ke
59256,Noah,Kimani,noah.kimani59256@academy.ac.ke
59257,Carol,Kiptoo,carol.kiptoo59257@school.ac.ke
59258,Eleanor,Nzomo,eleanor.nzomo59258@college.ac.ke
59259,Victor,Gathoni,victor.gathoni59259@school.ac.ke
59260,Peter,Kiprotich,peter.kiprotich59260@college.ac.ke
59261,Gloria,Maina,gloria.maina59261@college.ac.ke
59262,Adrian,Njoroge,adrian.njoroge59262@students.ac.ke
59263,Bernard,Khalid,bernard.khalid59263@school.ac.ke
59264,Michael,Mutua,michael.mutua59264@students.ac.ke
59265,Carol,Ibrahim,carol.ibrahim59265@school.ac.ke
59266,Alice,Juma,alice.juma59266@academy.ac.ke
59267,Kevin,Nzomo,kevin.nzomo59267@students.ac.ke
59268,Ruth,Onyango,ruth.onyango59268@students.ac.ke
59269,Douglas,Odhiambo,douglas.odhiambo59269@students.ac.ke
59270,Dennis,Ibrahim,dennis.ibrahim59270@uni.ac.ke
59271,Janet,Rotich,janet.rotich59271@students.ac.ke
59272,Brian,Nzomo,brian.nzomo59272@students.ac.ke
59273,Noah,Rotich,noah.rotich59273@college.ac.ke
59274,Adrian,Otieno,adrian.otieno59274@students.ac.ke
59275,Edith,Gichuki,edith.gichuki59275@school.ac.ke
59276,Jacob,Wanjiku,jacob.wanjiku59276@school.ac.ke
59277,Gordon,Njoroge,gordon.njoroge59277@school.ac.ke
59278,Alice,Ndegwa,alice.ndegwa59278@students.ac.ke
59279,Joyce,Mwenda,joyce.mwenda59279@students.ac.ke
59280,Gladys,Onyango,gladys.onyango59280@uni.ac.ke
59281,Catherine,Omar,catherine.omar59281@school.ac.ke
59282,Florence,Nduku,florence.nduku59282@college.ac.ke
59283,Carol,Juma,carol.juma59283@college.ac.ke
59284,Diana,Rotich,diana.rotich59284@academy.ac.ke
59285,John,Awuor,john.awuor59285@students.ac.ke
59286,William,Ruto,william.ruto59286@academy.ac.ke
59287,Victor,Farah,victor.farah59287@uni.ac.ke
59288,Carol,Gitau,carol.gitau59288@uni.ac.ke
59289,Ruth,Mwangi,ruth.mwangi59289@uni.ac.ke
59290,Robert,Ibrahim,robert.ibrahim59290@students.ac.ke
59291,David,Kamau,david.kamau59291@uni.ac.ke
59292,Francis,Waweru,francis.waweru59292@college.ac.ke
59293,Harriet,Kariuki,harriet.kariuki59293@school.ac.ke
59294,David,Kimani,david.kimani59294@school.ac.ke
59295,Raymond,Chebet,raymond.chebet59295@college.ac.ke
59296,Florence,Mutai,florence.mutai59296@students.ac.ke
59297,Helen,Rotich,helen.rotich59297@school.ac.ke
59298,Gloria,Ngetich,gloria.ngetich59298@academy.ac.ke
59299,Kevin,Rotich,kevin.rotich59299@academy.ac.ke
59300,Carol,Omondi,carol.omondi59300@academy.ac.ke
59301,Daniel,Mbatha,daniel.mbatha59301@students.ac.ke
59302,Victor,Lagat,victor.lagat59302@college.ac.ke
59303,Paul,Kariuki,paul.kariuki59303@uni.ac.ke
59304,Charles,Hassan,charles.hassan59304@uni.ac.ke
59305,Ruth,Rotich,ruth.rotich59305@college.ac.ke
59306,Robert,Muturi,robert.muturi59306@students.ac.ke
59307,Adrian,Kimani,adrian.kimani59307@students.ac.ke
59308,Joyce,Rotich,joyce.rotich59308@college.ac.ke
59309,Edwin,Ochieng,edwin.ochieng59309@uni.ac.ke
59310,Catherine,Kyalo,catherine.kyalo59310@uni.ac.ke
59311,Philip,Akumu,philip.akumu59311@college.ac.ke
59312,David,Mutua,david.mutua59312@students.ac.ke
59313,Mary,Waweru,mary.waweru59313@academy.ac.ke
59314,Carol,Juma,carol.juma59314@academy.ac.ke
59315,Carol,Ruto,carol.ruto59315@college.ac.ke
59316,Irene,Okello,irene.okello59316@college.ac.ke
59317,Adrian,Gathoni,adrian.gathoni59317@academy.ac.ke
59318,Henry,Rotich,henry.rotich59318@academy.ac.ke
59319,Agnes,Awuor,agnes.awuor59319@students.ac.ke
59320,John,Khalid,john.khalid59320@school.ac.ke
59321,Kevin,Ruto,kevin.ruto59321@students.ac.ke
59322,Daniel,Wairimu,daniel.wairimu59322@students.ac.ke
59323,Isaac,Odhiambo,isaac.odhiambo59323@uni.ac.ke
59324,Eric,Adhiambo,eric.adhiambo59324@students.ac.ke
59325,Paul,Awuor,paul.awuor59325@school.ac.ke
59326,Moses,Chebet,moses.chebet59326@uni.ac.ke
59327,Charles,Okello,charles.okello59327@academy.ac.ke
59328,Kevin,Omondi,kevin.omondi59328@school.ac.ke
59329,Daniel,Gichuki,daniel.gichuki59329@school.ac.ke
59330,Lydia,Gitonga,lydia.gitonga59330@students.ac.ke
59331,Bernard,Omondi,bernard.omondi59331@uni.ac.ke
59332,Helen,Mwenda,helen.mwenda59332@uni.ac.ke
59333,Joyce,Mutua,joyce.mutua59333@students.ac.ke
59334,Ruth,Otieno,ruth.otieno59334@uni.ac.ke
59335,Simon,Koech,simon.koech59335@students.ac.ke
59336,Grace,Muturi,grace.muturi59336@college.ac.ke
59337,Joy,Ruto,joy.ruto59337@school.ac.ke
59338,Simon,Ahmed,simon.ahmed59338@school.ac.ke
59339,Robert,Kimani,robert.kimani59339@academy.ac.ke
59340,Janet,Hassan,janet.hassan59340@school.ac.ke
59341,Joyce,Kamau,joyce.kamau59341@academy.ac.ke
59342,Victor,Awuor,victor.awuor59342@school.ac.ke
59343,Julian,Akumu,julian.akumu59343@school.ac.ke
59344,Raymond,Kiptoo,raymond.kiptoo59344@students.ac.ke
59345,William,Wairimu,william.wairimu59345@academy.ac.ke
59346,Florence,Otieno,florence.otieno59346@academy.ac.ke
59347,Noah,Juma,noah.juma59347@school.ac.ke
59348,Francis,Kyalo,francis.kyalo59348@college.ac.ke
59349,Kevin,Chebet,kevin.chebet59349@college.ac.ke
59350,James,Wanjiku,james.wanjiku59350@academy.ac.ke
59351,Paul,Musyoka,paul.musyoka59351@students.ac.ke
59352,Thomas,Adhiambo,thomas.adhiambo59352@school.ac.ke
59353,Beatrice,Musyoka,beatrice.musyoka59353@college.ac.ke
59354,Robert,Muturi,robert.muturi59354@students.ac.ke
59355,Edith,Nduku,edith.nduku59355@school.ac.ke
59356,Helen,Gitonga,helen.gitonga59356@students.ac.ke
59357,Quentin,Maina,quentin.maina59357@uni.ac.ke
59358,Peter,Yusuf,peter.yusuf59358@academy.ac.ke
59359,Philip,Kasyoka,philip.kasyoka59359@students.ac.ke
59360,Jacob,Maina,jacob.maina59360@school.ac.ke
59361,Diana,Gitonga,diana.gitonga59361@students.ac.ke
59362,Philip,Otieno,philip.otieno59362@uni.ac.ke
59363,Oscar,Musyoka,oscar.musyoka59363@school.ac.ke
59364,Michael,Wairimu,michael.wairimu59364@college.ac.ke
59365,Paul,Awuor,paul.awuor59365@uni.ac.ke
59366,Faith,Mbatha,faith.mbatha59366@college.ac.ke
59367,Eric,Gathoni,eric.gathoni59367@students.ac.ke
59368,Janet,Odhiambo,janet.odhiambo59368@uni.ac.ke
59369,Henry,Okello,henry.okello59369@uni.ac.ke
59370,Robert,Ahmed,robert.ahmed59370@students.ac.ke
59371,William,Juma,william.juma59371@college.ac.ke
59372,Noah,Kiptoo,noah.kiptoo59372@students.ac.ke
59373,Eric,Kyalo,eric.kyalo59373@uni.ac.ke
59374,Julian,Ngetich,julian.ngetich59374@students.ac.ke
59375,Lydia,Kiprotich,lydia.kiprotich59375@students.ac.ke
59376,Betty,Juma,betty.juma59376@uni.ac.ke
59377,Charles,Mutua,charles.mutua59377@school.ac.ke
59378,Lydia,Omar,lydia.omar59378@school.ac.ke
59379,Beatrice,Njuguna,beatrice.njuguna59379@uni.ac.ke
59380,Adrian,Akumu,adrian.akumu59380@uni.ac.ke
59381,Charles,Mutai,charles.mutai59381@college.ac.ke
59382,Eleanor,Gitonga,eleanor.gitonga59382@students.ac.ke
59383,Adrian,Khalid,adrian.khalid59383@students.ac.ke
59384,Ivan,Kimani,ivan.kimani59384@college.ac.ke
59385,Irene,Maina,irene.maina59385@students.ac.ke
59386,Dennis,Adhiambo,dennis.adhiambo59386@school.ac.ke
59387,Douglas,Rotich,douglas.rotich59387@academy.ac.ke
59388,Bernard,Juma,bernard.juma59388@students.ac.ke
59389,Gladys,Lagat,gladys.lagat59389@students.ac.ke
59390,Francis,Farah,francis.farah59390@college.ac.ke
59391,Catherine,Ahmed,catherine.ahmed59391@uni.ac.ke
59392,Diana,Otieno,diana.otieno59392@students.ac.ke
59393,Douglas,Juma,douglas.juma59393@uni.ac.ke
59394,Joseph,Gathoni,joseph.gathoni59394@school.ac.ke
59395,Simon,Otieno,simon.otieno59395@academy.ac.ke
59396,Diana,Kasyoka,diana.kasyoka59396@students.ac.ke
59397,George,Wairimu,george.wairimu59397@school.ac.ke
59398,Gordon,Wanjiku,gordon.wanjiku59398@college.ac.ke
59399,Ivan,Omondi,ivan.omondi59399@uni.ac.ke
59400,Janet,Mwangi,janet.mwangi59400@college.ac.ke
59401,Oscar,Gichuki,oscar.gichuki59401@school.ac.ke
59402,Eleanor,Kariuki,eleanor.kariuki59402@college.ac.ke
59403,Edith,Musa,edith.musa59403@uni.ac.ke
59404,Robert,Chebet,robert.chebet59404@uni.ac.ke
59405,George,Kimani,george.kimani59405@school.ac.ke
59406,Edwin,Farah,edwin.farah59406@uni.ac.ke
59407,Isaac,Njuguna,isaac.njuguna59407@college.ac.ke
59408,Mary,Adhiambo,mary.adhiambo59408@academy.ac.ke
59409,Peter,Mwangi,peter.mwangi59409@students.ac.ke
59410,Harold,Omondi,harold.omondi59410@students.ac.ke
59411,Noah,Nduku,noah.nduku59411@school.ac.ke
59412,Faith,Musyoka,faith.musyoka59412@students.ac.ke
59413,Joy,Gichuki,joy.gichuki59413@academy.ac.ke
59414,Gloria,Kimani,gloria.kimani59414@uni.ac.ke
59415,Catherine,Mutua,catherine.mutua59415@college.ac.ke
59416,Carol,Omar,carol.omar59416@college.ac.ke
59417,Edwin,Nduku,edwin.nduku59417@college.ac.ke
59418,Dennis,Gathoni,dennis.gathoni59418@college.ac.ke
59419,Francis,Mutai,francis.mutai59419@academy.ac.ke
59420,Dorothy,Gathoni,dorothy.gathoni59420@academy.ac.ke
59421,Brian,Waweru,brian.waweru59421@uni.ac.ke
59422,Naomi,Otieno,naomi.otieno59422@students.ac.ke
59423,Paul,Chebet,paul.chebet59423@uni.ac.ke
59424,Moses,Ahmed,moses.ahmed59424@uni.ac.ke
59425,Francis,Kyalo,francis.kyalo59425@college.ac.ke
59426,Beatrice,Kiptoo,beatrice.kiptoo59426@uni.ac.ke
59427,William,Ochieng,william.ochieng59427@school.ac.ke
59428,Betty,Khalid,betty.khalid59428@school.ac.ke
59429,Grace,Koech,grace.koech59429@students.ac.ke
59430,Gladys,Gitau,gladys.gitau59430@students.ac.ke
59431,Isaac,Waweru,isaac.waweru59431@academy.ac.ke
59432,Frances,Musyoka,frances.musyoka59432@students.ac.ke
59433,Oscar,Njuguna,oscar.njuguna59433@academy.ac.ke
59434,James,Omar,james.omar59434@uni.ac.ke
59435,Peter,Mutai,peter.mutai59435@school.ac.ke
59436,Esther,Wairimu,esther.wairimu59436@college.ac.ke
59437,Lydia,Njoki,lydia.njoki59437@students.ac.ke
59438,Julian,Rotich,julian.rotich59438@college.ac.ke
59439,Dennis,Kyalo,dennis.kyalo59439@college.ac.ke
59440,Douglas,Ogolla,douglas.ogolla59440@college.ac.ke
59441,Samuel,Musyoka,samuel.musyoka59441@students.ac.ke
59442,William,Otieno,william.otieno59442@academy.ac.ke
59443,Simon,Ibrahim,simon.ibrahim59443@school.ac.ke
59444,Gladys,Ndegwa,gladys.ndegwa59444@academy.ac.ke
59445,Irene,Ochieng,irene.ochieng59445@uni.ac.ke
59446,Esther,Okello,esther.okello59446@college.ac.ke
59447,Oscar,Ogolla,oscar.ogolla59447@academy.ac.ke
59448,Peter,Gitonga,peter.gitonga59448@students.ac.ke
59449,Gladys,Njoki,gladys.njoki59449@school.ac.ke
59450,Grace,Farah,grace.farah59450@uni.ac.ke
59451,Irene,Ruto,irene.ruto59451@students.ac.ke
59452,Frances,Ibrahim,frances.ibrahim59452@academy.ac.ke
59453,Eric,Ndegwa,eric.ndegwa59453@college.ac.ke
59454,Esther,Abdi,esther.abdi59454@college.ac.ke
59455,Agnes,Otieno,agnes.otieno59455@college.ac.ke
59456,Victor,Adhiambo,victor.adhiambo59456@college.ac.ke
59457,Dennis,Musa,dennis.musa59457@college.ac.ke
59458,Simon,Muturi,simon.muturi59458@academy.ac.ke
59459,Grace,Bett,grace.bett59459@students.ac.ke
59460,Faith,Chebet,faith.chebet59460@academy.ac.ke
59461,Janet,Muturi,janet.muturi59461@uni.ac.ke
59462,Julian,Odhiambo,julian.odhiambo59462@school.ac.ke
59463,Diana,Wanjiku,diana.wanjiku59463@uni.ac.ke
59464,Beatrice,Kinyua,beatrice.kinyua59464@uni.ac.ke
59465,Lydia,Ochieng,lydia.ochieng59465@uni.ac.ke
59466,Harold,Kiptoo,harold.kiptoo59466@students.ac.ke
59467,Gloria,Odhiambo,gloria.odhiambo59467@college.ac.ke
59468,Peter,Ndegwa,peter.ndegwa59468@students.ac.ke
59469,James,Waweru,james.waweru59469@school.ac.ke
59470,James,Mutai,james.mutai59470@academy.ac.ke
59471,Lewis,Rotich,lewis.rotich59471@uni.ac.ke
59472,Lydia,Kimani,lydia.kimani59472@school.ac.ke
59473,Robert,Gathoni,robert.gathoni59473@academy.ac.ke
59474,George,Gathoni,george.gathoni59474@college.ac.ke
59475,Simon,Musa,simon.musa59475@school.ac.ke
59476,Dorothy,Kiprotich,dorothy.kiprotich59476@uni.ac.ke
59477,Irene,Mutai,irene.mutai59477@school.ac.ke
59478,Adrian,Rotich,adrian.rotich59478@students.ac.ke
59479,Alice,Wanjiku,alice.wanjiku59479@academy.ac.ke
59480,Joyce,Mwangi,joyce.mwangi59480@uni.ac.ke
59481,Peter,Kiptoo,peter.kiptoo59481@uni.ac.ke
59482,Diana,Farah,diana.farah59482@uni.ac.ke
59483,Jacob,Kimani,jacob.kimani59483@academy.ac.ke
59484,Gordon,Omondi,gordon.omondi59484@school.ac.ke
59485,Grace,Achieng,grace.achieng59485@school.ac.ke
59486,Charles,Kamau,charles.kamau59486@students.ac.ke
59487,Julian,Gitonga,julian.gitonga59487@uni.ac.ke
59488,Oscar,Kariuki,oscar.kariuki59488@school.ac.ke
59489,William,Kasyoka,william.kasyoka59489@uni.ac.ke
59490,Philip,Rotich,philip.rotich59490@uni.ac.ke
59491,Catherine,Nduku,catherine.nduku59491@uni.ac.ke
59492,Ivan,Ruto,ivan.ruto59492@uni.ac.ke
59493,Oscar,Kinyua,oscar.kinyua59493@academy.ac.ke
59494,Noah,Hassan,noah.hassan59494@academy.ac.ke
59495,Janet,Kinyua,janet.kinyua59495@academy.ac.ke
59496,Bernard,Kamau,bernard.kamau59496@school.ac.ke
59497,Florence,Owino,florence.owino59497@academy.ac.ke
59498,Brian,Gichuki,brian.gichuki59498@uni.ac.ke
59499,Harriet,Musa,harriet.musa59499@college.ac.ke
59500,Mary,Kyalo,mary.kyalo59500@uni.ac.ke
59501,Diana,Wanjiku,diana.wanjiku59501@students.ac.ke
59502,Esther,Njoki,esther.njoki59502@students.ac.ke
59503,Lewis,Ndegwa,lewis.ndegwa59503@school.ac.ke
59504,Lydia,Mutisya,lydia.mutisya59504@school.ac.ke
59505,Janet,Ahmed,janet.ahmed59505@uni.ac.ke
59506,Kevin,Rotich,kevin.rotich59506@uni.ac.ke
59507,Noah,Kimani,noah.kimani59507@college.ac.ke
59508,Joy,Nzomo,joy.nzomo59508@school.ac.ke
59509,Faith,Khalid,faith.khalid59509@students.ac.ke
59510,Dennis,Wairimu,dennis.wairimu59510@academy.ac.ke
59511,Brian,Musa,brian.musa59511@students.ac.ke
59512,Alice,Mwenda,alice.mwenda59512@school.ac.ke
59513,Irene,Kariuki,irene.kariuki59513@academy.ac.ke
59514,Noah,Ndegwa,noah.ndegwa59514@students.ac.ke
59515,Joy,Farah,joy.farah59515@school.ac.ke
59516,Mary,Musa,mary.musa59516@students.ac.ke
59517,Helen,Gitau,helen.gitau59517@school.ac.ke
59518,Oscar,Muturi,oscar.muturi59518@school.ac.ke
59519,Edith,Wairimu,edith.wairimu59519@school.ac.ke
59520,Mary,Musa,mary.musa59520@school.ac.ke
59521,Helen,Wairimu,helen.wairimu59521@college.ac.ke
59522,Thomas,Okello,thomas.okello59522@academy.ac.ke
59523,Mary,Gichuki,mary.gichuki59523@academy.ac.ke
59524,Alice,Musyoka,alice.musyoka59524@academy.ac.ke
59525,Grace,Ngetich,grace.ngetich59525@academy.ac.ke
59526,Frances,Ochieng,frances.ochieng59526@school.ac.ke
59527,Joyce,Bett,joyce.bett59527@academy.ac.ke
59528,Eleanor,Gitonga,eleanor.gitonga59528@uni.ac.ke
59529,Esther,Juma,esther.juma59529@students.ac.ke
59530,Jacob,Ndegwa,jacob.ndegwa59530@uni.ac.ke
59531,Faith,Gichuki,faith.gichuki59531@students.ac.ke
59532,Brian,Mwenda,brian.mwenda59532@academy.ac.ke
59533,Daniel,Ngetich,daniel.ngetich59533@students.ac.ke
59534,Thomas,Ndegwa,thomas.ndegwa59534@college.ac.ke
59535,Henry,Lagat,henry.lagat59535@college.ac.ke
59536,Noah,Odhiambo,noah.odhiambo59536@school.ac.ke
59537,Lydia,Kamau,lydia.kamau59537@uni.ac.ke
59538,Jacob,Mbatha,jacob.mbatha59538@college.ac.ke
59539,Gloria,Hassan,gloria.hassan59539@school.ac.ke
59540,Julian,Kasyoka,julian.kasyoka59540@academy.ac.ke
59541,Henry,Kiptoo,henry.kiptoo59541@college.ac.ke
59542,Robert,Mwenda,robert.mwenda59542@uni.ac.ke
59543,Victor,Yusuf,victor.yusuf59543@college.ac.ke
59544,Ivan,Ndegwa,ivan.ndegwa59544@school.ac.ke
59545,Simon,Gathoni,simon.gathoni59545@uni.ac.ke
59546,Esther,Odhiambo,esther.odhiambo59546@students.ac.ke
59547,Dennis,Ochieng,dennis.ochieng59547@uni.ac.ke
59548,Betty,Mutai,betty.mutai59548@uni.ac.ke
59549,Moses,Muturi,moses.muturi59549@college.ac.ke
59550,Brian,Musyoka,brian.musyoka59550@uni.ac.ke
59551,Isaac,Kyalo,isaac.kyalo59551@college.ac.ke
59552,Charles,Lagat,charles.lagat59552@uni.ac.ke
59553,Adrian,Hassan,adrian.hassan59553@school.ac.ke
59554,Paul,Mutisya,paul.mutisya59554@students.ac.ke
59555,Joyce,Njoki,joyce.njoki59555@school.ac.ke
59556,Ruth,Rotich,ruth.rotich59556@academy.ac.ke
59557,Kenneth,Njuguna,kenneth.njuguna59557@school.ac.ke
59558,Harriet,Adhiambo,harriet.adhiambo59558@academy.ac.ke
59559,Janet,Rotich,janet.rotich59559@academy.ac.ke
59560,Quentin,Mutisya,quentin.mutisya59560@college.ac.ke
59561,Victor,Achieng,victor.achieng59561@students.ac.ke
59562,David,Kiptoo,david.kiptoo59562@college.ac.ke
59563,Gordon,Lagat,gordon.lagat59563@school.ac.ke
59564,Charles,Wairimu,charles.wairimu59564@college.ac.ke
59565,Gloria,Lagat,gloria.lagat59565@uni.ac.ke
59566,Gloria,Waweru,gloria.waweru59566@school.ac.ke
59567,Grace,Ogolla,grace.ogolla59567@uni.ac.ke
59568,Noah,Njoroge,noah.njoroge59568@students.ac.ke
59569,Joseph,Achieng,joseph.achieng59569@academy.ac.ke
59570,Joseph,Ibrahim,joseph.ibrahim59570@uni.ac.ke
59571,Eric,Njuguna,eric.njuguna59571@academy.ac.ke
59572,Quentin,Awuor,quentin.awuor59572@school.ac.ke
59573,Alice,Khalid,alice.khalid59573@academy.ac.ke
59574,Ivan,Musyoka,ivan.musyoka59574@academy.ac.ke
59575,Naomi,Musa,naomi.musa59575@college.ac.ke
59576,Henry,Mumo,henry.mumo59576@college.ac.ke
59577,Gladys,Mutisya,gladys.mutisya59577@academy.ac.ke
59578,Philip,Musyoka,philip.musyoka59578@uni.ac.ke
59579,Diana,Mwenda,diana.mwenda59579@college.ac.ke
59580,Isaac,Owino,isaac.owino59580@students.ac.ke
59581,Douglas,Odhiambo,douglas.odhiambo59581@students.ac.ke
59582,Edith,Mbatha,edith.mbatha59582@school.ac.ke
59583,Faith,Rotich,faith.rotich59583@school.ac.ke
59584,Irene,Awuor,irene.awuor59584@school.ac.ke
59585,Victor,Kiptoo,victor.kiptoo59585@uni.ac.ke
59586,Daniel,Gitau,daniel.gitau59586@college.ac.ke
59587,Irene,Ibrahim,irene.ibrahim59587@students.ac.ke
59588,John,Gitau,john.gitau59588@college.ac.ke
59589,John,Mutisya,john.mutisya59589@college.ac.ke
59590,Lewis,Kyalo,lewis.kyalo59590@school.ac.ke
59591,Bernard,Owino,bernard.owino59591@uni.ac.ke
59592,John,Gathoni,john.gathoni59592@school.ac.ke
59593,James,Lagat,james.lagat59593@uni.ac.ke
59594,Diana,Ngetich,diana.ngetich59594@college.ac.ke
59595,Samuel,Lagat,samuel.lagat59595@college.ac.ke
59596,Catherine,Musyoka,catherine.musyoka59596@college.ac.ke
59597,William,Njoki,william.njoki59597@school.ac.ke
59598,Simon,Ibrahim,simon.ibrahim59598@uni.ac.ke
59599,Kenneth,Lagat,kenneth.lagat59599@uni.ac.ke
59600,Joyce,Farah,joyce.farah59600@uni.ac.ke
59601,Gordon,Kyalo,gordon.kyalo59601@college.ac.ke
59602,Helen,Ahmed,helen.ahmed59602@academy.ac.ke
59603,John,Waweru,john.waweru59603@school.ac.ke
59604,Charles,Ngetich,charles.ngetich59604@students.ac.ke
59605,Charles,Ahmed,charles.ahmed59605@college.ac.ke
59606,Irene,Akumu,irene.akumu59606@students.ac.ke
59607,Michael,Ngetich,michael.ngetich59607@college.ac.ke
59608,Daniel,Kiptoo,daniel.kiptoo59608@academy.ac.ke
59609,Michael,Hassan,michael.hassan59609@academy.ac.ke
59610,Grace,Kimani,grace.kimani59610@academy.ac.ke
59611,Joy,Adhiambo,joy.adhiambo59611@school.ac.ke
59612,Hope,Bett,hope.bett59612@academy.ac.ke
59613,Frances,Kinyua,frances.kinyua59613@academy.ac.ke
59614,Quentin,Ibrahim,quentin.ibrahim59614@uni.ac.ke
59615,Simon,Kamau,simon.kamau59615@school.ac.ke
59616,Edwin,Awuor,edwin.awuor59616@school.ac.ke
59617,Catherine,Kyalo,catherine.kyalo59617@school.ac.ke
59618,Irene,Mutisya,irene.mutisya59618@school.ac.ke
59619,Philip,Njoki,philip.njoki59619@academy.ac.ke
59620,Harriet,Ruto,harriet.ruto59620@academy.ac.ke
59621,Oscar,Chebet,oscar.chebet59621@uni.ac.ke
59622,John,Ochieng,john.ochieng59622@uni.ac.ke
59623,Florence,Kyalo,florence.kyalo59623@academy.ac.ke
59624,Gladys,Juma,gladys.juma59624@college.ac.ke
59625,Joyce,Koech,joyce.koech59625@college.ac.ke
59626,Agnes,Kamau,agnes.kamau59626@uni.ac.ke
59627,Frances,Muturi,frances.muturi59627@uni.ac.ke
59628,Eric,Lagat,eric.lagat59628@college.ac.ke
59629,Daniel,Omar,daniel.omar59629@academy.ac.ke
59630,Victor,Kinyua,victor.kinyua59630@college.ac.ke
59631,Kevin,Ngetich,kevin.ngetich59631@college.ac.ke
59632,Gladys,Waweru,gladys.waweru59632@academy.ac.ke
59633,Moses,Farah,moses.farah59633@college.ac.ke
59634,William,Achieng,william.achieng59634@students.ac.ke
59635,Samuel,Ndegwa,samuel.ndegwa59635@college.ac.ke
59636,David,Mutua,david.mutua59636@college.ac.ke
59637,Brian,Ochieng,brian.ochieng59637@school.ac.ke
59638,Frances,Muturi,frances.muturi59638@academy.ac.ke
59639,Alice,Nzomo,alice.nzomo59639@academy.ac.ke
59640,Dorothy,Omondi,dorothy.omondi59640@school.ac.ke
59641,Naomi,Ogolla,naomi.ogolla59641@school.ac.ke
59642,George,Ogolla,george.ogolla59642@academy.ac.ke
59643,Helen,Adhiambo,helen.adhiambo59643@school.ac.ke
59644,Eleanor,Musa,eleanor.musa59644@academy.ac.ke
59645,Eleanor,Gichuki,eleanor.gichuki59645@college.ac.ke
59646,Henry,Gitonga,henry.gitonga59646@uni.ac.ke
59647,Bernard,Gathoni,bernard.gathoni59647@college.ac.ke
59648,Naomi,Odhiambo,naomi.odhiambo59648@students.ac.ke
59649,Joseph,Koech,joseph.koech59649@uni.ac.ke
59650,Harold,Bett,harold.bett59650@uni.ac.ke
59651,Joy,Musa,joy.musa59651@uni.ac.ke
59652,Francis,Nzomo,francis.nzomo59652@uni.ac.ke
59653,Oscar,Rotich,oscar.rotich59653@college.ac.ke
59654,Hannah,Nduku,hannah.nduku59654@academy.ac.ke
59655,Douglas,Abdi,douglas.abdi59655@students.ac.ke
59656,Bernard,Nduku,bernard.nduku59656@uni.ac.ke
59657,Janet,Njuguna,janet.njuguna59657@college.ac.ke
59658,Adrian,Kimani,adrian.kimani59658@uni.ac.ke
59659,Beatrice,Koech,beatrice.koech59659@college.ac.ke
59660,Joyce,Achieng,joyce.achieng59660@school.ac.ke
59661,Eleanor,Waweru,eleanor.waweru59661@college.ac.ke
59662,Faith,Abdi,faith.abdi59662@college.ac.ke
59663,Harriet,Kimani,harriet.kimani59663@school.ac.ke
59664,James,Waweru,james.waweru59664@academy.ac.ke
59665,Hannah,Ogolla,hannah.ogolla59665@academy.ac.ke
59666,Eric,Chebet,eric.chebet59666@students.ac.ke
59667,Hannah,Kariuki,hannah.kariuki59667@students.ac.ke
59668,Esther,Kasyoka,esther.kasyoka59668@school.ac.ke
59669,Henry,Onyango,henry.onyango59669@college.ac.ke
59670,Ruth,Farah,ruth.farah59670@students.ac.ke
59671,Henry,Njuguna,henry.njuguna59671@students.ac.ke
59672,Joyce,Chebet,joyce.chebet59672@uni.ac.ke
59673,Agnes,Mwangi,agnes.mwangi59673@school.ac.ke
59674,Raymond,Wanjiku,raymond.wanjiku59674@college.ac.ke
59675,Beatrice,Mwenda,beatrice.mwenda59675@academy.ac.ke
59676,Kevin,Bett,kevin.bett59676@students.ac.ke
59677,Carol,Ibrahim,carol.ibrahim59677@students.ac.ke
59678,Kevin,Nduku,kevin.nduku59678@students.ac.ke
59679,Betty,Onyango,betty.onyango59679@academy.ac.ke
59680,Kenneth,Kimani,kenneth.kimani59680@students.ac.ke
59681,Julian,Bett,julian.bett59681@academy.ac.ke
59682,Beatrice,Odhiambo,beatrice.odhiambo59682@uni.ac.ke
59683,William,Odhiambo,william.odhiambo59683@uni.ac.ke
59684,Raymond,Omondi,raymond.omondi59684@students.ac.ke
59685,David,Ndegwa,david.ndegwa59685@uni.ac.ke
59686,Helen,Chebet,helen.chebet59686@students.ac.ke
59687,Gloria,Otieno,gloria.otieno59687@uni.ac.ke
59688,Kenneth,Onyango,kenneth.onyango59688@uni.ac.ke
59689,Bernard,Ochieng,bernard.ochieng59689@academy.ac.ke
59690,William,Nzomo,william.nzomo59690@college.ac.ke
59691,Betty,Mutai,betty.mutai59691@uni.ac.ke
59692,Agnes,Mwenda,agnes.mwenda59692@school.ac.ke
59693,Noah,Awuor,noah.awuor59693@uni.ac.ke
59694,John,Mwangi,john.mwangi59694@students.ac.ke
59695,David,Chebet,david.chebet59695@uni.ac.ke
59696,George,Kyalo,george.kyalo59696@college.ac.ke
59697,Edwin,Okello,edwin.okello59697@school.ac.ke
59698,Agnes,Mutisya,agnes.mutisya59698@academy.ac.ke
59699,Simon,Otieno,simon.otieno59699@students.ac.ke
59700,Robert,Kimani,robert.kimani59700@students.ac.ke
59701,Grace,Njoki,grace.njoki59701@college.ac.ke
59702,Agnes,Muturi,agnes.muturi59702@academy.ac.ke
59703,Betty,Kyalo,betty.kyalo59703@school.ac.ke
59704,Irene,Otieno,irene.otieno59704@academy.ac.ke
59705,Lydia,Nduku,lydia.nduku59705@school.ac.ke
59706,Janet,Gichuki,janet.gichuki59706@college.ac.ke
59707,Hannah,Kamau,hannah.kamau59707@academy.ac.ke
59708,Faith,Akumu,faith.akumu59708@uni.ac.ke
59709,Oscar,Wairimu,oscar.wairimu59709@academy.ac.ke
59710,Joyce,Onyango,joyce.onyango59710@uni.ac.ke
59711,Charles,Akumu,charles.akumu59711@uni.ac.ke
59712,Douglas,Gathoni,douglas.gathoni59712@academy.ac.ke
59713,Joseph,Kariuki,joseph.kariuki59713@college.ac.ke
59714,Janet,Okello,janet.okello59714@academy.ac.ke
59715,Irene,Farah,irene.farah59715@students.ac.ke
59716,Julian,Yusuf,julian.yusuf59716@school.ac.ke
59717,Gloria,Njoroge,gloria.njoroge59717@students.ac.ke
59718,Lydia,Njoki,lydia.njoki59718@school.ac.ke
59719,Harold,Abdi,harold.abdi59719@uni.ac.ke
59720,Peter,Mbatha,peter.mbatha59720@students.ac.ke
59721,Robert,Njuguna,robert.njuguna59721@college.ac.ke
59722,James,Kiptoo,james.kiptoo59722@academy.ac.ke
59723,Peter,Njoki,peter.njoki59723@college.ac.ke
59724,Esther,Wanjiku,esther.wanjiku59724@college.ac.ke
59725,Faith,Otieno,faith.otieno59725@school.ac.ke
59726,Henry,Mutua,henry.mutua59726@academy.ac.ke
59727,David,Achieng,david.achieng59727@students.ac.ke
59728,Helen,Musyoka,helen.musyoka59728@academy.ac.ke
59729,Kevin,Omondi,kevin.omondi59729@academy.ac.ke
59730,Edith,Ndegwa,edith.ndegwa59730@academy.ac.ke
59731,Betty,Mutisya,betty.mutisya59731@students.ac.ke
59732,Joy,Khalid,joy.khalid59732@school.ac.ke
59733,Eric,Juma,eric.juma59733@students.ac.ke
59734,Daniel,Rotich,daniel.rotich59734@uni.ac.ke
59735,Hannah,Mwenda,hannah.mwenda59735@uni.ac.ke
59736,Joy,Kamau,joy.kamau59736@school.ac.ke
59737,Quentin,Kiptoo,quentin.kiptoo59737@students.ac.ke
59738,Dennis,Bett,dennis.bett59738@college.ac.ke
59739,Irene,Njoki,irene.njoki59739@students.ac.ke
59740,Naomi,Ndegwa,naomi.ndegwa59740@academy.ac.ke
59741,Moses,Ruto,moses.ruto59741@school.ac.ke
59742,Irene,Njoki,irene.njoki59742@academy.ac.ke
59743,Brian,Otieno,brian.otieno59743@college.ac.ke
59744,Faith,Odhiambo,faith.odhiambo59744@uni.ac.ke
59745,Esther,Mumo,esther.mumo59745@school.ac.ke
59746,Douglas,Kimani,douglas.kimani59746@school.ac.ke
59747,Florence,Odhiambo,florence.odhiambo59747@students.ac.ke
59748,Oscar,Mutua,oscar.mutua59748@students.ac.ke
59749,Isaac,Owino,isaac.owino59749@uni.ac.ke
59750,Moses,Hassan,moses.hassan59750@academy.ac.ke
59751,Mary,Omar,mary.omar59751@students.ac.ke
59752,Esther,Gitau,esther.gitau59752@students.ac.ke
59753,Bernard,Kyalo,bernard.kyalo59753@academy.ac.ke
59754,Noah,Lagat,noah.lagat59754@college.ac.ke
59755,Joseph,Njoroge,joseph.njoroge59755@students.ac.ke
59756,Joy,Onyango,joy.onyango59756@school.ac.ke
59757,Gloria,Gathoni,gloria.gathoni59757@school.ac.ke
59758,Douglas,Kasyoka,douglas.kasyoka59758@students.ac.ke
59759,Dorothy,Abdi,dorothy.abdi59759@college.ac.ke
59760,David,Mwenda,david.mwenda59760@students.ac.ke
59761,Faith,Gichuki,faith.gichuki59761@college.ac.ke
59762,Faith,Mwangi,faith.mwangi59762@academy.ac.ke
59763,Joy,Kiptoo,joy.kiptoo59763@uni.ac.ke
59764,Simon,Maina,simon.maina59764@college.ac.ke
59765,Helen,Lagat,helen.lagat59765@students.ac.ke
59766,Lydia,Bett,lydia.bett59766@college.ac.ke
59767,Ivan,Otieno,ivan.otieno59767@school.ac.ke
59768,Joy,Bett,joy.bett59768@school.ac.ke
59769,Faith,Juma,faith.juma59769@school.ac.ke
59770,Harriet,Kinyua,harriet.kinyua59770@academy.ac.ke
59771,Dorothy,Musyoka,dorothy.musyoka59771@students.ac.ke
59772,Grace,Ngetich,grace.ngetich59772@college.ac.ke
59773,Harold,Omondi,harold.omondi59773@students.ac.ke
59774,Hannah,Yusuf,hannah.yusuf59774@uni.ac.ke
59775,Janet,Akumu,janet.akumu59775@uni.ac.ke
59776,Moses,Gitau,moses.gitau59776@academy.ac.ke
59777,Lydia,Kimani,lydia.kimani59777@school.ac.ke
59778,Esther,Wairimu,esther.wairimu59778@school.ac.ke
59779,Carol,Maina,carol.maina59779@school.ac.ke
59780,Ivan,Njoroge,ivan.njoroge59780@school.ac.ke
59781,Janet,Mwangi,janet.mwangi59781@students.ac.ke
59782,Harriet,Mutisya,harriet.mutisya59782@students.ac.ke
59783,Henry,Ngetich,henry.ngetich59783@academy.ac.ke
59784,Joseph,Mutua,joseph.mutua59784@uni.ac.ke
59785,Mary,Musyoka,mary.musyoka59785@academy.ac.ke
59786,Oscar,Gitau,oscar.gitau59786@academy.ac.ke
59787,Samuel,Kasyoka,samuel.kasyoka59787@students.ac.ke
59788,Brian,Bett,brian.bett59788@college.ac.ke
59789,Raymond,Mwenda,raymond.mwenda59789@academy.ac.ke
59790,Lydia,Yusuf,lydia.yusuf59790@college.ac.ke
59791,Oscar,Ngetich,oscar.ngetich59791@uni.ac.ke
59792,Victor,Njuguna,victor.njuguna59792@school.ac.ke
59793,Raymond,Bett,raymond.bett59793@school.ac.ke
59794,Beatrice,Gathoni,beatrice.gathoni59794@college.ac.ke
59795,Kevin,Ogolla,kevin.ogolla59795@uni.ac.ke
59796,William,Awuor,william.awuor59796@college.ac.ke
59797,Hannah,Bett,hannah.bett59797@school.ac.ke
59798,Alice,Njuguna,alice.njuguna59798@college.ac.ke
59799,Joseph,Kinyua,joseph.kinyua59799@academy.ac.ke
59800,Bernard,Okello,bernard.okello59800@uni.ac.ke
59801,Charles,Njuguna,charles.njuguna59801@uni.ac.ke
59802,Simon,Njoki,simon.njoki59802@students.ac.ke
59803,Irene,Kamau,irene.kamau59803@college.ac.ke
59804,Jacob,Juma,jacob.juma59804@academy.ac.ke
59805,Kevin,Omar,kevin.omar59805@college.ac.ke
59806,Douglas,Mutai,douglas.mutai59806@academy.ac.ke
59807,Harriet,Okello,harriet.okello59807@students.ac.ke
59808,Paul,Mumo,paul.mumo59808@college.ac.ke
59809,Robert,Mwangi,robert.mwangi59809@academy.ac.ke
59810,Carol,Mutai,carol.mutai59810@college.ac.ke
59811,Harriet,Okello,harriet.okello59811@college.ac.ke
59812,Naomi,Gichuki,naomi.gichuki59812@college.ac.ke
59813,William,Otieno,william.otieno59813@school.ac.ke
59814,Alice,Ogolla,alice.ogolla59814@uni.ac.ke
59815,Edwin,Ibrahim,edwin.ibrahim59815@school.ac.ke
59816,Edwin,Ndegwa,edwin.ndegwa59816@uni.ac.ke
59817,Faith,Ibrahim,faith.ibrahim59817@students.ac.ke
59818,Catherine,Awuor,catherine.awuor59818@academy.ac.ke
59819,Michael,Musyoka,michael.musyoka59819@students.ac.ke
59820,David,Mwangi,david.mwangi59820@college.ac.ke
59821,Naomi,Gitau,naomi.gitau59821@school.ac.ke
59822,Carol,Njuguna,carol.njuguna59822@uni.ac.ke
59823,Gordon,Juma,gordon.juma59823@school.ac.ke
59824,Noah,Akumu,noah.akumu59824@school.ac.ke
59825,Eleanor,Bett,eleanor.bett59825@school.ac.ke
59826,Mary,Gitonga,mary.gitonga59826@students.ac.ke
59827,Victor,Kimani,victor.kimani59827@uni.ac.ke
59828,Gloria,Musyoka,gloria.musyoka59828@uni.ac.ke
59829,George,Onyango,george.onyango59829@academy.ac.ke
59830,Kenneth,Wairimu,kenneth.wairimu59830@uni.ac.ke
59831,Dennis,Wanjiku,dennis.wanjiku59831@uni.ac.ke
59832,Samuel,Ibrahim,samuel.ibrahim59832@uni.ac.ke
59833,Samuel,Nduku,samuel.nduku59833@uni.ac.ke
59834,Edwin,Khalid,edwin.khalid59834@academy.ac.ke
59835,Janet,Yusuf,janet.yusuf59835@academy.ac.ke
59836,Bernard,Njuguna,bernard.njuguna59836@school.ac.ke
59837,Oscar,Mwenda,oscar.mwenda59837@school.ac.ke
59838,Kevin,Waweru,kevin.waweru59838@college.ac.ke
59839,Ruth,Akumu,ruth.akumu59839@uni.ac.ke
59840,Hannah,Gitonga,hannah.gitonga59840@school.ac.ke
59841,Gloria,Mutisya,gloria.mutisya59841@school.ac.ke
59842,Henry,Omondi,henry.omondi59842@college.ac.ke
59843,Eleanor,Gitonga,eleanor.gitonga59843@school.ac.ke
59844,Beatrice,Awuor,beatrice.awuor59844@uni.ac.ke
59845,Douglas,Omar,douglas.omar59845@academy.ac.ke
59846,Paul,Mbatha,paul.mbatha59846@academy.ac.ke
59847,Harold,Nzomo,harold.nzomo59847@academy.ac.ke
59848,Kevin,Omondi,kevin.omondi59848@college.ac.ke
59849,Ivan,Khalid,ivan.khalid59849@students.ac.ke
59850,Paul,Abdi,paul.abdi59850@college.ac.ke
59851,Peter,Okello,peter.okello59851@uni.ac.ke
59852,Edith,Mbatha,edith.mbatha59852@academy.ac.ke
59853,Peter,Wairimu,peter.wairimu59853@academy.ac.ke
59854,Peter,Akumu,peter.akumu59854@students.ac.ke
59855,Carol,Awuor,carol.awuor59855@school.ac.ke
59856,Michael,Kariuki,michael.kariuki59856@uni.ac.ke
59857,Kenneth,Mutua,kenneth.mutua59857@college.ac.ke
59858,Naomi,Kiprotich,naomi.kiprotich59858@students.ac.ke
59859,Irene,Ochieng,irene.ochieng59859@academy.ac.ke
59860,Kevin,Gathoni,kevin.gathoni59860@uni.ac.ke
59861,Frances,Ochieng,frances.ochieng59861@students.ac.ke
59862,Edwin,Abdi,edwin.abdi59862@school.ac.ke
59863,Diana,Mwangi,diana.mwangi59863@college.ac.ke
59864,Irene,Yusuf,irene.yusuf59864@uni.ac.ke
59865,Francis,Mumo,francis.mumo59865@uni.ac.ke
59866,Gordon,Mwenda,gordon.mwenda59866@college.ac.ke
59867,Simon,Ochieng,simon.ochieng59867@academy.ac.ke
59868,Adrian,Ibrahim,adrian.ibrahim59868@college.ac.ke
59869,Betty,Kinyua,betty.kinyua59869@academy.ac.ke
59870,Mary,Yusuf,mary.yusuf59870@college.ac.ke
59871,George,Abdi,george.abdi59871@school.ac.ke
59872,Eric,Waweru,eric.waweru59872@school.ac.ke
59873,Grace,Njoki,grace.njoki59873@students.ac.ke
59874,Harriet,Otieno,harriet.otieno59874@academy.ac.ke
59875,Eleanor,Musyoka,eleanor.musyoka59875@school.ac.ke
59876,Alice,Khalid,alice.khalid59876@uni.ac.ke
59877,David,Mutai,david.mutai59877@school.ac.ke
59878,Quentin,Lagat,quentin.lagat59878@academy.ac.ke
59879,Henry,Gichuki,henry.gichuki59879@students.ac.ke
59880,Lewis,Ngetich,lewis.ngetich59880@uni.ac.ke
59881,Kenneth,Akumu,kenneth.akumu59881@school.ac.ke
59882,Alice,Kasyoka,alice.kasyoka59882@uni.ac.ke
59883,Jacob,Ogolla,jacob.ogolla59883@students.ac.ke
59884,Brian,Musa,brian.musa59884@academy.ac.ke
59885,Lydia,Njoki,lydia.njoki59885@students.ac.ke
59886,Faith,Mutai,faith.mutai59886@uni.ac.ke
59887,Simon,Mutai,simon.mutai59887@students.ac.ke
59888,Diana,Kamau,diana.kamau59888@academy.ac.ke
59889,Carol,Wanjiku,carol.wanjiku59889@uni.ac.ke
59890,Edith,Kiprotich,edith.kiprotich59890@students.ac.ke
59891,Philip,Ochieng,philip.ochieng59891@school.ac.ke
59892,Jacob,Omondi,jacob.omondi59892@uni.ac.ke
59893,Noah,Owino,noah.owino59893@uni.ac.ke
59894,Janet,Mwenda,janet.mwenda59894@academy.ac.ke
59895,Jacob,Farah,jacob.farah59895@school.ac.ke
59896,Hannah,Kiprotich,hannah.kiprotich59896@students.ac.ke
59897,Charles,Mwenda,charles.mwenda59897@academy.ac.ke
59898,James,Gitonga,james.gitonga59898@college.ac.ke
59899,Simon,Ndegwa,simon.ndegwa59899@school.ac.ke
59900,Thomas,Kimani,thomas.kimani59900@college.ac.ke
59901,Agnes,Farah,agnes.farah59901@uni.ac.ke
59902,Naomi,Ruto,naomi.ruto59902@academy.ac.ke
59903,Ivan,Abdi,ivan.abdi59903@school.ac.ke
59904,Bernard,Mumo,bernard.mumo59904@school.ac.ke
59905,Charles,Ngetich,charles.ngetich59905@uni.ac.ke
59906,Irene,Achieng,irene.achieng59906@uni.ac.ke
59907,Paul,Rotich,paul.rotich59907@college.ac.ke
59908,Charles,Owino,charles.owino59908@academy.ac.ke
59909,Philip,Kyalo,philip.kyalo59909@academy.ac.ke
59910,Edith,Awuor,edith.awuor59910@college.ac.ke
59911,Betty,Kamau,betty.kamau59911@academy.ac.ke
59912,William,Mutai,william.mutai59912@uni.ac.ke
59913,Daniel,Mwangi,daniel.mwangi59913@students.ac.ke
59914,Betty,Khalid,betty.khalid59914@college.ac.ke
59915,Mary,Waweru,mary.waweru59915@academy.ac.ke
59916,Frances,Omar,frances.omar59916@students.ac.ke
59917,Lydia,Kyalo,lydia.kyalo59917@school.ac.ke
59918,Carol,Lagat,carol.lagat59918@college.ac.ke
59919,Naomi,Mutai,naomi.mutai59919@college.ac.ke
59920,Kenneth,Ahmed,kenneth.ahmed59920@uni.ac.ke
59921,Isaac,Gathoni,isaac.gathoni59921@college.ac.ke
59922,Kevin,Kasyoka,kevin.kasyoka59922@students.ac.ke
59923,Noah,Okello,noah.okello59923@students.ac.ke
59924,Adrian,Gichuki,adrian.gichuki59924@uni.ac.ke
59925,Joyce,Chebet,joyce.chebet59925@college.ac.ke
59926,Adrian,Musyoka,adrian.musyoka59926@school.ac.ke
59927,Lydia,Mwenda,lydia.mwenda59927@students.ac.ke
59928,Moses,Nzomo,moses.nzomo59928@college.ac.ke
59929,Kenneth,Kimani,kenneth.kimani59929@school.ac.ke
59930,Adrian,Ochieng,adrian.ochieng59930@academy.ac.ke
59931,Quentin,Omar,quentin.omar59931@school.ac.ke
59932,Dennis,Odhiambo,dennis.odhiambo59932@college.ac.ke
59933,Brian,Gitonga,brian.gitonga59933@college.ac.ke
59934,Paul,Koech,paul.koech59934@academy.ac.ke
59935,Hannah,Chebet,hannah.chebet59935@uni.ac.ke
59936,Naomi,Mwangi,naomi.mwangi59936@uni.ac.ke
59937,Hope,Wanjiku,hope.wanjiku59937@students.ac.ke
59938,Douglas,Ruto,douglas.ruto59938@academy.ac.ke
59939,Kenneth,Gitau,kenneth.gitau59939@school.ac.ke
59940,Joyce,Mbatha,joyce.mbatha59940@college.ac.ke
59941,Raymond,Nduku,raymond.nduku59941@school.ac.ke
59942,Victor,Mutisya,victor.mutisya59942@students.ac.ke
59943,Eric,Ibrahim,eric.ibrahim59943@school.ac.ke
59944,Irene,Wanjiku,irene.wanjiku59944@school.ac.ke
59945,Jacob,Kamau,jacob.kamau59945@college.ac.ke
59946,John,Mwangi,john.mwangi59946@uni.ac.ke
59947,Janet,Adhiambo,janet.adhiambo59947@uni.ac.ke
59948,Bernard,Gichuki,bernard.gichuki59948@school.ac.ke
59949,James,Mumo,james.mumo59949@uni.ac.ke
59950,Diana,Mwangi,diana.mwangi59950@college.ac.ke
59951,Moses,Wanjiku,moses.wanjiku59951@uni.ac.ke
59952,Frances,Chebet,frances.chebet59952@college.ac.ke
59953,Janet,Musa,janet.musa59953@uni.ac.ke
59954,Helen,Njuguna,helen.njuguna59954@college.ac.ke
59955,Carol,Ibrahim,carol.ibrahim59955@college.ac.ke
59956,Dorothy,Okello,dorothy.okello59956@college.ac.ke
59957,Catherine,Mwenda,catherine.mwenda59957@academy.ac.ke
59958,Joyce,Ochieng,joyce.ochieng59958@academy.ac.ke
59959,Beatrice,Kamau,beatrice.kamau59959@academy.ac.ke
59960,John,Maina,john.maina59960@uni.ac.ke
59961,Kenneth,Juma,kenneth.juma59961@college.ac.ke
59962,Naomi,Gathoni,naomi.gathoni59962@college.ac.ke
59963,Harriet,Njuguna,harriet.njuguna59963@academy.ac.ke
59964,Thomas,Abdi,thomas.abdi59964@students.ac.ke
59965,Dennis,Farah,dennis.farah59965@students.ac.ke
59966,Gloria,Otieno,gloria.otieno59966@students.ac.ke
59967,Francis,Maina,francis.maina59967@college.ac.ke
59968,Joy,Mutisya,joy.mutisya59968@students.ac.ke
59969,Adrian,Kimani,adrian.kimani59969@uni.ac.ke
59970,Frances,Mutua,frances.mutua59970@college.ac.ke
59971,Lewis,Ahmed,lewis.ahmed59971@students.ac.ke
59972,Joy,Juma,joy.juma59972@academy.ac.ke
59973,Catherine,Mutisya,catherine.mutisya59973@uni.ac.ke
59974,Victor,Wairimu,victor.wairimu59974@academy.ac.ke
59975,Mary,Njoroge,mary.njoroge59975@school.ac.ke
59976,Quentin,Achieng,quentin.achieng59976@uni.ac.ke
59977,Joseph,Gathoni,joseph.gathoni59977@college.ac.ke
59978,Samuel,Nduku,samuel.nduku59978@uni.ac.ke
59979,Irene,Ndegwa,irene.ndegwa59979@college.ac.ke
59980,Kevin,Mwenda,kevin.mwenda59980@school.ac.ke
59981,Agnes,Muturi,agnes.muturi59981@students.ac.ke
59982,Betty,Juma,betty.juma59982@school.ac.ke
59983,Carol,Rotich,carol.rotich59983@academy.ac.ke
59984,Hannah,Akumu,hannah.akumu59984@students.ac.ke
59985,Carol,Maina,carol.maina59985@college.ac.ke
59986,Peter,Ibrahim,peter.ibrahim59986@academy.ac.ke
59987,Henry,Otieno,henry.otieno59987@uni.ac.ke
59988,Dorothy,Njuguna,dorothy.njuguna59988@students.ac.ke
59989,Gladys,Rotich,gladys.rotich59989@academy.ac.ke
59990,Mary,Mutai,mary.mutai59990@academy.ac.ke
59991,Francis,Musyoka,francis.musyoka59991@academy.ac.ke
59992,Eric,Farah,eric.farah59992@school.ac.ke
59993,Irene,Awuor,irene.awuor59993@school.ac.ke
59994,Naomi,Okello,naomi.okello59994@college.ac.ke
59995,Hannah,Mbatha,hannah.mbatha59995@academy.ac.ke
59996,Ivan,Ruto,ivan.ruto59996@academy.ac.ke
59997,Catherine,Mbatha,catherine.mbatha59997@uni.ac.ke
59998,Naomi,Gitonga,naomi.gitonga59998@students.ac.ke
59999,Ruth,Akumu,ruth.akumu59999@students.ac.ke
